hour,price_usd_mwh
2023-02-20 08:00:00,60.32304
2023-02-20 09:00:00,55.32406
2023-02-20 10:00:00,54.56625
2023-02-20 11:00:00,53.46376
2023-02-20 12:00:00,54.15153
2023-02-20 13:00:00,63.03867
2023-02-20 14:00:00,69.93535
2023-02-20 15:00:00,61.53021
2023-02-20 16:00:00,46.14984
2023-02-20 17:00:00,28.0
2023-02-20 18:00:00,19.29831
2023-02-20 19:00:00,16.57191
2023-02-20 20:00:00,11.89453
2023-02-20 21:00:00,11.83167
2023-02-20 22:00:00,19.08821
2023-02-20 23:00:00,31.58198
2023-02-21 00:00:00,56.76037
2023-02-21 01:00:00,75.61913
2023-02-21 02:00:00,86.14081
2023-02-21 03:00:00,75.02304
2023-02-21 04:00:00,71.09174
2023-02-21 05:00:00,64.47312
2023-02-21 06:00:00,60.05963
2023-02-21 07:00:00,58.7157
2023-02-21 08:00:00,61.2712
2023-02-21 09:00:00,60.63363
2023-02-21 10:00:00,57.81393
2023-02-21 11:00:00,55.64351
2023-02-21 12:00:00,56.82268
2023-02-21 13:00:00,66.75575
2023-02-21 14:00:00,83.56385
2023-02-21 15:00:00,75.13834
2023-02-21 16:00:00,55.73292
2023-02-21 17:00:00,39.02
2023-02-21 18:00:00,33.99415
2023-02-21 19:00:00,27.75281
2023-02-21 20:00:00,22.87838
2023-02-21 21:00:00,21.37582
2023-02-21 22:00:00,28.10721
2023-02-21 23:00:00,41.12587
2023-02-22 00:00:00,57.41523
2023-02-22 01:00:00,74.14196
2023-02-22 02:00:00,84.19767
2023-02-22 03:00:00,73.94378
2023-02-22 04:00:00,68.25822
2023-02-22 05:00:00,69.19147
2023-02-22 06:00:00,64.19778
2023-02-22 07:00:00,61.52988
2023-02-22 08:00:00,71.44523
2023-02-22 09:00:00,64.98637
2023-02-22 10:00:00,62.4068
2023-02-22 11:00:00,61.95881
2023-02-22 12:00:00,64.15624
2023-02-22 13:00:00,76.26976
2023-02-22 14:00:00,92.74389
2023-02-22 15:00:00,80.0
2023-02-22 16:00:00,65.83737
2023-02-22 17:00:00,58.28856
2023-02-22 18:00:00,52.95341
2023-02-22 19:00:00,47.38028
2023-02-22 20:00:00,46.91594
2023-02-22 21:00:00,45.77414
2023-02-22 22:00:00,48.66698
2023-02-22 23:00:00,59.10002
2023-02-23 00:00:00,71.99022
2023-02-23 01:00:00,91.71302
2023-02-23 02:00:00,105.17947
2023-02-23 03:00:00,96.0199
2023-02-23 04:00:00,87.46272
2023-02-23 05:00:00,80.3781
2023-02-23 06:00:00,73.6251
2023-02-23 07:00:00,69.18785
2023-02-23 08:00:00,79.24628
2023-02-23 09:00:00,79.23009
2023-02-23 10:00:00,78.91707
2023-02-23 11:00:00,79.17284
2023-02-23 12:00:00,88.73725
2023-02-23 13:00:00,106.77359
2023-02-23 14:00:00,130.91792
2023-02-23 15:00:00,114.03113
2023-02-23 16:00:00,84.68
2023-02-23 17:00:00,74.27929
2023-02-23 18:00:00,71.95611
2023-02-23 19:00:00,70.64942
2023-02-23 20:00:00,69.68774
2023-02-23 21:00:00,69.7541
2023-02-23 22:00:00,70.85838
2023-02-23 23:00:00,78.0
2023-02-24 00:00:00,102.83246
2023-02-24 01:00:00,127.41815
2023-02-24 02:00:00,137.6
2023-02-24 03:00:00,129.58559
2023-02-24 04:00:00,121.00353
2023-02-24 05:00:00,114.55
2023-02-24 06:00:00,94.78485
2023-02-24 07:00:00,84.30723
2023-02-24 08:00:00,141.7627
2023-02-24 09:00:00,134.3525
2023-02-24 10:00:00,125.52547
2023-02-24 11:00:00,129.72159
2023-02-24 12:00:00,144.37064
2023-02-24 13:00:00,152.11354
2023-02-24 14:00:00,178.08675
2023-02-24 15:00:00,155.53123
2023-02-24 16:00:00,134.24428
2023-02-24 17:00:00,124.16061
2023-02-24 18:00:00,120.26367
2023-02-24 19:00:00,116.67206
2023-02-24 20:00:00,119.92455
2023-02-24 21:00:00,117.29891
2023-02-24 22:00:00,120.64293
2023-02-24 23:00:00,129.6368
2023-02-25 00:00:00,156.02167
2023-02-25 01:00:00,172.11589
2023-02-25 02:00:00,185.8527
2023-02-25 03:00:00,170.83015
2023-02-25 04:00:00,162.08525
2023-02-25 05:00:00,153.19756
2023-02-25 06:00:00,149.73106
2023-02-25 07:00:00,137.72183
2023-02-25 08:00:00,125.39324
2023-02-25 09:00:00,127.34995
2023-02-25 10:00:00,124.46529
2023-02-25 11:00:00,125.74463
2023-02-25 12:00:00,140.25806
2023-02-25 13:00:00,137.95328
2023-02-25 14:00:00,142.19
2023-02-25 15:00:00,130.50493
2023-02-25 16:00:00,118.661
2023-02-25 17:00:00,120.0
2023-02-25 18:00:00,111.00499
2023-02-25 19:00:00,105.64
2023-02-25 20:00:00,98.10285
2023-02-25 21:00:00,97.77153
2023-02-25 22:00:00,97.31861
2023-02-25 23:00:00,104.99098
2023-02-26 00:00:00,125.88691
2023-02-26 01:00:00,147.52556
2023-02-26 02:00:00,161.59998
2023-02-26 03:00:00,151.68
2023-02-26 04:00:00,148.31407
2023-02-26 05:00:00,145.81937
2023-02-26 06:00:00,139.59375
2023-02-26 07:00:00,129.49713
2023-02-26 08:00:00,110.12026
2023-02-26 09:00:00,110.09413
2023-02-26 10:00:00,107.52993
2023-02-26 11:00:00,104.29448
2023-02-26 12:00:00,102.3657
2023-02-26 13:00:00,112.16748
2023-02-26 14:00:00,107.77735
2023-02-26 15:00:00,98.3709
2023-02-26 16:00:00,83.29733
2023-02-26 17:00:00,73.54402
2023-02-26 18:00:00,63.81286
2023-02-26 19:00:00,60.0
2023-02-26 20:00:00,58.54242
2023-02-26 21:00:00,59.67783
2023-02-26 22:00:00,68.3648
2023-02-26 23:00:00,77.49023
2023-02-27 00:00:00,95.72359
2023-02-27 01:00:00,124.42456
2023-02-27 02:00:00,139.81076
2023-02-27 03:00:00,138.26106
2023-02-27 04:00:00,127.25299
2023-02-27 05:00:00,122.91371
2023-02-27 06:00:00,115.01922
2023-02-27 07:00:00,105.77254
2023-02-27 08:00:00,113.16163
2023-02-27 09:00:00,109.16438
2023-02-27 10:00:00,109.0
2023-02-27 11:00:00,107.75758
2023-02-27 12:00:00,115.80843
2023-02-27 13:00:00,136.18643
2023-02-27 14:00:00,155.71393
2023-02-27 15:00:00,129.93167
2023-02-27 16:00:00,112.83966
2023-02-27 17:00:00,107.81847
2023-02-27 18:00:00,106.8466
2023-02-27 19:00:00,102.58828
2023-02-27 20:00:00,101.01079
2023-02-27 21:00:00,99.27612
2023-02-27 22:00:00,94.47
2023-02-27 23:00:00,98.65168
2023-02-28 00:00:00,119.33206
2023-02-28 01:00:00,155.34
2023-02-28 02:00:00,176.68672
2023-02-28 03:00:00,154.85374
2023-02-28 04:00:00,140.66226
2023-02-28 05:00:00,134.65767
2023-02-28 06:00:00,129.14313
2023-02-28 07:00:00,118.74839
2023-02-28 08:00:00,81.60604
2023-02-28 09:00:00,72.295
2023-02-28 10:00:00,67.73154
2023-02-28 11:00:00,67.97972
2023-02-28 12:00:00,77.06431
2023-02-28 13:00:00,92.8356
2023-02-28 14:00:00,111.37032
2023-02-28 15:00:00,87.38512
2023-02-28 16:00:00,73.36462
2023-02-28 17:00:00,68.39916
2023-02-28 18:00:00,67.51415
2023-02-28 19:00:00,63.60543
2023-02-28 20:00:00,62.38649
2023-02-28 21:00:00,63.25887
2023-02-28 22:00:00,69.57409
2023-02-28 23:00:00,70.75318
2023-03-01 00:00:00,89.39504
2023-03-01 01:00:00,108.10759
2023-03-01 02:00:00,128.6401
2023-03-01 03:00:00,114.52282
2023-03-01 04:00:00,105.64067
2023-03-01 05:00:00,101.44425
2023-03-01 06:00:00,91.99275
2023-03-01 07:00:00,82.46361
2023-03-01 08:00:00,93.25828
2023-03-01 09:00:00,88.90151
2023-03-01 10:00:00,88.49864
2023-03-01 11:00:00,88.94817
2023-03-01 12:00:00,91.93945
2023-03-01 13:00:00,102.88
2023-03-01 14:00:00,122.66394
2023-03-01 15:00:00,101.28897
2023-03-01 16:00:00,83.36993
2023-03-01 17:00:00,77.26
2023-03-01 18:00:00,69.66923
2023-03-01 19:00:00,62.70368
2023-03-01 20:00:00,60.0331
2023-03-01 21:00:00,60.24329
2023-03-01 22:00:00,53.74249
2023-03-01 23:00:00,63.58
2023-03-02 00:00:00,75.02319
2023-03-02 01:00:00,102.85731
2023-03-02 02:00:00,116.0819
2023-03-02 03:00:00,107.80367
2023-03-02 04:00:00,104.65
2023-03-02 05:00:00,95.49086
2023-03-02 06:00:00,91.8907
2023-03-02 07:00:00,81.55944
2023-03-02 08:00:00,95.62618
2023-03-02 09:00:00,95.74953
2023-03-02 10:00:00,95.69563
2023-03-02 11:00:00,96.23697
2023-03-02 12:00:00,104.03937
2023-03-02 13:00:00,127.86211
2023-03-02 14:00:00,153.31705
2023-03-02 15:00:00,120.23277
2023-03-02 16:00:00,84.57324
2023-03-02 17:00:00,85.85
2023-03-02 18:00:00,77.0
2023-03-02 19:00:00,75.33072
2023-03-02 20:00:00,76.99046
2023-03-02 21:00:00,73.4576
2023-03-02 22:00:00,62.7
2023-03-02 23:00:00,59.48583
2023-03-03 00:00:00,95.67
2023-03-03 01:00:00,133.53441
2023-03-03 02:00:00,149.60828
2023-03-03 03:00:00,138.05057
2023-03-03 04:00:00,131.89389
2023-03-03 05:00:00,128.03
2023-03-03 06:00:00,110.50947
2023-03-03 07:00:00,102.14961
2023-03-03 08:00:00,98.89168
2023-03-03 09:00:00,94.31819
2023-03-03 10:00:00,93.46637
2023-03-03 11:00:00,93.91159
2023-03-03 12:00:00,110.56595
2023-03-03 13:00:00,123.24556
2023-03-03 14:00:00,144.2894
2023-03-03 15:00:00,115.95856
2023-03-03 16:00:00,89.11587
2023-03-03 17:00:00,84.84123
2023-03-03 18:00:00,79.91
2023-03-03 19:00:00,71.67875
2023-03-03 20:00:00,70.64
2023-03-03 21:00:00,69.12641
2023-03-03 22:00:00,65.35644
2023-03-03 23:00:00,63.22938
2023-03-04 00:00:00,90.60278
2023-03-04 01:00:00,132.35233
2023-03-04 02:00:00,141.75299
2023-03-04 03:00:00,136.99194
2023-03-04 04:00:00,132.06686
2023-03-04 05:00:00,129.169
2023-03-04 06:00:00,122.75417
2023-03-04 07:00:00,110.64693
2023-03-04 08:00:00,95.07819
2023-03-04 09:00:00,91.45848
2023-03-04 10:00:00,91.64997
2023-03-04 11:00:00,89.86704
2023-03-04 12:00:00,89.51476
2023-03-04 13:00:00,94.89041
2023-03-04 14:00:00,99.94937
2023-03-04 15:00:00,76.4758
2023-03-04 16:00:00,57.99575
2023-03-04 17:00:00,68.88606
2023-03-04 18:00:00,63.96636
2023-03-04 19:00:00,61.92444
2023-03-04 20:00:00,52.11431
2023-03-04 21:00:00,46.25677
2023-03-04 22:00:00,43.68
2023-03-04 23:00:00,47.71803
2023-03-05 00:00:00,64.4147
2023-03-05 01:00:00,107.4
2023-03-05 02:00:00,120.76931
2023-03-05 03:00:00,111.64382
2023-03-05 04:00:00,106.34312
2023-03-05 05:00:00,101.4624
2023-03-05 06:00:00,97.41487
2023-03-05 07:00:00,83.60399
2023-03-05 08:00:00,84.28337
2023-03-05 09:00:00,82.02534
2023-03-05 10:00:00,80.27604
2023-03-05 11:00:00,80.29103
2023-03-05 12:00:00,81.68885
2023-03-05 13:00:00,88.12969
2023-03-05 14:00:00,88.08588
2023-03-05 15:00:00,69.64015
2023-03-05 16:00:00,62.84756
2023-03-05 17:00:00,60.34124
2023-03-05 18:00:00,58.06588
2023-03-05 19:00:00,55.57735
2023-03-05 20:00:00,49.20766
2023-03-05 21:00:00,49.65743
2023-03-05 22:00:00,51.04229
2023-03-05 23:00:00,56.78434
2023-03-06 00:00:00,74.26677
2023-03-06 01:00:00,102.40628
2023-03-06 02:00:00,119.56269
2023-03-06 03:00:00,113.38008
2023-03-06 04:00:00,103.00868
2023-03-06 05:00:00,101.99466
2023-03-06 06:00:00,96.70961
2023-03-06 07:00:00,90.8358
2023-03-06 08:00:00,91.40314
2023-03-06 09:00:00,90.5346
2023-03-06 10:00:00,89.01417
2023-03-06 11:00:00,92.17951
2023-03-06 12:00:00,94.80956
2023-03-06 13:00:00,109.18693
2023-03-06 14:00:00,137.84863
2023-03-06 15:00:00,109.81553
2023-03-06 16:00:00,103.5
2023-03-06 17:00:00,92.38
2023-03-06 18:00:00,88.38
2023-03-06 19:00:00,81.225
2023-03-06 20:00:00,78.51
2023-03-06 21:00:00,78.92399
2023-03-06 22:00:00,72.4691
2023-03-06 23:00:00,79.94843
2023-03-07 00:00:00,93.54693
2023-03-07 01:00:00,130.06657
2023-03-07 02:00:00,142.93
2023-03-07 03:00:00,137.29707
2023-03-07 04:00:00,131.39
2023-03-07 05:00:00,122.04207
2023-03-07 06:00:00,101.99
2023-03-07 07:00:00,98.1574
2023-03-07 08:00:00,98.88069
2023-03-07 09:00:00,94.35531
2023-03-07 10:00:00,90.94694
2023-03-07 11:00:00,93.75019
2023-03-07 12:00:00,100.13162
2023-03-07 13:00:00,115.23124
2023-03-07 14:00:00,132.76872
2023-03-07 15:00:00,115.72969
2023-03-07 16:00:00,111.79
2023-03-07 17:00:00,102.3024
2023-03-07 18:00:00,94.14
2023-03-07 19:00:00,87.39223
2023-03-07 20:00:00,86.23135
2023-03-07 21:00:00,86.25
2023-03-07 22:00:00,85.59787
2023-03-07 23:00:00,86.36
2023-03-08 00:00:00,92.95796
2023-03-08 01:00:00,126.55249
2023-03-08 02:00:00,140.22754
2023-03-08 03:00:00,134.83765
2023-03-08 04:00:00,126.6164
2023-03-08 05:00:00,121.12615
2023-03-08 06:00:00,112.15074
2023-03-08 07:00:00,105.30424
2023-03-08 08:00:00,91.95843
2023-03-08 09:00:00,86.88965
2023-03-08 10:00:00,86.66065
2023-03-08 11:00:00,86.84349
2023-03-08 12:00:00,100.54868
2023-03-08 13:00:00,114.14007
2023-03-08 14:00:00,133.38217
2023-03-08 15:00:00,91.14286
2023-03-08 16:00:00,95.95
2023-03-08 17:00:00,89.0
2023-03-08 18:00:00,79.52
2023-03-08 19:00:00,67.22781
2023-03-08 20:00:00,65.43
2023-03-08 21:00:00,63.06015
2023-03-08 22:00:00,64.2123
2023-03-08 23:00:00,69.87
2023-03-09 00:00:00,72.98172
2023-03-09 01:00:00,116.92634
2023-03-09 02:00:00,127.23291
2023-03-09 03:00:00,123.80657
2023-03-09 04:00:00,119.28146
2023-03-09 05:00:00,114.35707
2023-03-09 06:00:00,108.23019
2023-03-09 07:00:00,92.61694
2023-03-09 08:00:00,85.90448
2023-03-09 09:00:00,85.31091
2023-03-09 10:00:00,83.57776
2023-03-09 11:00:00,85.57669
2023-03-09 12:00:00,97.50138
2023-03-09 13:00:00,106.47487
2023-03-09 14:00:00,118.36063
2023-03-09 15:00:00,110.18435
2023-03-09 16:00:00,119.0
2023-03-09 17:00:00,111.0
2023-03-09 18:00:00,111.0
2023-03-09 19:00:00,105.77799
2023-03-09 20:00:00,102.85599
2023-03-09 21:00:00,97.6
2023-03-09 22:00:00,101.95329
2023-03-09 23:00:00,104.25
2023-03-10 00:00:00,106.0
2023-03-10 01:00:00,118.18631
2023-03-10 02:00:00,124.22034
2023-03-10 03:00:00,117.22
2023-03-10 04:00:00,105.86193
2023-03-10 05:00:00,103.6347
2023-03-10 06:00:00,86.56366
2023-03-10 07:00:00,77.11454
2023-03-10 08:00:00,63.91128
2023-03-10 09:00:00,62.90741
2023-03-10 10:00:00,62.85833
2023-03-10 11:00:00,62.89562
2023-03-10 12:00:00,67.36246
2023-03-10 13:00:00,90.71892
2023-03-10 14:00:00,101.89913
2023-03-10 15:00:00,95.22311
2023-03-10 16:00:00,85.75197
2023-03-10 17:00:00,76.0
2023-03-10 18:00:00,70.37483
2023-03-10 19:00:00,62.02
2023-03-10 20:00:00,61.25697
2023-03-10 21:00:00,57.84613
2023-03-10 22:00:00,57.62241
2023-03-10 23:00:00,62.33692
2023-03-11 00:00:00,80.52236
2023-03-11 01:00:00,101.36526
2023-03-11 02:00:00,102.98744
2023-03-11 03:00:00,98.02058
2023-03-11 04:00:00,93.66276
2023-03-11 05:00:00,89.5897
2023-03-11 06:00:00,78.12762
2023-03-11 07:00:00,69.60072
2023-03-11 08:00:00,59.90822
2023-03-11 09:00:00,56.5494
2023-03-11 10:00:00,56.80988
2023-03-11 11:00:00,56.69104
2023-03-11 12:00:00,59.57499
2023-03-11 13:00:00,61.82747
2023-03-11 14:00:00,61.36912
2023-03-11 15:00:00,57.08804
2023-03-11 16:00:00,52.98687
2023-03-11 17:00:00,45.25727
2023-03-11 18:00:00,44.30342
2023-03-11 19:00:00,35.91856
2023-03-11 20:00:00,31.65227
2023-03-11 21:00:00,27.77928
2023-03-11 22:00:00,26.94661
2023-03-11 23:00:00,44.42706
2023-03-12 00:00:00,54.28
2023-03-12 01:00:00,79.33487
2023-03-12 02:00:00,89.15362
2023-03-12 03:00:00,82.29992
2023-03-12 04:00:00,72.35769
2023-03-12 05:00:00,70.04559
2023-03-12 06:00:00,60.39857
2023-03-12 07:00:00,59.25591
2023-03-12 08:00:00,75.05149
2023-03-12 09:00:00,69.12312
2023-03-12 10:00:00,59.08987
2023-03-12 11:00:00,59.09736
2023-03-12 12:00:00,59.7
2023-03-12 13:00:00,66.02094
2023-03-12 14:00:00,74.0
2023-03-12 15:00:00,53.81316
2023-03-12 16:00:00,43.06352
2023-03-12 17:00:00,34.43405
2023-03-12 18:00:00,27.09919
2023-03-12 19:00:00,18.59193
2023-03-12 20:00:00,15.05
2023-03-12 21:00:00,18.75654
2023-03-12 22:00:00,18.23025
2023-03-12 23:00:00,29.36172
2023-03-13 00:00:00,53.76
2023-03-13 01:00:00,86.90625
2023-03-13 02:00:00,96.48712
2023-03-13 03:00:00,86.33329
2023-03-13 04:00:00,78.14584
2023-03-13 05:00:00,72.64023
2023-03-13 06:00:00,60.70509
2023-03-13 07:00:00,66.67038
2023-03-13 08:00:00,66.41954
2023-03-13 09:00:00,65.60175
2023-03-13 10:00:00,65.6579
2023-03-13 11:00:00,67.70223
2023-03-13 12:00:00,86.7027
2023-03-13 13:00:00,103.34203
2023-03-13 14:00:00,106.48689
2023-03-13 15:00:00,74.85511
2023-03-13 16:00:00,54.66492
2023-03-13 17:00:00,46.21338
2023-03-13 18:00:00,36.53347
2023-03-13 19:00:00,36.95
2023-03-13 20:00:00,35.0669
2023-03-13 21:00:00,33.48632
2023-03-13 22:00:00,41.25356
2023-03-13 23:00:00,52.08
2023-03-14 00:00:00,66.77
2023-03-14 01:00:00,95.97464
2023-03-14 02:00:00,113.51297
2023-03-14 03:00:00,102.19359
2023-03-14 04:00:00,95.43878
2023-03-14 05:00:00,90.74108
2023-03-14 06:00:00,80.03486
2023-03-14 07:00:00,75.35562
2023-03-14 08:00:00,73.33538
2023-03-14 09:00:00,70.42632
2023-03-14 10:00:00,73.21741
2023-03-14 11:00:00,79.25823
2023-03-14 12:00:00,87.70825
2023-03-14 13:00:00,106.41703
2023-03-14 14:00:00,112.11592
2023-03-14 15:00:00,92.48429
2023-03-14 16:00:00,81.12276
2023-03-14 17:00:00,78.49
2023-03-14 18:00:00,75.1073
2023-03-14 19:00:00,74.7893
2023-03-14 20:00:00,74.09886
2023-03-14 21:00:00,73.2753
2023-03-14 22:00:00,75.00125
2023-03-14 23:00:00,86.1725
2023-03-15 00:00:00,98.4844
2023-03-15 01:00:00,109.40024
2023-03-15 02:00:00,117.25822
2023-03-15 03:00:00,108.72812
2023-03-15 04:00:00,96.25724
2023-03-15 05:00:00,87.6087
2023-03-15 06:00:00,80.02768
2023-03-15 07:00:00,64.39405
2023-03-15 08:00:00,61.20598
2023-03-15 09:00:00,60.83366
2023-03-15 10:00:00,61.21566
2023-03-15 11:00:00,63.79148
2023-03-15 12:00:00,68.39193
2023-03-15 13:00:00,93.43642
2023-03-15 14:00:00,108.40362
2023-03-15 15:00:00,90.81443
2023-03-15 16:00:00,69.51189
2023-03-15 17:00:00,63.80946
2023-03-15 18:00:00,57.689
2023-03-15 19:00:00,51.75
2023-03-15 20:00:00,49.23
2023-03-15 21:00:00,44.6708
2023-03-15 22:00:00,44.31731
2023-03-15 23:00:00,53.46149
2023-03-16 00:00:00,64.30507
2023-03-16 01:00:00,89.4621
2023-03-16 02:00:00,110.27731
2023-03-16 03:00:00,95.2801
2023-03-16 04:00:00,90.22503
2023-03-16 05:00:00,81.76808
2023-03-16 06:00:00,70.91448
2023-03-16 07:00:00,69.16972
2023-03-16 08:00:00,66.8732
2023-03-16 09:00:00,66.39754
2023-03-16 10:00:00,67.09989
2023-03-16 11:00:00,74.66625
2023-03-16 12:00:00,96.26577
2023-03-16 13:00:00,104.72223
2023-03-16 14:00:00,108.75936
2023-03-16 15:00:00,78.8231
2023-03-16 16:00:00,60.95446
2023-03-16 17:00:00,53.24154
2023-03-16 18:00:00,49.01123
2023-03-16 19:00:00,42.43894
2023-03-16 20:00:00,36.62388
2023-03-16 21:00:00,34.12817
2023-03-16 22:00:00,35.07602
2023-03-16 23:00:00,44.38
2023-03-17 00:00:00,63.95355
2023-03-17 01:00:00,95.87046
2023-03-17 02:00:00,110.6273
2023-03-17 03:00:00,103.71073
2023-03-17 04:00:00,96.07
2023-03-17 05:00:00,94.80509
2023-03-17 06:00:00,91.32726
2023-03-17 07:00:00,69.56659
2023-03-17 08:00:00,68.27569
2023-03-17 09:00:00,67.42002
2023-03-17 10:00:00,68.92767
2023-03-17 11:00:00,77.20462
2023-03-17 12:00:00,88.69213
2023-03-17 13:00:00,101.1
2023-03-17 14:00:00,105.89917
2023-03-17 15:00:00,67.40512
2023-03-17 16:00:00,54.54627
2023-03-17 17:00:00,47.14949
2023-03-17 18:00:00,41.02267
2023-03-17 19:00:00,37.58064
2023-03-17 20:00:00,33.4597
2023-03-17 21:00:00,33.18277
2023-03-17 22:00:00,34.05196
2023-03-17 23:00:00,37.68577
2023-03-18 00:00:00,61.75183
2023-03-18 01:00:00,88.72356
2023-03-18 02:00:00,98.29563
2023-03-18 03:00:00,103.26725
2023-03-18 04:00:00,90.59456
2023-03-18 05:00:00,88.10971
2023-03-18 06:00:00,78.84847
2023-03-18 07:00:00,79.02
2023-03-18 08:00:00,74.26762
2023-03-18 09:00:00,67.39574
2023-03-18 10:00:00,66.64
2023-03-18 11:00:00,69.39698
2023-03-18 12:00:00,76.67
2023-03-18 13:00:00,86.56532
2023-03-18 14:00:00,77.4202
2023-03-18 15:00:00,55.78057
2023-03-18 16:00:00,32.98367
2023-03-18 17:00:00,21.3872
2023-03-18 18:00:00,16.91
2023-03-18 19:00:00,13.10733
2023-03-18 20:00:00,11.30005
2023-03-18 21:00:00,13.61
2023-03-18 22:00:00,20.93027
2023-03-18 23:00:00,28.52163
2023-03-19 00:00:00,56.49226
2023-03-19 01:00:00,88.59543
2023-03-19 02:00:00,90.04775
2023-03-19 03:00:00,90.51114
2023-03-19 04:00:00,83.71222
2023-03-19 05:00:00,81.6655
2023-03-19 06:00:00,72.51268
2023-03-19 07:00:00,70.98218
2023-03-19 08:00:00,65.57852
2023-03-19 09:00:00,62.78003
2023-03-19 10:00:00,58.88963
2023-03-19 11:00:00,59.0
2023-03-19 12:00:00,62.81402
2023-03-19 13:00:00,68.11625
2023-03-19 14:00:00,68.08781
2023-03-19 15:00:00,62.48075
2023-03-19 16:00:00,58.68938
2023-03-19 17:00:00,53.90612
2023-03-19 18:00:00,48.02666
2023-03-19 19:00:00,46.56
2023-03-19 20:00:00,44.86529
2023-03-19 21:00:00,44.0388
2023-03-19 22:00:00,52.30431
2023-03-19 23:00:00,41.00962
2023-03-20 00:00:00,56.00162
2023-03-20 01:00:00,77.37856
2023-03-20 02:00:00,91.44692
2023-03-20 03:00:00,88.48349
2023-03-20 04:00:00,77.14958
2023-03-20 05:00:00,69.5437
2023-03-20 06:00:00,62.60518
2023-03-20 07:00:00,57.07596
2023-03-20 08:00:00,57.07691
2023-03-20 09:00:00,56.86123
2023-03-20 10:00:00,55.93385
2023-03-20 11:00:00,56.08366
2023-03-20 12:00:00,63.78439
2023-03-20 13:00:00,86.49191
2023-03-20 14:00:00,104.75492
2023-03-20 15:00:00,72.27324
2023-03-20 16:00:00,59.06753
2023-03-20 17:00:00,53.07
2023-03-20 18:00:00,47.47866
2023-03-20 19:00:00,44.75
2023-03-20 20:00:00,41.0
2023-03-20 21:00:00,34.85301
2023-03-20 22:00:00,36.25572
2023-03-20 23:00:00,42.67542
2023-03-21 00:00:00,61.68469
2023-03-21 01:00:00,91.37995
2023-03-21 02:00:00,100.0
2023-03-21 03:00:00,99.67245
2023-03-21 04:00:00,88.50851
2023-03-21 05:00:00,75.95431
2023-03-21 06:00:00,70.15
2023-03-21 07:00:00,79.14085
2023-03-21 08:00:00,76.23836
2023-03-21 09:00:00,75.46426
2023-03-21 10:00:00,75.52261
2023-03-21 11:00:00,81.66436
2023-03-21 12:00:00,98.60585
2023-03-21 13:00:00,119.52661
2023-03-21 14:00:00,126.21549
2023-03-21 15:00:00,122.95354
2023-03-21 16:00:00,108.46415
2023-03-21 17:00:00,101.01899
2023-03-21 18:00:00,89.6513
2023-03-21 19:00:00,86.62361
2023-03-21 20:00:00,74.56269
2023-03-21 21:00:00,71.26172
2023-03-21 22:00:00,71.45083
2023-03-21 23:00:00,81.41
2023-03-22 00:00:00,92.96481
2023-03-22 01:00:00,107.74589
2023-03-22 02:00:00,119.68087
2023-03-22 03:00:00,114.06159
2023-03-22 04:00:00,104.87113
2023-03-22 05:00:00,96.96631
2023-03-22 06:00:00,88.39771
2023-03-22 07:00:00,73.58053
2023-03-22 08:00:00,71.25671
2023-03-22 09:00:00,69.93702
2023-03-22 10:00:00,68.45991
2023-03-22 11:00:00,71.68218
2023-03-22 12:00:00,91.33764
2023-03-22 13:00:00,112.43736
2023-03-22 14:00:00,117.98869
2023-03-22 15:00:00,97.96963
2023-03-22 16:00:00,77.75048
2023-03-22 17:00:00,66.48136
2023-03-22 18:00:00,62.16324
2023-03-22 19:00:00,61.6208
2023-03-22 20:00:00,55.85445
2023-03-22 21:00:00,54.25
2023-03-22 22:00:00,56.58314
2023-03-22 23:00:00,62.51756
2023-03-23 00:00:00,75.49278
2023-03-23 01:00:00,104.87702
2023-03-23 02:00:00,116.43664
2023-03-23 03:00:00,111.31494
2023-03-23 04:00:00,103.62263
2023-03-23 05:00:00,95.22101
2023-03-23 06:00:00,80.55461
2023-03-23 07:00:00,74.52194
2023-03-23 08:00:00,68.7191
2023-03-23 09:00:00,68.29998
2023-03-23 10:00:00,68.112
2023-03-23 11:00:00,71.09956
2023-03-23 12:00:00,85.57368
2023-03-23 13:00:00,105.31899
2023-03-23 14:00:00,100.89747
2023-03-23 15:00:00,72.64213
2023-03-23 16:00:00,65.71068
2023-03-23 17:00:00,44.39625
2023-03-23 18:00:00,43.28061
2023-03-23 19:00:00,35.0
2023-03-23 20:00:00,33.1754
2023-03-23 21:00:00,23.84826
2023-03-23 22:00:00,23.93161
2023-03-23 23:00:00,25.95742
2023-03-24 00:00:00,56.82261
2023-03-24 01:00:00,90.19672
2023-03-24 02:00:00,108.13236
2023-03-24 03:00:00,105.30642
2023-03-24 04:00:00,92.79991
2023-03-24 05:00:00,85.23345
2023-03-24 06:00:00,67.88803
2023-03-24 07:00:00,59.64
2023-03-24 08:00:00,58.5679
2023-03-24 09:00:00,56.07413
2023-03-24 10:00:00,55.04681
2023-03-24 11:00:00,61.28321
2023-03-24 12:00:00,73.20495
2023-03-24 13:00:00,103.82287
2023-03-24 14:00:00,94.00422
2023-03-24 15:00:00,55.76142
2023-03-24 16:00:00,35.74791
2023-03-24 17:00:00,22.34158
2023-03-24 18:00:00,11.47215
2023-03-24 19:00:00,8.16261
2023-03-24 20:00:00,5.53213
2023-03-24 21:00:00,5.12313
2023-03-24 22:00:00,10.00443
2023-03-24 23:00:00,7.07525
2023-03-25 00:00:00,24.72142
2023-03-25 01:00:00,80.227
2023-03-25 02:00:00,94.50431
2023-03-25 03:00:00,93.59999
2023-03-25 04:00:00,86.74994
2023-03-25 05:00:00,79.04923
2023-03-25 06:00:00,75.38317
2023-03-25 07:00:00,72.42635
2023-03-25 08:00:00,67.23832
2023-03-25 09:00:00,65.2662
2023-03-25 10:00:00,65.20387
2023-03-25 11:00:00,68.45759
2023-03-25 12:00:00,77.35982
2023-03-25 13:00:00,92.10345
2023-03-25 14:00:00,79.44748
2023-03-25 15:00:00,32.37192
2023-03-25 16:00:00,5.85704
2023-03-25 17:00:00,1.78857
2023-03-25 18:00:00,-0.03183
2023-03-25 19:00:00,-1.68827
2023-03-25 20:00:00,-3.04641
2023-03-25 21:00:00,-3.36158
2023-03-25 22:00:00,-1.89195
2023-03-25 23:00:00,0.01
2023-03-26 00:00:00,11.21819
2023-03-26 01:00:00,74.65758
2023-03-26 02:00:00,89.30197
2023-03-26 03:00:00,86.59244
2023-03-26 04:00:00,81.30466
2023-03-26 05:00:00,73.41176
2023-03-26 06:00:00,65.79788
2023-03-26 07:00:00,65.61528
2023-03-26 08:00:00,65.03935
2023-03-26 09:00:00,61.33209
2023-03-26 10:00:00,60.61925
2023-03-26 11:00:00,64.13228
2023-03-26 12:00:00,71.92311
2023-03-26 13:00:00,82.4399
2023-03-26 14:00:00,66.87551
2023-03-26 15:00:00,22.0157
2023-03-26 16:00:00,1.04903
2023-03-26 17:00:00,0.70807
2023-03-26 18:00:00,-2.44903
2023-03-26 19:00:00,-3.81538
2023-03-26 20:00:00,-4.75788
2023-03-26 21:00:00,-5.04993
2023-03-26 22:00:00,-3.34572
2023-03-26 23:00:00,-0.0111
2023-03-27 00:00:00,15.0
2023-03-27 01:00:00,75.06284
2023-03-27 02:00:00,92.89467
2023-03-27 03:00:00,91.58481
2023-03-27 04:00:00,82.73041
2023-03-27 05:00:00,77.9
2023-03-27 06:00:00,73.74778
2023-03-27 07:00:00,93.36769
2023-03-27 08:00:00,92.82682
2023-03-27 09:00:00,92.70569
2023-03-27 10:00:00,92.68296
2023-03-27 11:00:00,97.93006
2023-03-27 12:00:00,112.56378
2023-03-27 13:00:00,145.0
2023-03-27 14:00:00,124.13071
2023-03-27 15:00:00,67.41251
2023-03-27 16:00:00,46.38
2023-03-27 17:00:00,34.02319
2023-03-27 18:00:00,24.91761
2023-03-27 19:00:00,23.28
2023-03-27 20:00:00,16.18
2023-03-27 21:00:00,15.66612
2023-03-27 22:00:00,19.09
2023-03-27 23:00:00,24.66621
2023-03-28 00:00:00,59.6364
2023-03-28 01:00:00,104.91705
2023-03-28 02:00:00,128.71223
2023-03-28 03:00:00,120.26662
2023-03-28 04:00:00,107.4456
2023-03-28 05:00:00,102.35313
2023-03-28 06:00:00,97.9252
2023-03-28 07:00:00,83.81246
2023-03-28 08:00:00,78.61203
2023-03-28 09:00:00,78.57961
2023-03-28 10:00:00,78.61813
2023-03-28 11:00:00,81.29988
2023-03-28 12:00:00,102.63973
2023-03-28 13:00:00,135.39565
2023-03-28 14:00:00,113.01508
2023-03-28 15:00:00,63.95068
2023-03-28 16:00:00,44.2322
2023-03-28 17:00:00,47.22
2023-03-28 18:00:00,37.09864
2023-03-28 19:00:00,35.97
2023-03-28 20:00:00,35.04736
2023-03-28 21:00:00,34.97681
2023-03-28 22:00:00,33.15715
2023-03-28 23:00:00,43.28361
2023-03-29 00:00:00,65.0
2023-03-29 01:00:00,100.74468
2023-03-29 02:00:00,117.5234
2023-03-29 03:00:00,111.2776
2023-03-29 04:00:00,102.37582
2023-03-29 05:00:00,95.8034
2023-03-29 06:00:00,80.14457
2023-03-29 07:00:00,71.61745
2023-03-29 08:00:00,70.51763
2023-03-29 09:00:00,69.25817
2023-03-29 10:00:00,68.44592
2023-03-29 11:00:00,73.58903
2023-03-29 12:00:00,88.57684
2023-03-29 13:00:00,112.37799
2023-03-29 14:00:00,107.32
2023-03-29 15:00:00,75.40328
2023-03-29 16:00:00,65.68544
2023-03-29 17:00:00,55.0
2023-03-29 18:00:00,45.63072
2023-03-29 19:00:00,41.73903
2023-03-29 20:00:00,40.82879
2023-03-29 21:00:00,34.76065
2023-03-29 22:00:00,34.7919
2023-03-29 23:00:00,49.37
2023-03-30 00:00:00,70.13747
2023-03-30 01:00:00,104.19438
2023-03-30 02:00:00,117.20397
2023-03-30 03:00:00,118.44278
2023-03-30 04:00:00,104.45169
2023-03-30 05:00:00,92.54998
2023-03-30 06:00:00,81.62255
2023-03-30 07:00:00,73.4435
2023-03-30 08:00:00,74.01562
2023-03-30 09:00:00,71.53066
2023-03-30 10:00:00,71.23573
2023-03-30 11:00:00,74.53333
2023-03-30 12:00:00,92.03695
2023-03-30 13:00:00,107.40718
2023-03-30 14:00:00,118.71291
2023-03-30 15:00:00,82.33
2023-03-30 16:00:00,69.65993
2023-03-30 17:00:00,54.18231
2023-03-30 18:00:00,49.5331
2023-03-30 19:00:00,42.97932
2023-03-30 20:00:00,37.98873
2023-03-30 21:00:00,29.13
2023-03-30 22:00:00,31.8768
2023-03-30 23:00:00,35.3619
2023-03-31 00:00:00,49.28731
2023-03-31 01:00:00,82.49662
2023-03-31 02:00:00,99.63274
2023-03-31 03:00:00,98.70306
2023-03-31 04:00:00,90.54217
2023-03-31 05:00:00,77.686
2023-03-31 06:00:00,70.13026
2023-03-31 07:00:00,66.46161
2023-03-31 08:00:00,61.12508
2023-03-31 09:00:00,61.0223
2023-03-31 10:00:00,60.34823
2023-03-31 11:00:00,62.64024
2023-03-31 12:00:00,83.78243
2023-03-31 13:00:00,104.13181
2023-03-31 14:00:00,106.76417
2023-03-31 15:00:00,67.82851
2023-03-31 16:00:00,52.02732
2023-03-31 17:00:00,44.67933
2023-03-31 18:00:00,38.62943
2023-03-31 19:00:00,34.87755
2023-03-31 20:00:00,25.16684
2023-03-31 21:00:00,25.7737
2023-03-31 22:00:00,26.99765
2023-03-31 23:00:00,34.43102
2023-04-01 00:00:00,60.75194
2023-04-01 01:00:00,80.0767
2023-04-01 02:00:00,100.92071
2023-04-01 03:00:00,98.6562
2023-04-01 04:00:00,89.0986
2023-04-01 05:00:00,77.7313
2023-04-01 06:00:00,73.34942
2023-04-01 07:00:00,67.06433
2023-04-01 08:00:00,66.20159
2023-04-01 09:00:00,63.33237
2023-04-01 10:00:00,62.53226
2023-04-01 11:00:00,64.51865
2023-04-01 12:00:00,73.51191
2023-04-01 13:00:00,83.19988
2023-04-01 14:00:00,69.62844
2023-04-01 15:00:00,39.96197
2023-04-01 16:00:00,30.15116
2023-04-01 17:00:00,25.13
2023-04-01 18:00:00,19.42887
2023-04-01 19:00:00,14.29229
2023-04-01 20:00:00,11.25
2023-04-01 21:00:00,10.14884
2023-04-01 22:00:00,11.34961
2023-04-01 23:00:00,14.45071
2023-04-02 00:00:00,25.11765
2023-04-02 01:00:00,70.85532
2023-04-02 02:00:00,90.12607
2023-04-02 03:00:00,89.6457
2023-04-02 04:00:00,77.77669
2023-04-02 05:00:00,67.71608
2023-04-02 06:00:00,60.82532
2023-04-02 07:00:00,63.91531
2023-04-02 08:00:00,59.07056
2023-04-02 09:00:00,58.2006
2023-04-02 10:00:00,57.24064
2023-04-02 11:00:00,59.69417
2023-04-02 12:00:00,64.35982
2023-04-02 13:00:00,67.39843
2023-04-02 14:00:00,55.1449
2023-04-02 15:00:00,19.19507
2023-04-02 16:00:00,23.38492
2023-04-02 17:00:00,10.09023
2023-04-02 18:00:00,12.63
2023-04-02 19:00:00,9.21118
2023-04-02 20:00:00,5.63761
2023-04-02 21:00:00,8.95172
2023-04-02 22:00:00,9.64
2023-04-02 23:00:00,-1.0466
2023-04-03 00:00:00,18.05566
2023-04-03 01:00:00,68.86727
2023-04-03 02:00:00,85.5053
2023-04-03 03:00:00,89.37812
2023-04-03 04:00:00,80.98598
2023-04-03 05:00:00,68.72762
2023-04-03 06:00:00,63.41118
2023-04-03 07:00:00,59.02744
2023-04-03 08:00:00,56.41091
2023-04-03 09:00:00,55.84316
2023-04-03 10:00:00,55.20263
2023-04-03 11:00:00,56.31171
2023-04-03 12:00:00,61.83627
2023-04-03 13:00:00,94.61212
2023-04-03 14:00:00,83.72872
2023-04-03 15:00:00,44.52163
2023-04-03 16:00:00,42.92324
2023-04-03 17:00:00,38.31068
2023-04-03 18:00:00,24.89875
2023-04-03 19:00:00,26.70054
2023-04-03 20:00:00,14.82557
2023-04-03 21:00:00,12.42916
2023-04-03 22:00:00,15.87777
2023-04-03 23:00:00,19.59447
2023-04-04 00:00:00,39.64378
2023-04-04 01:00:00,77.83968
2023-04-04 02:00:00,104.42185
2023-04-04 03:00:00,100.18053
2023-04-04 04:00:00,85.65668
2023-04-04 05:00:00,75.33083
2023-04-04 06:00:00,67.16331
2023-04-04 07:00:00,71.83254
2023-04-04 08:00:00,68.77842
2023-04-04 09:00:00,68.06288
2023-04-04 10:00:00,70.71436
2023-04-04 11:00:00,72.95002
2023-04-04 12:00:00,84.95796
2023-04-04 13:00:00,112.64269
2023-04-04 14:00:00,110.0
2023-04-04 15:00:00,75.27333
2023-04-04 16:00:00,63.82548
2023-04-04 17:00:00,59.32757
2023-04-04 18:00:00,48.32317
2023-04-04 19:00:00,44.48037
2023-04-04 20:00:00,41.67353
2023-04-04 21:00:00,44.16424
2023-04-04 22:00:00,46.19017
2023-04-04 23:00:00,41.40824
2023-04-05 00:00:00,52.55933
2023-04-05 01:00:00,84.64935
2023-04-05 02:00:00,112.21033
2023-04-05 03:00:00,112.46864
2023-04-05 04:00:00,97.89185
2023-04-05 05:00:00,80.56547
2023-04-05 06:00:00,74.89796
2023-04-05 07:00:00,91.88632
2023-04-05 08:00:00,91.18387
2023-04-05 09:00:00,93.2861
2023-04-05 10:00:00,93.21582
2023-04-05 11:00:00,103.02321
2023-04-05 12:00:00,122.15903
2023-04-05 13:00:00,151.67596
2023-04-05 14:00:00,130.4556
2023-04-05 15:00:00,78.32
2023-04-05 16:00:00,65.0
2023-04-05 17:00:00,53.1218
2023-04-05 18:00:00,41.28588
2023-04-05 19:00:00,34.52137
2023-04-05 20:00:00,32.64293
2023-04-05 21:00:00,30.49765
2023-04-05 22:00:00,36.01431
2023-04-05 23:00:00,43.21268
2023-04-06 00:00:00,73.61067
2023-04-06 01:00:00,121.07362
2023-04-06 02:00:00,139.16475
2023-04-06 03:00:00,134.66692
2023-04-06 04:00:00,124.8853
2023-04-06 05:00:00,111.16323
2023-04-06 06:00:00,103.82081
2023-04-06 07:00:00,103.47414
2023-04-06 08:00:00,102.83841
2023-04-06 09:00:00,95.65439
2023-04-06 10:00:00,97.81674
2023-04-06 11:00:00,103.66626
2023-04-06 12:00:00,123.61332
2023-04-06 13:00:00,166.65872
2023-04-06 14:00:00,151.0
2023-04-06 15:00:00,108.32
2023-04-06 16:00:00,86.90481
2023-04-06 17:00:00,63.12
2023-04-06 18:00:00,45.68941
2023-04-06 19:00:00,40.17327
2023-04-06 20:00:00,38.24248
2023-04-06 21:00:00,38.58
2023-04-06 22:00:00,45.44
2023-04-06 23:00:00,58.0619
2023-04-07 00:00:00,74.61
2023-04-07 01:00:00,123.26842
2023-04-07 02:00:00,143.73975
2023-04-07 03:00:00,137.93143
2023-04-07 04:00:00,107.04072
2023-04-07 05:00:00,100.72865
2023-04-07 06:00:00,91.58335
2023-04-07 07:00:00,75.7
2023-04-07 08:00:00,72.84975
2023-04-07 09:00:00,70.85791
2023-04-07 10:00:00,70.05367
2023-04-07 11:00:00,74.05434
2023-04-07 12:00:00,82.48571
2023-04-07 13:00:00,104.56393
2023-04-07 14:00:00,95.12253
2023-04-07 15:00:00,59.77707
2023-04-07 16:00:00,58.23667
2023-04-07 17:00:00,54.01865
2023-04-07 18:00:00,50.28345
2023-04-07 19:00:00,43.5945
2023-04-07 20:00:00,42.91057
2023-04-07 21:00:00,38.11896
2023-04-07 22:00:00,36.59064
2023-04-07 23:00:00,44.46542
2023-04-08 00:00:00,56.78772
2023-04-08 01:00:00,82.57524
2023-04-08 02:00:00,97.54718
2023-04-08 03:00:00,98.68151
2023-04-08 04:00:00,87.87529
2023-04-08 05:00:00,78.0978
2023-04-08 06:00:00,72.28597
2023-04-08 07:00:00,64.59796
2023-04-08 08:00:00,63.21014
2023-04-08 09:00:00,60.79144
2023-04-08 10:00:00,57.59251
2023-04-08 11:00:00,62.39981
2023-04-08 12:00:00,64.52197
2023-04-08 13:00:00,70.63671
2023-04-08 14:00:00,63.44946
2023-04-08 15:00:00,37.98985
2023-04-08 16:00:00,30.99524
2023-04-08 17:00:00,23.47
2023-04-08 18:00:00,25.0
2023-04-08 19:00:00,16.69718
2023-04-08 20:00:00,16.1
2023-04-08 21:00:00,16.5683
2023-04-08 22:00:00,13.52831
2023-04-08 23:00:00,15.92145
2023-04-09 00:00:00,40.17077
2023-04-09 01:00:00,80.88575
2023-04-09 02:00:00,93.03568
2023-04-09 03:00:00,92.16591
2023-04-09 04:00:00,83.44883
2023-04-09 05:00:00,77.24277
2023-04-09 06:00:00,69.75381
2023-04-09 07:00:00,55.23224
2023-04-09 08:00:00,55.79708
2023-04-09 09:00:00,54.11109
2023-04-09 10:00:00,52.8737
2023-04-09 11:00:00,55.05388
2023-04-09 12:00:00,57.09984
2023-04-09 13:00:00,62.15576
2023-04-09 14:00:00,47.66998
2023-04-09 15:00:00,13.89
2023-04-09 16:00:00,15.36
2023-04-09 17:00:00,8.69
2023-04-09 18:00:00,2.45175
2023-04-09 19:00:00,1.45684
2023-04-09 20:00:00,-0.07002
2023-04-09 21:00:00,0.7136
2023-04-09 22:00:00,2.20783
2023-04-09 23:00:00,2.5226
2023-04-10 00:00:00,33.18948
2023-04-10 01:00:00,86.84438
2023-04-10 02:00:00,99.47907
2023-04-10 03:00:00,91.96467
2023-04-10 04:00:00,84.37732
2023-04-10 05:00:00,79.43325
2023-04-10 06:00:00,66.84833
2023-04-10 07:00:00,78.85855
2023-04-10 08:00:00,72.24324
2023-04-10 09:00:00,72.07317
2023-04-10 10:00:00,72.1497
2023-04-10 11:00:00,72.60799
2023-04-10 12:00:00,86.72498
2023-04-10 13:00:00,110.35205
2023-04-10 14:00:00,92.54515
2023-04-10 15:00:00,59.15581
2023-04-10 16:00:00,47.98
2023-04-10 17:00:00,40.18
2023-04-10 18:00:00,24.65
2023-04-10 19:00:00,24.1
2023-04-10 20:00:00,26.05353
2023-04-10 21:00:00,25.08463
2023-04-10 22:00:00,31.62
2023-04-10 23:00:00,42.58466
2023-04-11 00:00:00,69.68663
2023-04-11 01:00:00,103.96472
2023-04-11 02:00:00,123.89086
2023-04-11 03:00:00,106.94183
2023-04-11 04:00:00,99.15433
2023-04-11 05:00:00,76.91395
2023-04-11 06:00:00,75.12669
2023-04-11 07:00:00,57.50952
2023-04-11 08:00:00,55.89061
2023-04-11 09:00:00,53.64721
2023-04-11 10:00:00,52.9799
2023-04-11 11:00:00,55.63073
2023-04-11 12:00:00,63.66389
2023-04-11 13:00:00,92.8687
2023-04-11 14:00:00,71.96446
2023-04-11 15:00:00,50.16678
2023-04-11 16:00:00,42.72282
2023-04-11 17:00:00,33.48645
2023-04-11 18:00:00,22.33092
2023-04-11 19:00:00,18.02396
2023-04-11 20:00:00,18.63279
2023-04-11 21:00:00,18.31903
2023-04-11 22:00:00,21.02703
2023-04-11 23:00:00,38.7412
2023-04-12 00:00:00,67.43779
2023-04-12 01:00:00,93.49308
2023-04-12 02:00:00,113.03903
2023-04-12 03:00:00,98.7324
2023-04-12 04:00:00,88.02177
2023-04-12 05:00:00,77.23164
2023-04-12 06:00:00,67.91406
2023-04-12 07:00:00,60.83436
2023-04-12 08:00:00,57.01
2023-04-12 09:00:00,56.13775
2023-04-12 10:00:00,55.84
2023-04-12 11:00:00,60.63784
2023-04-12 12:00:00,78.978
2023-04-12 13:00:00,99.91577
2023-04-12 14:00:00,86.99695
2023-04-12 15:00:00,69.5142
2023-04-12 16:00:00,58.18022
2023-04-12 17:00:00,45.57825
2023-04-12 18:00:00,38.63407
2023-04-12 19:00:00,33.90897
2023-04-12 20:00:00,32.69561
2023-04-12 21:00:00,31.11983
2023-04-12 22:00:00,35.6351
2023-04-12 23:00:00,52.77885
2023-04-13 00:00:00,70.55204
2023-04-13 01:00:00,94.34525
2023-04-13 02:00:00,113.77484
2023-04-13 03:00:00,105.76428
2023-04-13 04:00:00,94.94127
2023-04-13 05:00:00,82.13534
2023-04-13 06:00:00,68.02
2023-04-13 07:00:00,60.1025
2023-04-13 08:00:00,59.01752
2023-04-13 09:00:00,53.28593
2023-04-13 10:00:00,52.45001
2023-04-13 11:00:00,55.09972
2023-04-13 12:00:00,68.49709
2023-04-13 13:00:00,96.65055
2023-04-13 14:00:00,72.55695
2023-04-13 15:00:00,51.1675
2023-04-13 16:00:00,37.39972
2023-04-13 17:00:00,24.4188
2023-04-13 18:00:00,17.26671
2023-04-13 19:00:00,13.61421
2023-04-13 20:00:00,13.84
2023-04-13 21:00:00,11.48
2023-04-13 22:00:00,13.48333
2023-04-13 23:00:00,22.53907
2023-04-14 00:00:00,43.44369
2023-04-14 01:00:00,80.87561
2023-04-14 02:00:00,101.63426
2023-04-14 03:00:00,99.94812
2023-04-14 04:00:00,86.13001
2023-04-14 05:00:00,74.37523
2023-04-14 06:00:00,64.77467
2023-04-14 07:00:00,61.92384
2023-04-14 08:00:00,57.35003
2023-04-14 09:00:00,57.31503
2023-04-14 10:00:00,53.64
2023-04-14 11:00:00,62.20332
2023-04-14 12:00:00,71.35613
2023-04-14 13:00:00,94.35995
2023-04-14 14:00:00,64.48344
2023-04-14 15:00:00,43.21128
2023-04-14 16:00:00,33.95748
2023-04-14 17:00:00,25.26476
2023-04-14 18:00:00,15.24408
2023-04-14 19:00:00,10.16411
2023-04-14 20:00:00,8.40728
2023-04-14 21:00:00,8.05397
2023-04-14 22:00:00,7.91506
2023-04-14 23:00:00,13.03929
2023-04-15 00:00:00,33.76637
2023-04-15 01:00:00,73.69027
2023-04-15 02:00:00,97.16304
2023-04-15 03:00:00,94.5804
2023-04-15 04:00:00,79.57525
2023-04-15 05:00:00,73.11219
2023-04-15 06:00:00,64.63906
2023-04-15 07:00:00,64.8
2023-04-15 08:00:00,62.76
2023-04-15 09:00:00,63.91523
2023-04-15 10:00:00,64.01351
2023-04-15 11:00:00,70.1923
2023-04-15 12:00:00,80.68721
2023-04-15 13:00:00,78.87239
2023-04-15 14:00:00,50.38524
2023-04-15 15:00:00,30.4824
2023-04-15 16:00:00,27.53947
2023-04-15 17:00:00,25.41
2023-04-15 18:00:00,10.93809
2023-04-15 19:00:00,8.05595
2023-04-15 20:00:00,6.60876
2023-04-15 21:00:00,3.69715
2023-04-15 22:00:00,2.78905
2023-04-15 23:00:00,5.20286
2023-04-16 00:00:00,29.5
2023-04-16 01:00:00,77.11731
2023-04-16 02:00:00,99.47422
2023-04-16 03:00:00,95.59605
2023-04-16 04:00:00,82.82094
2023-04-16 05:00:00,77.25844
2023-04-16 06:00:00,71.37967
2023-04-16 07:00:00,76.75476
2023-04-16 08:00:00,72.34543
2023-04-16 09:00:00,72.57347
2023-04-16 10:00:00,71.99004
2023-04-16 11:00:00,69.31987
2023-04-16 12:00:00,70.45872
2023-04-16 13:00:00,68.4995
2023-04-16 14:00:00,42.72927
2023-04-16 15:00:00,13.62322
2023-04-16 16:00:00,8.12
2023-04-16 17:00:00,-0.07693
2023-04-16 18:00:00,-1.33392
2023-04-16 19:00:00,-2.68071
2023-04-16 20:00:00,-2.73914
2023-04-16 21:00:00,-4.95548
2023-04-16 22:00:00,-1.15735
2023-04-16 23:00:00,0.98677
2023-04-17 00:00:00,26.15814
2023-04-17 01:00:00,69.33098
2023-04-17 02:00:00,88.883
2023-04-17 03:00:00,86.63478
2023-04-17 04:00:00,73.20613
2023-04-17 05:00:00,68.8169
2023-04-17 06:00:00,60.45385
2023-04-17 07:00:00,64.15927
2023-04-17 08:00:00,60.50511
2023-04-17 09:00:00,57.24108
2023-04-17 10:00:00,55.96351
2023-04-17 11:00:00,64.32556
2023-04-17 12:00:00,76.7845
2023-04-17 13:00:00,98.47908
2023-04-17 14:00:00,68.5915
2023-04-17 15:00:00,44.68117
2023-04-17 16:00:00,40.20993
2023-04-17 17:00:00,31.72219
2023-04-17 18:00:00,26.85051
2023-04-17 19:00:00,21.31232
2023-04-17 20:00:00,18.9263
2023-04-17 21:00:00,16.11
2023-04-17 22:00:00,17.57
2023-04-17 23:00:00,18.06
2023-04-18 00:00:00,41.99374
2023-04-18 01:00:00,77.17495
2023-04-18 02:00:00,100.52027
2023-04-18 03:00:00,100.21457
2023-04-18 04:00:00,82.45644
2023-04-18 05:00:00,74.67475
2023-04-18 06:00:00,67.152
2023-04-18 07:00:00,55.73464
2023-04-18 08:00:00,53.87849
2023-04-18 09:00:00,50.7029
2023-04-18 10:00:00,51.11035
2023-04-18 11:00:00,56.17657
2023-04-18 12:00:00,71.78665
2023-04-18 13:00:00,97.0162
2023-04-18 14:00:00,70.7209
2023-04-18 15:00:00,51.11041
2023-04-18 16:00:00,41.98007
2023-04-18 17:00:00,29.0685
2023-04-18 18:00:00,22.89
2023-04-18 19:00:00,17.46985
2023-04-18 20:00:00,16.8
2023-04-18 21:00:00,14.40516
2023-04-18 22:00:00,14.88617
2023-04-18 23:00:00,18.75731
2023-04-19 00:00:00,44.06462
2023-04-19 01:00:00,75.68791
2023-04-19 02:00:00,99.55554
2023-04-19 03:00:00,102.83065
2023-04-19 04:00:00,87.02934
2023-04-19 05:00:00,75.5072
2023-04-19 06:00:00,65.22526
2023-04-19 07:00:00,62.47067
2023-04-19 08:00:00,60.04328
2023-04-19 09:00:00,57.92776
2023-04-19 10:00:00,57.64151
2023-04-19 11:00:00,64.69485
2023-04-19 12:00:00,81.04982
2023-04-19 13:00:00,102.68835
2023-04-19 14:00:00,63.72941
2023-04-19 15:00:00,58.83603
2023-04-19 16:00:00,42.81704
2023-04-19 17:00:00,35.69428
2023-04-19 18:00:00,24.3
2023-04-19 19:00:00,21.30488
2023-04-19 20:00:00,17.31
2023-04-19 21:00:00,12.80252
2023-04-19 22:00:00,13.19
2023-04-19 23:00:00,18.62138
2023-04-20 00:00:00,31.34
2023-04-20 01:00:00,73.29009
2023-04-20 02:00:00,97.30271
2023-04-20 03:00:00,100.15409
2023-04-20 04:00:00,82.91973
2023-04-20 05:00:00,71.3203
2023-04-20 06:00:00,63.20457
2023-04-20 07:00:00,63.22883
2023-04-20 08:00:00,60.1161
2023-04-20 09:00:00,58.14856
2023-04-20 10:00:00,59.449
2023-04-20 11:00:00,62.86248
2023-04-20 12:00:00,87.01855
2023-04-20 13:00:00,104.72059
2023-04-20 14:00:00,70.57
2023-04-20 15:00:00,59.83
2023-04-20 16:00:00,41.84
2023-04-20 17:00:00,32.96
2023-04-20 18:00:00,23.25
2023-04-20 19:00:00,17.85704
2023-04-20 20:00:00,15.15531
2023-04-20 21:00:00,14.00488
2023-04-20 22:00:00,15.8879
2023-04-20 23:00:00,21.59373
2023-04-21 00:00:00,43.30774
2023-04-21 01:00:00,84.37099
2023-04-21 02:00:00,109.96535
2023-04-21 03:00:00,109.75652
2023-04-21 04:00:00,94.24058
2023-04-21 05:00:00,83.39277
2023-04-21 06:00:00,75.23742
2023-04-21 07:00:00,64.28107
2023-04-21 08:00:00,63.87773
2023-04-21 09:00:00,62.88
2023-04-21 10:00:00,64.03194
2023-04-21 11:00:00,73.65
2023-04-21 12:00:00,88.47868
2023-04-21 13:00:00,108.08698
2023-04-21 14:00:00,67.35557
2023-04-21 15:00:00,43.76
2023-04-21 16:00:00,32.78
2023-04-21 17:00:00,20.30406
2023-04-21 18:00:00,20.00909
2023-04-21 19:00:00,17.8917
2023-04-21 20:00:00,19.86697
2023-04-21 21:00:00,20.54668
2023-04-21 22:00:00,23.64
2023-04-21 23:00:00,33.3724
2023-04-22 00:00:00,54.6485
2023-04-22 01:00:00,81.81147
2023-04-22 02:00:00,97.78297
2023-04-22 03:00:00,103.4613
2023-04-22 04:00:00,93.05642
2023-04-22 05:00:00,84.0118
2023-04-22 06:00:00,75.2121
2023-04-22 07:00:00,66.89856
2023-04-22 08:00:00,62.76
2023-04-22 09:00:00,60.08607
2023-04-22 10:00:00,53.96277
2023-04-22 11:00:00,61.04455
2023-04-22 12:00:00,64.58701
2023-04-22 13:00:00,66.06216
2023-04-22 14:00:00,42.91036
2023-04-22 15:00:00,25.59916
2023-04-22 16:00:00,22.19249
2023-04-22 17:00:00,13.18657
2023-04-22 18:00:00,11.35117
2023-04-22 19:00:00,10.42306
2023-04-22 20:00:00,10.41536
2023-04-22 21:00:00,14.39656
2023-04-22 22:00:00,21.87266
2023-04-22 23:00:00,32.37085
2023-04-23 00:00:00,51.21993
2023-04-23 01:00:00,81.74894
2023-04-23 02:00:00,94.26049
2023-04-23 03:00:00,91.0572
2023-04-23 04:00:00,87.95688
2023-04-23 05:00:00,74.54765
2023-04-23 06:00:00,67.78716
2023-04-23 07:00:00,52.45391
2023-04-23 08:00:00,50.4068
2023-04-23 09:00:00,48.59753
2023-04-23 10:00:00,48.07117
2023-04-23 11:00:00,50.91065
2023-04-23 12:00:00,53.6852
2023-04-23 13:00:00,50.56769
2023-04-23 14:00:00,32.8276
2023-04-23 15:00:00,9.97
2023-04-23 16:00:00,0.8696
2023-04-23 17:00:00,0.9038
2023-04-23 18:00:00,-0.50221
2023-04-23 19:00:00,-1.0532
2023-04-23 20:00:00,-1.18986
2023-04-23 21:00:00,-0.87809
2023-04-23 22:00:00,1.25782
2023-04-23 23:00:00,7.31629
2023-04-24 00:00:00,32.83143
2023-04-24 01:00:00,59.35654
2023-04-24 02:00:00,76.95209
2023-04-24 03:00:00,80.49987
2023-04-24 04:00:00,67.39604
2023-04-24 05:00:00,55.61268
2023-04-24 06:00:00,51.63137
2023-04-24 07:00:00,48.17956
2023-04-24 08:00:00,45.884
2023-04-24 09:00:00,44.88159
2023-04-24 10:00:00,44.81523
2023-04-24 11:00:00,48.23634
2023-04-24 12:00:00,55.3092
2023-04-24 13:00:00,72.63388
2023-04-24 14:00:00,42.5
2023-04-24 15:00:00,18.62888
2023-04-24 16:00:00,12.13615
2023-04-24 17:00:00,6.41867
2023-04-24 18:00:00,3.11719
2023-04-24 19:00:00,1.35935
2023-04-24 20:00:00,0.0
2023-04-24 21:00:00,0.0
2023-04-24 22:00:00,1.95832
2023-04-24 23:00:00,12.03421
2023-04-25 00:00:00,38.47599
2023-04-25 01:00:00,66.69779
2023-04-25 02:00:00,88.14084
2023-04-25 03:00:00,91.65089
2023-04-25 04:00:00,78.24539
2023-04-25 05:00:00,64.63976
2023-04-25 06:00:00,58.22463
2023-04-25 07:00:00,56.25677
2023-04-25 08:00:00,51.685
2023-04-25 09:00:00,51.09121
2023-04-25 10:00:00,51.0
2023-04-25 11:00:00,50.6733
2023-04-25 12:00:00,68.83516
2023-04-25 13:00:00,85.46939
2023-04-25 14:00:00,56.79948
2023-04-25 15:00:00,29.70493
2023-04-25 16:00:00,18.78928
2023-04-25 17:00:00,11.93094
2023-04-25 18:00:00,7.0737
2023-04-25 19:00:00,6.39112
2023-04-25 20:00:00,7.48762
2023-04-25 21:00:00,7.78797
2023-04-25 22:00:00,15.28806
2023-04-25 23:00:00,35.35127
2023-04-26 00:00:00,53.81644
2023-04-26 01:00:00,88.02333
2023-04-26 02:00:00,116.7
2023-04-26 03:00:00,115.69627
2023-04-26 04:00:00,93.91251
2023-04-26 05:00:00,80.44394
2023-04-26 06:00:00,73.50626
2023-04-26 07:00:00,70.50236
2023-04-26 08:00:00,67.75753
2023-04-26 09:00:00,65.11136
2023-04-26 10:00:00,62.62369
2023-04-26 11:00:00,63.7742
2023-04-26 12:00:00,75.92977
2023-04-26 13:00:00,85.88953
2023-04-26 14:00:00,55.61327
2023-04-26 15:00:00,33.4686
2023-04-26 16:00:00,29.1926
2023-04-26 17:00:00,19.83244
2023-04-26 18:00:00,14.53327
2023-04-26 19:00:00,13.67924
2023-04-26 20:00:00,22.12136
2023-04-26 21:00:00,23.8935
2023-04-26 22:00:00,30.1218
2023-04-26 23:00:00,47.86
2023-04-27 00:00:00,61.72666
2023-04-27 01:00:00,110.42779
2023-04-27 02:00:00,170.70717
2023-04-27 03:00:00,152.59953
2023-04-27 04:00:00,100.97168
2023-04-27 05:00:00,80.98663
2023-04-27 06:00:00,73.89562
2023-04-27 07:00:00,58.86102
2023-04-27 08:00:00,56.26355
2023-04-27 09:00:00,54.58864
2023-04-27 10:00:00,54.67408
2023-04-27 11:00:00,56.25132
2023-04-27 12:00:00,69.98439
2023-04-27 13:00:00,85.21644
2023-04-27 14:00:00,61.13588
2023-04-27 15:00:00,40.49548
2023-04-27 16:00:00,33.16331
2023-04-27 17:00:00,30.3283
2023-04-27 18:00:00,25.52343
2023-04-27 19:00:00,27.09204
2023-04-27 20:00:00,32.65234
2023-04-27 21:00:00,40.28799
2023-04-27 22:00:00,49.86563
2023-04-27 23:00:00,61.52176
2023-04-28 00:00:00,80.03719
2023-04-28 01:00:00,118.45358
2023-04-28 02:00:00,188.33485
2023-04-28 03:00:00,162.65163
2023-04-28 04:00:00,98.55934
2023-04-28 05:00:00,75.52
2023-04-28 06:00:00,69.0997
2023-04-28 07:00:00,59.31148
2023-04-28 08:00:00,51.81347
2023-04-28 09:00:00,49.40571
2023-04-28 10:00:00,47.93776
2023-04-28 11:00:00,50.28677
2023-04-28 12:00:00,59.95
2023-04-28 13:00:00,76.39724
2023-04-28 14:00:00,49.17046
2023-04-28 15:00:00,32.66537
2023-04-28 16:00:00,25.56103
2023-04-28 17:00:00,25.03712
2023-04-28 18:00:00,23.47136
2023-04-28 19:00:00,23.72046
2023-04-28 20:00:00,26.9923
2023-04-28 21:00:00,34.43159
2023-04-28 22:00:00,43.35486
2023-04-28 23:00:00,55.0
2023-04-29 00:00:00,73.13024
2023-04-29 01:00:00,100.40387
2023-04-29 02:00:00,163.58366
2023-04-29 03:00:00,120.64489
2023-04-29 04:00:00,92.19698
2023-04-29 05:00:00,77.98254
2023-04-29 06:00:00,67.00988
2023-04-29 07:00:00,55.15427
2023-04-29 08:00:00,50.48212
2023-04-29 09:00:00,46.68364
2023-04-29 10:00:00,46.88301
2023-04-29 11:00:00,46.58547
2023-04-29 12:00:00,50.71175
2023-04-29 13:00:00,50.6316
2023-04-29 14:00:00,36.10175
2023-04-29 15:00:00,16.29937
2023-04-29 16:00:00,9.73142
2023-04-29 17:00:00,6.44635
2023-04-29 18:00:00,6.24893
2023-04-29 19:00:00,5.6807
2023-04-29 20:00:00,9.37258
2023-04-29 21:00:00,17.57049
2023-04-29 22:00:00,26.44883
2023-04-29 23:00:00,37.04211
2023-04-30 00:00:00,56.36832
2023-04-30 01:00:00,79.98217
2023-04-30 02:00:00,102.07297
2023-04-30 03:00:00,81.56876
2023-04-30 04:00:00,69.35773
2023-04-30 05:00:00,61.48337
2023-04-30 06:00:00,49.82414
2023-04-30 07:00:00,40.0
2023-04-30 08:00:00,40.52902
2023-04-30 09:00:00,39.06522
2023-04-30 10:00:00,37.72703
2023-04-30 11:00:00,35.67731
2023-04-30 12:00:00,35.42653
2023-04-30 13:00:00,35.57189
2023-04-30 14:00:00,13.91409
2023-04-30 15:00:00,1.44982
2023-04-30 16:00:00,-0.47782
2023-04-30 17:00:00,-4.43793
2023-04-30 18:00:00,-3.88
2023-04-30 19:00:00,-6.83964
2023-04-30 20:00:00,-6.63493
2023-04-30 21:00:00,-4.22603
2023-04-30 22:00:00,-1.10443
2023-04-30 23:00:00,2.40564
2023-05-01 00:00:00,21.04
2023-05-01 01:00:00,40.51379
2023-05-01 02:00:00,63.30212
2023-05-01 03:00:00,63.41652
2023-05-01 04:00:00,56.94856
2023-05-01 05:00:00,47.18995
2023-05-01 06:00:00,42.36759
2023-05-01 07:00:00,28.35746
2023-05-01 08:00:00,28.38612
2023-05-01 09:00:00,27.16106
2023-05-01 10:00:00,25.79775
2023-05-01 11:00:00,29.64613
2023-05-01 12:00:00,40.15715
2023-05-01 13:00:00,58.09618
2023-05-01 14:00:00,36.38765
2023-05-01 15:00:00,22.25886
2023-05-01 16:00:00,15.52173
2023-05-01 17:00:00,12.07148
2023-05-01 18:00:00,8.53
2023-05-01 19:00:00,7.48447
2023-05-01 20:00:00,8.64
2023-05-01 21:00:00,7.37487
2023-05-01 22:00:00,10.01332
2023-05-01 23:00:00,17.7192
2023-05-02 00:00:00,35.49969
2023-05-02 01:00:00,52.07326
2023-05-02 02:00:00,70.91678
2023-05-02 03:00:00,72.08448
2023-05-02 04:00:00,57.85442
2023-05-02 05:00:00,49.23453
2023-05-02 06:00:00,43.24076
2023-05-02 07:00:00,34.76946
2023-05-02 08:00:00,34.29782
2023-05-02 09:00:00,33.95868
2023-05-02 10:00:00,33.87451
2023-05-02 11:00:00,37.78434
2023-05-02 12:00:00,49.32386
2023-05-02 13:00:00,67.15202
2023-05-02 14:00:00,47.43129
2023-05-02 15:00:00,46.26521
2023-05-02 16:00:00,36.54
2023-05-02 17:00:00,32.3
2023-05-02 18:00:00,28.46677
2023-05-02 19:00:00,25.73997
2023-05-02 20:00:00,25.35993
2023-05-02 21:00:00,24.12227
2023-05-02 22:00:00,15.1
2023-05-02 23:00:00,23.92003
2023-05-03 00:00:00,39.19
2023-05-03 01:00:00,47.11
2023-05-03 02:00:00,53.02
2023-05-03 03:00:00,71.49687
2023-05-03 04:00:00,60.5384
2023-05-03 05:00:00,47.37335
2023-05-03 06:00:00,44.07051
2023-05-03 07:00:00,39.10249
2023-05-03 08:00:00,35.39212
2023-05-03 09:00:00,32.80468
2023-05-03 10:00:00,30.52
2023-05-03 11:00:00,34.43855
2023-05-03 12:00:00,51.87805
2023-05-03 13:00:00,58.48248
2023-05-03 14:00:00,41.98089
2023-05-03 15:00:00,33.99755
2023-05-03 16:00:00,34.94216
2023-05-03 17:00:00,25.48
2023-05-03 18:00:00,17.48176
2023-05-03 19:00:00,13.40575
2023-05-03 20:00:00,10.2959
2023-05-03 21:00:00,11.4688
2023-05-03 22:00:00,16.50192
2023-05-03 23:00:00,25.3719
2023-05-04 00:00:00,37.73
2023-05-04 01:00:00,46.81595
2023-05-04 02:00:00,59.88261
2023-05-04 03:00:00,64.55655
2023-05-04 04:00:00,55.37702
2023-05-04 05:00:00,42.95114
2023-05-04 06:00:00,37.30169
2023-05-04 07:00:00,26.96942
2023-05-04 08:00:00,25.0543
2023-05-04 09:00:00,23.75208
2023-05-04 10:00:00,23.71959
2023-05-04 11:00:00,26.26
2023-05-04 12:00:00,38.42389
2023-05-04 13:00:00,43.26298
2023-05-04 14:00:00,32.96
2023-05-04 15:00:00,22.37651
2023-05-04 16:00:00,24.09549
2023-05-04 17:00:00,16.01003
2023-05-04 18:00:00,10.88828
2023-05-04 19:00:00,5.2426
2023-05-04 20:00:00,3.15827
2023-05-04 21:00:00,2.22
2023-05-04 22:00:00,5.12654
2023-05-04 23:00:00,10.37716
2023-05-05 00:00:00,23.81434
2023-05-05 01:00:00,31.68731
2023-05-05 02:00:00,41.97799
2023-05-05 03:00:00,47.64355
2023-05-05 04:00:00,41.19953
2023-05-05 05:00:00,34.54229
2023-05-05 06:00:00,30.2904
2023-05-05 07:00:00,21.9912
2023-05-05 08:00:00,19.59411
2023-05-05 09:00:00,18.96299
2023-05-05 10:00:00,19.29
2023-05-05 11:00:00,21.4
2023-05-05 12:00:00,32.35194
2023-05-05 13:00:00,35.31102
2023-05-05 14:00:00,23.05855
2023-05-05 15:00:00,13.83955
2023-05-05 16:00:00,11.20774
2023-05-05 17:00:00,1.11817
2023-05-05 18:00:00,0.07935
2023-05-05 19:00:00,-4.01547
2023-05-05 20:00:00,-4.67079
2023-05-05 21:00:00,-4.72388
2023-05-05 22:00:00,-1.14097
2023-05-05 23:00:00,0.85548
2023-05-06 00:00:00,11.65038
2023-05-06 01:00:00,25.99461
2023-05-06 02:00:00,36.59486
2023-05-06 03:00:00,43.18108
2023-05-06 04:00:00,37.55448
2023-05-06 05:00:00,29.27232
2023-05-06 06:00:00,26.71717
2023-05-06 07:00:00,18.61217
2023-05-06 08:00:00,16.62894
2023-05-06 09:00:00,15.36112
2023-05-06 10:00:00,16.17683
2023-05-06 11:00:00,17.59349
2023-05-06 12:00:00,21.26
2023-05-06 13:00:00,19.27654
2023-05-06 14:00:00,5.15238
2023-05-06 15:00:00,0.0
2023-05-06 16:00:00,-0.99378
2023-05-06 17:00:00,-9.05916
2023-05-06 18:00:00,-13.0
2023-05-06 19:00:00,-13.88017
2023-05-06 20:00:00,-13.78844
2023-05-06 21:00:00,-13.79455
2023-05-06 22:00:00,-12.95821
2023-05-06 23:00:00,-6.77006
2023-05-07 00:00:00,-0.01089
2023-05-07 01:00:00,15.3421
2023-05-07 02:00:00,30.30622
2023-05-07 03:00:00,35.41753
2023-05-07 04:00:00,30.69728
2023-05-07 05:00:00,24.52394
2023-05-07 06:00:00,20.8934
2023-05-07 07:00:00,11.38977
2023-05-07 08:00:00,10.69815
2023-05-07 09:00:00,9.57992
2023-05-07 10:00:00,8.18092
2023-05-07 11:00:00,6.88959
2023-05-07 12:00:00,9.21336
2023-05-07 13:00:00,5.75254
2023-05-07 14:00:00,0.0
2023-05-07 15:00:00,-11.92942
2023-05-07 16:00:00,-13.17702
2023-05-07 17:00:00,-15.59518
2023-05-07 18:00:00,-16.69926
2023-05-07 19:00:00,-18.83016
2023-05-07 20:00:00,-19.0
2023-05-07 21:00:00,-19.01872
2023-05-07 22:00:00,-16.68971
2023-05-07 23:00:00,-13.46012
2023-05-08 00:00:00,-7.16369
2023-05-08 01:00:00,13.74762
2023-05-08 02:00:00,28.67387
2023-05-08 03:00:00,34.88232
2023-05-08 04:00:00,28.95064
2023-05-08 05:00:00,20.4197
2023-05-08 06:00:00,17.88865
2023-05-08 07:00:00,15.75487
2023-05-08 08:00:00,13.80079
2023-05-08 09:00:00,12.28536
2023-05-08 10:00:00,12.2963
2023-05-08 11:00:00,15.04782
2023-05-08 12:00:00,20.35516
2023-05-08 13:00:00,29.59909
2023-05-08 14:00:00,12.45399
2023-05-08 15:00:00,5.55998
2023-05-08 16:00:00,4.83305
2023-05-08 17:00:00,1.09871
2023-05-08 18:00:00,0.26526
2023-05-08 19:00:00,-1.25607
2023-05-08 20:00:00,-2.73627
2023-05-08 21:00:00,-4.79729
2023-05-08 22:00:00,-3.80403
2023-05-08 23:00:00,0.11904
2023-05-09 00:00:00,6.30745
2023-05-09 01:00:00,28.40142
2023-05-09 02:00:00,44.73599
2023-05-09 03:00:00,48.97875
2023-05-09 04:00:00,39.01379
2023-05-09 05:00:00,29.0065
2023-05-09 06:00:00,23.48478
2023-05-09 07:00:00,15.70127
2023-05-09 08:00:00,15.39067
2023-05-09 09:00:00,13.47151
2023-05-09 10:00:00,13.48185
2023-05-09 11:00:00,15.26811
2023-05-09 12:00:00,27.1661
2023-05-09 13:00:00,30.55182
2023-05-09 14:00:00,18.29204
2023-05-09 15:00:00,15.16576
2023-05-09 16:00:00,10.60328
2023-05-09 17:00:00,7.04173
2023-05-09 18:00:00,4.63541
2023-05-09 19:00:00,2.60997
2023-05-09 20:00:00,2.66062
2023-05-09 21:00:00,0.86644
2023-05-09 22:00:00,1.47384
2023-05-09 23:00:00,3.95328
2023-05-10 00:00:00,15.0
2023-05-10 01:00:00,29.92193
2023-05-10 02:00:00,41.24703
2023-05-10 03:00:00,46.28357
2023-05-10 04:00:00,37.973
2023-05-10 05:00:00,29.25
2023-05-10 06:00:00,23.02
2023-05-10 07:00:00,11.11
2023-05-10 08:00:00,10.98509
2023-05-10 09:00:00,9.73307
2023-05-10 10:00:00,10.05811
2023-05-10 11:00:00,11.09844
2023-05-10 12:00:00,17.35762
2023-05-10 13:00:00,24.85728
2023-05-10 14:00:00,9.90713
2023-05-10 15:00:00,2.09259
2023-05-10 16:00:00,0.89116
2023-05-10 17:00:00,-0.54108
2023-05-10 18:00:00,-1.39361
2023-05-10 19:00:00,-2.30005
2023-05-10 20:00:00,-2.19739
2023-05-10 21:00:00,-3.53506
2023-05-10 22:00:00,-5.04
2023-05-10 23:00:00,-1.5733
2023-05-11 00:00:00,1.36507
2023-05-11 01:00:00,23.77217
2023-05-11 02:00:00,41.62575
2023-05-11 03:00:00,47.38192
2023-05-11 04:00:00,36.65604
2023-05-11 05:00:00,23.47007
2023-05-11 06:00:00,17.42141
2023-05-11 07:00:00,8.91242
2023-05-11 08:00:00,6.84496
2023-05-11 09:00:00,6.35839
2023-05-11 10:00:00,6.83836
2023-05-11 11:00:00,9.94839
2023-05-11 12:00:00,17.41433
2023-05-11 13:00:00,24.36
2023-05-11 14:00:00,9.07833
2023-05-11 15:00:00,1.94577
2023-05-11 16:00:00,-1.60935
2023-05-11 17:00:00,-3.59258
2023-05-11 18:00:00,-5.70989
2023-05-11 19:00:00,-7.69484
2023-05-11 20:00:00,-5.60487
2023-05-11 21:00:00,-2.52847
2023-05-11 22:00:00,-2.15807
2023-05-11 23:00:00,0.81585
2023-05-12 00:00:00,10.99807
2023-05-12 01:00:00,29.36283
2023-05-12 02:00:00,44.82544
2023-05-12 03:00:00,49.25929
2023-05-12 04:00:00,38.83672
2023-05-12 05:00:00,27.51621
2023-05-12 06:00:00,19.457
2023-05-12 07:00:00,13.62507
2023-05-12 08:00:00,11.86845
2023-05-12 09:00:00,11.73544
2023-05-12 10:00:00,13.80322
2023-05-12 11:00:00,18.10141
2023-05-12 12:00:00,27.95403
2023-05-12 13:00:00,30.37927
2023-05-12 14:00:00,14.76093
2023-05-12 15:00:00,2.85741
2023-05-12 16:00:00,1.75569
2023-05-12 17:00:00,1.14692
2023-05-12 18:00:00,2.07391
2023-05-12 19:00:00,1.06803
2023-05-12 20:00:00,2.11693
2023-05-12 21:00:00,2.91644
2023-05-12 22:00:00,5.5505
2023-05-12 23:00:00,11.63812
2023-05-13 00:00:00,21.54525
2023-05-13 01:00:00,38.00907
2023-05-13 02:00:00,56.18865
2023-05-13 03:00:00,54.42432
2023-05-13 04:00:00,40.6573
2023-05-13 05:00:00,26.7457
2023-05-13 06:00:00,20.80029
2023-05-13 07:00:00,20.29494
2023-05-13 08:00:00,16.52214
2023-05-13 09:00:00,14.7073
2023-05-13 10:00:00,16.59983
2023-05-13 11:00:00,19.95747
2023-05-13 12:00:00,24.11641
2023-05-13 13:00:00,20.0
2023-05-13 14:00:00,1.76
2023-05-13 15:00:00,-4.31845
2023-05-13 16:00:00,-6.12962
2023-05-13 17:00:00,-10.58543
2023-05-13 18:00:00,-10.36863
2023-05-13 19:00:00,-10.32897
2023-05-13 20:00:00,-6.41978
2023-05-13 21:00:00,-2.946
2023-05-13 22:00:00,0.63243
2023-05-13 23:00:00,5.09861
2023-05-14 00:00:00,22.88685
2023-05-14 01:00:00,43.46554
2023-05-14 02:00:00,62.90447
2023-05-14 03:00:00,56.42501
2023-05-14 04:00:00,43.03132
2023-05-14 05:00:00,37.69579
2023-05-14 06:00:00,27.86808
2023-05-14 07:00:00,19.42761
2023-05-14 08:00:00,15.95909
2023-05-14 09:00:00,14.61199
2023-05-14 10:00:00,14.34284
2023-05-14 11:00:00,15.0
2023-05-14 12:00:00,14.49874
2023-05-14 13:00:00,12.32651
2023-05-14 14:00:00,-0.52153
2023-05-14 15:00:00,-12.14231
2023-05-14 16:00:00,-12.86637
2023-05-14 17:00:00,-13.5
2023-05-14 18:00:00,-13.51445
2023-05-14 19:00:00,-13.41621
2023-05-14 20:00:00,-13.21026
2023-05-14 21:00:00,-11.13206
2023-05-14 22:00:00,-2.67701
2023-05-14 23:00:00,1.82982
2023-05-15 00:00:00,15.83696
2023-05-15 01:00:00,39.95713
2023-05-15 02:00:00,61.27556
2023-05-15 03:00:00,57.22624
2023-05-15 04:00:00,39.78332
2023-05-15 05:00:00,29.37641
2023-05-15 06:00:00,20.944
2023-05-15 07:00:00,25.16682
2023-05-15 08:00:00,21.91269
2023-05-15 09:00:00,20.70404
2023-05-15 10:00:00,20.72293
2023-05-15 11:00:00,24.90206
2023-05-15 12:00:00,34.53567
2023-05-15 13:00:00,41.79689
2023-05-15 14:00:00,21.49795
2023-05-15 15:00:00,11.23798
2023-05-15 16:00:00,10.19956
2023-05-15 17:00:00,6.6953
2023-05-15 18:00:00,9.92617
2023-05-15 19:00:00,10.61574
2023-05-15 20:00:00,14.5299
2023-05-15 21:00:00,18.87
2023-05-15 22:00:00,24.67574
2023-05-15 23:00:00,35.27841
2023-05-16 00:00:00,47.22326
2023-05-16 01:00:00,58.61749
2023-05-16 02:00:00,98.64478
2023-05-16 03:00:00,87.34135
2023-05-16 04:00:00,52.13479
2023-05-16 05:00:00,40.50602
2023-05-16 06:00:00,35.32472
2023-05-16 07:00:00,30.09858
2023-05-16 08:00:00,26.96613
2023-05-16 09:00:00,25.76308
2023-05-16 10:00:00,22.04616
2023-05-16 11:00:00,26.4984
2023-05-16 12:00:00,35.31248
2023-05-16 13:00:00,40.39408
2023-05-16 14:00:00,27.56805
2023-05-16 15:00:00,16.31658
2023-05-16 16:00:00,14.74391
2023-05-16 17:00:00,8.93114
2023-05-16 18:00:00,9.68776
2023-05-16 19:00:00,11.00827
2023-05-16 20:00:00,15.71876
2023-05-16 21:00:00,20.0
2023-05-16 22:00:00,27.52723
2023-05-16 23:00:00,33.37092
2023-05-17 00:00:00,40.56154
2023-05-17 01:00:00,57.30897
2023-05-17 02:00:00,95.3015
2023-05-17 03:00:00,82.28797
2023-05-17 04:00:00,48.95289
2023-05-17 05:00:00,39.35539
2023-05-17 06:00:00,36.06987
2023-05-17 07:00:00,29.61468
2023-05-17 08:00:00,24.10184
2023-05-17 09:00:00,22.96282
2023-05-17 10:00:00,22.76429
2023-05-17 11:00:00,25.61443
2023-05-17 12:00:00,33.11
2023-05-17 13:00:00,38.07395
2023-05-17 14:00:00,23.85059
2023-05-17 15:00:00,14.21567
2023-05-17 16:00:00,12.5603
2023-05-17 17:00:00,8.51746
2023-05-17 18:00:00,12.2
2023-05-17 19:00:00,12.61212
2023-05-17 20:00:00,20.0297
2023-05-17 21:00:00,22.92068
2023-05-17 22:00:00,30.74289
2023-05-17 23:00:00,33.23255
2023-05-18 00:00:00,39.1987
2023-05-18 01:00:00,51.9909
2023-05-18 02:00:00,83.90627
2023-05-18 03:00:00,72.8701
2023-05-18 04:00:00,49.43131
2023-05-18 05:00:00,38.24812
2023-05-18 06:00:00,30.10996
2023-05-18 07:00:00,25.65
2023-05-18 08:00:00,21.2434
2023-05-18 09:00:00,21.16285
2023-05-18 10:00:00,19.9333
2023-05-18 11:00:00,20.91194
2023-05-18 12:00:00,31.04489
2023-05-18 13:00:00,34.17558
2023-05-18 14:00:00,19.21367
2023-05-18 15:00:00,11.33769
2023-05-18 16:00:00,6.27269
2023-05-18 17:00:00,2.77729
2023-05-18 18:00:00,3.06362
2023-05-18 19:00:00,4.41856
2023-05-18 20:00:00,6.04821
2023-05-18 21:00:00,9.55251
2023-05-18 22:00:00,15.63309
2023-05-18 23:00:00,20.5765
2023-05-19 00:00:00,30.34945
2023-05-19 01:00:00,45.69443
2023-05-19 02:00:00,71.54198
2023-05-19 03:00:00,65.89424
2023-05-19 04:00:00,45.81204
2023-05-19 05:00:00,32.00869
2023-05-19 06:00:00,26.45949
2023-05-19 07:00:00,20.0
2023-05-19 08:00:00,19.29695
2023-05-19 09:00:00,16.7031
2023-05-19 10:00:00,14.64227
2023-05-19 11:00:00,19.30732
2023-05-19 12:00:00,29.14755
2023-05-19 13:00:00,28.64043
2023-05-19 14:00:00,15.31969
2023-05-19 15:00:00,6.85825
2023-05-19 16:00:00,5.0
2023-05-19 17:00:00,3.14193
2023-05-19 18:00:00,0.98228
2023-05-19 19:00:00,1.69295
2023-05-19 20:00:00,3.22301
2023-05-19 21:00:00,5.23339
2023-05-19 22:00:00,10.93307
2023-05-19 23:00:00,15.94326
2023-05-20 00:00:00,28.03871
2023-05-20 01:00:00,37.4669
2023-05-20 02:00:00,51.38948
2023-05-20 03:00:00,45.73498
2023-05-20 04:00:00,38.9714
2023-05-20 05:00:00,33.33387
2023-05-20 06:00:00,27.33
2023-05-20 07:00:00,20.0
2023-05-20 08:00:00,19.35554
2023-05-20 09:00:00,20.43653
2023-05-20 10:00:00,19.04311
2023-05-20 11:00:00,21.24081
2023-05-20 12:00:00,22.53561
2023-05-20 13:00:00,14.82325
2023-05-20 14:00:00,1.42095
2023-05-20 15:00:00,0.00972
2023-05-20 16:00:00,-0.00105
2023-05-20 17:00:00,-0.0003
2023-05-20 18:00:00,-0.92391
2023-05-20 19:00:00,-2.42445
2023-05-20 20:00:00,-1.26276
2023-05-20 21:00:00,0.0
2023-05-20 22:00:00,0.21113
2023-05-20 23:00:00,3.04465
2023-05-21 00:00:00,19.249
2023-05-21 01:00:00,31.29348
2023-05-21 02:00:00,45.70581
2023-05-21 03:00:00,41.49803
2023-05-21 04:00:00,38.2617
2023-05-21 05:00:00,30.07094
2023-05-21 06:00:00,26.23188
2023-05-21 07:00:00,17.97491
2023-05-21 08:00:00,18.12707
2023-05-21 09:00:00,16.29722
2023-05-21 10:00:00,15.10161
2023-05-21 11:00:00,15.83786
2023-05-21 12:00:00,17.66656
2023-05-21 13:00:00,10.00791
2023-05-21 14:00:00,0.0
2023-05-21 15:00:00,-5.31966
2023-05-21 16:00:00,-8.74545
2023-05-21 17:00:00,-10.20045
2023-05-21 18:00:00,-10.89565
2023-05-21 19:00:00,-10.4697
2023-05-21 20:00:00,-8.5465
2023-05-21 21:00:00,-6.26881
2023-05-21 22:00:00,-2.44781
2023-05-21 23:00:00,0.07284
2023-05-22 00:00:00,15.70998
2023-05-22 01:00:00,30.30766
2023-05-22 02:00:00,48.92804
2023-05-22 03:00:00,46.23207
2023-05-22 04:00:00,38.52775
2023-05-22 05:00:00,30.39473
2023-05-22 06:00:00,27.36587
2023-05-22 07:00:00,21.73748
2023-05-22 08:00:00,17.3945
2023-05-22 09:00:00,15.83449
2023-05-22 10:00:00,15.80086
2023-05-22 11:00:00,18.54879
2023-05-22 12:00:00,29.13638
2023-05-22 13:00:00,27.64284
2023-05-22 14:00:00,13.50676
2023-05-22 15:00:00,4.67074
2023-05-22 16:00:00,2.86487
2023-05-22 17:00:00,2.18824
2023-05-22 18:00:00,2.44683
2023-05-22 19:00:00,1.76348
2023-05-22 20:00:00,3.2579
2023-05-22 21:00:00,4.45531
2023-05-22 22:00:00,7.82871
2023-05-22 23:00:00,15.0
2023-05-23 00:00:00,26.43037
2023-05-23 01:00:00,43.99862
2023-05-23 02:00:00,68.53013
2023-05-23 03:00:00,62.97647
2023-05-23 04:00:00,41.73357
2023-05-23 05:00:00,37.57839
2023-05-23 06:00:00,28.84973
2023-05-23 07:00:00,27.85157
2023-05-23 08:00:00,24.35802
2023-05-23 09:00:00,23.10142
2023-05-23 10:00:00,21.13913
2023-05-23 11:00:00,24.61841
2023-05-23 12:00:00,31.74452
2023-05-23 13:00:00,33.70143
2023-05-23 14:00:00,24.93724
2023-05-23 15:00:00,13.20552
2023-05-23 16:00:00,10.5601
2023-05-23 17:00:00,7.45462
2023-05-23 18:00:00,5.8463
2023-05-23 19:00:00,3.8906
2023-05-23 20:00:00,3.56823
2023-05-23 21:00:00,4.63962
2023-05-23 22:00:00,7.5314
2023-05-23 23:00:00,11.71
2023-05-24 00:00:00,23.96486
2023-05-24 01:00:00,42.24094
2023-05-24 02:00:00,62.08122
2023-05-24 03:00:00,62.20614
2023-05-24 04:00:00,47.90335
2023-05-24 05:00:00,38.53585
2023-05-24 06:00:00,30.0
2023-05-24 07:00:00,28.18026
2023-05-24 08:00:00,24.94761
2023-05-24 09:00:00,23.33005
2023-05-24 10:00:00,21.95091
2023-05-24 11:00:00,24.25928
2023-05-24 12:00:00,39.33988
2023-05-24 13:00:00,34.07811
2023-05-24 14:00:00,25.59987
2023-05-24 15:00:00,10.27734
2023-05-24 16:00:00,7.19206
2023-05-24 17:00:00,5.09462
2023-05-24 18:00:00,2.10328
2023-05-24 19:00:00,2.32817
2023-05-24 20:00:00,2.23692
2023-05-24 21:00:00,2.52551
2023-05-24 22:00:00,5.81219
2023-05-24 23:00:00,8.77418
2023-05-25 00:00:00,24.57477
2023-05-25 01:00:00,44.35021
2023-05-25 02:00:00,61.79683
2023-05-25 03:00:00,64.32169
2023-05-25 04:00:00,47.68711
2023-05-25 05:00:00,33.66558
2023-05-25 06:00:00,27.6639
2023-05-25 07:00:00,21.36325
2023-05-25 08:00:00,18.60596
2023-05-25 09:00:00,16.01237
2023-05-25 10:00:00,15.36
2023-05-25 11:00:00,16.75674
2023-05-25 12:00:00,28.44052
2023-05-25 13:00:00,37.14141
2023-05-25 14:00:00,24.72018
2023-05-25 15:00:00,8.67725
2023-05-25 16:00:00,5.23
2023-05-25 17:00:00,1.07467
2023-05-25 18:00:00,0.20596
2023-05-25 19:00:00,0.75775
2023-05-25 20:00:00,0.55639
2023-05-25 21:00:00,0.70092
2023-05-25 22:00:00,1.83698
2023-05-25 23:00:00,5.12082
2023-05-26 00:00:00,18.67536
2023-05-26 01:00:00,36.71047
2023-05-26 02:00:00,52.34203
2023-05-26 03:00:00,52.29213
2023-05-26 04:00:00,41.01838
2023-05-26 05:00:00,29.52775
2023-05-26 06:00:00,25.85805
2023-05-26 07:00:00,14.02641
2023-05-26 08:00:00,10.58373
2023-05-26 09:00:00,10.0
2023-05-26 10:00:00,9.9815
2023-05-26 11:00:00,10.01062
2023-05-26 12:00:00,23.61144
2023-05-26 13:00:00,29.73169
2023-05-26 14:00:00,16.87826
2023-05-26 15:00:00,8.24954
2023-05-26 16:00:00,3.03947
2023-05-26 17:00:00,0.83363
2023-05-26 18:00:00,-0.61811
2023-05-26 19:00:00,-0.87421
2023-05-26 20:00:00,-1.05001
2023-05-26 21:00:00,-1.24921
2023-05-26 22:00:00,-0.01448
2023-05-26 23:00:00,0.59653
2023-05-27 00:00:00,9.32823
2023-05-27 01:00:00,28.7133
2023-05-27 02:00:00,42.97388
2023-05-27 03:00:00,44.11422
2023-05-27 04:00:00,37.6287
2023-05-27 05:00:00,25.86541
2023-05-27 06:00:00,20.46826
2023-05-27 07:00:00,15.63486
2023-05-27 08:00:00,13.0
2023-05-27 09:00:00,12.73393
2023-05-27 10:00:00,10.0
2023-05-27 11:00:00,11.22171
2023-05-27 12:00:00,12.65876
2023-05-27 13:00:00,8.12471
2023-05-27 14:00:00,-0.51471
2023-05-27 15:00:00,-10.25204
2023-05-27 16:00:00,-12.00844
2023-05-27 17:00:00,-11.95535
2023-05-27 18:00:00,-11.98292
2023-05-27 19:00:00,-14.2446
2023-05-27 20:00:00,-13.43876
2023-05-27 21:00:00,-12.4841
2023-05-27 22:00:00,-11.90935
2023-05-27 23:00:00,-8.03
2023-05-28 00:00:00,0.0
2023-05-28 01:00:00,15.9648
2023-05-28 02:00:00,32.0626
2023-05-28 03:00:00,35.93141
2023-05-28 04:00:00,28.68241
2023-05-28 05:00:00,21.07573
2023-05-28 06:00:00,15.9453
2023-05-28 07:00:00,11.56107
2023-05-28 08:00:00,10.10978
2023-05-28 09:00:00,10.18707
2023-05-28 10:00:00,9.43516
2023-05-28 11:00:00,9.47805
2023-05-28 12:00:00,9.36174
2023-05-28 13:00:00,5.0606
2023-05-28 14:00:00,-2.19775
2023-05-28 15:00:00,-11.38029
2023-05-28 16:00:00,-12.15946
2023-05-28 17:00:00,-12.7376
2023-05-28 18:00:00,-12.72699
2023-05-28 19:00:00,-12.76997
2023-05-28 20:00:00,-12.80511
2023-05-28 21:00:00,-13.10478
2023-05-28 22:00:00,-12.72736
2023-05-28 23:00:00,-10.30077
2023-05-29 00:00:00,0.01228
2023-05-29 01:00:00,16.37725
2023-05-29 02:00:00,29.90005
2023-05-29 03:00:00,32.94851
2023-05-29 04:00:00,25.9333
2023-05-29 05:00:00,18.60182
2023-05-29 06:00:00,15.20193
2023-05-29 07:00:00,20.78186
2023-05-29 08:00:00,16.98058
2023-05-29 09:00:00,14.96041
2023-05-29 10:00:00,15.0
2023-05-29 11:00:00,14.95136
2023-05-29 12:00:00,17.77656
2023-05-29 13:00:00,12.96204
2023-05-29 14:00:00,0.0
2023-05-29 15:00:00,-3.16659
2023-05-29 16:00:00,-7.02
2023-05-29 17:00:00,-9.99491
2023-05-29 18:00:00,-10.43764
2023-05-29 19:00:00,-11.03611
2023-05-29 20:00:00,-11.11583
2023-05-29 21:00:00,-11.23563
2023-05-29 22:00:00,-10.5108
2023-05-29 23:00:00,-3.20125
2023-05-30 00:00:00,1.1541
2023-05-30 01:00:00,24.8623
2023-05-30 02:00:00,33.40303
2023-05-30 03:00:00,36.46
2023-05-30 04:00:00,28.46952
2023-05-30 05:00:00,26.32791
2023-05-30 06:00:00,20.20303
2023-05-30 07:00:00,16.59839
2023-05-30 08:00:00,12.61623
2023-05-30 09:00:00,12.56064
2023-05-30 10:00:00,12.38284
2023-05-30 11:00:00,14.16368
2023-05-30 12:00:00,20.29718
2023-05-30 13:00:00,25.03147
2023-05-30 14:00:00,15.0
2023-05-30 15:00:00,6.81324
2023-05-30 16:00:00,4.72957
2023-05-30 17:00:00,3.74693
2023-05-30 18:00:00,3.06459
2023-05-30 19:00:00,3.02197
2023-05-30 20:00:00,3.15194
2023-05-30 21:00:00,2.82324
2023-05-30 22:00:00,3.10556
2023-05-30 23:00:00,5.20148
2023-05-31 00:00:00,16.48866
2023-05-31 01:00:00,25.6123
2023-05-31 02:00:00,39.30843
2023-05-31 03:00:00,41.39953
2023-05-31 04:00:00,32.51256
2023-05-31 05:00:00,25.30165
2023-05-31 06:00:00,20.14236
2023-05-31 07:00:00,18.45008
2023-05-31 08:00:00,18.23869
2023-05-31 09:00:00,16.78683
2023-05-31 10:00:00,18.03237
2023-05-31 11:00:00,17.5677
2023-05-31 12:00:00,22.22807
2023-05-31 13:00:00,24.53193
2023-05-31 14:00:00,13.29611
2023-05-31 15:00:00,0.69871
2023-05-31 16:00:00,0.52865
2023-05-31 17:00:00,0.22414
2023-05-31 18:00:00,-1.72152
2023-05-31 19:00:00,-1.54144
2023-05-31 20:00:00,-1.01392
2023-05-31 21:00:00,0.01196
2023-05-31 22:00:00,0.30495
2023-05-31 23:00:00,0.76876
2023-06-01 00:00:00,12.20807
2023-06-01 01:00:00,30.17346
2023-06-01 02:00:00,42.71814
2023-06-01 03:00:00,48.29586
2023-06-01 04:00:00,36.6039
2023-06-01 05:00:00,30.10071
2023-06-01 06:00:00,21.83806
2023-06-01 07:00:00,28.34312
2023-06-01 08:00:00,27.12248
2023-06-01 09:00:00,25.21948
2023-06-01 10:00:00,25.64
2023-06-01 11:00:00,28.64516
2023-06-01 12:00:00,34.4533
2023-06-01 13:00:00,35.26044
2023-06-01 14:00:00,22.03788
2023-06-01 15:00:00,10.15427
2023-06-01 16:00:00,8.15847
2023-06-01 17:00:00,8.01118
2023-06-01 18:00:00,7.62798
2023-06-01 19:00:00,7.63873
2023-06-01 20:00:00,8.07613
2023-06-01 21:00:00,8.30342
2023-06-01 22:00:00,8.23498
2023-06-01 23:00:00,11.89972
2023-06-02 00:00:00,23.07275
2023-06-02 01:00:00,37.0349
2023-06-02 02:00:00,47.79532
2023-06-02 03:00:00,50.65595
2023-06-02 04:00:00,41.79765
2023-06-02 05:00:00,34.96449
2023-06-02 06:00:00,30.68298
2023-06-02 07:00:00,27.22404
2023-06-02 08:00:00,25.37266
2023-06-02 09:00:00,23.6602
2023-06-02 10:00:00,24.25108
2023-06-02 11:00:00,27.62532
2023-06-02 12:00:00,34.70345
2023-06-02 13:00:00,27.5146
2023-06-02 14:00:00,15.71648
2023-06-02 15:00:00,7.59023
2023-06-02 16:00:00,5.1031
2023-06-02 17:00:00,4.30178
2023-06-02 18:00:00,4.78409
2023-06-02 19:00:00,4.24477
2023-06-02 20:00:00,4.90661
2023-06-02 21:00:00,6.70578
2023-06-02 22:00:00,6.83699
2023-06-02 23:00:00,10.6545
2023-06-03 00:00:00,17.63728
2023-06-03 01:00:00,36.66
2023-06-03 02:00:00,43.34258
2023-06-03 03:00:00,46.58285
2023-06-03 04:00:00,36.54694
2023-06-03 05:00:00,35.82472
2023-06-03 06:00:00,32.7351
2023-06-03 07:00:00,27.96899
2023-06-03 08:00:00,27.4158
2023-06-03 09:00:00,26.10135
2023-06-03 10:00:00,26.08377
2023-06-03 11:00:00,26.98554
2023-06-03 12:00:00,30.65604
2023-06-03 13:00:00,24.21402
2023-06-03 14:00:00,5.37019
2023-06-03 15:00:00,1.0583
2023-06-03 16:00:00,0.76668
2023-06-03 17:00:00,0.51242
2023-06-03 18:00:00,0.72173
2023-06-03 19:00:00,0.33422
2023-06-03 20:00:00,1.05999
2023-06-03 21:00:00,3.04858
2023-06-03 22:00:00,7.8268
2023-06-03 23:00:00,10.17646
2023-06-04 00:00:00,22.48171
2023-06-04 01:00:00,33.70258
2023-06-04 02:00:00,47.11084
2023-06-04 03:00:00,46.03439
2023-06-04 04:00:00,36.85348
2023-06-04 05:00:00,33.33846
2023-06-04 06:00:00,30.77736
2023-06-04 07:00:00,27.84474
2023-06-04 08:00:00,27.87807
2023-06-04 09:00:00,27.22339
2023-06-04 10:00:00,27.21491
2023-06-04 11:00:00,27.57978
2023-06-04 12:00:00,29.87806
2023-06-04 13:00:00,25.69038
2023-06-04 14:00:00,8.09482
2023-06-04 15:00:00,4.12792
2023-06-04 16:00:00,4.28341
2023-06-04 17:00:00,4.43386
2023-06-04 18:00:00,4.99179
2023-06-04 19:00:00,4.51494
2023-06-04 20:00:00,5.72939
2023-06-04 21:00:00,8.34464
2023-06-04 22:00:00,15.27693
2023-06-04 23:00:00,21.87687
2023-06-05 00:00:00,31.18908
2023-06-05 01:00:00,39.16983
2023-06-05 02:00:00,58.68607
2023-06-05 03:00:00,54.21177
2023-06-05 04:00:00,42.85003
2023-06-05 05:00:00,36.2281
2023-06-05 06:00:00,33.37224
2023-06-05 07:00:00,29.15565
2023-06-05 08:00:00,27.08298
2023-06-05 09:00:00,27.12386
2023-06-05 10:00:00,27.01111
2023-06-05 11:00:00,30.07465
2023-06-05 12:00:00,35.34829
2023-06-05 13:00:00,40.98797
2023-06-05 14:00:00,29.10387
2023-06-05 15:00:00,24.36129
2023-06-05 16:00:00,24.54612
2023-06-05 17:00:00,24.66784
2023-06-05 18:00:00,23.74026
2023-06-05 19:00:00,23.94599
2023-06-05 20:00:00,25.03645
2023-06-05 21:00:00,23.98425
2023-06-05 22:00:00,25.82834
2023-06-05 23:00:00,27.93559
2023-06-06 00:00:00,34.83185
2023-06-06 01:00:00,45.50012
2023-06-06 02:00:00,56.7097
2023-06-06 03:00:00,52.95647
2023-06-06 04:00:00,39.41994
2023-06-06 05:00:00,35.68413
2023-06-06 06:00:00,32.26934
2023-06-06 07:00:00,38.09566
2023-06-06 08:00:00,36.38259
2023-06-06 09:00:00,33.2044
2023-06-06 10:00:00,32.35379
2023-06-06 11:00:00,33.93966
2023-06-06 12:00:00,39.57592
2023-06-06 13:00:00,45.70528
2023-06-06 14:00:00,35.81985
2023-06-06 15:00:00,32.14
2023-06-06 16:00:00,27.8902
2023-06-06 17:00:00,25.59679
2023-06-06 18:00:00,24.4408
2023-06-06 19:00:00,23.92124
2023-06-06 20:00:00,23.60989
2023-06-06 21:00:00,25.61339
2023-06-06 22:00:00,27.75666
2023-06-06 23:00:00,30.03658
2023-06-07 00:00:00,38.86389
2023-06-07 01:00:00,47.0804
2023-06-07 02:00:00,59.20472
2023-06-07 03:00:00,58.25643
2023-06-07 04:00:00,50.14723
2023-06-07 05:00:00,39.97943
2023-06-07 06:00:00,37.77492
2023-06-07 07:00:00,37.02802
2023-06-07 08:00:00,35.1151
2023-06-07 09:00:00,33.67147
2023-06-07 10:00:00,33.28135
2023-06-07 11:00:00,33.96905
2023-06-07 12:00:00,38.1065
2023-06-07 13:00:00,44.28435
2023-06-07 14:00:00,38.02385
2023-06-07 15:00:00,34.00886
2023-06-07 16:00:00,31.21938
2023-06-07 17:00:00,30.34319
2023-06-07 18:00:00,28.28
2023-06-07 19:00:00,27.0
2023-06-07 20:00:00,27.46
2023-06-07 21:00:00,28.8154
2023-06-07 22:00:00,29.70274
2023-06-07 23:00:00,31.72874
2023-06-08 00:00:00,37.31
2023-06-08 01:00:00,45.78564
2023-06-08 02:00:00,57.8
2023-06-08 03:00:00,59.53621
2023-06-08 04:00:00,52.02371
2023-06-08 05:00:00,41.88799
2023-06-08 06:00:00,37.85091
2023-06-08 07:00:00,37.91108
2023-06-08 08:00:00,34.85013
2023-06-08 09:00:00,33.70213
2023-06-08 10:00:00,33.42668
2023-06-08 11:00:00,37.46447
2023-06-08 12:00:00,43.22604
2023-06-08 13:00:00,43.02365
2023-06-08 14:00:00,34.09603
2023-06-08 15:00:00,29.00257
2023-06-08 16:00:00,27.5812
2023-06-08 17:00:00,26.83175
2023-06-08 18:00:00,26.44677
2023-06-08 19:00:00,26.42613
2023-06-08 20:00:00,27.30735
2023-06-08 21:00:00,27.58123
2023-06-08 22:00:00,29.22047
2023-06-08 23:00:00,33.17475
2023-06-09 00:00:00,37.45734
2023-06-09 01:00:00,46.44145
2023-06-09 02:00:00,57.5111
2023-06-09 03:00:00,58.34254
2023-06-09 04:00:00,52.16605
2023-06-09 05:00:00,44.27753
2023-06-09 06:00:00,38.13841
2023-06-09 07:00:00,35.47298
2023-06-09 08:00:00,33.90848
2023-06-09 09:00:00,34.36543
2023-06-09 10:00:00,30.82059
2023-06-09 11:00:00,32.91525
2023-06-09 12:00:00,38.61942
2023-06-09 13:00:00,37.01589
2023-06-09 14:00:00,27.17679
2023-06-09 15:00:00,24.23368
2023-06-09 16:00:00,24.12108
2023-06-09 17:00:00,23.46039
2023-06-09 18:00:00,23.36407
2023-06-09 19:00:00,22.58228
2023-06-09 20:00:00,24.02448
2023-06-09 21:00:00,23.77289
2023-06-09 22:00:00,23.58387
2023-06-09 23:00:00,26.41374
2023-06-10 00:00:00,33.33
2023-06-10 01:00:00,38.76909
2023-06-10 02:00:00,45.5254
2023-06-10 03:00:00,43.52177
2023-06-10 04:00:00,41.00659
2023-06-10 05:00:00,36.41684
2023-06-10 06:00:00,32.20135
2023-06-10 07:00:00,33.61305
2023-06-10 08:00:00,31.63296
2023-06-10 09:00:00,30.69529
2023-06-10 10:00:00,31.08028
2023-06-10 11:00:00,30.33818
2023-06-10 12:00:00,32.99839
2023-06-10 13:00:00,33.70809
2023-06-10 14:00:00,25.86872
2023-06-10 15:00:00,23.20969
2023-06-10 16:00:00,24.66297
2023-06-10 17:00:00,25.44253
2023-06-10 18:00:00,22.73802
2023-06-10 19:00:00,22.64102
2023-06-10 20:00:00,22.47225
2023-06-10 21:00:00,22.85856
2023-06-10 22:00:00,24.38964
2023-06-10 23:00:00,27.40618
2023-06-11 00:00:00,32.19798
2023-06-11 01:00:00,40.41863
2023-06-11 02:00:00,45.80315
2023-06-11 03:00:00,44.5
2023-06-11 04:00:00,41.14004
2023-06-11 05:00:00,37.10679
2023-06-11 06:00:00,35.29665
2023-06-11 07:00:00,30.0979
2023-06-11 08:00:00,29.64475
2023-06-11 09:00:00,28.77861
2023-06-11 10:00:00,28.71864
2023-06-11 11:00:00,28.21947
2023-06-11 12:00:00,29.24348
2023-06-11 13:00:00,26.07885
2023-06-11 14:00:00,15.62547
2023-06-11 15:00:00,12.67656
2023-06-11 16:00:00,12.64627
2023-06-11 17:00:00,12.5
2023-06-11 18:00:00,12.82211
2023-06-11 19:00:00,12.95552
2023-06-11 20:00:00,12.98513
2023-06-11 21:00:00,12.5
2023-06-11 22:00:00,13.2124
2023-06-11 23:00:00,15.0
2023-06-12 00:00:00,24.4164
2023-06-12 01:00:00,34.08016
2023-06-12 02:00:00,40.9417
2023-06-12 03:00:00,43.08071
2023-06-12 04:00:00,38.79855
2023-06-12 05:00:00,35.20818
2023-06-12 06:00:00,32.01784
2023-06-12 07:00:00,29.05041
2023-06-12 08:00:00,29.43197
2023-06-12 09:00:00,27.90377
2023-06-12 10:00:00,27.58886
2023-06-12 11:00:00,30.6267
2023-06-12 12:00:00,36.60472
2023-06-12 13:00:00,40.12074
2023-06-12 14:00:00,30.47787
2023-06-12 15:00:00,29.60923
2023-06-12 16:00:00,25.0
2023-06-12 17:00:00,24.68
2023-06-12 18:00:00,24.53814
2023-06-12 19:00:00,24.30598
2023-06-12 20:00:00,23.89708
2023-06-12 21:00:00,24.5265
2023-06-12 22:00:00,22.55597
2023-06-12 23:00:00,24.69506
2023-06-13 00:00:00,27.90875
2023-06-13 01:00:00,39.0
2023-06-13 02:00:00,50.42412
2023-06-13 03:00:00,51.08516
2023-06-13 04:00:00,45.88782
2023-06-13 05:00:00,37.74695
2023-06-13 06:00:00,32.02815
2023-06-13 07:00:00,31.2897
2023-06-13 08:00:00,29.44174
2023-06-13 09:00:00,29.55469
2023-06-13 10:00:00,29.17359
2023-06-13 11:00:00,29.32274
2023-06-13 12:00:00,36.36758
2023-06-13 13:00:00,31.23439
2023-06-13 14:00:00,23.8497
2023-06-13 15:00:00,18.59406
2023-06-13 16:00:00,16.56429
2023-06-13 17:00:00,15.2273
2023-06-13 18:00:00,11.61
2023-06-13 19:00:00,11.3693
2023-06-13 20:00:00,11.68052
2023-06-13 21:00:00,12.90483
2023-06-13 22:00:00,15.36482
2023-06-13 23:00:00,18.40092
2023-06-14 00:00:00,23.15635
2023-06-14 01:00:00,35.01739
2023-06-14 02:00:00,47.00208
2023-06-14 03:00:00,45.0919
2023-06-14 04:00:00,44.8628
2023-06-14 05:00:00,38.53691
2023-06-14 06:00:00,34.04104
2023-06-14 07:00:00,27.66107
2023-06-14 08:00:00,27.24413
2023-06-14 09:00:00,27.04129
2023-06-14 10:00:00,27.03607
2023-06-14 11:00:00,28.06451
2023-06-14 12:00:00,33.25209
2023-06-14 13:00:00,28.58668
2023-06-14 14:00:00,17.62221
2023-06-14 15:00:00,14.63931
2023-06-14 16:00:00,13.04966
2023-06-14 17:00:00,10.0
2023-06-14 18:00:00,9.76102
2023-06-14 19:00:00,9.56691
2023-06-14 20:00:00,10.0
2023-06-14 21:00:00,11.17
2023-06-14 22:00:00,11.60724
2023-06-14 23:00:00,15.15
2023-06-15 00:00:00,24.18425
2023-06-15 01:00:00,35.39291
2023-06-15 02:00:00,45.86433
2023-06-15 03:00:00,43.30415
2023-06-15 04:00:00,41.45322
2023-06-15 05:00:00,34.47067
2023-06-15 06:00:00,30.0646
2023-06-15 07:00:00,26.75208
2023-06-15 08:00:00,27.52735
2023-06-15 09:00:00,26.25562
2023-06-15 10:00:00,26.30371
2023-06-15 11:00:00,27.75581
2023-06-15 12:00:00,31.37068
2023-06-15 13:00:00,29.03623
2023-06-15 14:00:00,20.61809
2023-06-15 15:00:00,13.38821
2023-06-15 16:00:00,11.27983
2023-06-15 17:00:00,9.28004
2023-06-15 18:00:00,9.0
2023-06-15 19:00:00,10.15724
2023-06-15 20:00:00,10.64841
2023-06-15 21:00:00,10.80932
2023-06-15 22:00:00,13.70032
2023-06-15 23:00:00,15.23432
2023-06-16 00:00:00,26.41133
2023-06-16 01:00:00,38.67968
2023-06-16 02:00:00,49.03149
2023-06-16 03:00:00,48.7833
2023-06-16 04:00:00,41.07705
2023-06-16 05:00:00,35.76635
2023-06-16 06:00:00,32.74673
2023-06-16 07:00:00,28.44384
2023-06-16 08:00:00,27.58735
2023-06-16 09:00:00,27.39462
2023-06-16 10:00:00,27.86135
2023-06-16 11:00:00,28.59922
2023-06-16 12:00:00,32.3961
2023-06-16 13:00:00,32.28136
2023-06-16 14:00:00,27.30768
2023-06-16 15:00:00,20.96495
2023-06-16 16:00:00,15.0
2023-06-16 17:00:00,14.44554
2023-06-16 18:00:00,13.13084
2023-06-16 19:00:00,14.51318
2023-06-16 20:00:00,15.32651
2023-06-16 21:00:00,15.72708
2023-06-16 22:00:00,19.35327
2023-06-16 23:00:00,19.96649
2023-06-17 00:00:00,28.74689
2023-06-17 01:00:00,37.51797
2023-06-17 02:00:00,51.16574
2023-06-17 03:00:00,48.53834
2023-06-17 04:00:00,39.11427
2023-06-17 05:00:00,36.12356
2023-06-17 06:00:00,33.43434
2023-06-17 07:00:00,30.61796
2023-06-17 08:00:00,28.3452
2023-06-17 09:00:00,29.87061
2023-06-17 10:00:00,28.57166
2023-06-17 11:00:00,30.0
2023-06-17 12:00:00,29.37
2023-06-17 13:00:00,25.37053
2023-06-17 14:00:00,11.29937
2023-06-17 15:00:00,4.53
2023-06-17 16:00:00,4.24663
2023-06-17 17:00:00,4.18888
2023-06-17 18:00:00,4.23703
2023-06-17 19:00:00,3.28251
2023-06-17 20:00:00,2.72506
2023-06-17 21:00:00,4.28372
2023-06-17 22:00:00,7.68425
2023-06-17 23:00:00,10.14722
2023-06-18 00:00:00,20.0
2023-06-18 01:00:00,35.39418
2023-06-18 02:00:00,39.34912
2023-06-18 03:00:00,39.08161
2023-06-18 04:00:00,37.59799
2023-06-18 05:00:00,34.64002
2023-06-18 06:00:00,30.75967
2023-06-18 07:00:00,29.20588
2023-06-18 08:00:00,27.18987
2023-06-18 09:00:00,24.65545
2023-06-18 10:00:00,23.4
2023-06-18 11:00:00,23.9493
2023-06-18 12:00:00,23.83
2023-06-18 13:00:00,14.43559
2023-06-18 14:00:00,0.12
2023-06-18 15:00:00,-7.16656
2023-06-18 16:00:00,-10.46962
2023-06-18 17:00:00,-11.01022
2023-06-18 18:00:00,-11.5
2023-06-18 19:00:00,-11.50125
2023-06-18 20:00:00,-11.65341
2023-06-18 21:00:00,-10.91968
2023-06-18 22:00:00,-7.98184
2023-06-18 23:00:00,0.0
2023-06-19 00:00:00,7.40423
2023-06-19 01:00:00,21.9481
2023-06-19 02:00:00,29.94181
2023-06-19 03:00:00,33.32875
2023-06-19 04:00:00,29.68674
2023-06-19 05:00:00,28.35554
2023-06-19 06:00:00,26.74556
2023-06-19 07:00:00,30.0
2023-06-19 08:00:00,28.58269
2023-06-19 09:00:00,28.03851
2023-06-19 10:00:00,26.65756
2023-06-19 11:00:00,28.37217
2023-06-19 12:00:00,32.76499
2023-06-19 13:00:00,25.8205
2023-06-19 14:00:00,9.22982
2023-06-19 15:00:00,3.0
2023-06-19 16:00:00,2.35107
2023-06-19 17:00:00,0.7632
2023-06-19 18:00:00,-2.44472
2023-06-19 19:00:00,0.0
2023-06-19 20:00:00,0.03234
2023-06-19 21:00:00,0.08
2023-06-19 22:00:00,0.10583
2023-06-19 23:00:00,2.26886
2023-06-20 00:00:00,11.85111
2023-06-20 01:00:00,31.08
2023-06-20 02:00:00,40.0
2023-06-20 03:00:00,42.64
2023-06-20 04:00:00,37.74959
2023-06-20 05:00:00,35.46437
2023-06-20 06:00:00,33.18251
2023-06-20 07:00:00,26.49093
2023-06-20 08:00:00,24.40075
2023-06-20 09:00:00,21.67936
2023-06-20 10:00:00,21.61308
2023-06-20 11:00:00,24.92542
2023-06-20 12:00:00,30.99096
2023-06-20 13:00:00,25.14349
2023-06-20 14:00:00,9.10639
2023-06-20 15:00:00,3.36652
2023-06-20 16:00:00,1.55637
2023-06-20 17:00:00,1.50379
2023-06-20 18:00:00,0.0
2023-06-20 19:00:00,0.58499
2023-06-20 20:00:00,1.05491
2023-06-20 21:00:00,1.02317
2023-06-20 22:00:00,1.0582
2023-06-20 23:00:00,0.49358
2023-06-21 00:00:00,8.07426
2023-06-21 01:00:00,28.65685
2023-06-21 02:00:00,39.24451
2023-06-21 03:00:00,42.64
2023-06-21 04:00:00,39.37313
2023-06-21 05:00:00,38.83639
2023-06-21 06:00:00,36.49063
2023-06-21 07:00:00,32.22
2023-06-21 08:00:00,31.42278
2023-06-21 09:00:00,29.44525
2023-06-21 10:00:00,28.45
2023-06-21 11:00:00,31.87
2023-06-21 12:00:00,38.62046
2023-06-21 13:00:00,34.28
2023-06-21 14:00:00,16.63925
2023-06-21 15:00:00,10.83374
2023-06-21 16:00:00,11.93
2023-06-21 17:00:00,9.61426
2023-06-21 18:00:00,5.64
2023-06-21 19:00:00,7.01866
2023-06-21 20:00:00,7.05903
2023-06-21 21:00:00,6.80066
2023-06-21 22:00:00,6.84794
2023-06-21 23:00:00,8.75083
2023-06-22 00:00:00,23.4324
2023-06-22 01:00:00,37.92184
2023-06-22 02:00:00,44.26072
2023-06-22 03:00:00,51.46599
2023-06-22 04:00:00,39.69222
2023-06-22 05:00:00,40.0
2023-06-22 06:00:00,36.6785
2023-06-22 07:00:00,36.89734
2023-06-22 08:00:00,34.32643
2023-06-22 09:00:00,32.41893
2023-06-22 10:00:00,31.50854
2023-06-22 11:00:00,36.02748
2023-06-22 12:00:00,40.91915
2023-06-22 13:00:00,37.33803
2023-06-22 14:00:00,30.0591
2023-06-22 15:00:00,23.18754
2023-06-22 16:00:00,20.62868
2023-06-22 17:00:00,17.64
2023-06-22 18:00:00,10.80421
2023-06-22 19:00:00,8.30842
2023-06-22 20:00:00,8.0
2023-06-22 21:00:00,8.0
2023-06-22 22:00:00,12.9875
2023-06-22 23:00:00,13.15164
2023-06-23 00:00:00,21.66134
2023-06-23 01:00:00,35.62641
2023-06-23 02:00:00,40.41638
2023-06-23 03:00:00,44.01645
2023-06-23 04:00:00,41.3655
2023-06-23 05:00:00,37.60848
2023-06-23 06:00:00,35.48495
2023-06-23 07:00:00,33.9769
2023-06-23 08:00:00,32.99936
2023-06-23 09:00:00,31.92752
2023-06-23 10:00:00,32.13135
2023-06-23 11:00:00,34.69351
2023-06-23 12:00:00,40.0
2023-06-23 13:00:00,34.52056
2023-06-23 14:00:00,30.53121
2023-06-23 15:00:00,35.97
2023-06-23 16:00:00,31.69
2023-06-23 17:00:00,27.64037
2023-06-23 18:00:00,25.0
2023-06-23 19:00:00,22.0
2023-06-23 20:00:00,21.75
2023-06-23 21:00:00,22.19672
2023-06-23 22:00:00,20.14345
2023-06-23 23:00:00,19.63639
2023-06-24 00:00:00,16.24539
2023-06-24 01:00:00,31.0
2023-06-24 02:00:00,40.0
2023-06-24 03:00:00,49.92532
2023-06-24 04:00:00,46.49636
2023-06-24 05:00:00,37.462
2023-06-24 06:00:00,35.2583
2023-06-24 07:00:00,32.39636
2023-06-24 08:00:00,30.30878
2023-06-24 09:00:00,30.32179
2023-06-24 10:00:00,30.13261
2023-06-24 11:00:00,32.22
2023-06-24 12:00:00,35.08935
2023-06-24 13:00:00,30.39457
2023-06-24 14:00:00,16.8621
2023-06-24 15:00:00,8.06647
2023-06-24 16:00:00,8.51
2023-06-24 17:00:00,5.32569
2023-06-24 18:00:00,1.53635
2023-06-24 19:00:00,1.54945
2023-06-24 20:00:00,1.4897
2023-06-24 21:00:00,1.32633
2023-06-24 22:00:00,4.90781
2023-06-24 23:00:00,9.14373
2023-06-25 00:00:00,22.64284
2023-06-25 01:00:00,34.38901
2023-06-25 02:00:00,41.77521
2023-06-25 03:00:00,47.83743
2023-06-25 04:00:00,41.83542
2023-06-25 05:00:00,34.91551
2023-06-25 06:00:00,33.68832
2023-06-25 07:00:00,33.39968
2023-06-25 08:00:00,30.10115
2023-06-25 09:00:00,30.13667
2023-06-25 10:00:00,28.72178
2023-06-25 11:00:00,30.17341
2023-06-25 12:00:00,30.17258
2023-06-25 13:00:00,26.76271
2023-06-25 14:00:00,3.14002
2023-06-25 15:00:00,1.33261
2023-06-25 16:00:00,2.17775
2023-06-25 17:00:00,1.71105
2023-06-25 18:00:00,0.91892
2023-06-25 19:00:00,0.84634
2023-06-25 20:00:00,0.7134
2023-06-25 21:00:00,0.62373
2023-06-25 22:00:00,0.10909
2023-06-25 23:00:00,1.35418
2023-06-26 00:00:00,13.87812
2023-06-26 01:00:00,30.1362
2023-06-26 02:00:00,36.30419
2023-06-26 03:00:00,44.75287
2023-06-26 04:00:00,42.75294
2023-06-26 05:00:00,33.38784
2023-06-26 06:00:00,32.99666
2023-06-26 07:00:00,31.62645
2023-06-26 08:00:00,30.29228
2023-06-26 09:00:00,29.72128
2023-06-26 10:00:00,29.66401
2023-06-26 11:00:00,31.03414
2023-06-26 12:00:00,37.68
2023-06-26 13:00:00,34.53733
2023-06-26 14:00:00,29.88735
2023-06-26 15:00:00,31.26
2023-06-26 16:00:00,27.96188
2023-06-26 17:00:00,28.74832
2023-06-26 18:00:00,20.97
2023-06-26 19:00:00,25.27252
2023-06-26 20:00:00,23.83742
2023-06-26 21:00:00,24.41719
2023-06-26 22:00:00,25.63871
2023-06-26 23:00:00,23.5
2023-06-27 00:00:00,27.22788
2023-06-27 01:00:00,40.57562
2023-06-27 02:00:00,55.64281
2023-06-27 03:00:00,60.72452
2023-06-27 04:00:00,50.71702
2023-06-27 05:00:00,39.60218
2023-06-27 06:00:00,38.15026
2023-06-27 07:00:00,35.17827
2023-06-27 08:00:00,35.08617
2023-06-27 09:00:00,32.77401
2023-06-27 10:00:00,33.00309
2023-06-27 11:00:00,32.34516
2023-06-27 12:00:00,37.20865
2023-06-27 13:00:00,33.47588
2023-06-27 14:00:00,22.68684
2023-06-27 15:00:00,19.21407
2023-06-27 16:00:00,20.32712
2023-06-27 17:00:00,16.06307
2023-06-27 18:00:00,12.24223
2023-06-27 19:00:00,12.23826
2023-06-27 20:00:00,13.92211
2023-06-27 21:00:00,14.88049
2023-06-27 22:00:00,18.17735
2023-06-27 23:00:00,25.77404
2023-06-28 00:00:00,37.60833
2023-06-28 01:00:00,47.94516
2023-06-28 02:00:00,55.0
2023-06-28 03:00:00,60.78997
2023-06-28 04:00:00,47.19
2023-06-28 05:00:00,42.87933
2023-06-28 06:00:00,40.0
2023-06-28 07:00:00,37.41448
2023-06-28 08:00:00,35.86721
2023-06-28 09:00:00,34.1619
2023-06-28 10:00:00,34.06514
2023-06-28 11:00:00,34.77642
2023-06-28 12:00:00,36.28693
2023-06-28 13:00:00,34.38961
2023-06-28 14:00:00,28.06
2023-06-28 15:00:00,18.33574
2023-06-28 16:00:00,16.17875
2023-06-28 17:00:00,15.70259
2023-06-28 18:00:00,15.27375
2023-06-28 19:00:00,14.84755
2023-06-28 20:00:00,18.04706
2023-06-28 21:00:00,20.0
2023-06-28 22:00:00,28.13364
2023-06-28 23:00:00,30.0
2023-06-29 00:00:00,34.54708
2023-06-29 01:00:00,44.99384
2023-06-29 02:00:00,57.31842
2023-06-29 03:00:00,57.38676
2023-06-29 04:00:00,46.04525
2023-06-29 05:00:00,40.16208
2023-06-29 06:00:00,38.01995
2023-06-29 07:00:00,37.32
2023-06-29 08:00:00,36.68586
2023-06-29 09:00:00,37.58458
2023-06-29 10:00:00,33.55
2023-06-29 11:00:00,37.09559
2023-06-29 12:00:00,41.80696
2023-06-29 13:00:00,43.46878
2023-06-29 14:00:00,31.78932
2023-06-29 15:00:00,27.5832
2023-06-29 16:00:00,27.70799
2023-06-29 17:00:00,28.80942
2023-06-29 18:00:00,28.50064
2023-06-29 19:00:00,28.87302
2023-06-29 20:00:00,32.76806
2023-06-29 21:00:00,36.76826
2023-06-29 22:00:00,42.36588
2023-06-29 23:00:00,44.48
2023-06-30 00:00:00,48.09
2023-06-30 01:00:00,58.25761
2023-06-30 02:00:00,62.47927
2023-06-30 03:00:00,61.92413
2023-06-30 04:00:00,53.11916
2023-06-30 05:00:00,49.33818
2023-06-30 06:00:00,44.86344
2023-06-30 07:00:00,45.1654
2023-06-30 08:00:00,42.75659
2023-06-30 09:00:00,42.73966
2023-06-30 10:00:00,42.15272
2023-06-30 11:00:00,43.23
2023-06-30 12:00:00,47.66577
2023-06-30 13:00:00,43.89845
2023-06-30 14:00:00,39.28124
2023-06-30 15:00:00,35.31322
2023-06-30 16:00:00,35.64
2023-06-30 17:00:00,35.3354
2023-06-30 18:00:00,34.94361
2023-06-30 19:00:00,37.75256
2023-06-30 20:00:00,41.20591
2023-06-30 21:00:00,46.97902
2023-06-30 22:00:00,53.26311
2023-06-30 23:00:00,54.32259
2023-07-01 00:00:00,66.45264
2023-07-01 01:00:00,76.52272
2023-07-01 02:00:00,97.12686
2023-07-01 03:00:00,86.77503
2023-07-01 04:00:00,72.12316
2023-07-01 05:00:00,52.28396
2023-07-01 06:00:00,48.14453
2023-07-01 07:00:00,40.14784
2023-07-01 08:00:00,40.02
2023-07-01 09:00:00,39.80398
2023-07-01 10:00:00,39.44
2023-07-01 11:00:00,40.8321
2023-07-01 12:00:00,41.45528
2023-07-01 13:00:00,39.9057
2023-07-01 14:00:00,29.26767
2023-07-01 15:00:00,25.10226
2023-07-01 16:00:00,25.0
2023-07-01 17:00:00,24.64
2023-07-01 18:00:00,29.78455
2023-07-01 19:00:00,33.95671
2023-07-01 20:00:00,37.72056
2023-07-01 21:00:00,40.98
2023-07-01 22:00:00,43.64097
2023-07-01 23:00:00,47.73011
2023-07-02 00:00:00,53.18
2023-07-02 01:00:00,60.57944
2023-07-02 02:00:00,76.83301
2023-07-02 03:00:00,69.42117
2023-07-02 04:00:00,58.4416
2023-07-02 05:00:00,48.96745
2023-07-02 06:00:00,44.26874
2023-07-02 07:00:00,42.40374
2023-07-02 08:00:00,42.33
2023-07-02 09:00:00,40.22948
2023-07-02 10:00:00,41.57208
2023-07-02 11:00:00,40.53371
2023-07-02 12:00:00,42.61435
2023-07-02 13:00:00,38.4013
2023-07-02 14:00:00,31.44009
2023-07-02 15:00:00,26.39264
2023-07-02 16:00:00,28.97606
2023-07-02 17:00:00,29.22756
2023-07-02 18:00:00,32.10368
2023-07-02 19:00:00,35.12557
2023-07-02 20:00:00,37.88492
2023-07-02 21:00:00,39.65873
2023-07-02 22:00:00,45.03739
2023-07-02 23:00:00,47.5363
2023-07-03 00:00:00,53.48778
2023-07-03 01:00:00,60.31663
2023-07-03 02:00:00,89.57801
2023-07-03 03:00:00,73.81046
2023-07-03 04:00:00,59.04658
2023-07-03 05:00:00,53.53576
2023-07-03 06:00:00,44.46123
2023-07-03 07:00:00,41.57781
2023-07-03 08:00:00,40.31346
2023-07-03 09:00:00,39.83
2023-07-03 10:00:00,39.81884
2023-07-03 11:00:00,40.0
2023-07-03 12:00:00,42.05878
2023-07-03 13:00:00,45.32
2023-07-03 14:00:00,35.51718
2023-07-03 15:00:00,36.21
2023-07-03 16:00:00,38.23745
2023-07-03 17:00:00,37.60078
2023-07-03 18:00:00,40.88
2023-07-03 19:00:00,39.98555
2023-07-03 20:00:00,40.58629
2023-07-03 21:00:00,44.38972
2023-07-03 22:00:00,50.63942
2023-07-03 23:00:00,53.95742
2023-07-04 00:00:00,60.52366
2023-07-04 01:00:00,68.97892
2023-07-04 02:00:00,95.11637
2023-07-04 03:00:00,73.58792
2023-07-04 04:00:00,64.31541
2023-07-04 05:00:00,50.8487
2023-07-04 06:00:00,48.76449
2023-07-04 07:00:00,41.72512
2023-07-04 08:00:00,41.06755
2023-07-04 09:00:00,40.65442
2023-07-04 10:00:00,40.201
2023-07-04 11:00:00,40.46783
2023-07-04 12:00:00,42.05643
2023-07-04 13:00:00,38.10947
2023-07-04 14:00:00,31.12688
2023-07-04 15:00:00,30.33267
2023-07-04 16:00:00,31.04102
2023-07-04 17:00:00,34.8701
2023-07-04 18:00:00,31.70531
2023-07-04 19:00:00,35.28778
2023-07-04 20:00:00,33.96809
2023-07-04 21:00:00,33.16805
2023-07-04 22:00:00,35.22326
2023-07-04 23:00:00,37.7444
2023-07-05 00:00:00,41.39128
2023-07-05 01:00:00,50.43
2023-07-05 02:00:00,64.57271
2023-07-05 03:00:00,61.8115
2023-07-05 04:00:00,54.1616
2023-07-05 05:00:00,44.42612
2023-07-05 06:00:00,41.77197
2023-07-05 07:00:00,39.45856
2023-07-05 08:00:00,38.39255
2023-07-05 09:00:00,38.05703
2023-07-05 10:00:00,37.22334
2023-07-05 11:00:00,38.20012
2023-07-05 12:00:00,39.03402
2023-07-05 13:00:00,40.1222
2023-07-05 14:00:00,32.31219
2023-07-05 15:00:00,29.88294
2023-07-05 16:00:00,31.55275
2023-07-05 17:00:00,32.79352
2023-07-05 18:00:00,31.35233
2023-07-05 19:00:00,32.08061
2023-07-05 20:00:00,34.77087
2023-07-05 21:00:00,34.07622
2023-07-05 22:00:00,38.15502
2023-07-05 23:00:00,39.07586
2023-07-06 00:00:00,46.68813
2023-07-06 01:00:00,55.9879
2023-07-06 02:00:00,67.75357
2023-07-06 03:00:00,67.85795
2023-07-06 04:00:00,60.59867
2023-07-06 05:00:00,44.46458
2023-07-06 06:00:00,42.55147
2023-07-06 07:00:00,39.64004
2023-07-06 08:00:00,38.86395
2023-07-06 09:00:00,38.20252
2023-07-06 10:00:00,37.2516
2023-07-06 11:00:00,38.2809
2023-07-06 12:00:00,40.2297
2023-07-06 13:00:00,38.31458
2023-07-06 14:00:00,34.15679
2023-07-06 15:00:00,36.4
2023-07-06 16:00:00,37.46006
2023-07-06 17:00:00,35.81696
2023-07-06 18:00:00,33.38675
2023-07-06 19:00:00,33.25939
2023-07-06 20:00:00,36.0
2023-07-06 21:00:00,36.0
2023-07-06 22:00:00,34.25799
2023-07-06 23:00:00,33.02013
2023-07-07 00:00:00,38.48644
2023-07-07 01:00:00,45.35184
2023-07-07 02:00:00,58.70925
2023-07-07 03:00:00,58.69925
2023-07-07 04:00:00,53.67872
2023-07-07 05:00:00,44.5229
2023-07-07 06:00:00,42.09924
2023-07-07 07:00:00,40.0
2023-07-07 08:00:00,37.83199
2023-07-07 09:00:00,36.67898
2023-07-07 10:00:00,36.14542
2023-07-07 11:00:00,36.63565
2023-07-07 12:00:00,37.69846
2023-07-07 13:00:00,37.60784
2023-07-07 14:00:00,31.98502
2023-07-07 15:00:00,26.68734
2023-07-07 16:00:00,24.98679
2023-07-07 17:00:00,26.15591
2023-07-07 18:00:00,29.87484
2023-07-07 19:00:00,30.52429
2023-07-07 20:00:00,32.14804
2023-07-07 21:00:00,34.5902
2023-07-07 22:00:00,31.54
2023-07-07 23:00:00,30.0
2023-07-08 00:00:00,32.95356
2023-07-08 01:00:00,41.34908
2023-07-08 02:00:00,51.58482
2023-07-08 03:00:00,52.37923
2023-07-08 04:00:00,49.55194
2023-07-08 05:00:00,42.1262
2023-07-08 06:00:00,39.46989
2023-07-08 07:00:00,33.56175
2023-07-08 08:00:00,32.75899
2023-07-08 09:00:00,32.00934
2023-07-08 10:00:00,31.35165
2023-07-08 11:00:00,31.37738
2023-07-08 12:00:00,32.855
2023-07-08 13:00:00,31.51898
2023-07-08 14:00:00,27.23493
2023-07-08 15:00:00,27.29745
2023-07-08 16:00:00,29.89908
2023-07-08 17:00:00,26.95354
2023-07-08 18:00:00,26.04139
2023-07-08 19:00:00,26.0
2023-07-08 20:00:00,28.0
2023-07-08 21:00:00,25.0
2023-07-08 22:00:00,24.69714
2023-07-08 23:00:00,25.76267
2023-07-09 00:00:00,30.31938
2023-07-09 01:00:00,37.68057
2023-07-09 02:00:00,48.79215
2023-07-09 03:00:00,50.39419
2023-07-09 04:00:00,46.01251
2023-07-09 05:00:00,37.80244
2023-07-09 06:00:00,36.44653
2023-07-09 07:00:00,32.58332
2023-07-09 08:00:00,32.40116
2023-07-09 09:00:00,31.20371
2023-07-09 10:00:00,31.30427
2023-07-09 11:00:00,31.81009
2023-07-09 12:00:00,33.5886
2023-07-09 13:00:00,30.43812
2023-07-09 14:00:00,23.05053
2023-07-09 15:00:00,26.33
2023-07-09 16:00:00,30.0
2023-07-09 17:00:00,29.27
2023-07-09 18:00:00,27.39
2023-07-09 19:00:00,26.24522
2023-07-09 20:00:00,24.96601
2023-07-09 21:00:00,21.62967
2023-07-09 22:00:00,24.54346
2023-07-09 23:00:00,25.97697
2023-07-10 00:00:00,28.64908
2023-07-10 01:00:00,37.43417
2023-07-10 02:00:00,50.41338
2023-07-10 03:00:00,52.43
2023-07-10 04:00:00,47.14407
2023-07-10 05:00:00,38.00245
2023-07-10 06:00:00,35.13627
2023-07-10 07:00:00,34.9881
2023-07-10 08:00:00,33.67
2023-07-10 09:00:00,33.49372
2023-07-10 10:00:00,33.47637
2023-07-10 11:00:00,34.52716
2023-07-10 12:00:00,37.41808
2023-07-10 13:00:00,38.15696
2023-07-10 14:00:00,33.47945
2023-07-10 15:00:00,28.52147
2023-07-10 16:00:00,29.36296
2023-07-10 17:00:00,28.17321
2023-07-10 18:00:00,28.57601
2023-07-10 19:00:00,30.01818
2023-07-10 20:00:00,32.22473
2023-07-10 21:00:00,34.36594
2023-07-10 22:00:00,36.91017
2023-07-10 23:00:00,37.63271
2023-07-11 00:00:00,45.08359
2023-07-11 01:00:00,50.28
2023-07-11 02:00:00,56.07259
2023-07-11 03:00:00,56.22478
2023-07-11 04:00:00,52.38365
2023-07-11 05:00:00,51.11744
2023-07-11 06:00:00,42.79778
2023-07-11 07:00:00,38.75664
2023-07-11 08:00:00,38.07545
2023-07-11 09:00:00,37.68355
2023-07-11 10:00:00,37.94
2023-07-11 11:00:00,40.41102
2023-07-11 12:00:00,44.10735
2023-07-11 13:00:00,43.83123
2023-07-11 14:00:00,36.84182
2023-07-11 15:00:00,31.99729
2023-07-11 16:00:00,30.97594
2023-07-11 17:00:00,30.59795
2023-07-11 18:00:00,29.15981
2023-07-11 19:00:00,31.9246
2023-07-11 20:00:00,36.28
2023-07-11 21:00:00,40.29462
2023-07-11 22:00:00,41.82
2023-07-11 23:00:00,46.20504
2023-07-12 00:00:00,52.4652
2023-07-12 01:00:00,60.91938
2023-07-12 02:00:00,62.88
2023-07-12 03:00:00,61.02843
2023-07-12 04:00:00,55.2683
2023-07-12 05:00:00,52.77692
2023-07-12 06:00:00,45.7
2023-07-12 07:00:00,41.4388
2023-07-12 08:00:00,40.98177
2023-07-12 09:00:00,40.46393
2023-07-12 10:00:00,40.32917
2023-07-12 11:00:00,40.36411
2023-07-12 12:00:00,43.15417
2023-07-12 13:00:00,42.81435
2023-07-12 14:00:00,37.36409
2023-07-12 15:00:00,31.44
2023-07-12 16:00:00,29.76956
2023-07-12 17:00:00,29.91839
2023-07-12 18:00:00,30.4429
2023-07-12 19:00:00,33.09666
2023-07-12 20:00:00,36.09827
2023-07-12 21:00:00,40.20797
2023-07-12 22:00:00,41.70698
2023-07-12 23:00:00,44.66214
2023-07-13 00:00:00,50.28959
2023-07-13 01:00:00,57.5066
2023-07-13 02:00:00,63.68021
2023-07-13 03:00:00,63.4806
2023-07-13 04:00:00,57.66441
2023-07-13 05:00:00,53.18375
2023-07-13 06:00:00,45.88
2023-07-13 07:00:00,45.63382
2023-07-13 08:00:00,42.17205
2023-07-13 09:00:00,42.15551
2023-07-13 10:00:00,42.22655
2023-07-13 11:00:00,42.25751
2023-07-13 12:00:00,43.70706
2023-07-13 13:00:00,44.9
2023-07-13 14:00:00,37.40713
2023-07-13 15:00:00,31.64
2023-07-13 16:00:00,31.1848
2023-07-13 17:00:00,31.66044
2023-07-13 18:00:00,32.36416
2023-07-13 19:00:00,35.19991
2023-07-13 20:00:00,38.82742
2023-07-13 21:00:00,40.70973
2023-07-13 22:00:00,44.02208
2023-07-13 23:00:00,46.93725
2023-07-14 00:00:00,51.88361
2023-07-14 01:00:00,60.24574
2023-07-14 02:00:00,70.64421
2023-07-14 03:00:00,65.1342
2023-07-14 04:00:00,59.88
2023-07-14 05:00:00,53.2578
2023-07-14 06:00:00,46.64963
2023-07-14 07:00:00,46.47232
2023-07-14 08:00:00,43.93976
2023-07-14 09:00:00,42.73602
2023-07-14 10:00:00,42.10697
2023-07-14 11:00:00,43.01404
2023-07-14 12:00:00,43.665
2023-07-14 13:00:00,43.82658
2023-07-14 14:00:00,38.66538
2023-07-14 15:00:00,37.53361
2023-07-14 16:00:00,35.75516
2023-07-14 17:00:00,37.91417
2023-07-14 18:00:00,42.19916
2023-07-14 19:00:00,44.01673
2023-07-14 20:00:00,47.52562
2023-07-14 21:00:00,49.28673
2023-07-14 22:00:00,54.47053
2023-07-14 23:00:00,60.59
2023-07-15 00:00:00,70.10739
2023-07-15 01:00:00,79.89459
2023-07-15 02:00:00,102.72812
2023-07-15 03:00:00,93.64335
2023-07-15 04:00:00,78.33834
2023-07-15 05:00:00,64.51084
2023-07-15 06:00:00,57.46064
2023-07-15 07:00:00,51.47899
2023-07-15 08:00:00,49.62578
2023-07-15 09:00:00,49.1718
2023-07-15 10:00:00,48.20663
2023-07-15 11:00:00,49.27
2023-07-15 12:00:00,49.68318
2023-07-15 13:00:00,48.65522
2023-07-15 14:00:00,38.56919
2023-07-15 15:00:00,35.00792
2023-07-15 16:00:00,35.01677
2023-07-15 17:00:00,38.28139
2023-07-15 18:00:00,41.74314
2023-07-15 19:00:00,47.96361
2023-07-15 20:00:00,49.9584
2023-07-15 21:00:00,56.49955
2023-07-15 22:00:00,64.90576
2023-07-15 23:00:00,74.54846
2023-07-16 00:00:00,81.75116
2023-07-16 01:00:00,118.00218
2023-07-16 02:00:00,197.96602
2023-07-16 03:00:00,138.0
2023-07-16 04:00:00,92.81841
2023-07-16 05:00:00,73.97318
2023-07-16 06:00:00,67.47472
2023-07-16 07:00:00,55.44675
2023-07-16 08:00:00,51.02498
2023-07-16 09:00:00,49.36928
2023-07-16 10:00:00,48.37132
2023-07-16 11:00:00,49.89632
2023-07-16 12:00:00,49.93588
2023-07-16 13:00:00,48.64127
2023-07-16 14:00:00,41.33536
2023-07-16 15:00:00,39.51322
2023-07-16 16:00:00,41.67601
2023-07-16 17:00:00,42.76379
2023-07-16 18:00:00,45.50451
2023-07-16 19:00:00,49.21441
2023-07-16 20:00:00,51.61596
2023-07-16 21:00:00,61.17482
2023-07-16 22:00:00,70.7
2023-07-16 23:00:00,76.36
2023-07-17 00:00:00,87.16848
2023-07-17 01:00:00,116.12064
2023-07-17 02:00:00,167.43
2023-07-17 03:00:00,110.62921
2023-07-17 04:00:00,86.94584
2023-07-17 05:00:00,70.85758
2023-07-17 06:00:00,65.12453
2023-07-17 07:00:00,53.34025
2023-07-17 08:00:00,47.63567
2023-07-17 09:00:00,47.64817
2023-07-17 10:00:00,46.82543
2023-07-17 11:00:00,48.15511
2023-07-17 12:00:00,50.29502
2023-07-17 13:00:00,50.07417
2023-07-17 14:00:00,46.9899
2023-07-17 15:00:00,44.7655
2023-07-17 16:00:00,47.06036
2023-07-17 17:00:00,47.96015
2023-07-17 18:00:00,48.5371
2023-07-17 19:00:00,50.29093
2023-07-17 20:00:00,52.41158
2023-07-17 21:00:00,56.97043
2023-07-17 22:00:00,68.93417
2023-07-17 23:00:00,72.99757
2023-07-18 00:00:00,86.79116
2023-07-18 01:00:00,107.0
2023-07-18 02:00:00,191.1806
2023-07-18 03:00:00,121.52509
2023-07-18 04:00:00,85.97476
2023-07-18 05:00:00,72.682
2023-07-18 06:00:00,60.16191
2023-07-18 07:00:00,57.62081
2023-07-18 08:00:00,55.51236
2023-07-18 09:00:00,51.2935
2023-07-18 10:00:00,50.43273
2023-07-18 11:00:00,50.93116
2023-07-18 12:00:00,55.05277
2023-07-18 13:00:00,58.4575
2023-07-18 14:00:00,48.51832
2023-07-18 15:00:00,46.0581
2023-07-18 16:00:00,47.45873
2023-07-18 17:00:00,47.61232
2023-07-18 18:00:00,48.48036
2023-07-18 19:00:00,48.34885
2023-07-18 20:00:00,49.00532
2023-07-18 21:00:00,52.21088
2023-07-18 22:00:00,59.80284
2023-07-18 23:00:00,64.60632
2023-07-19 00:00:00,70.59279
2023-07-19 01:00:00,84.34
2023-07-19 02:00:00,124.89405
2023-07-19 03:00:00,91.36956
2023-07-19 04:00:00,75.87797
2023-07-19 05:00:00,67.7885
2023-07-19 06:00:00,57.94443
2023-07-19 07:00:00,63.98529
2023-07-19 08:00:00,56.20053
2023-07-19 09:00:00,53.95174
2023-07-19 10:00:00,49.95864
2023-07-19 11:00:00,50.69467
2023-07-19 12:00:00,56.37579
2023-07-19 13:00:00,59.38433
2023-07-19 14:00:00,49.23769
2023-07-19 15:00:00,47.99474
2023-07-19 16:00:00,49.58939
2023-07-19 17:00:00,50.15435
2023-07-19 18:00:00,50.78293
2023-07-19 19:00:00,53.50671
2023-07-19 20:00:00,56.20295
2023-07-19 21:00:00,61.67913
2023-07-19 22:00:00,67.0
2023-07-19 23:00:00,69.92889
2023-07-20 00:00:00,74.88235
2023-07-20 01:00:00,90.03453
2023-07-20 02:00:00,124.6847
2023-07-20 03:00:00,104.02
2023-07-20 04:00:00,87.63239
2023-07-20 05:00:00,74.62416
2023-07-20 06:00:00,66.92724
2023-07-20 07:00:00,58.13982
2023-07-20 08:00:00,54.18327
2023-07-20 09:00:00,50.10408
2023-07-20 10:00:00,49.53733
2023-07-20 11:00:00,49.69451
2023-07-20 12:00:00,51.22327
2023-07-20 13:00:00,63.08394
2023-07-20 14:00:00,50.03391
2023-07-20 15:00:00,49.15004
2023-07-20 16:00:00,51.01599
2023-07-20 17:00:00,52.06423
2023-07-20 18:00:00,55.0
2023-07-20 19:00:00,58.03292
2023-07-20 20:00:00,63.11208
2023-07-20 21:00:00,68.48224
2023-07-20 22:00:00,76.97
2023-07-20 23:00:00,79.04534
2023-07-21 00:00:00,92.2297
2023-07-21 01:00:00,110.78385
2023-07-21 02:00:00,160.05493
2023-07-21 03:00:00,119.66468
2023-07-21 04:00:00,92.47507
2023-07-21 05:00:00,75.94872
2023-07-21 06:00:00,68.47739
2023-07-21 07:00:00,62.87131
2023-07-21 08:00:00,56.35823
2023-07-21 09:00:00,54.88196
2023-07-21 10:00:00,54.02632
2023-07-21 11:00:00,54.50147
2023-07-21 12:00:00,54.65804
2023-07-21 13:00:00,59.58187
2023-07-21 14:00:00,53.8806
2023-07-21 15:00:00,51.00424
2023-07-21 16:00:00,54.12809
2023-07-21 17:00:00,55.21728
2023-07-21 18:00:00,56.3357
2023-07-21 19:00:00,58.5466
2023-07-21 20:00:00,65.28294
2023-07-21 21:00:00,78.90667
2023-07-21 22:00:00,82.41477
2023-07-21 23:00:00,92.08626
2023-07-22 00:00:00,100.04435
2023-07-22 01:00:00,128.15442
2023-07-22 02:00:00,193.15805
2023-07-22 03:00:00,134.25
2023-07-22 04:00:00,99.93682
2023-07-22 05:00:00,88.67592
2023-07-22 06:00:00,80.41056
2023-07-22 07:00:00,71.24442
2023-07-22 08:00:00,66.08234
2023-07-22 09:00:00,58.82476
2023-07-22 10:00:00,55.78649
2023-07-22 11:00:00,56.21991
2023-07-22 12:00:00,57.95206
2023-07-22 13:00:00,58.14657
2023-07-22 14:00:00,49.67494
2023-07-22 15:00:00,47.9179
2023-07-22 16:00:00,48.47316
2023-07-22 17:00:00,51.75731
2023-07-22 18:00:00,54.64531
2023-07-22 19:00:00,56.37689
2023-07-22 20:00:00,64.10879
2023-07-22 21:00:00,74.3699
2023-07-22 22:00:00,76.83896
2023-07-22 23:00:00,79.59454
2023-07-23 00:00:00,88.49024
2023-07-23 01:00:00,109.18408
2023-07-23 02:00:00,147.67
2023-07-23 03:00:00,118.04223
2023-07-23 04:00:00,94.7049
2023-07-23 05:00:00,87.2974
2023-07-23 06:00:00,79.58698
2023-07-23 07:00:00,65.72632
2023-07-23 08:00:00,60.77579
2023-07-23 09:00:00,55.8184
2023-07-23 10:00:00,55.2332
2023-07-23 11:00:00,57.40723
2023-07-23 12:00:00,55.49309
2023-07-23 13:00:00,60.0
2023-07-23 14:00:00,50.30833
2023-07-23 15:00:00,48.15701
2023-07-23 16:00:00,47.78741
2023-07-23 17:00:00,48.70337
2023-07-23 18:00:00,50.26068
2023-07-23 19:00:00,51.97
2023-07-23 20:00:00,56.58
2023-07-23 21:00:00,58.34179
2023-07-23 22:00:00,55.4784
2023-07-23 23:00:00,62.02624
2023-07-24 00:00:00,70.54227
2023-07-24 01:00:00,77.58
2023-07-24 02:00:00,107.17396
2023-07-24 03:00:00,84.96547
2023-07-24 04:00:00,73.62425
2023-07-24 05:00:00,73.24063
2023-07-24 06:00:00,61.57255
2023-07-24 07:00:00,62.12925
2023-07-24 08:00:00,58.48266
2023-07-24 09:00:00,54.30473
2023-07-24 10:00:00,53.88608
2023-07-24 11:00:00,53.97684
2023-07-24 12:00:00,58.04825
2023-07-24 13:00:00,60.73107
2023-07-24 14:00:00,53.65426
2023-07-24 15:00:00,52.66861
2023-07-24 16:00:00,51.41297
2023-07-24 17:00:00,53.0266
2023-07-24 18:00:00,54.56249
2023-07-24 19:00:00,53.56
2023-07-24 20:00:00,60.65852
2023-07-24 21:00:00,63.79995
2023-07-24 22:00:00,60.27383
2023-07-24 23:00:00,63.02469
2023-07-25 00:00:00,75.19184
2023-07-25 01:00:00,83.65826
2023-07-25 02:00:00,108.84083
2023-07-25 03:00:00,84.87667
2023-07-25 04:00:00,76.17836
2023-07-25 05:00:00,77.0059
2023-07-25 06:00:00,72.35353
2023-07-25 07:00:00,63.40993
2023-07-25 08:00:00,56.97847
2023-07-25 09:00:00,54.67421
2023-07-25 10:00:00,54.19012
2023-07-25 11:00:00,56.43131
2023-07-25 12:00:00,57.59423
2023-07-25 13:00:00,59.95459
2023-07-25 14:00:00,54.3206
2023-07-25 15:00:00,53.29005
2023-07-25 16:00:00,53.82056
2023-07-25 17:00:00,54.11937
2023-07-25 18:00:00,54.33202
2023-07-25 19:00:00,55.0
2023-07-25 20:00:00,62.0
2023-07-25 21:00:00,66.39725
2023-07-25 22:00:00,72.28216
2023-07-25 23:00:00,80.07
2023-07-26 00:00:00,86.11127
2023-07-26 01:00:00,100.04238
2023-07-26 02:00:00,151.56139
2023-07-26 03:00:00,115.38304
2023-07-26 04:00:00,89.50546
2023-07-26 05:00:00,79.49475
2023-07-26 06:00:00,77.18305
2023-07-26 07:00:00,54.92004
2023-07-26 08:00:00,55.29198
2023-07-26 09:00:00,51.63984
2023-07-26 10:00:00,51.52514
2023-07-26 11:00:00,51.58925
2023-07-26 12:00:00,53.75277
2023-07-26 13:00:00,63.005
2023-07-26 14:00:00,54.88915
2023-07-26 15:00:00,50.82213
2023-07-26 16:00:00,51.24708
2023-07-26 17:00:00,51.14262
2023-07-26 18:00:00,51.63918
2023-07-26 19:00:00,51.88599
2023-07-26 20:00:00,54.89192
2023-07-26 21:00:00,57.02398
2023-07-26 22:00:00,57.83
2023-07-26 23:00:00,62.0001
2023-07-27 00:00:00,70.75885
2023-07-27 01:00:00,77.00165
2023-07-27 02:00:00,97.15444
2023-07-27 03:00:00,78.89002
2023-07-27 04:00:00,79.36135
2023-07-27 05:00:00,60.8737
2023-07-27 06:00:00,59.71018
2023-07-27 07:00:00,58.31957
2023-07-27 08:00:00,52.98469
2023-07-27 09:00:00,51.89527
2023-07-27 10:00:00,51.89815
2023-07-27 11:00:00,53.13558
2023-07-27 12:00:00,60.17977
2023-07-27 13:00:00,55.90874
2023-07-27 14:00:00,55.17147
2023-07-27 15:00:00,51.62431
2023-07-27 16:00:00,49.82288
2023-07-27 17:00:00,49.10169
2023-07-27 18:00:00,49.2528
2023-07-27 19:00:00,49.31462
2023-07-27 20:00:00,51.60494
2023-07-27 21:00:00,50.8212
2023-07-27 22:00:00,53.11
2023-07-27 23:00:00,56.51087
2023-07-28 00:00:00,68.09389
2023-07-28 01:00:00,76.62012
2023-07-28 02:00:00,103.62
2023-07-28 03:00:00,81.12279
2023-07-28 04:00:00,77.17449
2023-07-28 05:00:00,65.30972
2023-07-28 06:00:00,67.46
2023-07-28 07:00:00,68.94752
2023-07-28 08:00:00,62.89549
2023-07-28 09:00:00,59.64425
2023-07-28 10:00:00,57.21724
2023-07-28 11:00:00,59.69045
2023-07-28 12:00:00,66.03544
2023-07-28 13:00:00,66.28937
2023-07-28 14:00:00,57.61413
2023-07-28 15:00:00,54.78
2023-07-28 16:00:00,54.44318
2023-07-28 17:00:00,53.12713
2023-07-28 18:00:00,51.62
2023-07-28 19:00:00,55.21901
2023-07-28 20:00:00,57.92427
2023-07-28 21:00:00,59.67
2023-07-28 22:00:00,68.88552
2023-07-28 23:00:00,76.07874
2023-07-29 00:00:00,85.33965
2023-07-29 01:00:00,104.31
2023-07-29 02:00:00,160.07
2023-07-29 03:00:00,125.32
2023-07-29 04:00:00,92.5
2023-07-29 05:00:00,81.23
2023-07-29 06:00:00,73.99673
2023-07-29 07:00:00,62.2924
2023-07-29 08:00:00,58.0
2023-07-29 09:00:00,55.7
2023-07-29 10:00:00,55.45801
2023-07-29 11:00:00,55.69759
2023-07-29 12:00:00,56.82959
2023-07-29 13:00:00,55.45553
2023-07-29 14:00:00,52.42627
2023-07-29 15:00:00,47.6921
2023-07-29 16:00:00,46.2027
2023-07-29 17:00:00,47.77698
2023-07-29 18:00:00,49.29486
2023-07-29 19:00:00,49.87615
2023-07-29 20:00:00,52.62343
2023-07-29 21:00:00,54.64
2023-07-29 22:00:00,54.82383
2023-07-29 23:00:00,59.84934
2023-07-30 00:00:00,62.94625
2023-07-30 01:00:00,78.4
2023-07-30 02:00:00,108.63745
2023-07-30 03:00:00,87.62303
2023-07-30 04:00:00,72.74387
2023-07-30 05:00:00,71.54434
2023-07-30 06:00:00,65.68978
2023-07-30 07:00:00,55.6959
2023-07-30 08:00:00,55.78485
2023-07-30 09:00:00,52.99427
2023-07-30 10:00:00,54.22537
2023-07-30 11:00:00,53.36589
2023-07-30 12:00:00,52.24724
2023-07-30 13:00:00,54.29877
2023-07-30 14:00:00,46.08647
2023-07-30 15:00:00,40.26123
2023-07-30 16:00:00,41.88389
2023-07-30 17:00:00,43.83895
2023-07-30 18:00:00,45.65591
2023-07-30 19:00:00,47.3051
2023-07-30 20:00:00,49.19802
2023-07-30 21:00:00,49.07731
2023-07-30 22:00:00,50.1866
2023-07-30 23:00:00,57.25335
2023-07-31 00:00:00,59.86982
2023-07-31 01:00:00,69.36
2023-07-31 02:00:00,90.48088
2023-07-31 03:00:00,78.92121
2023-07-31 04:00:00,70.0
2023-07-31 05:00:00,64.24305
2023-07-31 06:00:00,56.66
2023-07-31 07:00:00,56.9559
2023-07-31 08:00:00,52.32967
2023-07-31 09:00:00,51.27365
2023-07-31 10:00:00,49.72373
2023-07-31 11:00:00,51.12859
2023-07-31 12:00:00,53.79273
2023-07-31 13:00:00,67.61961
2023-07-31 14:00:00,58.69685
2023-07-31 15:00:00,52.45
2023-07-31 16:00:00,52.17931
2023-07-31 17:00:00,52.4788
2023-07-31 18:00:00,53.42434
2023-07-31 19:00:00,60.45545
2023-07-31 20:00:00,64.20461
2023-07-31 21:00:00,70.94716
2023-07-31 22:00:00,75.42
2023-07-31 23:00:00,75.33662
2023-08-01 00:00:00,84.24119
2023-08-01 01:00:00,92.86924
2023-08-01 02:00:00,132.15778
2023-08-01 03:00:00,96.36526
2023-08-01 04:00:00,83.78149
2023-08-01 05:00:00,77.74917
2023-08-01 06:00:00,72.28507
2023-08-01 07:00:00,53.93208
2023-08-01 08:00:00,50.89781
2023-08-01 09:00:00,49.65
2023-08-01 10:00:00,49.88757
2023-08-01 11:00:00,49.72149
2023-08-01 12:00:00,50.36829
2023-08-01 13:00:00,60.86627
2023-08-01 14:00:00,55.25
2023-08-01 15:00:00,50.88913
2023-08-01 16:00:00,49.49892
2023-08-01 17:00:00,49.48008
2023-08-01 18:00:00,49.46438
2023-08-01 19:00:00,50.59703
2023-08-01 20:00:00,50.81032
2023-08-01 21:00:00,52.72743
2023-08-01 22:00:00,54.08
2023-08-01 23:00:00,56.50523
2023-08-02 00:00:00,64.85961
2023-08-02 01:00:00,74.54637
2023-08-02 02:00:00,95.63955
2023-08-02 03:00:00,75.93355
2023-08-02 04:00:00,69.67893
2023-08-02 05:00:00,59.83
2023-08-02 06:00:00,58.14405
2023-08-02 07:00:00,51.69528
2023-08-02 08:00:00,50.68409
2023-08-02 09:00:00,50.32026
2023-08-02 10:00:00,50.06098
2023-08-02 11:00:00,50.77413
2023-08-02 12:00:00,53.83322
2023-08-02 13:00:00,60.38272
2023-08-02 14:00:00,55.85382
2023-08-02 15:00:00,50.79194
2023-08-02 16:00:00,50.31236
2023-08-02 17:00:00,50.16
2023-08-02 18:00:00,50.46714
2023-08-02 19:00:00,50.7265
2023-08-02 20:00:00,53.0834
2023-08-02 21:00:00,55.18
2023-08-02 22:00:00,54.30677
2023-08-02 23:00:00,56.14169
2023-08-03 00:00:00,67.32176
2023-08-03 01:00:00,75.55302
2023-08-03 02:00:00,99.82624
2023-08-03 03:00:00,82.05943
2023-08-03 04:00:00,74.10926
2023-08-03 05:00:00,58.1785
2023-08-03 06:00:00,51.19686
2023-08-03 07:00:00,54.69942
2023-08-03 08:00:00,53.8
2023-08-03 09:00:00,51.34503
2023-08-03 10:00:00,49.52361
2023-08-03 11:00:00,50.64074
2023-08-03 12:00:00,54.60399
2023-08-03 13:00:00,62.82
2023-08-03 14:00:00,51.71831
2023-08-03 15:00:00,48.09767
2023-08-03 16:00:00,47.09223
2023-08-03 17:00:00,48.02576
2023-08-03 18:00:00,48.4843
2023-08-03 19:00:00,49.25851
2023-08-03 20:00:00,52.69
2023-08-03 21:00:00,54.46638
2023-08-03 22:00:00,55.67804
2023-08-03 23:00:00,57.14409
2023-08-04 00:00:00,70.20452
2023-08-04 01:00:00,75.83955
2023-08-04 02:00:00,87.88441
2023-08-04 03:00:00,79.2002
2023-08-04 04:00:00,76.60928
2023-08-04 05:00:00,68.50723
2023-08-04 06:00:00,57.229
2023-08-04 07:00:00,55.1758
2023-08-04 08:00:00,53.00755
2023-08-04 09:00:00,50.26808
2023-08-04 10:00:00,49.63511
2023-08-04 11:00:00,49.86366
2023-08-04 12:00:00,56.88
2023-08-04 13:00:00,60.27077
2023-08-04 14:00:00,48.12634
2023-08-04 15:00:00,41.65774
2023-08-04 16:00:00,41.08974
2023-08-04 17:00:00,40.88528
2023-08-04 18:00:00,45.67483
2023-08-04 19:00:00,48.80365
2023-08-04 20:00:00,51.6445
2023-08-04 21:00:00,56.96234
2023-08-04 22:00:00,55.16582
2023-08-04 23:00:00,59.35
2023-08-05 00:00:00,70.70487
2023-08-05 01:00:00,78.90349
2023-08-05 02:00:00,97.51
2023-08-05 03:00:00,90.00272
2023-08-05 04:00:00,78.07088
2023-08-05 05:00:00,73.51077
2023-08-05 06:00:00,60.73147
2023-08-05 07:00:00,56.77063
2023-08-05 08:00:00,55.88728
2023-08-05 09:00:00,56.74789
2023-08-05 10:00:00,54.46801
2023-08-05 11:00:00,56.23146
2023-08-05 12:00:00,55.10132
2023-08-05 13:00:00,56.20354
2023-08-05 14:00:00,46.76053
2023-08-05 15:00:00,33.67704
2023-08-05 16:00:00,32.27261
2023-08-05 17:00:00,34.29156
2023-08-05 18:00:00,39.34422
2023-08-05 19:00:00,44.12864
2023-08-05 20:00:00,50.64984
2023-08-05 21:00:00,56.8942
2023-08-05 22:00:00,63.04046
2023-08-05 23:00:00,63.18285
2023-08-06 00:00:00,71.2858
2023-08-06 01:00:00,84.50425
2023-08-06 02:00:00,112.0101
2023-08-06 03:00:00,93.22662
2023-08-06 04:00:00,80.56771
2023-08-06 05:00:00,71.71102
2023-08-06 06:00:00,59.81465
2023-08-06 07:00:00,59.09338
2023-08-06 08:00:00,55.65093
2023-08-06 09:00:00,57.32326
2023-08-06 10:00:00,53.58391
2023-08-06 11:00:00,54.37137
2023-08-06 12:00:00,52.86691
2023-08-06 13:00:00,50.66755
2023-08-06 14:00:00,42.85176
2023-08-06 15:00:00,36.85629
2023-08-06 16:00:00,38.51566
2023-08-06 17:00:00,41.14182
2023-08-06 18:00:00,44.46347
2023-08-06 19:00:00,48.01134
2023-08-06 20:00:00,54.75622
2023-08-06 21:00:00,65.6948
2023-08-06 22:00:00,72.33458
2023-08-06 23:00:00,82.68552
2023-08-07 00:00:00,95.71592
2023-08-07 01:00:00,109.24337
2023-08-07 02:00:00,140.57484
2023-08-07 03:00:00,121.52674
2023-08-07 04:00:00,99.50535
2023-08-07 05:00:00,81.53322
2023-08-07 06:00:00,66.72356
2023-08-07 07:00:00,67.26
2023-08-07 08:00:00,63.60678
2023-08-07 09:00:00,58.18
2023-08-07 10:00:00,57.39602
2023-08-07 11:00:00,57.60505
2023-08-07 12:00:00,65.25252
2023-08-07 13:00:00,69.04035
2023-08-07 14:00:00,57.51
2023-08-07 15:00:00,51.36122
2023-08-07 16:00:00,51.33018
2023-08-07 17:00:00,53.85533
2023-08-07 18:00:00,55.40059
2023-08-07 19:00:00,60.65606
2023-08-07 20:00:00,77.19674
2023-08-07 21:00:00,83.41671
2023-08-07 22:00:00,93.71443
2023-08-07 23:00:00,98.86292
2023-08-08 00:00:00,108.84047
2023-08-08 01:00:00,148.29628
2023-08-08 02:00:00,185.55338
2023-08-08 03:00:00,130.88
2023-08-08 04:00:00,104.33819
2023-08-08 05:00:00,87.62471
2023-08-08 06:00:00,80.10423
2023-08-08 07:00:00,58.6788
2023-08-08 08:00:00,59.08
2023-08-08 09:00:00,54.50302
2023-08-08 10:00:00,53.47843
2023-08-08 11:00:00,54.63384
2023-08-08 12:00:00,59.01102
2023-08-08 13:00:00,62.13229
2023-08-08 14:00:00,53.70269
2023-08-08 15:00:00,41.84196
2023-08-08 16:00:00,40.54342
2023-08-08 17:00:00,42.41198
2023-08-08 18:00:00,43.68
2023-08-08 19:00:00,46.92891
2023-08-08 20:00:00,52.82271
2023-08-08 21:00:00,57.8479
2023-08-08 22:00:00,65.171
2023-08-08 23:00:00,66.00845
2023-08-09 00:00:00,76.4314
2023-08-09 01:00:00,77.92056
2023-08-09 02:00:00,91.55777
2023-08-09 03:00:00,76.88
2023-08-09 04:00:00,74.74879
2023-08-09 05:00:00,66.91
2023-08-09 06:00:00,61.48394
2023-08-09 07:00:00,53.98539
2023-08-09 08:00:00,51.80991
2023-08-09 09:00:00,51.03191
2023-08-09 10:00:00,49.47165
2023-08-09 11:00:00,50.52018
2023-08-09 12:00:00,54.98039
2023-08-09 13:00:00,58.68412
2023-08-09 14:00:00,51.35858
2023-08-09 15:00:00,45.49791
2023-08-09 16:00:00,42.32745
2023-08-09 17:00:00,41.41439
2023-08-09 18:00:00,41.56
2023-08-09 19:00:00,42.23172
2023-08-09 20:00:00,46.01423
2023-08-09 21:00:00,50.0
2023-08-09 22:00:00,53.42733
2023-08-09 23:00:00,55.07173
2023-08-10 00:00:00,65.32171
2023-08-10 01:00:00,72.09608
2023-08-10 02:00:00,84.04027
2023-08-10 03:00:00,72.56865
2023-08-10 04:00:00,68.92802
2023-08-10 05:00:00,61.42238
2023-08-10 06:00:00,56.12946
2023-08-10 07:00:00,51.55408
2023-08-10 08:00:00,50.11402
2023-08-10 09:00:00,49.67815
2023-08-10 10:00:00,49.08004
2023-08-10 11:00:00,50.62983
2023-08-10 12:00:00,52.25826
2023-08-10 13:00:00,55.44694
2023-08-10 14:00:00,51.09439
2023-08-10 15:00:00,46.46
2023-08-10 16:00:00,44.11235
2023-08-10 17:00:00,43.44306
2023-08-10 18:00:00,44.49808
2023-08-10 19:00:00,44.45737
2023-08-10 20:00:00,48.28718
2023-08-10 21:00:00,51.31719
2023-08-10 22:00:00,52.05331
2023-08-10 23:00:00,54.54096
2023-08-11 00:00:00,65.1077
2023-08-11 01:00:00,71.15205
2023-08-11 02:00:00,82.18321
2023-08-11 03:00:00,70.92294
2023-08-11 04:00:00,65.4207
2023-08-11 05:00:00,58.0224
2023-08-11 06:00:00,54.59522
2023-08-11 07:00:00,51.47804
2023-08-11 08:00:00,50.21589
2023-08-11 09:00:00,50.32113
2023-08-11 10:00:00,50.43545
2023-08-11 11:00:00,50.88635
2023-08-11 12:00:00,53.80692
2023-08-11 13:00:00,57.77
2023-08-11 14:00:00,51.26366
2023-08-11 15:00:00,45.74946
2023-08-11 16:00:00,41.33879
2023-08-11 17:00:00,41.52109
2023-08-11 18:00:00,42.2176
2023-08-11 19:00:00,41.78174
2023-08-11 20:00:00,43.29566
2023-08-11 21:00:00,48.38137
2023-08-11 22:00:00,51.14668
2023-08-11 23:00:00,52.71
2023-08-12 00:00:00,62.04758
2023-08-12 01:00:00,69.86517
2023-08-12 02:00:00,77.53564
2023-08-12 03:00:00,70.1331
2023-08-12 04:00:00,69.90818
2023-08-12 05:00:00,58.63988
2023-08-12 06:00:00,55.03
2023-08-12 07:00:00,50.45573
2023-08-12 08:00:00,50.37383
2023-08-12 09:00:00,48.39191
2023-08-12 10:00:00,48.07568
2023-08-12 11:00:00,49.64486
2023-08-12 12:00:00,50.3276
2023-08-12 13:00:00,50.29358
2023-08-12 14:00:00,42.53589
2023-08-12 15:00:00,36.65539
2023-08-12 16:00:00,35.68
2023-08-12 17:00:00,34.71
2023-08-12 18:00:00,36.69421
2023-08-12 19:00:00,35.84733
2023-08-12 20:00:00,42.69069
2023-08-12 21:00:00,46.55308
2023-08-12 22:00:00,51.39643
2023-08-12 23:00:00,53.88047
2023-08-13 00:00:00,61.41637
2023-08-13 01:00:00,70.97581
2023-08-13 02:00:00,84.78277
2023-08-13 03:00:00,71.68372
2023-08-13 04:00:00,67.31792
2023-08-13 05:00:00,55.78609
2023-08-13 06:00:00,53.01767
2023-08-13 07:00:00,51.46688
2023-08-13 08:00:00,50.0
2023-08-13 09:00:00,49.88337
2023-08-13 10:00:00,49.59025
2023-08-13 11:00:00,49.60549
2023-08-13 12:00:00,49.70512
2023-08-13 13:00:00,49.27835
2023-08-13 14:00:00,45.34651
2023-08-13 15:00:00,40.0
2023-08-13 16:00:00,42.74693
2023-08-13 17:00:00,42.34915
2023-08-13 18:00:00,45.15988
2023-08-13 19:00:00,46.14349
2023-08-13 20:00:00,52.25098
2023-08-13 21:00:00,58.53169
2023-08-13 22:00:00,61.31553
2023-08-13 23:00:00,66.30823
2023-08-14 00:00:00,78.52488
2023-08-14 01:00:00,92.40269
2023-08-14 02:00:00,118.46934
2023-08-14 03:00:00,88.54653
2023-08-14 04:00:00,75.59292
2023-08-14 05:00:00,69.03116
2023-08-14 06:00:00,57.64
2023-08-14 07:00:00,54.91892
2023-08-14 08:00:00,53.26143
2023-08-14 09:00:00,52.53527
2023-08-14 10:00:00,52.53096
2023-08-14 11:00:00,52.65159
2023-08-14 12:00:00,55.25
2023-08-14 13:00:00,67.64566
2023-08-14 14:00:00,54.24918
2023-08-14 15:00:00,51.43281
2023-08-14 16:00:00,49.46537
2023-08-14 17:00:00,52.54383
2023-08-14 18:00:00,54.0754
2023-08-14 19:00:00,59.9991
2023-08-14 20:00:00,69.71196
2023-08-14 21:00:00,77.67487
2023-08-14 22:00:00,95.7638
2023-08-14 23:00:00,110.35629
2023-08-15 00:00:00,147.80582
2023-08-15 01:00:00,250.0
2023-08-15 02:00:00,343.03998
2023-08-15 03:00:00,192.54378
2023-08-15 04:00:00,133.41733
2023-08-15 05:00:00,80.18487
2023-08-15 06:00:00,73.66369
2023-08-15 07:00:00,80.19617
2023-08-15 08:00:00,71.75936
2023-08-15 09:00:00,66.74611
2023-08-15 10:00:00,66.03651
2023-08-15 11:00:00,66.37355
2023-08-15 12:00:00,68.81182
2023-08-15 13:00:00,85.9037
2023-08-15 14:00:00,69.6554
2023-08-15 15:00:00,64.06307
2023-08-15 16:00:00,63.02771
2023-08-15 17:00:00,64.2647
2023-08-15 18:00:00,69.19446
2023-08-15 19:00:00,83.77
2023-08-15 20:00:00,98.89533
2023-08-15 21:00:00,123.41848
2023-08-15 22:00:00,147.00362
2023-08-15 23:00:00,219.95409
2023-08-16 00:00:00,378.3854
2023-08-16 01:00:00,681.6099
2023-08-16 02:00:00,899.60114
2023-08-16 03:00:00,445.0
2023-08-16 04:00:00,194.96127
2023-08-16 05:00:00,101.55336
2023-08-16 06:00:00,87.46897
2023-08-16 07:00:00,75.47625
2023-08-16 08:00:00,71.05441
2023-08-16 09:00:00,66.31583
2023-08-16 10:00:00,66.16115
2023-08-16 11:00:00,65.79799
2023-08-16 12:00:00,72.27964
2023-08-16 13:00:00,88.69711
2023-08-16 14:00:00,72.83235
2023-08-16 15:00:00,66.19081
2023-08-16 16:00:00,66.06025
2023-08-16 17:00:00,67.59462
2023-08-16 18:00:00,75.94846
2023-08-16 19:00:00,84.76581
2023-08-16 20:00:00,100.0
2023-08-16 21:00:00,127.29979
2023-08-16 22:00:00,210.5832
2023-08-16 23:00:00,321.45642
2023-08-17 00:00:00,624.5312
2023-08-17 01:00:00,1000.0
2023-08-17 02:00:00,1090.9045
2023-08-17 03:00:00,624.32184
2023-08-17 04:00:00,254.09828
2023-08-17 05:00:00,103.10348
2023-08-17 06:00:00,94.26899
2023-08-17 07:00:00,69.1176
2023-08-17 08:00:00,68.12332
2023-08-17 09:00:00,61.83754
2023-08-17 10:00:00,61.16526
2023-08-17 11:00:00,61.21669
2023-08-17 12:00:00,70.97382
2023-08-17 13:00:00,72.54533
2023-08-17 14:00:00,59.61283
2023-08-17 15:00:00,51.43679
2023-08-17 16:00:00,50.88095
2023-08-17 17:00:00,54.8852
2023-08-17 18:00:00,60.08
2023-08-17 19:00:00,61.64083
2023-08-17 20:00:00,69.28422
2023-08-17 21:00:00,77.75513
2023-08-17 22:00:00,83.64935
2023-08-17 23:00:00,88.64266
2023-08-18 00:00:00,120.0926
2023-08-18 01:00:00,182.40236
2023-08-18 02:00:00,189.35216
2023-08-18 03:00:00,119.38197
2023-08-18 04:00:00,89.77398
2023-08-18 05:00:00,80.11598
2023-08-18 06:00:00,71.36202
2023-08-18 07:00:00,54.67124
2023-08-18 08:00:00,52.21428
2023-08-18 09:00:00,51.27011
2023-08-18 10:00:00,48.70705
2023-08-18 11:00:00,48.91918
2023-08-18 12:00:00,55.73991
2023-08-18 13:00:00,54.99514
2023-08-18 14:00:00,48.49079
2023-08-18 15:00:00,42.80752
2023-08-18 16:00:00,37.73894
2023-08-18 17:00:00,36.1257
2023-08-18 18:00:00,38.84576
2023-08-18 19:00:00,41.89424
2023-08-18 20:00:00,46.18978
2023-08-18 21:00:00,50.50818
2023-08-18 22:00:00,54.34786
2023-08-18 23:00:00,57.99
2023-08-19 00:00:00,66.0
2023-08-19 01:00:00,76.5684
2023-08-19 02:00:00,90.11188
2023-08-19 03:00:00,72.52257
2023-08-19 04:00:00,69.68854
2023-08-19 05:00:00,61.25095
2023-08-19 06:00:00,57.18311
2023-08-19 07:00:00,51.3595
2023-08-19 08:00:00,50.54692
2023-08-19 09:00:00,48.27897
2023-08-19 10:00:00,46.75563
2023-08-19 11:00:00,45.27423
2023-08-19 12:00:00,51.3156
2023-08-19 13:00:00,49.56
2023-08-19 14:00:00,42.43454
2023-08-19 15:00:00,38.17958
2023-08-19 16:00:00,37.62293
2023-08-19 17:00:00,37.32061
2023-08-19 18:00:00,37.07143
2023-08-19 19:00:00,39.89454
2023-08-19 20:00:00,42.86278
2023-08-19 21:00:00,49.35323
2023-08-19 22:00:00,53.19799
2023-08-19 23:00:00,56.58864
2023-08-20 00:00:00,63.90682
2023-08-20 01:00:00,73.04313
2023-08-20 02:00:00,73.95654
2023-08-20 03:00:00,65.38957
2023-08-20 04:00:00,61.93552
2023-08-20 05:00:00,58.7508
2023-08-20 06:00:00,50.79028
2023-08-20 07:00:00,48.74611
2023-08-20 08:00:00,47.36
2023-08-20 09:00:00,44.72842
2023-08-20 10:00:00,44.7011
2023-08-20 11:00:00,44.61182
2023-08-20 12:00:00,45.27459
2023-08-20 13:00:00,47.24814
2023-08-20 14:00:00,44.94987
2023-08-20 15:00:00,44.79226
2023-08-20 16:00:00,46.42014
2023-08-20 17:00:00,45.64658
2023-08-20 18:00:00,45.15884
2023-08-20 19:00:00,45.74701
2023-08-20 20:00:00,49.41934
2023-08-20 21:00:00,52.0805
2023-08-20 22:00:00,55.15589
2023-08-20 23:00:00,59.22964
2023-08-21 00:00:00,62.68908
2023-08-21 01:00:00,65.84992
2023-08-21 02:00:00,65.50474
2023-08-21 03:00:00,62.41596
2023-08-21 04:00:00,60.98165
2023-08-21 05:00:00,52.68018
2023-08-21 06:00:00,49.8589
2023-08-21 07:00:00,49.9686
2023-08-21 08:00:00,47.74133
2023-08-21 09:00:00,47.15054
2023-08-21 10:00:00,46.60087
2023-08-21 11:00:00,46.86697
2023-08-21 12:00:00,53.60711
2023-08-21 13:00:00,61.63244
2023-08-21 14:00:00,55.02632
2023-08-21 15:00:00,51.17944
2023-08-21 16:00:00,49.46508
2023-08-21 17:00:00,46.46172
2023-08-21 18:00:00,44.09398
2023-08-21 19:00:00,42.13695
2023-08-21 20:00:00,42.15003
2023-08-21 21:00:00,44.71946
2023-08-21 22:00:00,47.69514
2023-08-21 23:00:00,51.41291
2023-08-22 00:00:00,57.16628
2023-08-22 01:00:00,63.23566
2023-08-22 02:00:00,67.94997
2023-08-22 03:00:00,64.03723
2023-08-22 04:00:00,63.04511
2023-08-22 05:00:00,56.08
2023-08-22 06:00:00,51.39551
2023-08-22 07:00:00,44.03087
2023-08-22 08:00:00,44.72233
2023-08-22 09:00:00,43.91461
2023-08-22 10:00:00,43.273
2023-08-22 11:00:00,43.83291
2023-08-22 12:00:00,48.82085
2023-08-22 13:00:00,57.63308
2023-08-22 14:00:00,46.35141
2023-08-22 15:00:00,45.83242
2023-08-22 16:00:00,47.33007
2023-08-22 17:00:00,45.91636
2023-08-22 18:00:00,44.75845
2023-08-22 19:00:00,43.36189
2023-08-22 20:00:00,43.20445
2023-08-22 21:00:00,46.15318
2023-08-22 22:00:00,48.37915
2023-08-22 23:00:00,47.47961
2023-08-23 00:00:00,54.32
2023-08-23 01:00:00,65.04743
2023-08-23 02:00:00,75.8266
2023-08-23 03:00:00,63.626
2023-08-23 04:00:00,59.28725
2023-08-23 05:00:00,53.76728
2023-08-23 06:00:00,50.15486
2023-08-23 07:00:00,45.25068
2023-08-23 08:00:00,43.6593
2023-08-23 09:00:00,42.29223
2023-08-23 10:00:00,42.06533
2023-08-23 11:00:00,42.35896
2023-08-23 12:00:00,46.25076
2023-08-23 13:00:00,53.45072
2023-08-23 14:00:00,42.96352
2023-08-23 15:00:00,41.64846
2023-08-23 16:00:00,39.75159
2023-08-23 17:00:00,40.27128
2023-08-23 18:00:00,41.05147
2023-08-23 19:00:00,42.1907
2023-08-23 20:00:00,43.43355
2023-08-23 21:00:00,47.88
2023-08-23 22:00:00,49.63489
2023-08-23 23:00:00,49.26605
2023-08-24 00:00:00,54.44596
2023-08-24 01:00:00,62.65983
2023-08-24 02:00:00,85.10203
2023-08-24 03:00:00,62.35102
2023-08-24 04:00:00,59.29827
2023-08-24 05:00:00,52.39098
2023-08-24 06:00:00,48.13141
2023-08-24 07:00:00,44.61705
2023-08-24 08:00:00,43.41802
2023-08-24 09:00:00,42.25751
2023-08-24 10:00:00,41.50383
2023-08-24 11:00:00,41.44502
2023-08-24 12:00:00,46.1696
2023-08-24 13:00:00,50.84208
2023-08-24 14:00:00,42.55612
2023-08-24 15:00:00,42.83702
2023-08-24 16:00:00,40.22718
2023-08-24 17:00:00,38.78387
2023-08-24 18:00:00,39.77594
2023-08-24 19:00:00,41.23496
2023-08-24 20:00:00,45.0
2023-08-24 21:00:00,46.0
2023-08-24 22:00:00,44.63023
2023-08-24 23:00:00,42.8498
2023-08-25 00:00:00,53.47117
2023-08-25 01:00:00,63.60054
2023-08-25 02:00:00,79.81477
2023-08-25 03:00:00,59.72753
2023-08-25 04:00:00,53.46476
2023-08-25 05:00:00,46.1237
2023-08-25 06:00:00,45.70153
2023-08-25 07:00:00,50.41139
2023-08-25 08:00:00,48.0619
2023-08-25 09:00:00,44.13
2023-08-25 10:00:00,41.58553
2023-08-25 11:00:00,41.85484
2023-08-25 12:00:00,48.2898
2023-08-25 13:00:00,56.38039
2023-08-25 14:00:00,45.92897
2023-08-25 15:00:00,36.78786
2023-08-25 16:00:00,34.01638
2023-08-25 17:00:00,32.97
2023-08-25 18:00:00,35.93114
2023-08-25 19:00:00,38.97594
2023-08-25 20:00:00,41.94821
2023-08-25 21:00:00,43.19529
2023-08-25 22:00:00,49.48263
2023-08-25 23:00:00,50.15379
2023-08-26 00:00:00,62.38488
2023-08-26 01:00:00,67.10916
2023-08-26 02:00:00,78.79498
2023-08-26 03:00:00,62.49968
2023-08-26 04:00:00,58.10987
2023-08-26 05:00:00,53.29405
2023-08-26 06:00:00,45.52124
2023-08-26 07:00:00,49.73837
2023-08-26 08:00:00,47.93898
2023-08-26 09:00:00,46.77248
2023-08-26 10:00:00,45.0
2023-08-26 11:00:00,43.95362
2023-08-26 12:00:00,47.88856
2023-08-26 13:00:00,47.76261
2023-08-26 14:00:00,39.61967
2023-08-26 15:00:00,37.47
2023-08-26 16:00:00,33.19391
2023-08-26 17:00:00,33.54378
2023-08-26 18:00:00,35.0
2023-08-26 19:00:00,39.71497
2023-08-26 20:00:00,40.52
2023-08-26 21:00:00,44.55872
2023-08-26 22:00:00,45.5556
2023-08-26 23:00:00,47.85678
2023-08-27 00:00:00,56.81668
2023-08-27 01:00:00,63.52
2023-08-27 02:00:00,72.08866
2023-08-27 03:00:00,57.86214
2023-08-27 04:00:00,55.99
2023-08-27 05:00:00,51.63456
2023-08-27 06:00:00,52.83379
2023-08-27 07:00:00,49.5261
2023-08-27 08:00:00,49.10226
2023-08-27 09:00:00,46.10092
2023-08-27 10:00:00,45.49643
2023-08-27 11:00:00,44.78509
2023-08-27 12:00:00,47.53424
2023-08-27 13:00:00,51.10375
2023-08-27 14:00:00,40.18946
2023-08-27 15:00:00,37.14919
2023-08-27 16:00:00,34.0
2023-08-27 17:00:00,33.3657
2023-08-27 18:00:00,35.35024
2023-08-27 19:00:00,38.59428
2023-08-27 20:00:00,38.87301
2023-08-27 21:00:00,44.84619
2023-08-27 22:00:00,49.46704
2023-08-27 23:00:00,49.57175
2023-08-28 00:00:00,63.7597
2023-08-28 01:00:00,69.7618
2023-08-28 02:00:00,78.89446
2023-08-28 03:00:00,64.92221
2023-08-28 04:00:00,66.07636
2023-08-28 05:00:00,58.28299
2023-08-28 06:00:00,52.02
2023-08-28 07:00:00,48.98206
2023-08-28 08:00:00,45.07784
2023-08-28 09:00:00,44.5454
2023-08-28 10:00:00,43.46963
2023-08-28 11:00:00,44.49
2023-08-28 12:00:00,48.57
2023-08-28 13:00:00,59.66653
2023-08-28 14:00:00,53.06963
2023-08-28 15:00:00,43.4802
2023-08-28 16:00:00,43.18413
2023-08-28 17:00:00,44.55564
2023-08-28 18:00:00,46.43174
2023-08-28 19:00:00,50.49213
2023-08-28 20:00:00,51.55677
2023-08-28 21:00:00,59.00395
2023-08-28 22:00:00,69.58921
2023-08-28 23:00:00,75.25498
2023-08-29 00:00:00,91.62089
2023-08-29 01:00:00,134.91005
2023-08-29 02:00:00,141.90897
2023-08-29 03:00:00,85.5
2023-08-29 04:00:00,69.82488
2023-08-29 05:00:00,58.36183
2023-08-29 06:00:00,53.38424
2023-08-29 07:00:00,51.08
2023-08-29 08:00:00,49.48
2023-08-29 09:00:00,48.08
2023-08-29 10:00:00,46.80168
2023-08-29 11:00:00,46.7824
2023-08-29 12:00:00,51.1804
2023-08-29 13:00:00,62.8723
2023-08-29 14:00:00,48.53543
2023-08-29 15:00:00,40.19678
2023-08-29 16:00:00,40.43731
2023-08-29 17:00:00,44.21257
2023-08-29 18:00:00,45.85367
2023-08-29 19:00:00,46.60148
2023-08-29 20:00:00,48.65391
2023-08-29 21:00:00,48.0
2023-08-29 22:00:00,54.4792
2023-08-29 23:00:00,59.84
2023-08-30 00:00:00,67.00305
2023-08-30 01:00:00,101.42085
2023-08-30 02:00:00,118.08708
2023-08-30 03:00:00,72.8765
2023-08-30 04:00:00,61.87635
2023-08-30 05:00:00,55.37041
2023-08-30 06:00:00,55.32219
2023-08-30 07:00:00,48.36704
2023-08-30 08:00:00,46.55097
2023-08-30 09:00:00,47.14456
2023-08-30 10:00:00,44.86674
2023-08-30 11:00:00,45.32873
2023-08-30 12:00:00,53.28987
2023-08-30 13:00:00,55.76947
2023-08-30 14:00:00,47.77019
2023-08-30 15:00:00,38.51063
2023-08-30 16:00:00,35.07682
2023-08-30 17:00:00,36.46197
2023-08-30 18:00:00,39.93166
2023-08-30 19:00:00,40.59461
2023-08-30 20:00:00,44.20311
2023-08-30 21:00:00,51.29291
2023-08-30 22:00:00,52.73216
2023-08-30 23:00:00,56.38666
2023-08-31 00:00:00,62.79321
2023-08-31 01:00:00,113.45
2023-08-31 02:00:00,99.24112
2023-08-31 03:00:00,64.47
2023-08-31 04:00:00,59.29973
2023-08-31 05:00:00,53.13229
2023-08-31 06:00:00,52.41564
2023-08-31 07:00:00,46.09522
2023-08-31 08:00:00,43.18589
2023-08-31 09:00:00,43.87786
2023-08-31 10:00:00,42.43711
2023-08-31 11:00:00,42.58551
2023-08-31 12:00:00,49.48788
2023-08-31 13:00:00,52.10921
2023-08-31 14:00:00,45.62689
2023-08-31 15:00:00,38.87022
2023-08-31 16:00:00,31.59928
2023-08-31 17:00:00,30.13558
2023-08-31 18:00:00,32.6169
2023-08-31 19:00:00,33.93954
2023-08-31 20:00:00,40.90494
2023-08-31 21:00:00,42.91542
2023-08-31 22:00:00,43.92857
2023-08-31 23:00:00,46.57733
2023-09-01 00:00:00,55.82087
2023-09-01 01:00:00,63.29708
2023-09-01 02:00:00,67.54493
2023-09-01 03:00:00,57.54622
2023-09-01 04:00:00,55.40192
2023-09-01 05:00:00,48.87997
2023-09-01 06:00:00,46.5584
2023-09-01 07:00:00,41.41333
2023-09-01 08:00:00,38.97
2023-09-01 09:00:00,38.60595
2023-09-01 10:00:00,36.84439
2023-09-01 11:00:00,37.04713
2023-09-01 12:00:00,43.53827
2023-09-01 13:00:00,42.98221
2023-09-01 14:00:00,38.71625
2023-09-01 15:00:00,32.04465
2023-09-01 16:00:00,31.39554
2023-09-01 17:00:00,29.36948
2023-09-01 18:00:00,28.26638
2023-09-01 19:00:00,28.80462
2023-09-01 20:00:00,30.80519
2023-09-01 21:00:00,32.82339
2023-09-01 22:00:00,36.90092
2023-09-01 23:00:00,36.09725
2023-09-02 00:00:00,46.8178
2023-09-02 01:00:00,50.67246
2023-09-02 02:00:00,53.98304
2023-09-02 03:00:00,50.74583
2023-09-02 04:00:00,50.25603
2023-09-02 05:00:00,46.54673
2023-09-02 06:00:00,42.85572
2023-09-02 07:00:00,40.35425
2023-09-02 08:00:00,41.27771
2023-09-02 09:00:00,40.02793
2023-09-02 10:00:00,39.0708
2023-09-02 11:00:00,39.01893
2023-09-02 12:00:00,43.14486
2023-09-02 13:00:00,42.21649
2023-09-02 14:00:00,37.15
2023-09-02 15:00:00,31.58045
2023-09-02 16:00:00,29.75787
2023-09-02 17:00:00,29.19891
2023-09-02 18:00:00,29.13905
2023-09-02 19:00:00,29.66638
2023-09-02 20:00:00,30.1
2023-09-02 21:00:00,31.22692
2023-09-02 22:00:00,34.57493
2023-09-02 23:00:00,34.03273
2023-09-03 00:00:00,42.79637
2023-09-03 01:00:00,50.58949
2023-09-03 02:00:00,51.87832
2023-09-03 03:00:00,48.64502
2023-09-03 04:00:00,45.62151
2023-09-03 05:00:00,44.16307
2023-09-03 06:00:00,41.35858
2023-09-03 07:00:00,38.18475
2023-09-03 08:00:00,38.18374
2023-09-03 09:00:00,36.65014
2023-09-03 10:00:00,34.84841
2023-09-03 11:00:00,34.44654
2023-09-03 12:00:00,34.83054
2023-09-03 13:00:00,36.80757
2023-09-03 14:00:00,30.86453
2023-09-03 15:00:00,29.54773
2023-09-03 16:00:00,29.35208
2023-09-03 17:00:00,28.15083
2023-09-03 18:00:00,27.21647
2023-09-03 19:00:00,24.97449
2023-09-03 20:00:00,24.83542
2023-09-03 21:00:00,24.48426
2023-09-03 22:00:00,27.1558
2023-09-03 23:00:00,26.51148
2023-09-04 00:00:00,30.43971
2023-09-04 01:00:00,42.99933
2023-09-04 02:00:00,48.67098
2023-09-04 03:00:00,46.85749
2023-09-04 04:00:00,43.20665
2023-09-04 05:00:00,38.05989
2023-09-04 06:00:00,37.03464
2023-09-04 07:00:00,34.85985
2023-09-04 08:00:00,32.35241
2023-09-04 09:00:00,31.7719
2023-09-04 10:00:00,31.59809
2023-09-04 11:00:00,32.5467
2023-09-04 12:00:00,35.30391
2023-09-04 13:00:00,35.70407
2023-09-04 14:00:00,27.884
2023-09-04 15:00:00,25.02
2023-09-04 16:00:00,23.67992
2023-09-04 17:00:00,22.75408
2023-09-04 18:00:00,24.7484
2023-09-04 19:00:00,25.0
2023-09-04 20:00:00,25.02
2023-09-04 21:00:00,25.96867
2023-09-04 22:00:00,28.87626
2023-09-04 23:00:00,22.32722
2023-09-05 00:00:00,32.00517
2023-09-05 01:00:00,46.45613
2023-09-05 02:00:00,51.11
2023-09-05 03:00:00,46.70018
2023-09-05 04:00:00,46.40116
2023-09-05 05:00:00,44.90853
2023-09-05 06:00:00,39.37986
2023-09-05 07:00:00,39.90882
2023-09-05 08:00:00,38.02502
2023-09-05 09:00:00,37.74854
2023-09-05 10:00:00,37.83861
2023-09-05 11:00:00,39.11829
2023-09-05 12:00:00,45.69588
2023-09-05 13:00:00,45.423
2023-09-05 14:00:00,38.28055
2023-09-05 15:00:00,37.42799
2023-09-05 16:00:00,32.81
2023-09-05 17:00:00,32.08534
2023-09-05 18:00:00,31.13045
2023-09-05 19:00:00,32.35891
2023-09-05 20:00:00,34.21889
2023-09-05 21:00:00,34.91984
2023-09-05 22:00:00,41.39081
2023-09-05 23:00:00,41.40076
2023-09-06 00:00:00,45.60046
2023-09-06 01:00:00,53.42203
2023-09-06 02:00:00,61.64568
2023-09-06 03:00:00,51.24162
2023-09-06 04:00:00,48.58391
2023-09-06 05:00:00,47.2723
2023-09-06 06:00:00,41.22956
2023-09-06 07:00:00,40.90789
2023-09-06 08:00:00,40.12133
2023-09-06 09:00:00,37.41301
2023-09-06 10:00:00,37.10041
2023-09-06 11:00:00,37.31259
2023-09-06 12:00:00,43.05244
2023-09-06 13:00:00,50.56546
2023-09-06 14:00:00,39.10976
2023-09-06 15:00:00,36.04849
2023-09-06 16:00:00,32.73
2023-09-06 17:00:00,33.2
2023-09-06 18:00:00,32.82058
2023-09-06 19:00:00,33.39441
2023-09-06 20:00:00,34.70832
2023-09-06 21:00:00,36.76
2023-09-06 22:00:00,36.64169
2023-09-06 23:00:00,37.16322
2023-09-07 00:00:00,48.46595
2023-09-07 01:00:00,56.85649
2023-09-07 02:00:00,60.8293
2023-09-07 03:00:00,51.86357
2023-09-07 04:00:00,47.92104
2023-09-07 05:00:00,46.66091
2023-09-07 06:00:00,41.3784
2023-09-07 07:00:00,43.99144
2023-09-07 08:00:00,40.97446
2023-09-07 09:00:00,38.74613
2023-09-07 10:00:00,38.56811
2023-09-07 11:00:00,38.90956
2023-09-07 12:00:00,44.48821
2023-09-07 13:00:00,53.99801
2023-09-07 14:00:00,41.17324
2023-09-07 15:00:00,36.08777
2023-09-07 16:00:00,35.48539
2023-09-07 17:00:00,34.18361
2023-09-07 18:00:00,35.0
2023-09-07 19:00:00,35.35098
2023-09-07 20:00:00,39.25034
2023-09-07 21:00:00,41.31816
2023-09-07 22:00:00,40.33749
2023-09-07 23:00:00,40.0
2023-09-08 00:00:00,54.48722
2023-09-08 01:00:00,57.59628
2023-09-08 02:00:00,60.1354
2023-09-08 03:00:00,57.3245
2023-09-08 04:00:00,53.69777
2023-09-08 05:00:00,52.60797
2023-09-08 06:00:00,44.48292
2023-09-08 07:00:00,45.00318
2023-09-08 08:00:00,42.49243
2023-09-08 09:00:00,40.23863
2023-09-08 10:00:00,40.02882
2023-09-08 11:00:00,40.25312
2023-09-08 12:00:00,43.39
2023-09-08 13:00:00,56.82382
2023-09-08 14:00:00,45.92549
2023-09-08 15:00:00,40.27867
2023-09-08 16:00:00,40.40845
2023-09-08 17:00:00,39.7918
2023-09-08 18:00:00,39.17633
2023-09-08 19:00:00,38.94261
2023-09-08 20:00:00,41.65
2023-09-08 21:00:00,44.72527
2023-09-08 22:00:00,46.97642
2023-09-08 23:00:00,52.90624
2023-09-09 00:00:00,59.78378
2023-09-09 01:00:00,63.37926
2023-09-09 02:00:00,63.79956
2023-09-09 03:00:00,60.0
2023-09-09 04:00:00,59.4443
2023-09-09 05:00:00,52.33996
2023-09-09 06:00:00,47.41805
2023-09-09 07:00:00,45.49498
2023-09-09 08:00:00,41.98238
2023-09-09 09:00:00,41.10298
2023-09-09 10:00:00,39.75883
2023-09-09 11:00:00,39.86
2023-09-09 12:00:00,41.84865
2023-09-09 13:00:00,47.54175
2023-09-09 14:00:00,38.00334
2023-09-09 15:00:00,37.15477
2023-09-09 16:00:00,36.66
2023-09-09 17:00:00,36.49078
2023-09-09 18:00:00,36.35791
2023-09-09 19:00:00,35.80463
2023-09-09 20:00:00,39.80283
2023-09-09 21:00:00,43.70181
2023-09-09 22:00:00,47.29884
2023-09-09 23:00:00,50.67973
2023-09-10 00:00:00,51.65664
2023-09-10 01:00:00,61.94327
2023-09-10 02:00:00,62.59494
2023-09-10 03:00:00,55.78163
2023-09-10 04:00:00,52.42054
2023-09-10 05:00:00,47.11961
2023-09-10 06:00:00,45.98927
2023-09-10 07:00:00,45.7101
2023-09-10 08:00:00,44.80638
2023-09-10 09:00:00,43.75546
2023-09-10 10:00:00,43.11858
2023-09-10 11:00:00,41.53495
2023-09-10 12:00:00,44.69961
2023-09-10 13:00:00,46.77921
2023-09-10 14:00:00,41.65054
2023-09-10 15:00:00,38.15
2023-09-10 16:00:00,38.8
2023-09-10 17:00:00,38.07541
2023-09-10 18:00:00,39.72484
2023-09-10 19:00:00,40.31321
2023-09-10 20:00:00,42.35455
2023-09-10 21:00:00,45.67289
2023-09-10 22:00:00,47.7223
2023-09-10 23:00:00,43.97092
2023-09-11 00:00:00,52.75276
2023-09-11 01:00:00,73.92109
2023-09-11 02:00:00,68.34258
2023-09-11 03:00:00,60.78624
2023-09-11 04:00:00,56.72174
2023-09-11 05:00:00,52.29344
2023-09-11 06:00:00,43.39919
2023-09-11 07:00:00,43.19
2023-09-11 08:00:00,41.63412
2023-09-11 09:00:00,41.34165
2023-09-11 10:00:00,41.28733
2023-09-11 11:00:00,41.32867
2023-09-11 12:00:00,44.78138
2023-09-11 13:00:00,60.28
2023-09-11 14:00:00,48.68423
2023-09-11 15:00:00,40.3185
2023-09-11 16:00:00,40.37256
2023-09-11 17:00:00,39.83736
2023-09-11 18:00:00,42.50451
2023-09-11 19:00:00,46.67451
2023-09-11 20:00:00,51.88452
2023-09-11 21:00:00,54.35409
2023-09-11 22:00:00,65.03
2023-09-11 23:00:00,69.19075
2023-09-12 00:00:00,76.62757
2023-09-12 01:00:00,102.17319
2023-09-12 02:00:00,97.18458
2023-09-12 03:00:00,77.31665
2023-09-12 04:00:00,72.39598
2023-09-12 05:00:00,57.19752
2023-09-12 06:00:00,44.699
2023-09-12 07:00:00,45.84189
2023-09-12 08:00:00,45.77767
2023-09-12 09:00:00,42.43995
2023-09-12 10:00:00,42.33232
2023-09-12 11:00:00,42.90824
2023-09-12 12:00:00,46.10014
2023-09-12 13:00:00,53.31384
2023-09-12 14:00:00,48.24842
2023-09-12 15:00:00,43.30187
2023-09-12 16:00:00,38.21495
2023-09-12 17:00:00,38.24579
2023-09-12 18:00:00,38.34433
2023-09-12 19:00:00,36.84884
2023-09-12 20:00:00,37.40818
2023-09-12 21:00:00,39.55171
2023-09-12 22:00:00,43.08249
2023-09-12 23:00:00,43.24645
2023-09-13 00:00:00,51.03468
2023-09-13 01:00:00,67.47083
2023-09-13 02:00:00,73.99707
2023-09-13 03:00:00,64.58502
2023-09-13 04:00:00,55.49263
2023-09-13 05:00:00,48.31202
2023-09-13 06:00:00,47.42551
2023-09-13 07:00:00,41.92559
2023-09-13 08:00:00,41.89624
2023-09-13 09:00:00,41.63579
2023-09-13 10:00:00,41.41157
2023-09-13 11:00:00,41.9269
2023-09-13 12:00:00,46.27011
2023-09-13 13:00:00,49.23258
2023-09-13 14:00:00,45.99471
2023-09-13 15:00:00,47.13939
2023-09-13 16:00:00,46.35153
2023-09-13 17:00:00,42.09
2023-09-13 18:00:00,43.70964
2023-09-13 19:00:00,42.39358
2023-09-13 20:00:00,48.0
2023-09-13 21:00:00,50.89853
2023-09-13 22:00:00,50.59354
2023-09-13 23:00:00,50.66
2023-09-14 00:00:00,51.18
2023-09-14 01:00:00,68.97757
2023-09-14 02:00:00,71.20318
2023-09-14 03:00:00,59.45233
2023-09-14 04:00:00,54.09803
2023-09-14 05:00:00,50.998
2023-09-14 06:00:00,49.20516
2023-09-14 07:00:00,47.00651
2023-09-14 08:00:00,45.58103
2023-09-14 09:00:00,45.31012
2023-09-14 10:00:00,45.32859
2023-09-14 11:00:00,46.50414
2023-09-14 12:00:00,50.79102
2023-09-14 13:00:00,54.77941
2023-09-14 14:00:00,46.37401
2023-09-14 15:00:00,47.03465
2023-09-14 16:00:00,43.07275
2023-09-14 17:00:00,41.39429
2023-09-14 18:00:00,41.44102
2023-09-14 19:00:00,42.17772
2023-09-14 20:00:00,46.0
2023-09-14 21:00:00,47.0
2023-09-14 22:00:00,49.72767
2023-09-14 23:00:00,48.77
2023-09-15 00:00:00,66.06418
2023-09-15 01:00:00,77.88223
2023-09-15 02:00:00,78.96011
2023-09-15 03:00:00,68.47489
2023-09-15 04:00:00,66.40904
2023-09-15 05:00:00,59.30782
2023-09-15 06:00:00,50.20296
2023-09-15 07:00:00,47.92781
2023-09-15 08:00:00,47.55337
2023-09-15 09:00:00,46.83011
2023-09-15 10:00:00,45.8622
2023-09-15 11:00:00,47.36011
2023-09-15 12:00:00,50.60208
2023-09-15 13:00:00,58.62231
2023-09-15 14:00:00,47.92517
2023-09-15 15:00:00,46.73531
2023-09-15 16:00:00,45.44209
2023-09-15 17:00:00,43.66
2023-09-15 18:00:00,43.66
2023-09-15 19:00:00,47.64
2023-09-15 20:00:00,52.72613
2023-09-15 21:00:00,56.64
2023-09-15 22:00:00,59.47625
2023-09-15 23:00:00,56.64
2023-09-16 00:00:00,70.0
2023-09-16 01:00:00,82.27176
2023-09-16 02:00:00,81.02104
2023-09-16 03:00:00,72.38174
2023-09-16 04:00:00,70.29516
2023-09-16 05:00:00,56.81078
2023-09-16 06:00:00,51.41727
2023-09-16 07:00:00,49.5211
2023-09-16 08:00:00,47.48719
2023-09-16 09:00:00,47.2011
2023-09-16 10:00:00,46.82299
2023-09-16 11:00:00,46.06632
2023-09-16 12:00:00,47.29138
2023-09-16 13:00:00,47.08
2023-09-16 14:00:00,43.28
2023-09-16 15:00:00,35.09211
2023-09-16 16:00:00,33.36035
2023-09-16 17:00:00,30.8621
2023-09-16 18:00:00,33.23763
2023-09-16 19:00:00,34.08759
2023-09-16 20:00:00,33.40408
2023-09-16 21:00:00,33.0
2023-09-16 22:00:00,38.23841
2023-09-16 23:00:00,41.25809
2023-09-17 00:00:00,54.78242
2023-09-17 01:00:00,64.70564
2023-09-17 02:00:00,66.85788
2023-09-17 03:00:00,59.98329
2023-09-17 04:00:00,54.70394
2023-09-17 05:00:00,47.48518
2023-09-17 06:00:00,46.67968
2023-09-17 07:00:00,44.26522
2023-09-17 08:00:00,44.15028
2023-09-17 09:00:00,43.82506
2023-09-17 10:00:00,42.81409
2023-09-17 11:00:00,42.8106
2023-09-17 12:00:00,43.44536
2023-09-17 13:00:00,44.91801
2023-09-17 14:00:00,38.18827
2023-09-17 15:00:00,29.45235
2023-09-17 16:00:00,28.96122
2023-09-17 17:00:00,27.83341
2023-09-17 18:00:00,29.03351
2023-09-17 19:00:00,29.03384
2023-09-17 20:00:00,29.75809
2023-09-17 21:00:00,31.66945
2023-09-17 22:00:00,34.38722
2023-09-17 23:00:00,34.7956
2023-09-18 00:00:00,47.05979
2023-09-18 01:00:00,62.75689
2023-09-18 02:00:00,62.74621
2023-09-18 03:00:00,57.00073
2023-09-18 04:00:00,46.9992
2023-09-18 05:00:00,46.78613
2023-09-18 06:00:00,45.12218
2023-09-18 07:00:00,43.75102
2023-09-18 08:00:00,42.45901
2023-09-18 09:00:00,42.47911
2023-09-18 10:00:00,41.33623
2023-09-18 11:00:00,43.67
2023-09-18 12:00:00,45.95869
2023-09-18 13:00:00,46.97426
2023-09-18 14:00:00,42.22446
2023-09-18 15:00:00,40.84227
2023-09-18 16:00:00,35.86036
2023-09-18 17:00:00,30.66
2023-09-18 18:00:00,30.66
2023-09-18 19:00:00,28.01397
2023-09-18 20:00:00,30.5
2023-09-18 21:00:00,34.63453
2023-09-18 22:00:00,36.58972
2023-09-18 23:00:00,38.0
2023-09-19 00:00:00,44.32982
2023-09-19 01:00:00,62.545
2023-09-19 02:00:00,65.78556
2023-09-19 03:00:00,57.28493
2023-09-19 04:00:00,47.88927
2023-09-19 05:00:00,47.48832
2023-09-19 06:00:00,45.31087
2023-09-19 07:00:00,40.5383
2023-09-19 08:00:00,41.29674
2023-09-19 09:00:00,40.00523
2023-09-19 10:00:00,39.78134
2023-09-19 11:00:00,40.83298
2023-09-19 12:00:00,45.95867
2023-09-19 13:00:00,49.77552
2023-09-19 14:00:00,40.97478
2023-09-19 15:00:00,30.0
2023-09-19 16:00:00,25.06773
2023-09-19 17:00:00,24.63992
2023-09-19 18:00:00,24.0198
2023-09-19 19:00:00,23.64425
2023-09-19 20:00:00,25.03678
2023-09-19 21:00:00,26.2026
2023-09-19 22:00:00,30.52077
2023-09-19 23:00:00,34.38384
2023-09-20 00:00:00,46.80988
2023-09-20 01:00:00,68.25924
2023-09-20 02:00:00,65.41735
2023-09-20 03:00:00,55.05843
2023-09-20 04:00:00,47.97746
2023-09-20 05:00:00,46.67877
2023-09-20 06:00:00,45.59355
2023-09-20 07:00:00,40.22045
2023-09-20 08:00:00,41.08221
2023-09-20 09:00:00,39.21573
2023-09-20 10:00:00,39.06283
2023-09-20 11:00:00,40.95679
2023-09-20 12:00:00,42.2021
2023-09-20 13:00:00,48.72345
2023-09-20 14:00:00,44.04218
2023-09-20 15:00:00,34.32
2023-09-20 16:00:00,33.87055
2023-09-20 17:00:00,32.79195
2023-09-20 18:00:00,31.19188
2023-09-20 19:00:00,32.16579
2023-09-20 20:00:00,35.0
2023-09-20 21:00:00,33.01626
2023-09-20 22:00:00,34.59948
2023-09-20 23:00:00,38.0
2023-09-21 00:00:00,47.48754
2023-09-21 01:00:00,58.10624
2023-09-21 02:00:00,60.28547
2023-09-21 03:00:00,48.87593
2023-09-21 04:00:00,45.69005
2023-09-21 05:00:00,44.55348
2023-09-21 06:00:00,41.93164
2023-09-21 07:00:00,43.59332
2023-09-21 08:00:00,42.75605
2023-09-21 09:00:00,40.26468
2023-09-21 10:00:00,38.77682
2023-09-21 11:00:00,39.79557
2023-09-21 12:00:00,44.21354
2023-09-21 13:00:00,51.64031
2023-09-21 14:00:00,43.76471
2023-09-21 15:00:00,38.62
2023-09-21 16:00:00,33.18891
2023-09-21 17:00:00,32.29227
2023-09-21 18:00:00,27.51502
2023-09-21 19:00:00,28.02589
2023-09-21 20:00:00,30.43359
2023-09-21 21:00:00,27.67783
2023-09-21 22:00:00,30.72635
2023-09-21 23:00:00,31.0
2023-09-22 00:00:00,42.84881
2023-09-22 01:00:00,57.73203
2023-09-22 02:00:00,60.69393
2023-09-22 03:00:00,51.08916
2023-09-22 04:00:00,46.18377
2023-09-22 05:00:00,44.71978
2023-09-22 06:00:00,42.54377
2023-09-22 07:00:00,40.08384
2023-09-22 08:00:00,39.15891
2023-09-22 09:00:00,37.54166
2023-09-22 10:00:00,37.21744
2023-09-22 11:00:00,37.70403
2023-09-22 12:00:00,42.59809
2023-09-22 13:00:00,47.8516
2023-09-22 14:00:00,45.72
2023-09-22 15:00:00,37.22564
2023-09-22 16:00:00,34.53949
2023-09-22 17:00:00,31.6627
2023-09-22 18:00:00,31.2649
2023-09-22 19:00:00,31.64141
2023-09-22 20:00:00,31.18025
2023-09-22 21:00:00,32.38688
2023-09-22 22:00:00,36.81845
2023-09-22 23:00:00,40.9329
2023-09-23 00:00:00,53.99102
2023-09-23 01:00:00,59.67172
2023-09-23 02:00:00,57.2674
2023-09-23 03:00:00,50.5565
2023-09-23 04:00:00,49.52973
2023-09-23 05:00:00,46.44557
2023-09-23 06:00:00,42.52323
2023-09-23 07:00:00,39.40441
2023-09-23 08:00:00,39.04767
2023-09-23 09:00:00,38.64498
2023-09-23 10:00:00,36.6664
2023-09-23 11:00:00,37.05236
2023-09-23 12:00:00,37.71551
2023-09-23 13:00:00,40.10134
2023-09-23 14:00:00,37.43292
2023-09-23 15:00:00,24.56987
2023-09-23 16:00:00,25.42421
2023-09-23 17:00:00,26.59008
2023-09-23 18:00:00,22.39751
2023-09-23 19:00:00,20.23542
2023-09-23 20:00:00,19.05577
2023-09-23 21:00:00,20.54
2023-09-23 22:00:00,24.84
2023-09-23 23:00:00,20.91584
2023-09-24 00:00:00,38.64902
2023-09-24 01:00:00,49.18425
2023-09-24 02:00:00,52.02667
2023-09-24 03:00:00,46.18203
2023-09-24 04:00:00,44.77962
2023-09-24 05:00:00,42.64565
2023-09-24 06:00:00,40.40682
2023-09-24 07:00:00,36.62563
2023-09-24 08:00:00,37.35434
2023-09-24 09:00:00,37.35141
2023-09-24 10:00:00,36.5034
2023-09-24 11:00:00,37.52829
2023-09-24 12:00:00,37.52393
2023-09-24 13:00:00,39.01815
2023-09-24 14:00:00,34.0735
2023-09-24 15:00:00,24.83343
2023-09-24 16:00:00,23.57
2023-09-24 17:00:00,24.46963
2023-09-24 18:00:00,20.54123
2023-09-24 19:00:00,16.99
2023-09-24 20:00:00,16.0
2023-09-24 21:00:00,16.12707
2023-09-24 22:00:00,19.74752
2023-09-24 23:00:00,24.65617
2023-09-25 00:00:00,42.28054
2023-09-25 01:00:00,56.56094
2023-09-25 02:00:00,54.41653
2023-09-25 03:00:00,48.55411
2023-09-25 04:00:00,45.17986
2023-09-25 05:00:00,42.67717
2023-09-25 06:00:00,40.0
2023-09-25 07:00:00,39.27456
2023-09-25 08:00:00,36.90874
2023-09-25 09:00:00,37.4492
2023-09-25 10:00:00,37.48911
2023-09-25 11:00:00,40.09936
2023-09-25 12:00:00,44.94253
2023-09-25 13:00:00,48.64045
2023-09-25 14:00:00,41.46632
2023-09-25 15:00:00,37.61471
2023-09-25 16:00:00,33.98683
2023-09-25 17:00:00,31.49645
2023-09-25 18:00:00,29.88361
2023-09-25 19:00:00,27.5
2023-09-25 20:00:00,25.0
2023-09-25 21:00:00,26.59769
2023-09-25 22:00:00,31.84055
2023-09-25 23:00:00,31.84917
2023-09-26 00:00:00,50.31029
2023-09-26 01:00:00,60.89344
2023-09-26 02:00:00,57.29
2023-09-26 03:00:00,51.58256
2023-09-26 04:00:00,47.54429
2023-09-26 05:00:00,46.82018
2023-09-26 06:00:00,40.1132
2023-09-26 07:00:00,40.72958
2023-09-26 08:00:00,38.73744
2023-09-26 09:00:00,37.91337
2023-09-26 10:00:00,38.09229
2023-09-26 11:00:00,38.65761
2023-09-26 12:00:00,42.80449
2023-09-26 13:00:00,47.80333
2023-09-26 14:00:00,42.57805
2023-09-26 15:00:00,40.24731
2023-09-26 16:00:00,34.14217
2023-09-26 17:00:00,32.54752
2023-09-26 18:00:00,29.50174
2023-09-26 19:00:00,25.55683
2023-09-26 20:00:00,25.81386
2023-09-26 21:00:00,26.79227
2023-09-26 22:00:00,32.88
2023-09-26 23:00:00,34.78666
2023-09-27 00:00:00,52.40141
2023-09-27 01:00:00,64.64
2023-09-27 02:00:00,57.85213
2023-09-27 03:00:00,54.67021
2023-09-27 04:00:00,49.68766
2023-09-27 05:00:00,43.89994
2023-09-27 06:00:00,42.27664
2023-09-27 07:00:00,38.59531
2023-09-27 08:00:00,37.65172
2023-09-27 09:00:00,36.72669
2023-09-27 10:00:00,36.52803
2023-09-27 11:00:00,36.66192
2023-09-27 12:00:00,39.6843
2023-09-27 13:00:00,44.86313
2023-09-27 14:00:00,37.89628
2023-09-27 15:00:00,36.4701
2023-09-27 16:00:00,29.32429
2023-09-27 17:00:00,29.43423
2023-09-27 18:00:00,28.65824
2023-09-27 19:00:00,28.9907
2023-09-27 20:00:00,29.35935
2023-09-27 21:00:00,30.83834
2023-09-27 22:00:00,34.46473
2023-09-27 23:00:00,35.20895
2023-09-28 00:00:00,48.45032
2023-09-28 01:00:00,62.18046
2023-09-28 02:00:00,60.34148
2023-09-28 03:00:00,52.87435
2023-09-28 04:00:00,46.87403
2023-09-28 05:00:00,41.86966
2023-09-28 06:00:00,40.33314
2023-09-28 07:00:00,38.56666
2023-09-28 08:00:00,37.95
2023-09-28 09:00:00,36.0
2023-09-28 10:00:00,35.31918
2023-09-28 11:00:00,37.69
2023-09-28 12:00:00,40.43074
2023-09-28 13:00:00,46.08226
2023-09-28 14:00:00,39.15684
2023-09-28 15:00:00,37.87806
2023-09-28 16:00:00,31.33983
2023-09-28 17:00:00,30.0
2023-09-28 18:00:00,29.47515
2023-09-28 19:00:00,27.6
2023-09-28 20:00:00,29.0375
2023-09-28 21:00:00,28.46566
2023-09-28 22:00:00,30.3089
2023-09-28 23:00:00,34.40604
2023-09-29 00:00:00,43.79452
2023-09-29 01:00:00,54.36309
2023-09-29 02:00:00,54.86137
2023-09-29 03:00:00,49.91354
2023-09-29 04:00:00,43.7513
2023-09-29 05:00:00,41.84171
2023-09-29 06:00:00,39.17
2023-09-29 07:00:00,34.72124
2023-09-29 08:00:00,35.57135
2023-09-29 09:00:00,35.09155
2023-09-29 10:00:00,35.12193
2023-09-29 11:00:00,35.78638
2023-09-29 12:00:00,40.7947
2023-09-29 13:00:00,43.69865
2023-09-29 14:00:00,41.41822
2023-09-29 15:00:00,31.50496
2023-09-29 16:00:00,27.83
2023-09-29 17:00:00,26.78433
2023-09-29 18:00:00,27.96214
2023-09-29 19:00:00,25.85053
2023-09-29 20:00:00,25.90435
2023-09-29 21:00:00,27.87271
2023-09-29 22:00:00,27.5
2023-09-29 23:00:00,25.89154
2023-09-30 00:00:00,42.55598
2023-09-30 01:00:00,48.01931
2023-09-30 02:00:00,49.29719
2023-09-30 03:00:00,42.57687
2023-09-30 04:00:00,40.76896
2023-09-30 05:00:00,40.89315
2023-09-30 06:00:00,40.26273
2023-09-30 07:00:00,36.19469
2023-09-30 08:00:00,36.20796
2023-09-30 09:00:00,35.911
2023-09-30 10:00:00,35.90737
2023-09-30 11:00:00,35.72
2023-09-30 12:00:00,36.05088
2023-09-30 13:00:00,36.4
2023-09-30 14:00:00,34.35514
2023-09-30 15:00:00,32.90512
2023-09-30 16:00:00,30.23173
2023-09-30 17:00:00,28.413
2023-09-30 18:00:00,29.55812
2023-09-30 19:00:00,25.38169
2023-09-30 20:00:00,22.3
2023-09-30 21:00:00,22.5559
2023-09-30 22:00:00,21.59776
2023-09-30 23:00:00,23.06151
2023-10-01 00:00:00,37.68596
2023-10-01 01:00:00,44.56085
2023-10-01 02:00:00,45.29838
2023-10-01 03:00:00,43.96859
2023-10-01 04:00:00,44.35211
2023-10-01 05:00:00,43.8918
2023-10-01 06:00:00,39.88959
2023-10-01 07:00:00,39.62526
2023-10-01 08:00:00,38.68961
2023-10-01 09:00:00,38.48592
2023-10-01 10:00:00,38.39882
2023-10-01 11:00:00,36.30272
2023-10-01 12:00:00,38.70622
2023-10-01 13:00:00,39.04529
2023-10-01 14:00:00,36.17779
2023-10-01 15:00:00,29.43806
2023-10-01 16:00:00,22.85824
2023-10-01 17:00:00,21.58909
2023-10-01 18:00:00,20.0
2023-10-01 19:00:00,18.93261
2023-10-01 20:00:00,19.93285
2023-10-01 21:00:00,22.0
2023-10-01 22:00:00,22.0
2023-10-01 23:00:00,25.53008
2023-10-02 00:00:00,40.52
2023-10-02 01:00:00,47.48578
2023-10-02 02:00:00,48.97218
2023-10-02 03:00:00,45.87583
2023-10-02 04:00:00,45.41417
2023-10-02 05:00:00,41.16903
2023-10-02 06:00:00,40.27201
2023-10-02 07:00:00,34.95871
2023-10-02 08:00:00,34.29457
2023-10-02 09:00:00,34.48281
2023-10-02 10:00:00,34.1686
2023-10-02 11:00:00,34.64014
2023-10-02 12:00:00,39.89277
2023-10-02 13:00:00,49.23634
2023-10-02 14:00:00,45.58484
2023-10-02 15:00:00,39.24153
2023-10-02 16:00:00,34.90983
2023-10-02 17:00:00,33.86628
2023-10-02 18:00:00,32.19
2023-10-02 19:00:00,29.12186
2023-10-02 20:00:00,28.79
2023-10-02 21:00:00,30.58476
2023-10-02 22:00:00,32.54
2023-10-02 23:00:00,32.67582
2023-10-03 00:00:00,49.18801
2023-10-03 01:00:00,55.0
2023-10-03 02:00:00,54.92102
2023-10-03 03:00:00,53.01047
2023-10-03 04:00:00,50.0
2023-10-03 05:00:00,49.64687
2023-10-03 06:00:00,46.18878
2023-10-03 07:00:00,45.94959
2023-10-03 08:00:00,45.92825
2023-10-03 09:00:00,45.7571
2023-10-03 10:00:00,45.63561
2023-10-03 11:00:00,46.63934
2023-10-03 12:00:00,53.2259
2023-10-03 13:00:00,63.27806
2023-10-03 14:00:00,56.51895
2023-10-03 15:00:00,49.59336
2023-10-03 16:00:00,44.43946
2023-10-03 17:00:00,39.32151
2023-10-03 18:00:00,36.0
2023-10-03 19:00:00,31.81035
2023-10-03 20:00:00,35.40058
2023-10-03 21:00:00,33.40457
2023-10-03 22:00:00,38.38099
2023-10-03 23:00:00,45.75
2023-10-04 00:00:00,70.0
2023-10-04 01:00:00,81.90627
2023-10-04 02:00:00,76.01972
2023-10-04 03:00:00,69.6564
2023-10-04 04:00:00,68.60154
2023-10-04 05:00:00,57.80087
2023-10-04 06:00:00,52.61814
2023-10-04 07:00:00,49.0804
2023-10-04 08:00:00,46.1117
2023-10-04 09:00:00,44.38836
2023-10-04 10:00:00,46.02337
2023-10-04 11:00:00,46.00706
2023-10-04 12:00:00,50.45995
2023-10-04 13:00:00,55.33062
2023-10-04 14:00:00,50.51815
2023-10-04 15:00:00,45.03
2023-10-04 16:00:00,41.76
2023-10-04 17:00:00,36.58281
2023-10-04 18:00:00,37.4
2023-10-04 19:00:00,37.4
2023-10-04 20:00:00,38.0
2023-10-04 21:00:00,40.57434
2023-10-04 22:00:00,44.12551
2023-10-04 23:00:00,50.7612
2023-10-05 00:00:00,78.95
2023-10-05 01:00:00,98.09614
2023-10-05 02:00:00,89.99566
2023-10-05 03:00:00,79.12757
2023-10-05 04:00:00,74.57863
2023-10-05 05:00:00,68.87179
2023-10-05 06:00:00,58.90518
2023-10-05 07:00:00,62.02861
2023-10-05 08:00:00,58.83386
2023-10-05 09:00:00,50.82343
2023-10-05 10:00:00,50.47611
2023-10-05 11:00:00,50.60689
2023-10-05 12:00:00,59.72903
2023-10-05 13:00:00,68.84318
2023-10-05 14:00:00,61.04758
2023-10-05 15:00:00,47.54889
2023-10-05 16:00:00,47.32575
2023-10-05 17:00:00,44.00842
2023-10-05 18:00:00,42.48897
2023-10-05 19:00:00,45.46617
2023-10-05 20:00:00,46.55881
2023-10-05 21:00:00,50.51828
2023-10-05 22:00:00,61.09494
2023-10-05 23:00:00,69.47715
2023-10-06 00:00:00,98.25389
2023-10-06 01:00:00,143.9689
2023-10-06 02:00:00,113.7254
2023-10-06 03:00:00,88.10784
2023-10-06 04:00:00,77.70361
2023-10-06 05:00:00,70.68683
2023-10-06 06:00:00,66.96829
2023-10-06 07:00:00,64.31346
2023-10-06 08:00:00,59.20018
2023-10-06 09:00:00,54.12985
2023-10-06 10:00:00,53.6101
2023-10-06 11:00:00,54.07236
2023-10-06 12:00:00,63.12
2023-10-06 13:00:00,73.86986
2023-10-06 14:00:00,71.75585
2023-10-06 15:00:00,50.06403
2023-10-06 16:00:00,50.19926
2023-10-06 17:00:00,46.0
2023-10-06 18:00:00,47.96551
2023-10-06 19:00:00,52.47316
2023-10-06 20:00:00,56.79988
2023-10-06 21:00:00,63.84357
2023-10-06 22:00:00,74.79753
2023-10-06 23:00:00,87.49248
2023-10-07 00:00:00,133.82452
2023-10-07 01:00:00,183.09164
2023-10-07 02:00:00,132.64803
2023-10-07 03:00:00,95.47581
2023-10-07 04:00:00,86.59945
2023-10-07 05:00:00,75.20134
2023-10-07 06:00:00,71.77231
2023-10-07 07:00:00,68.16835
2023-10-07 08:00:00,64.64083
2023-10-07 09:00:00,60.47362
2023-10-07 10:00:00,57.91525
2023-10-07 11:00:00,57.93267
2023-10-07 12:00:00,58.09085
2023-10-07 13:00:00,62.57047
2023-10-07 14:00:00,57.25692
2023-10-07 15:00:00,46.62282
2023-10-07 16:00:00,39.35267
2023-10-07 17:00:00,42.79314
2023-10-07 18:00:00,41.16799
2023-10-07 19:00:00,42.74669
2023-10-07 20:00:00,48.47007
2023-10-07 21:00:00,51.72678
2023-10-07 22:00:00,62.03662
2023-10-07 23:00:00,82.51191
2023-10-08 00:00:00,99.83445
2023-10-08 01:00:00,166.49323
2023-10-08 02:00:00,114.44579
2023-10-08 03:00:00,88.53254
2023-10-08 04:00:00,84.06589
2023-10-08 05:00:00,77.35779
2023-10-08 06:00:00,66.83165
2023-10-08 07:00:00,61.41016
2023-10-08 08:00:00,58.8
2023-10-08 09:00:00,58.13923
2023-10-08 10:00:00,55.88113
2023-10-08 11:00:00,56.61897
2023-10-08 12:00:00,56.3091
2023-10-08 13:00:00,59.76037
2023-10-08 14:00:00,56.88063
2023-10-08 15:00:00,49.43619
2023-10-08 16:00:00,48.26909
2023-10-08 17:00:00,47.49554
2023-10-08 18:00:00,42.51071
2023-10-08 19:00:00,44.80383
2023-10-08 20:00:00,48.17931
2023-10-08 21:00:00,52.21366
2023-10-08 22:00:00,58.50344
2023-10-08 23:00:00,60.24
2023-10-09 00:00:00,85.3539
2023-10-09 01:00:00,128.66911
2023-10-09 02:00:00,93.29068
2023-10-09 03:00:00,82.52538
2023-10-09 04:00:00,80.94074
2023-10-09 05:00:00,69.05001
2023-10-09 06:00:00,60.7449
2023-10-09 07:00:00,57.59834
2023-10-09 08:00:00,56.39
2023-10-09 09:00:00,51.7467
2023-10-09 10:00:00,51.94072
2023-10-09 11:00:00,52.74291
2023-10-09 12:00:00,59.83028
2023-10-09 13:00:00,69.18223
2023-10-09 14:00:00,62.3901
2023-10-09 15:00:00,50.46516
2023-10-09 16:00:00,46.48479
2023-10-09 17:00:00,47.57154
2023-10-09 18:00:00,48.11857
2023-10-09 19:00:00,48.22501
2023-10-09 20:00:00,46.6306
2023-10-09 21:00:00,47.36861
2023-10-09 22:00:00,50.27277
2023-10-09 23:00:00,56.23236
2023-10-10 00:00:00,71.92483
2023-10-10 01:00:00,85.21576
2023-10-10 02:00:00,73.29641
2023-10-10 03:00:00,71.74488
2023-10-10 04:00:00,70.49865
2023-10-10 05:00:00,60.26492
2023-10-10 06:00:00,58.67015
2023-10-10 07:00:00,52.81432
2023-10-10 08:00:00,52.0424
2023-10-10 09:00:00,48.51039
2023-10-10 10:00:00,48.25798
2023-10-10 11:00:00,49.56417
2023-10-10 12:00:00,54.25869
2023-10-10 13:00:00,60.04966
2023-10-10 14:00:00,58.19947
2023-10-10 15:00:00,61.71473
2023-10-10 16:00:00,51.0
2023-10-10 17:00:00,45.08
2023-10-10 18:00:00,43.5989
2023-10-10 19:00:00,40.13882
2023-10-10 20:00:00,39.88072
2023-10-10 21:00:00,40.20115
2023-10-10 22:00:00,41.6377
2023-10-10 23:00:00,42.0
2023-10-11 00:00:00,64.44759
2023-10-11 01:00:00,76.26667
2023-10-11 02:00:00,69.30813
2023-10-11 03:00:00,67.06083
2023-10-11 04:00:00,65.14043
2023-10-11 05:00:00,57.93745
2023-10-11 06:00:00,52.53509
2023-10-11 07:00:00,45.83655
2023-10-11 08:00:00,45.55345
2023-10-11 09:00:00,45.44676
2023-10-11 10:00:00,45.52553
2023-10-11 11:00:00,45.8834
2023-10-11 12:00:00,48.95556
2023-10-11 13:00:00,60.78467
2023-10-11 14:00:00,62.02016
2023-10-11 15:00:00,60.11
2023-10-11 16:00:00,58.55373
2023-10-11 17:00:00,55.0
2023-10-11 18:00:00,44.0
2023-10-11 19:00:00,40.03
2023-10-11 20:00:00,37.89
2023-10-11 21:00:00,40.0
2023-10-11 22:00:00,42.44287
2023-10-11 23:00:00,46.8736
2023-10-12 00:00:00,66.03551
2023-10-12 01:00:00,82.99215
2023-10-12 02:00:00,72.35938
2023-10-12 03:00:00,70.07463
2023-10-12 04:00:00,66.86035
2023-10-12 05:00:00,57.08419
2023-10-12 06:00:00,53.00367
2023-10-12 07:00:00,45.0
2023-10-12 08:00:00,46.13529
2023-10-12 09:00:00,47.42683
2023-10-12 10:00:00,44.42106
2023-10-12 11:00:00,47.37441
2023-10-12 12:00:00,52.64061
2023-10-12 13:00:00,63.29959
2023-10-12 14:00:00,58.60071
2023-10-12 15:00:00,42.21842
2023-10-12 16:00:00,42.97274
2023-10-12 17:00:00,39.2807
2023-10-12 18:00:00,35.47193
2023-10-12 19:00:00,34.94889
2023-10-12 20:00:00,35.18803
2023-10-12 21:00:00,37.23699
2023-10-12 22:00:00,40.15164
2023-10-12 23:00:00,45.536
2023-10-13 00:00:00,70.76098
2023-10-13 01:00:00,85.05981
2023-10-13 02:00:00,72.76087
2023-10-13 03:00:00,72.13845
2023-10-13 04:00:00,70.88805
2023-10-13 05:00:00,62.36709
2023-10-13 06:00:00,51.08994
2023-10-13 07:00:00,53.39599
2023-10-13 08:00:00,49.66991
2023-10-13 09:00:00,48.05889
2023-10-13 10:00:00,47.9124
2023-10-13 11:00:00,48.78675
2023-10-13 12:00:00,55.8068
2023-10-13 13:00:00,64.85317
2023-10-13 14:00:00,58.7186
2023-10-13 15:00:00,44.12605
2023-10-13 16:00:00,42.47459
2023-10-13 17:00:00,41.34499
2023-10-13 18:00:00,41.53997
2023-10-13 19:00:00,41.91087
2023-10-13 20:00:00,42.11734
2023-10-13 21:00:00,41.97744
2023-10-13 22:00:00,42.75871
2023-10-13 23:00:00,53.12889
2023-10-14 00:00:00,72.69793
2023-10-14 01:00:00,77.03
2023-10-14 02:00:00,69.24256
2023-10-14 03:00:00,69.70007
2023-10-14 04:00:00,68.21696
2023-10-14 05:00:00,59.82486
2023-10-14 06:00:00,52.26567
2023-10-14 07:00:00,57.07924
2023-10-14 08:00:00,54.02923
2023-10-14 09:00:00,51.6895
2023-10-14 10:00:00,50.54701
2023-10-14 11:00:00,51.46321
2023-10-14 12:00:00,50.65799
2023-10-14 13:00:00,54.01191
2023-10-14 14:00:00,48.69022
2023-10-14 15:00:00,42.20942
2023-10-14 16:00:00,66.44092
2023-10-14 17:00:00,38.23068
2023-10-14 18:00:00,37.11893
2023-10-14 19:00:00,32.29472
2023-10-14 20:00:00,32.58685
2023-10-14 21:00:00,32.93929
2023-10-14 22:00:00,35.57441
2023-10-14 23:00:00,39.88303
2023-10-15 00:00:00,69.6849
2023-10-15 01:00:00,77.55612
2023-10-15 02:00:00,72.48561
2023-10-15 03:00:00,70.0
2023-10-15 04:00:00,68.17155
2023-10-15 05:00:00,62.99911
2023-10-15 06:00:00,57.75394
2023-10-15 07:00:00,58.43186
2023-10-15 08:00:00,55.26569
2023-10-15 09:00:00,51.94848
2023-10-15 10:00:00,51.61035
2023-10-15 11:00:00,50.67925
2023-10-15 12:00:00,53.16902
2023-10-15 13:00:00,55.57572
2023-10-15 14:00:00,46.24332
2023-10-15 15:00:00,38.74947
2023-10-15 16:00:00,45.92984
2023-10-15 17:00:00,45.22986
2023-10-15 18:00:00,34.07384
2023-10-15 19:00:00,32.5
2023-10-15 20:00:00,32.59
2023-10-15 21:00:00,32.56686
2023-10-15 22:00:00,37.12
2023-10-15 23:00:00,56.11368
2023-10-16 00:00:00,71.67509
2023-10-16 01:00:00,87.78721
2023-10-16 02:00:00,75.87
2023-10-16 03:00:00,71.10655
2023-10-16 04:00:00,70.79548
2023-10-16 05:00:00,60.30067
2023-10-16 06:00:00,56.55918
2023-10-16 07:00:00,60.04789
2023-10-16 08:00:00,53.6398
2023-10-16 09:00:00,53.33907
2023-10-16 10:00:00,53.16911
2023-10-16 11:00:00,53.49153
2023-10-16 12:00:00,60.74347
2023-10-16 13:00:00,77.1365
2023-10-16 14:00:00,65.06733
2023-10-16 15:00:00,43.62587
2023-10-16 16:00:00,41.27394
2023-10-16 17:00:00,39.51541
2023-10-16 18:00:00,37.48061
2023-10-16 19:00:00,43.2768
2023-10-16 20:00:00,42.291
2023-10-16 21:00:00,47.98846
2023-10-16 22:00:00,55.56983
2023-10-16 23:00:00,73.88446
2023-10-17 00:00:00,89.29827
2023-10-17 01:00:00,109.02253
2023-10-17 02:00:00,86.44897
2023-10-17 03:00:00,84.77907
2023-10-17 04:00:00,80.90513
2023-10-17 05:00:00,72.5333
2023-10-17 06:00:00,59.60644
2023-10-17 07:00:00,65.95777
2023-10-17 08:00:00,64.46165
2023-10-17 09:00:00,64.12086
2023-10-17 10:00:00,64.18023
2023-10-17 11:00:00,64.67669
2023-10-17 12:00:00,69.44971
2023-10-17 13:00:00,79.24967
2023-10-17 14:00:00,74.08341
2023-10-17 15:00:00,62.86574
2023-10-17 16:00:00,60.62009
2023-10-17 17:00:00,57.06316
2023-10-17 18:00:00,53.96154
2023-10-17 19:00:00,52.59302
2023-10-17 20:00:00,51.22709
2023-10-17 21:00:00,57.5476
2023-10-17 22:00:00,63.91751
2023-10-17 23:00:00,81.68318
2023-10-18 00:00:00,128.19098
2023-10-18 01:00:00,157.0827
2023-10-18 02:00:00,124.31144
2023-10-18 03:00:00,104.62913
2023-10-18 04:00:00,94.18127
2023-10-18 05:00:00,83.47914
2023-10-18 06:00:00,72.69914
2023-10-18 07:00:00,73.46206
2023-10-18 08:00:00,65.81162
2023-10-18 09:00:00,63.80207
2023-10-18 10:00:00,63.44896
2023-10-18 11:00:00,63.58217
2023-10-18 12:00:00,68.26458
2023-10-18 13:00:00,84.29404
2023-10-18 14:00:00,72.8537
2023-10-18 15:00:00,49.59305
2023-10-18 16:00:00,44.75213
2023-10-18 17:00:00,47.40756
2023-10-18 18:00:00,44.78756
2023-10-18 19:00:00,46.1664
2023-10-18 20:00:00,51.48
2023-10-18 21:00:00,54.17465
2023-10-18 22:00:00,63.34335
2023-10-18 23:00:00,90.19326
2023-10-19 00:00:00,157.8968
2023-10-19 01:00:00,214.1028
2023-10-19 02:00:00,148.65678
2023-10-19 03:00:00,117.32898
2023-10-19 04:00:00,111.21935
2023-10-19 05:00:00,92.57464
2023-10-19 06:00:00,82.33693
2023-10-19 07:00:00,73.02694
2023-10-19 08:00:00,70.48822
2023-10-19 09:00:00,68.63976
2023-10-19 10:00:00,69.00314
2023-10-19 11:00:00,68.16549
2023-10-19 12:00:00,69.45855
2023-10-19 13:00:00,92.20496
2023-10-19 14:00:00,90.0
2023-10-19 15:00:00,67.23764
2023-10-19 16:00:00,59.72325
2023-10-19 17:00:00,61.77
2023-10-19 18:00:00,59.68177
2023-10-19 19:00:00,60.46478
2023-10-19 20:00:00,64.74962
2023-10-19 21:00:00,70.11075
2023-10-19 22:00:00,88.34694
2023-10-19 23:00:00,122.95772
2023-10-20 00:00:00,237.89926
2023-10-20 01:00:00,326.02
2023-10-20 02:00:00,177.75311
2023-10-20 03:00:00,131.47984
2023-10-20 04:00:00,121.33407
2023-10-20 05:00:00,94.31157
2023-10-20 06:00:00,84.15756
2023-10-20 07:00:00,77.3976
2023-10-20 08:00:00,70.16572
2023-10-20 09:00:00,69.27922
2023-10-20 10:00:00,69.52163
2023-10-20 11:00:00,70.29374
2023-10-20 12:00:00,78.71232
2023-10-20 13:00:00,103.55016
2023-10-20 14:00:00,93.57784
2023-10-20 15:00:00,65.34278
2023-10-20 16:00:00,55.37804
2023-10-20 17:00:00,55.97
2023-10-20 18:00:00,55.18125
2023-10-20 19:00:00,57.52553
2023-10-20 20:00:00,59.92768
2023-10-20 21:00:00,64.64925
2023-10-20 22:00:00,71.599
2023-10-20 23:00:00,96.50404
2023-10-21 00:00:00,119.64
2023-10-21 01:00:00,145.74023
2023-10-21 02:00:00,101.13392
2023-10-21 03:00:00,99.25238
2023-10-21 04:00:00,98.11848
2023-10-21 05:00:00,83.88051
2023-10-21 06:00:00,77.96
2023-10-21 07:00:00,61.57205
2023-10-21 08:00:00,59.15663
2023-10-21 09:00:00,59.27804
2023-10-21 10:00:00,55.23385
2023-10-21 11:00:00,59.60536
2023-10-21 12:00:00,61.48114
2023-10-21 13:00:00,65.11387
2023-10-21 14:00:00,62.18215
2023-10-21 15:00:00,56.46235
2023-10-21 16:00:00,50.89336
2023-10-21 17:00:00,49.03744
2023-10-21 18:00:00,42.55805
2023-10-21 19:00:00,40.65645
2023-10-21 20:00:00,41.19885
2023-10-21 21:00:00,45.80391
2023-10-21 22:00:00,48.64799
2023-10-21 23:00:00,62.49021
2023-10-22 00:00:00,73.48909
2023-10-22 01:00:00,88.46346
2023-10-22 02:00:00,77.06246
2023-10-22 03:00:00,73.52796
2023-10-22 04:00:00,68.92111
2023-10-22 05:00:00,61.45655
2023-10-22 06:00:00,59.73607
2023-10-22 07:00:00,53.20816
2023-10-22 08:00:00,53.50947
2023-10-22 09:00:00,52.05663
2023-10-22 10:00:00,50.70431
2023-10-22 11:00:00,51.3952
2023-10-22 12:00:00,51.92351
2023-10-22 13:00:00,52.11972
2023-10-22 14:00:00,51.9803
2023-10-22 15:00:00,66.38465
2023-10-22 16:00:00,56.42
2023-10-22 17:00:00,53.25
2023-10-22 18:00:00,51.56
2023-10-22 19:00:00,50.0
2023-10-22 20:00:00,51.9566
2023-10-22 21:00:00,51.98908
2023-10-22 22:00:00,55.91
2023-10-22 23:00:00,51.35085
2023-10-23 00:00:00,64.64435
2023-10-23 01:00:00,79.30646
2023-10-23 02:00:00,72.44562
2023-10-23 03:00:00,66.74546
2023-10-23 04:00:00,63.20895
2023-10-23 05:00:00,60.00058
2023-10-23 06:00:00,57.26708
2023-10-23 07:00:00,49.93152
2023-10-23 08:00:00,50.18934
2023-10-23 09:00:00,50.33726
2023-10-23 10:00:00,49.87285
2023-10-23 11:00:00,50.2317
2023-10-23 12:00:00,52.9228
2023-10-23 13:00:00,62.27248
2023-10-23 14:00:00,61.64472
2023-10-23 15:00:00,73.27764
2023-10-23 16:00:00,67.80644
2023-10-23 17:00:00,58.77353
2023-10-23 18:00:00,50.00636
2023-10-23 19:00:00,48.58514
2023-10-23 20:00:00,46.59
2023-10-23 21:00:00,42.10638
2023-10-23 22:00:00,47.84206
2023-10-23 23:00:00,55.29456
2023-10-24 00:00:00,69.96189
2023-10-24 01:00:00,74.48506
2023-10-24 02:00:00,70.6625
2023-10-24 03:00:00,68.66983
2023-10-24 04:00:00,67.12395
2023-10-24 05:00:00,62.96313
2023-10-24 06:00:00,56.9495
2023-10-24 07:00:00,58.06935
2023-10-24 08:00:00,58.33701
2023-10-24 09:00:00,57.62425
2023-10-24 10:00:00,57.64693
2023-10-24 11:00:00,58.20207
2023-10-24 12:00:00,67.31135
2023-10-24 13:00:00,74.93855
2023-10-24 14:00:00,73.80809
2023-10-24 15:00:00,70.55768
2023-10-24 16:00:00,70.26503
2023-10-24 17:00:00,64.65
2023-10-24 18:00:00,54.85261
2023-10-24 19:00:00,53.40157
2023-10-24 20:00:00,53.30023
2023-10-24 21:00:00,55.28212
2023-10-24 22:00:00,59.9722
2023-10-24 23:00:00,65.44797
2023-10-25 00:00:00,79.37097
2023-10-25 01:00:00,88.77531
2023-10-25 02:00:00,80.43465
2023-10-25 03:00:00,78.59402
2023-10-25 04:00:00,75.8905
2023-10-25 05:00:00,66.13509
2023-10-25 06:00:00,66.34872
2023-10-25 07:00:00,57.40201
2023-10-25 08:00:00,57.38128
2023-10-25 09:00:00,57.46775
2023-10-25 10:00:00,57.41421
2023-10-25 11:00:00,57.31974
2023-10-25 12:00:00,65.54446
2023-10-25 13:00:00,73.57124
2023-10-25 14:00:00,73.43861
2023-10-25 15:00:00,68.08154
2023-10-25 16:00:00,64.60722
2023-10-25 17:00:00,57.0
2023-10-25 18:00:00,53.03359
2023-10-25 19:00:00,48.52
2023-10-25 20:00:00,52.16
2023-10-25 21:00:00,53.24357
2023-10-25 22:00:00,53.71014
2023-10-25 23:00:00,62.0
2023-10-26 00:00:00,74.83058
2023-10-26 01:00:00,76.62536
2023-10-26 02:00:00,74.88613
2023-10-26 03:00:00,73.90179
2023-10-26 04:00:00,72.70866
2023-10-26 05:00:00,62.88227
2023-10-26 06:00:00,62.60943
2023-10-26 07:00:00,62.67967
2023-10-26 08:00:00,62.86411
2023-10-26 09:00:00,62.25008
2023-10-26 10:00:00,62.26808
2023-10-26 11:00:00,62.24039
2023-10-26 12:00:00,71.21217
2023-10-26 13:00:00,73.63098
2023-10-26 14:00:00,76.9966
2023-10-26 15:00:00,74.88688
2023-10-26 16:00:00,72.82186
2023-10-26 17:00:00,64.62447
2023-10-26 18:00:00,65.0
2023-10-26 19:00:00,59.49299
2023-10-26 20:00:00,58.40646
2023-10-26 21:00:00,60.0
2023-10-26 22:00:00,65.32663
2023-10-26 23:00:00,75.44661
2023-10-27 00:00:00,79.25823
2023-10-27 01:00:00,84.80975
2023-10-27 02:00:00,78.58844
2023-10-27 03:00:00,77.53977
2023-10-27 04:00:00,76.36171
2023-10-27 05:00:00,75.9083
2023-10-27 06:00:00,71.20463
2023-10-27 07:00:00,66.34668
2023-10-27 08:00:00,61.36619
2023-10-27 09:00:00,60.60653
2023-10-27 10:00:00,60.55232
2023-10-27 11:00:00,60.69313
2023-10-27 12:00:00,70.00134
2023-10-27 13:00:00,75.2946
2023-10-27 14:00:00,74.79639
2023-10-27 15:00:00,73.16819
2023-10-27 16:00:00,62.39141
2023-10-27 17:00:00,63.73
2023-10-27 18:00:00,61.3967
2023-10-27 19:00:00,55.24556
2023-10-27 20:00:00,48.68074
2023-10-27 21:00:00,49.49186
2023-10-27 22:00:00,54.94245
2023-10-27 23:00:00,58.56743
2023-10-28 00:00:00,75.81441
2023-10-28 01:00:00,78.89715
2023-10-28 02:00:00,75.34214
2023-10-28 03:00:00,73.06533
2023-10-28 04:00:00,71.00904
2023-10-28 05:00:00,71.3781
2023-10-28 06:00:00,66.27
2023-10-28 07:00:00,65.84536
2023-10-28 08:00:00,62.6589
2023-10-28 09:00:00,62.67558
2023-10-28 10:00:00,62.9001
2023-10-28 11:00:00,64.11219
2023-10-28 12:00:00,67.71319
2023-10-28 13:00:00,75.42144
2023-10-28 14:00:00,81.18403
2023-10-28 15:00:00,77.55
2023-10-28 16:00:00,61.68627
2023-10-28 17:00:00,57.83874
2023-10-28 18:00:00,53.10822
2023-10-28 19:00:00,51.54383
2023-10-28 20:00:00,49.17094
2023-10-28 21:00:00,46.23
2023-10-28 22:00:00,46.16749
2023-10-28 23:00:00,54.51346
2023-10-29 00:00:00,71.853
2023-10-29 01:00:00,77.27765
2023-10-29 02:00:00,76.13841
2023-10-29 03:00:00,75.34083
2023-10-29 04:00:00,75.29948
2023-10-29 05:00:00,74.77428
2023-10-29 06:00:00,74.0
2023-10-29 07:00:00,66.1434
2023-10-29 08:00:00,65.42011
2023-10-29 09:00:00,61.55179
2023-10-29 10:00:00,61.56238
2023-10-29 11:00:00,63.0197
2023-10-29 12:00:00,64.14767
2023-10-29 13:00:00,64.86233
2023-10-29 14:00:00,78.514
2023-10-29 15:00:00,69.3167
2023-10-29 16:00:00,61.05995
2023-10-29 17:00:00,55.38
2023-10-29 18:00:00,52.19377
2023-10-29 19:00:00,51.73956
2023-10-29 20:00:00,53.75459
2023-10-29 21:00:00,51.86326
2023-10-29 22:00:00,58.01991
2023-10-29 23:00:00,60.25579
2023-10-30 00:00:00,79.03461
2023-10-30 01:00:00,82.25427
2023-10-30 02:00:00,80.19538
2023-10-30 03:00:00,80.077
2023-10-30 04:00:00,78.09995
2023-10-30 05:00:00,78.48981
2023-10-30 06:00:00,77.56885
2023-10-30 07:00:00,74.03547
2023-10-30 08:00:00,69.57556
2023-10-30 09:00:00,68.95113
2023-10-30 10:00:00,67.75928
2023-10-30 11:00:00,68.77527
2023-10-30 12:00:00,77.34641
2023-10-30 13:00:00,85.64
2023-10-30 14:00:00,87.76557
2023-10-30 15:00:00,75.40438
2023-10-30 16:00:00,68.43611
2023-10-30 17:00:00,60.52446
2023-10-30 18:00:00,57.38633
2023-10-30 19:00:00,53.79303
2023-10-30 20:00:00,52.27939
2023-10-30 21:00:00,53.87291
2023-10-30 22:00:00,58.73294
2023-10-30 23:00:00,66.13054
2023-10-31 00:00:00,83.85342
2023-10-31 01:00:00,90.48
2023-10-31 02:00:00,85.32857
2023-10-31 03:00:00,84.56598
2023-10-31 04:00:00,83.16386
2023-10-31 05:00:00,81.90348
2023-10-31 06:00:00,77.89671
2023-10-31 07:00:00,74.40217
2023-10-31 08:00:00,68.56772
2023-10-31 09:00:00,65.3194
2023-10-31 10:00:00,65.34516
2023-10-31 11:00:00,66.08
2023-10-31 12:00:00,74.89459
2023-10-31 13:00:00,86.50431
2023-10-31 14:00:00,85.94751
2023-10-31 15:00:00,75.6
2023-10-31 16:00:00,66.1456
2023-10-31 17:00:00,61.06046
2023-10-31 18:00:00,56.75
2023-10-31 19:00:00,53.1604
2023-10-31 20:00:00,53.57325
2023-10-31 21:00:00,53.92756
2023-10-31 22:00:00,58.37655
2023-10-31 23:00:00,65.16109
2023-11-01 00:00:00,85.94135
2023-11-01 01:00:00,92.49954
2023-11-01 02:00:00,84.8294
2023-11-01 03:00:00,82.86061
2023-11-01 04:00:00,82.3512
2023-11-01 05:00:00,78.64069
2023-11-01 06:00:00,73.1673
2023-11-01 07:00:00,85.35898
2023-11-01 08:00:00,77.26735
2023-11-01 09:00:00,76.84107
2023-11-01 10:00:00,76.75422
2023-11-01 11:00:00,80.08
2023-11-01 12:00:00,88.7421
2023-11-01 13:00:00,102.48968
2023-11-01 14:00:00,99.89458
2023-11-01 15:00:00,89.79
2023-11-01 16:00:00,78.73203
2023-11-01 17:00:00,70.81085
2023-11-01 18:00:00,64.77
2023-11-01 19:00:00,65.32984
2023-11-01 20:00:00,66.71619
2023-11-01 21:00:00,66.93158
2023-11-01 22:00:00,74.92032
2023-11-01 23:00:00,81.54204
2023-11-02 00:00:00,99.7487
2023-11-02 01:00:00,106.15116
2023-11-02 02:00:00,96.81226
2023-11-02 03:00:00,95.52328
2023-11-02 04:00:00,95.35565
2023-11-02 05:00:00,91.0
2023-11-02 06:00:00,75.73612
2023-11-02 07:00:00,73.40168
2023-11-02 08:00:00,68.51548
2023-11-02 09:00:00,68.08
2023-11-02 10:00:00,68.33111
2023-11-02 11:00:00,68.88027
2023-11-02 12:00:00,72.20597
2023-11-02 13:00:00,82.6153
2023-11-02 14:00:00,88.06318
2023-11-02 15:00:00,78.49365
2023-11-02 16:00:00,70.31367
2023-11-02 17:00:00,60.25391
2023-11-02 18:00:00,58.02873
2023-11-02 19:00:00,57.41
2023-11-02 20:00:00,56.47198
2023-11-02 21:00:00,55.99595
2023-11-02 22:00:00,62.96599
2023-11-02 23:00:00,68.60682
2023-11-03 00:00:00,91.01403
2023-11-03 01:00:00,91.02667
2023-11-03 02:00:00,89.90004
2023-11-03 03:00:00,91.5595
2023-11-03 04:00:00,91.41478
2023-11-03 05:00:00,81.4612
2023-11-03 06:00:00,70.03849
2023-11-03 07:00:00,64.5026
2023-11-03 08:00:00,64.96882
2023-11-03 09:00:00,62.93604
2023-11-03 10:00:00,62.44332
2023-11-03 11:00:00,63.78489
2023-11-03 12:00:00,70.87109
2023-11-03 13:00:00,82.64
2023-11-03 14:00:00,81.56132
2023-11-03 15:00:00,66.96824
2023-11-03 16:00:00,49.55775
2023-11-03 17:00:00,47.45387
2023-11-03 18:00:00,47.04912
2023-11-03 19:00:00,45.90148
2023-11-03 20:00:00,44.79992
2023-11-03 21:00:00,45.71002
2023-11-03 22:00:00,50.38266
2023-11-03 23:00:00,66.95883
2023-11-04 00:00:00,89.47816
2023-11-04 01:00:00,88.20704
2023-11-04 02:00:00,82.02435
2023-11-04 03:00:00,80.16768
2023-11-04 04:00:00,81.01811
2023-11-04 05:00:00,72.7116
2023-11-04 06:00:00,68.09208
2023-11-04 07:00:00,60.93842
2023-11-04 08:00:00,62.38839
2023-11-04 09:00:00,61.35245
2023-11-04 10:00:00,56.64106
2023-11-04 11:00:00,57.28841
2023-11-04 12:00:00,60.36862
2023-11-04 13:00:00,62.11682
2023-11-04 14:00:00,60.40575
2023-11-04 15:00:00,51.20596
2023-11-04 16:00:00,42.58124
2023-11-04 17:00:00,36.4
2023-11-04 18:00:00,36.15254
2023-11-04 19:00:00,34.53722
2023-11-04 20:00:00,36.0
2023-11-04 21:00:00,35.63883
2023-11-04 22:00:00,39.38192
2023-11-04 23:00:00,63.57518
2023-11-05 00:00:00,72.9287
2023-11-05 01:00:00,72.07763
2023-11-05 02:00:00,70.65791
2023-11-05 03:00:00,69.82357
2023-11-05 04:00:00,70.75641
2023-11-05 05:00:00,65.47325
2023-11-05 06:00:00,56.25863
2023-11-05 07:00:00,63.47185
2023-11-05 08:00:00,61.66132
2023-11-05 09:00:00,61.45439
2023-11-05 10:00:00,55.89982
2023-11-05 11:00:00,52.78244
2023-11-05 12:00:00,55.48607
2023-11-05 13:00:00,55.59834
2023-11-05 14:00:00,56.17859
2023-11-05 15:00:00,46.38655
2023-11-05 16:00:00,39.12739
2023-11-05 17:00:00,37.88167
2023-11-05 18:00:00,35.04805
2023-11-05 19:00:00,34.66722
2023-11-05 20:00:00,34.50347
2023-11-05 21:00:00,36.38211
2023-11-05 22:00:00,39.27221
2023-11-05 23:00:00,51.96335
2023-11-06 00:00:00,69.09986
2023-11-06 01:00:00,78.02023
2023-11-06 02:00:00,68.3591
2023-11-06 03:00:00,66.97765
2023-11-06 04:00:00,66.57492
2023-11-06 05:00:00,66.66022
2023-11-06 06:00:00,63.63126
2023-11-06 07:00:00,66.94297
2023-11-06 08:00:00,63.72868
2023-11-06 09:00:00,59.21029
2023-11-06 10:00:00,57.9413
2023-11-06 11:00:00,56.92659
2023-11-06 12:00:00,62.00277
2023-11-06 13:00:00,73.51207
2023-11-06 14:00:00,67.3695
2023-11-06 15:00:00,68.59537
2023-11-06 16:00:00,68.8167
2023-11-06 17:00:00,54.60611
2023-11-06 18:00:00,54.3136
2023-11-06 19:00:00,53.2
2023-11-06 20:00:00,46.94931
2023-11-06 21:00:00,46.5
2023-11-06 22:00:00,52.79761
2023-11-06 23:00:00,63.16736
2023-11-07 00:00:00,92.43726
2023-11-07 01:00:00,100.65313
2023-11-07 02:00:00,78.64638
2023-11-07 03:00:00,79.82603
2023-11-07 04:00:00,79.98702
2023-11-07 05:00:00,77.86142
2023-11-07 06:00:00,67.75339
2023-11-07 07:00:00,62.48802
2023-11-07 08:00:00,54.74375
2023-11-07 09:00:00,49.00698
2023-11-07 10:00:00,46.56375
2023-11-07 11:00:00,46.20812
2023-11-07 12:00:00,50.57633
2023-11-07 13:00:00,58.74817
2023-11-07 14:00:00,63.52101
2023-11-07 15:00:00,53.2027
2023-11-07 16:00:00,45.54
2023-11-07 17:00:00,47.7005
2023-11-07 18:00:00,44.49
2023-11-07 19:00:00,45.1876
2023-11-07 20:00:00,41.76989
2023-11-07 21:00:00,43.53835
2023-11-07 22:00:00,44.72692
2023-11-07 23:00:00,52.61
2023-11-08 00:00:00,72.93737
2023-11-08 01:00:00,92.96337
2023-11-08 02:00:00,71.92474
2023-11-08 03:00:00,72.5749
2023-11-08 04:00:00,72.0997
2023-11-08 05:00:00,70.75908
2023-11-08 06:00:00,58.44017
2023-11-08 07:00:00,55.26345
2023-11-08 08:00:00,49.58216
2023-11-08 09:00:00,46.19526
2023-11-08 10:00:00,46.15301
2023-11-08 11:00:00,46.3721
2023-11-08 12:00:00,50.6982
2023-11-08 13:00:00,63.62689
2023-11-08 14:00:00,69.59489
2023-11-08 15:00:00,59.76011
2023-11-08 16:00:00,44.55971
2023-11-08 17:00:00,41.45737
2023-11-08 18:00:00,40.0
2023-11-08 19:00:00,40.83167
2023-11-08 20:00:00,39.14144
2023-11-08 21:00:00,40.0
2023-11-08 22:00:00,41.84404
2023-11-08 23:00:00,47.40121
2023-11-09 00:00:00,77.33325
2023-11-09 01:00:00,92.28943
2023-11-09 02:00:00,77.68741
2023-11-09 03:00:00,75.27658
2023-11-09 04:00:00,75.0905
2023-11-09 05:00:00,74.1218
2023-11-09 06:00:00,66.81253
2023-11-09 07:00:00,62.90223
2023-11-09 08:00:00,66.86022
2023-11-09 09:00:00,62.77784
2023-11-09 10:00:00,59.2373
2023-11-09 11:00:00,59.63152
2023-11-09 12:00:00,65.49571
2023-11-09 13:00:00,77.8363
2023-11-09 14:00:00,73.98952
2023-11-09 15:00:00,75.14
2023-11-09 16:00:00,62.78947
2023-11-09 17:00:00,53.11464
2023-11-09 18:00:00,50.79
2023-11-09 19:00:00,50.19
2023-11-09 20:00:00,50.0
2023-11-09 21:00:00,52.93992
2023-11-09 22:00:00,54.97
2023-11-09 23:00:00,66.5526
2023-11-10 00:00:00,88.19719
2023-11-10 01:00:00,106.01
2023-11-10 02:00:00,81.65023
2023-11-10 03:00:00,80.57356
2023-11-10 04:00:00,80.76181
2023-11-10 05:00:00,79.67388
2023-11-10 06:00:00,74.05524
2023-11-10 07:00:00,66.29981
2023-11-10 08:00:00,57.70407
2023-11-10 09:00:00,54.186
2023-11-10 10:00:00,52.86515
2023-11-10 11:00:00,52.81511
2023-11-10 12:00:00,57.10837
2023-11-10 13:00:00,66.89122
2023-11-10 14:00:00,69.36239
2023-11-10 15:00:00,51.69197
2023-11-10 16:00:00,48.38
2023-11-10 17:00:00,39.49486
2023-11-10 18:00:00,38.83827
2023-11-10 19:00:00,35.0
2023-11-10 20:00:00,32.36778
2023-11-10 21:00:00,33.82342
2023-11-10 22:00:00,39.0
2023-11-10 23:00:00,49.77178
2023-11-11 00:00:00,69.52838
2023-11-11 01:00:00,80.22702
2023-11-11 02:00:00,68.29316
2023-11-11 03:00:00,69.34
2023-11-11 04:00:00,69.05261
2023-11-11 05:00:00,67.44183
2023-11-11 06:00:00,63.93128
2023-11-11 07:00:00,59.82966
2023-11-11 08:00:00,50.66426
2023-11-11 09:00:00,50.11031
2023-11-11 10:00:00,49.21551
2023-11-11 11:00:00,49.31605
2023-11-11 12:00:00,47.7383
2023-11-11 13:00:00,49.26985
2023-11-11 14:00:00,50.61315
2023-11-11 15:00:00,44.38747
2023-11-11 16:00:00,35.25249
2023-11-11 17:00:00,28.0
2023-11-11 18:00:00,25.31223
2023-11-11 19:00:00,20.52738
2023-11-11 20:00:00,11.34974
2023-11-11 21:00:00,8.53489
2023-11-11 22:00:00,21.0
2023-11-11 23:00:00,45.43913
2023-11-12 00:00:00,64.93742
2023-11-12 01:00:00,70.61304
2023-11-12 02:00:00,63.2908
2023-11-12 03:00:00,63.39431
2023-11-12 04:00:00,63.42433
2023-11-12 05:00:00,63.35267
2023-11-12 06:00:00,61.63537
2023-11-12 07:00:00,60.67292
2023-11-12 08:00:00,47.88527
2023-11-12 09:00:00,46.51693
2023-11-12 10:00:00,45.86038
2023-11-12 11:00:00,45.37865
2023-11-12 12:00:00,45.35861
2023-11-12 13:00:00,47.8978
2023-11-12 14:00:00,50.0
2023-11-12 15:00:00,41.77232
2023-11-12 16:00:00,35.0507
2023-11-12 17:00:00,32.01795
2023-11-12 18:00:00,26.51973
2023-11-12 19:00:00,19.2193
2023-11-12 20:00:00,15.86305
2023-11-12 21:00:00,14.4277
2023-11-12 22:00:00,25.22603
2023-11-12 23:00:00,50.48939
2023-11-13 00:00:00,65.63363
2023-11-13 01:00:00,69.37021
2023-11-13 02:00:00,64.74062
2023-11-13 03:00:00,64.39915
2023-11-13 04:00:00,63.68776
2023-11-13 05:00:00,64.18689
2023-11-13 06:00:00,55.56255
2023-11-13 07:00:00,53.34009
2023-11-13 08:00:00,50.76912
2023-11-13 09:00:00,47.62404
2023-11-13 10:00:00,46.37283
2023-11-13 11:00:00,46.28513
2023-11-13 12:00:00,47.4143
2023-11-13 13:00:00,55.53766
2023-11-13 14:00:00,68.56859
2023-11-13 15:00:00,56.71556
2023-11-13 16:00:00,45.79156
2023-11-13 17:00:00,41.33144
2023-11-13 18:00:00,41.83991
2023-11-13 19:00:00,38.10903
2023-11-13 20:00:00,39.83179
2023-11-13 21:00:00,39.3038
2023-11-13 22:00:00,43.15791
2023-11-13 23:00:00,59.8432
2023-11-14 00:00:00,75.9071
2023-11-14 01:00:00,84.91054
2023-11-14 02:00:00,75.66365
2023-11-14 03:00:00,74.59003
2023-11-14 04:00:00,74.10017
2023-11-14 05:00:00,72.22247
2023-11-14 06:00:00,64.97819
2023-11-14 07:00:00,58.34322
2023-11-14 08:00:00,63.44781
2023-11-14 09:00:00,58.41014
2023-11-14 10:00:00,58.39054
2023-11-14 11:00:00,57.71599
2023-11-14 12:00:00,58.3729
2023-11-14 13:00:00,72.35702
2023-11-14 14:00:00,82.36655
2023-11-14 15:00:00,69.02116
2023-11-14 16:00:00,60.0
2023-11-14 17:00:00,57.75959
2023-11-14 18:00:00,56.66473
2023-11-14 19:00:00,49.97421
2023-11-14 20:00:00,49.44199
2023-11-14 21:00:00,49.41139
2023-11-14 22:00:00,52.99448
2023-11-14 23:00:00,67.3138
2023-11-15 00:00:00,84.32417
2023-11-15 01:00:00,91.43603
2023-11-15 02:00:00,83.14394
2023-11-15 03:00:00,82.17046
2023-11-15 04:00:00,81.46
2023-11-15 05:00:00,81.10139
2023-11-15 06:00:00,69.19808
2023-11-15 07:00:00,61.93306
2023-11-15 08:00:00,69.75187
2023-11-15 09:00:00,64.60981
2023-11-15 10:00:00,64.62055
2023-11-15 11:00:00,64.25456
2023-11-15 12:00:00,66.19007
2023-11-15 13:00:00,74.65076
2023-11-15 14:00:00,85.0
2023-11-15 15:00:00,81.02245
2023-11-15 16:00:00,76.0935
2023-11-15 17:00:00,70.33
2023-11-15 18:00:00,63.82423
2023-11-15 19:00:00,61.25381
2023-11-15 20:00:00,61.35404
2023-11-15 21:00:00,62.33133
2023-11-15 22:00:00,68.19094
2023-11-15 23:00:00,87.07798
2023-11-16 00:00:00,92.39706
2023-11-16 01:00:00,92.53095
2023-11-16 02:00:00,87.33831
2023-11-16 03:00:00,84.45863
2023-11-16 04:00:00,86.46089
2023-11-16 05:00:00,80.35895
2023-11-16 06:00:00,70.0
2023-11-16 07:00:00,67.60245
2023-11-16 08:00:00,68.22865
2023-11-16 09:00:00,64.73456
2023-11-16 10:00:00,64.58502
2023-11-16 11:00:00,63.66255
2023-11-16 12:00:00,64.69667
2023-11-16 13:00:00,74.27371
2023-11-16 14:00:00,84.30465
2023-11-16 15:00:00,81.06508
2023-11-16 16:00:00,73.13491
2023-11-16 17:00:00,65.0116
2023-11-16 18:00:00,62.41004
2023-11-16 19:00:00,58.99573
2023-11-16 20:00:00,60.97627
2023-11-16 21:00:00,62.46006
2023-11-16 22:00:00,67.04
2023-11-16 23:00:00,79.58273
2023-11-17 00:00:00,95.0
2023-11-17 01:00:00,95.82623
2023-11-17 02:00:00,92.04999
2023-11-17 03:00:00,90.35073
2023-11-17 04:00:00,88.2619
2023-11-17 05:00:00,87.70537
2023-11-17 06:00:00,79.40051
2023-11-17 07:00:00,69.62379
2023-11-17 08:00:00,67.00213
2023-11-17 09:00:00,61.99693
2023-11-17 10:00:00,61.88591
2023-11-17 11:00:00,61.71035
2023-11-17 12:00:00,62.04115
2023-11-17 13:00:00,70.71969
2023-11-17 14:00:00,81.51833
2023-11-17 15:00:00,72.85455
2023-11-17 16:00:00,68.2598
2023-11-17 17:00:00,66.62237
2023-11-17 18:00:00,64.79
2023-11-17 19:00:00,62.41682
2023-11-17 20:00:00,61.61143
2023-11-17 21:00:00,62.56374
2023-11-17 22:00:00,65.75
2023-11-17 23:00:00,84.78258
2023-11-18 00:00:00,92.33395
2023-11-18 01:00:00,88.87654
2023-11-18 02:00:00,84.97097
2023-11-18 03:00:00,82.89491
2023-11-18 04:00:00,82.77024
2023-11-18 05:00:00,81.31728
2023-11-18 06:00:00,70.0
2023-11-18 07:00:00,70.0
2023-11-18 08:00:00,60.49074
2023-11-18 09:00:00,60.08729
2023-11-18 10:00:00,59.7944
2023-11-18 11:00:00,57.87302
2023-11-18 12:00:00,59.91
2023-11-18 13:00:00,60.06303
2023-11-18 14:00:00,63.52
2023-11-18 15:00:00,59.57142
2023-11-18 16:00:00,58.22308
2023-11-18 17:00:00,59.5438
2023-11-18 18:00:00,55.0
2023-11-18 19:00:00,53.14738
2023-11-18 20:00:00,53.9989
2023-11-18 21:00:00,54.33993
2023-11-18 22:00:00,56.79146
2023-11-18 23:00:00,62.29872
2023-11-19 00:00:00,67.35467
2023-11-19 01:00:00,68.8191
2023-11-19 02:00:00,63.80854
2023-11-19 03:00:00,61.93087
2023-11-19 04:00:00,60.69883
2023-11-19 05:00:00,59.37173
2023-11-19 06:00:00,57.19687
2023-11-19 07:00:00,57.4537
2023-11-19 08:00:00,54.3893
2023-11-19 09:00:00,53.38946
2023-11-19 10:00:00,52.21727
2023-11-19 11:00:00,52.08082
2023-11-19 12:00:00,53.19766
2023-11-19 13:00:00,53.36977
2023-11-19 14:00:00,51.98895
2023-11-19 15:00:00,45.05
2023-11-19 16:00:00,19.54028
2023-11-19 17:00:00,24.12736
2023-11-19 18:00:00,18.84133
2023-11-19 19:00:00,14.23879
2023-11-19 20:00:00,12.07052
2023-11-19 21:00:00,14.6151
2023-11-19 22:00:00,14.87895
2023-11-19 23:00:00,30.0
2023-11-20 00:00:00,62.85774
2023-11-20 01:00:00,64.45177
2023-11-20 02:00:00,62.34323
2023-11-20 03:00:00,62.80225
2023-11-20 04:00:00,62.55793
2023-11-20 05:00:00,61.59014
2023-11-20 06:00:00,62.3914
2023-11-20 07:00:00,61.50581
2023-11-20 08:00:00,62.2636
2023-11-20 09:00:00,57.38373
2023-11-20 10:00:00,53.95912
2023-11-20 11:00:00,53.71826
2023-11-20 12:00:00,58.2108
2023-11-20 13:00:00,65.28162
2023-11-20 14:00:00,71.96058
2023-11-20 15:00:00,62.35498
2023-11-20 16:00:00,60.58284
2023-11-20 17:00:00,51.85113
2023-11-20 18:00:00,50.97774
2023-11-20 19:00:00,48.73377
2023-11-20 20:00:00,47.43678
2023-11-20 21:00:00,45.81386
2023-11-20 22:00:00,49.52277
2023-11-20 23:00:00,56.46477
2023-11-21 00:00:00,77.05747
2023-11-21 01:00:00,79.42955
2023-11-21 02:00:00,77.07162
2023-11-21 03:00:00,75.86
2023-11-21 04:00:00,75.78227
2023-11-21 05:00:00,75.84395
2023-11-21 06:00:00,67.38717
2023-11-21 07:00:00,63.68563
2023-11-21 08:00:00,56.2537
2023-11-21 09:00:00,56.10928
2023-11-21 10:00:00,55.0989
2023-11-21 11:00:00,55.49136
2023-11-21 12:00:00,59.27131
2023-11-21 13:00:00,64.29479
2023-11-21 14:00:00,70.89547
2023-11-21 15:00:00,63.55
2023-11-21 16:00:00,56.66735
2023-11-21 17:00:00,57.44093
2023-11-21 18:00:00,54.91037
2023-11-21 19:00:00,50.62028
2023-11-21 20:00:00,48.88383
2023-11-21 21:00:00,48.19523
2023-11-21 22:00:00,51.41
2023-11-21 23:00:00,64.2567
2023-11-22 00:00:00,79.62562
2023-11-22 01:00:00,80.43429
2023-11-22 02:00:00,74.89845
2023-11-22 03:00:00,74.23408
2023-11-22 04:00:00,72.7713
2023-11-22 05:00:00,72.90538
2023-11-22 06:00:00,65.43829
2023-11-22 07:00:00,61.75329
2023-11-22 08:00:00,56.48889
2023-11-22 09:00:00,53.32548
2023-11-22 10:00:00,52.53616
2023-11-22 11:00:00,52.27151
2023-11-22 12:00:00,57.5932
2023-11-22 13:00:00,61.64522
2023-11-22 14:00:00,63.12863
2023-11-22 15:00:00,60.0
2023-11-22 16:00:00,55.4
2023-11-22 17:00:00,54.23179
2023-11-22 18:00:00,51.80966
2023-11-22 19:00:00,43.09151
2023-11-22 20:00:00,44.703
2023-11-22 21:00:00,42.32033
2023-11-22 22:00:00,52.98747
2023-11-22 23:00:00,61.13556
2023-11-23 00:00:00,72.18531
2023-11-23 01:00:00,71.80044
2023-11-23 02:00:00,69.97746
2023-11-23 03:00:00,68.39756
2023-11-23 04:00:00,68.54014
2023-11-23 05:00:00,67.10997
2023-11-23 06:00:00,60.33918
2023-11-23 07:00:00,58.88
2023-11-23 08:00:00,52.27931
2023-11-23 09:00:00,52.49576
2023-11-23 10:00:00,51.769
2023-11-23 11:00:00,51.32673
2023-11-23 12:00:00,51.23868
2023-11-23 13:00:00,51.36099
2023-11-23 14:00:00,53.5875
2023-11-23 15:00:00,56.59665
2023-11-23 16:00:00,44.97262
2023-11-23 17:00:00,43.9962
2023-11-23 18:00:00,41.84319
2023-11-23 19:00:00,38.02207
2023-11-23 20:00:00,37.11
2023-11-23 21:00:00,40.45083
2023-11-23 22:00:00,41.37058
2023-11-23 23:00:00,53.91544
2023-11-24 00:00:00,55.26044
2023-11-24 01:00:00,54.97488
2023-11-24 02:00:00,53.91319
2023-11-24 03:00:00,54.15999
2023-11-24 04:00:00,53.87944
2023-11-24 05:00:00,53.78607
2023-11-24 06:00:00,53.73837
2023-11-24 07:00:00,53.60669
2023-11-24 08:00:00,45.15177
2023-11-24 09:00:00,46.55976
2023-11-24 10:00:00,45.20402
2023-11-24 11:00:00,45.27105
2023-11-24 12:00:00,49.31365
2023-11-24 13:00:00,50.21719
2023-11-24 14:00:00,55.54367
2023-11-24 15:00:00,50.89027
2023-11-24 16:00:00,40.13094
2023-11-24 17:00:00,35.07903
2023-11-24 18:00:00,32.91879
2023-11-24 19:00:00,30.36878
2023-11-24 20:00:00,27.12367
2023-11-24 21:00:00,28.86301
2023-11-24 22:00:00,36.36423
2023-11-24 23:00:00,51.42863
2023-11-25 00:00:00,60.0
2023-11-25 01:00:00,59.74376
2023-11-25 02:00:00,58.11989
2023-11-25 03:00:00,57.97748
2023-11-25 04:00:00,57.7875
2023-11-25 05:00:00,58.21401
2023-11-25 06:00:00,57.40164
2023-11-25 07:00:00,57.20607
2023-11-25 08:00:00,56.44629
2023-11-25 09:00:00,56.23847
2023-11-25 10:00:00,55.8117
2023-11-25 11:00:00,55.79181
2023-11-25 12:00:00,56.02814
2023-11-25 13:00:00,56.33129
2023-11-25 14:00:00,56.99069
2023-11-25 15:00:00,57.71767
2023-11-25 16:00:00,47.71502
2023-11-25 17:00:00,37.76231
2023-11-25 18:00:00,36.78924
2023-11-25 19:00:00,29.14
2023-11-25 20:00:00,31.25286
2023-11-25 21:00:00,34.31522
2023-11-25 22:00:00,38.42408
2023-11-25 23:00:00,54.08085
2023-11-26 00:00:00,57.40189
2023-11-26 01:00:00,58.79022
2023-11-26 02:00:00,58.55742
2023-11-26 03:00:00,58.35426
2023-11-26 04:00:00,59.28688
2023-11-26 05:00:00,58.02714
2023-11-26 06:00:00,58.19849
2023-11-26 07:00:00,58.04946
2023-11-26 08:00:00,62.45172
2023-11-26 09:00:00,62.4902
2023-11-26 10:00:00,61.51609
2023-11-26 11:00:00,57.83811
2023-11-26 12:00:00,59.7959
2023-11-26 13:00:00,61.65812
2023-11-26 14:00:00,61.74764
2023-11-26 15:00:00,53.92488
2023-11-26 16:00:00,59.55864
2023-11-26 17:00:00,44.33981
2023-11-26 18:00:00,45.78925
2023-11-26 19:00:00,42.7456
2023-11-26 20:00:00,40.0
2023-11-26 21:00:00,41.56519
2023-11-26 22:00:00,40.98418
2023-11-26 23:00:00,51.22108
2023-11-27 00:00:00,64.80662
2023-11-27 01:00:00,65.13649
2023-11-27 02:00:00,64.69891
2023-11-27 03:00:00,65.0417
2023-11-27 04:00:00,64.5405
2023-11-27 05:00:00,64.70368
2023-11-27 06:00:00,63.56399
2023-11-27 07:00:00,59.80312
2023-11-27 08:00:00,59.95644
2023-11-27 09:00:00,57.13467
2023-11-27 10:00:00,57.23046
2023-11-27 11:00:00,56.7228
2023-11-27 12:00:00,60.19293
2023-11-27 13:00:00,67.62127
2023-11-27 14:00:00,77.03287
2023-11-27 15:00:00,72.4464
2023-11-27 16:00:00,71.0294
2023-11-27 17:00:00,61.50509
2023-11-27 18:00:00,60.0
2023-11-27 19:00:00,53.91389
2023-11-27 20:00:00,52.72707
2023-11-27 21:00:00,52.0
2023-11-27 22:00:00,60.88
2023-11-27 23:00:00,60.63
2023-11-28 00:00:00,73.96299
2023-11-28 01:00:00,76.40051
2023-11-28 02:00:00,74.12768
2023-11-28 03:00:00,73.95941
2023-11-28 04:00:00,72.81108
2023-11-28 05:00:00,72.12778
2023-11-28 06:00:00,72.49923
2023-11-28 07:00:00,66.07963
2023-11-28 08:00:00,80.15817
2023-11-28 09:00:00,79.58795
2023-11-28 10:00:00,78.75634
2023-11-28 11:00:00,77.37803
2023-11-28 12:00:00,79.47149
2023-11-28 13:00:00,85.75543
2023-11-28 14:00:00,87.87979
2023-11-28 15:00:00,90.80159
2023-11-28 16:00:00,90.67642
2023-11-28 17:00:00,75.78
2023-11-28 18:00:00,75.42269
2023-11-28 19:00:00,70.23108
2023-11-28 20:00:00,64.88
2023-11-28 21:00:00,61.4377
2023-11-28 22:00:00,74.12979
2023-11-28 23:00:00,79.23803
2023-11-29 00:00:00,86.48374
2023-11-29 01:00:00,88.53676
2023-11-29 02:00:00,87.8225
2023-11-29 03:00:00,87.35709
2023-11-29 04:00:00,88.0
2023-11-29 05:00:00,87.19794
2023-11-29 06:00:00,86.22267
2023-11-29 07:00:00,79.56296
2023-11-29 08:00:00,79.21178
2023-11-29 09:00:00,75.04642
2023-11-29 10:00:00,76.22413
2023-11-29 11:00:00,75.18
2023-11-29 12:00:00,78.85803
2023-11-29 13:00:00,84.44
2023-11-29 14:00:00,93.21861
2023-11-29 15:00:00,93.35802
2023-11-29 16:00:00,100.01191
2023-11-29 17:00:00,87.51337
2023-11-29 18:00:00,79.84838
2023-11-29 19:00:00,80.32155
2023-11-29 20:00:00,74.12329
2023-11-29 21:00:00,73.49787
2023-11-29 22:00:00,80.77228
2023-11-29 23:00:00,85.66046
2023-11-30 00:00:00,89.59376
2023-11-30 01:00:00,88.6528
2023-11-30 02:00:00,89.8156
2023-11-30 03:00:00,88.2484
2023-11-30 04:00:00,89.13903
2023-11-30 05:00:00,86.33755
2023-11-30 06:00:00,82.56076
2023-11-30 07:00:00,75.23691
2023-11-30 08:00:00,64.01
2023-11-30 09:00:00,63.58812
2023-11-30 10:00:00,63.85898
2023-11-30 11:00:00,63.62616
2023-11-30 12:00:00,64.3195
2023-11-30 13:00:00,75.45452
2023-11-30 14:00:00,86.26217
2023-11-30 15:00:00,83.04135
2023-11-30 16:00:00,86.0
2023-11-30 17:00:00,81.78398
2023-11-30 18:00:00,78.0
2023-11-30 19:00:00,72.6213
2023-11-30 20:00:00,69.53298
2023-11-30 21:00:00,70.07377
2023-11-30 22:00:00,73.04804
2023-11-30 23:00:00,78.5866
2023-12-01 00:00:00,87.79024
2023-12-01 01:00:00,88.22263
2023-12-01 02:00:00,86.77276
2023-12-01 03:00:00,86.34757
2023-12-01 04:00:00,85.71634
2023-12-01 05:00:00,84.28252
2023-12-01 06:00:00,81.50655
2023-12-01 07:00:00,73.49093
2023-12-01 08:00:00,57.84392
2023-12-01 09:00:00,57.8817
2023-12-01 10:00:00,57.96432
2023-12-01 11:00:00,56.38399
2023-12-01 12:00:00,57.85129
2023-12-01 13:00:00,71.5947
2023-12-01 14:00:00,79.52421
2023-12-01 15:00:00,69.59224
2023-12-01 16:00:00,63.35995
2023-12-01 17:00:00,59.41394
2023-12-01 18:00:00,53.66893
2023-12-01 19:00:00,49.42969
2023-12-01 20:00:00,46.33016
2023-12-01 21:00:00,46.36956
2023-12-01 22:00:00,49.15566
2023-12-01 23:00:00,55.76308
2023-12-02 00:00:00,73.9057
2023-12-02 01:00:00,73.73904
2023-12-02 02:00:00,72.73372
2023-12-02 03:00:00,72.09561
2023-12-02 04:00:00,72.76682
2023-12-02 05:00:00,72.55349
2023-12-02 06:00:00,70.47596
2023-12-02 07:00:00,59.72726
2023-12-02 08:00:00,51.52673
2023-12-02 09:00:00,48.48949
2023-12-02 10:00:00,48.40182
2023-12-02 11:00:00,48.22102
2023-12-02 12:00:00,48.29586
2023-12-02 13:00:00,55.74401
2023-12-02 14:00:00,58.24094
2023-12-02 15:00:00,53.97368
2023-12-02 16:00:00,46.79881
2023-12-02 17:00:00,46.76
2023-12-02 18:00:00,43.67262
2023-12-02 19:00:00,41.7943
2023-12-02 20:00:00,41.38554
2023-12-02 21:00:00,40.74466
2023-12-02 22:00:00,45.08
2023-12-02 23:00:00,52.4742
2023-12-03 00:00:00,64.24023
2023-12-03 01:00:00,64.55671
2023-12-03 02:00:00,63.31259
2023-12-03 03:00:00,61.29758
2023-12-03 04:00:00,61.33528
2023-12-03 05:00:00,62.45454
2023-12-03 06:00:00,61.88076
2023-12-03 07:00:00,56.25072
2023-12-03 08:00:00,50.66263
2023-12-03 09:00:00,50.35358
2023-12-03 10:00:00,50.0909
2023-12-03 11:00:00,47.69957
2023-12-03 12:00:00,50.95127
2023-12-03 13:00:00,54.31498
2023-12-03 14:00:00,51.91469
2023-12-03 15:00:00,55.40276
2023-12-03 16:00:00,51.64
2023-12-03 17:00:00,47.9493
2023-12-03 18:00:00,46.56073
2023-12-03 19:00:00,44.66983
2023-12-03 20:00:00,44.57188
2023-12-03 21:00:00,44.40261
2023-12-03 22:00:00,52.38122
2023-12-03 23:00:00,55.08
2023-12-04 00:00:00,66.11805
2023-12-04 01:00:00,65.58147
2023-12-04 02:00:00,64.93525
2023-12-04 03:00:00,64.28784
2023-12-04 04:00:00,62.76786
2023-12-04 05:00:00,61.97144
2023-12-04 06:00:00,56.66
2023-12-04 07:00:00,55.22423
2023-12-04 08:00:00,59.88654
2023-12-04 09:00:00,57.37607
2023-12-04 10:00:00,55.35417
2023-12-04 11:00:00,55.2898
2023-12-04 12:00:00,56.32849
2023-12-04 13:00:00,60.16811
2023-12-04 14:00:00,75.79555
2023-12-04 15:00:00,69.06289
2023-12-04 16:00:00,69.99
2023-12-04 17:00:00,62.02549
2023-12-04 18:00:00,55.95206
2023-12-04 19:00:00,55.50025
2023-12-04 20:00:00,54.22716
2023-12-04 21:00:00,54.06707
2023-12-04 22:00:00,58.76692
2023-12-04 23:00:00,64.42358
2023-12-05 00:00:00,79.60521
2023-12-05 01:00:00,80.94093
2023-12-05 02:00:00,78.42096
2023-12-05 03:00:00,76.29555
2023-12-05 04:00:00,75.34264
2023-12-05 05:00:00,74.27513
2023-12-05 06:00:00,65.24455
2023-12-05 07:00:00,60.55107
2023-12-05 08:00:00,51.0381
2023-12-05 09:00:00,49.64273
2023-12-05 10:00:00,49.26645
2023-12-05 11:00:00,49.2509
2023-12-05 12:00:00,49.56601
2023-12-05 13:00:00,56.52499
2023-12-05 14:00:00,72.66245
2023-12-05 15:00:00,65.26118
2023-12-05 16:00:00,70.50477
2023-12-05 17:00:00,69.38014
2023-12-05 18:00:00,65.58
2023-12-05 19:00:00,62.39581
2023-12-05 20:00:00,60.88
2023-12-05 21:00:00,60.5951
2023-12-05 22:00:00,66.88
2023-12-05 23:00:00,70.97267
2023-12-06 00:00:00,76.25973
2023-12-06 01:00:00,77.35363
2023-12-06 02:00:00,70.23734
2023-12-06 03:00:00,70.34799
2023-12-06 04:00:00,70.57527
2023-12-06 05:00:00,69.68787
2023-12-06 06:00:00,59.87961
2023-12-06 07:00:00,55.71548
2023-12-06 08:00:00,53.56817
2023-12-06 09:00:00,51.89484
2023-12-06 10:00:00,51.37735
2023-12-06 11:00:00,51.51892
2023-12-06 12:00:00,52.16429
2023-12-06 13:00:00,59.91864
2023-12-06 14:00:00,72.61951
2023-12-06 15:00:00,75.21093
2023-12-06 16:00:00,74.34939
2023-12-06 17:00:00,73.56852
2023-12-06 18:00:00,70.09327
2023-12-06 19:00:00,57.09964
2023-12-06 20:00:00,55.31728
2023-12-06 21:00:00,57.44
2023-12-06 22:00:00,71.08541
2023-12-06 23:00:00,66.92
2023-12-07 00:00:00,70.12877
2023-12-07 01:00:00,68.61149
2023-12-07 02:00:00,62.65032
2023-12-07 03:00:00,63.23816
2023-12-07 04:00:00,62.23966
2023-12-07 05:00:00,61.6075
2023-12-07 06:00:00,54.76229
2023-12-07 07:00:00,54.37471
2023-12-07 08:00:00,49.76144
2023-12-07 09:00:00,45.52982
2023-12-07 10:00:00,45.80449
2023-12-07 11:00:00,45.97033
2023-12-07 12:00:00,46.23467
2023-12-07 13:00:00,52.33395
2023-12-07 14:00:00,65.13418
2023-12-07 15:00:00,53.96414
2023-12-07 16:00:00,60.41953
2023-12-07 17:00:00,57.82111
2023-12-07 18:00:00,62.17092
2023-12-07 19:00:00,55.18641
2023-12-07 20:00:00,54.83971
2023-12-07 21:00:00,58.35796
2023-12-07 22:00:00,63.56163
2023-12-07 23:00:00,56.3873
2023-12-08 00:00:00,63.11474
2023-12-08 01:00:00,65.42056
2023-12-08 02:00:00,60.18673
2023-12-08 03:00:00,59.63467
2023-12-08 04:00:00,58.55932
2023-12-08 05:00:00,58.53279
2023-12-08 06:00:00,55.67182
2023-12-08 07:00:00,55.05673
2023-12-08 08:00:00,48.6258
2023-12-08 09:00:00,46.92
2023-12-08 10:00:00,45.03419
2023-12-08 11:00:00,44.79214
2023-12-08 12:00:00,44.7496
2023-12-08 13:00:00,48.15352
2023-12-08 14:00:00,63.89229
2023-12-08 15:00:00,65.90261
2023-12-08 16:00:00,64.00502
2023-12-08 17:00:00,59.85556
2023-12-08 18:00:00,54.56438
2023-12-08 19:00:00,46.00333
2023-12-08 20:00:00,45.44
2023-12-08 21:00:00,46.8669
2023-12-08 22:00:00,53.84482
2023-12-08 23:00:00,60.74568
2023-12-09 00:00:00,64.327
2023-12-09 01:00:00,66.26663
2023-12-09 02:00:00,64.9438
2023-12-09 03:00:00,65.52248
2023-12-09 04:00:00,65.42019
2023-12-09 05:00:00,65.58384
2023-12-09 06:00:00,64.16378
2023-12-09 07:00:00,59.73934
2023-12-09 08:00:00,47.5058
2023-12-09 09:00:00,47.81526
2023-12-09 10:00:00,47.72744
2023-12-09 11:00:00,45.16056
2023-12-09 12:00:00,45.0702
2023-12-09 13:00:00,49.08857
2023-12-09 14:00:00,58.55438
2023-12-09 15:00:00,49.70896
2023-12-09 16:00:00,44.94186
2023-12-09 17:00:00,42.06492
2023-12-09 18:00:00,40.77142
2023-12-09 19:00:00,38.09619
2023-12-09 20:00:00,39.1308
2023-12-09 21:00:00,40.0
2023-12-09 22:00:00,41.47119
2023-12-09 23:00:00,43.21579
2023-12-10 00:00:00,61.13116
2023-12-10 01:00:00,61.73214
2023-12-10 02:00:00,58.77493
2023-12-10 03:00:00,57.87735
2023-12-10 04:00:00,58.38119
2023-12-10 05:00:00,58.48975
2023-12-10 06:00:00,57.69015
2023-12-10 07:00:00,55.62275
2023-12-10 08:00:00,47.74046
2023-12-10 09:00:00,46.64939
2023-12-10 10:00:00,46.93225
2023-12-10 11:00:00,45.88
2023-12-10 12:00:00,47.01058
2023-12-10 13:00:00,48.66
2023-12-10 14:00:00,50.71
2023-12-10 15:00:00,47.6746
2023-12-10 16:00:00,47.49887
2023-12-10 17:00:00,45.12838
2023-12-10 18:00:00,42.52163
2023-12-10 19:00:00,41.31354
2023-12-10 20:00:00,40.31265
2023-12-10 21:00:00,40.70219
2023-12-10 22:00:00,42.14597
2023-12-10 23:00:00,51.13981
2023-12-11 00:00:00,62.04846
2023-12-11 01:00:00,64.3067
2023-12-11 02:00:00,61.80728
2023-12-11 03:00:00,62.27012
2023-12-11 04:00:00,61.05888
2023-12-11 05:00:00,61.2062
2023-12-11 06:00:00,59.12844
2023-12-11 07:00:00,54.46387
2023-12-11 08:00:00,55.96248
2023-12-11 09:00:00,53.4258
2023-12-11 10:00:00,53.20478
2023-12-11 11:00:00,52.84892
2023-12-11 12:00:00,58.66273
2023-12-11 13:00:00,66.44396
2023-12-11 14:00:00,73.47288
2023-12-11 15:00:00,73.09142
2023-12-11 16:00:00,58.28438
2023-12-11 17:00:00,48.88136
2023-12-11 18:00:00,47.19003
2023-12-11 19:00:00,45.26651
2023-12-11 20:00:00,44.36411
2023-12-11 21:00:00,46.18875
2023-12-11 22:00:00,47.45527
2023-12-11 23:00:00,66.22327
2023-12-12 00:00:00,73.26095
2023-12-12 01:00:00,75.08
2023-12-12 02:00:00,72.70489
2023-12-12 03:00:00,72.55515
2023-12-12 04:00:00,72.12169
2023-12-12 05:00:00,71.26269
2023-12-12 06:00:00,66.73203
2023-12-12 07:00:00,61.015
2023-12-12 08:00:00,53.62873
2023-12-12 09:00:00,53.19888
2023-12-12 10:00:00,53.2132
2023-12-12 11:00:00,53.36423
2023-12-12 12:00:00,56.23467
2023-12-12 13:00:00,69.4967
2023-12-12 14:00:00,72.98795
2023-12-12 15:00:00,71.57577
2023-12-12 16:00:00,63.97976
2023-12-12 17:00:00,48.69755
2023-12-12 18:00:00,45.88
2023-12-12 19:00:00,45.00823
2023-12-12 20:00:00,44.13302
2023-12-12 21:00:00,43.28364
2023-12-12 22:00:00,46.35
2023-12-12 23:00:00,62.04
2023-12-13 00:00:00,70.46204
2023-12-13 01:00:00,69.33056
2023-12-13 02:00:00,67.86098
2023-12-13 03:00:00,70.17242
2023-12-13 04:00:00,69.80444
2023-12-13 05:00:00,68.21913
2023-12-13 06:00:00,66.22039
2023-12-13 07:00:00,63.94706
2023-12-13 08:00:00,58.77
2023-12-13 09:00:00,56.97949
2023-12-13 10:00:00,56.72306
2023-12-13 11:00:00,57.01956
2023-12-13 12:00:00,58.77
2023-12-13 13:00:00,70.51197
2023-12-13 14:00:00,75.40952
2023-12-13 15:00:00,71.971
2023-12-13 16:00:00,57.14208
2023-12-13 17:00:00,45.82869
2023-12-13 18:00:00,44.73156
2023-12-13 19:00:00,44.55741
2023-12-13 20:00:00,42.14674
2023-12-13 21:00:00,42.41169
2023-12-13 22:00:00,45.03403
2023-12-13 23:00:00,56.67598
2023-12-14 00:00:00,73.2868
2023-12-14 01:00:00,75.44168
2023-12-14 02:00:00,73.29559
2023-12-14 03:00:00,73.60406
2023-12-14 04:00:00,73.17581
2023-12-14 05:00:00,71.965
2023-12-14 06:00:00,71.92233
2023-12-14 07:00:00,68.77908
2023-12-14 08:00:00,61.1448
2023-12-14 09:00:00,59.53486
2023-12-14 10:00:00,59.24968
2023-12-14 11:00:00,59.05099
2023-12-14 12:00:00,62.84348
2023-12-14 13:00:00,71.58396
2023-12-14 14:00:00,77.0
2023-12-14 15:00:00,73.64788
2023-12-14 16:00:00,58.24
2023-12-14 17:00:00,54.64
2023-12-14 18:00:00,50.38874
2023-12-14 19:00:00,48.90255
2023-12-14 20:00:00,46.767
2023-12-14 21:00:00,50.0
2023-12-14 22:00:00,50.0869
2023-12-14 23:00:00,63.87004
2023-12-15 00:00:00,75.02502
2023-12-15 01:00:00,76.30855
2023-12-15 02:00:00,74.90452
2023-12-15 03:00:00,75.03983
2023-12-15 04:00:00,74.61146
2023-12-15 05:00:00,73.80797
2023-12-15 06:00:00,73.19104
2023-12-15 07:00:00,68.74757
2023-12-15 08:00:00,58.42594
2023-12-15 09:00:00,57.25767
2023-12-15 10:00:00,56.32762
2023-12-15 11:00:00,56.37915
2023-12-15 12:00:00,58.49537
2023-12-15 13:00:00,65.41614
2023-12-15 14:00:00,74.26566
2023-12-15 15:00:00,69.36183
2023-12-15 16:00:00,51.10866
2023-12-15 17:00:00,50.52895
2023-12-15 18:00:00,46.02415
2023-12-15 19:00:00,43.49237
2023-12-15 20:00:00,42.84603
2023-12-15 21:00:00,43.93773
2023-12-15 22:00:00,45.95704
2023-12-15 23:00:00,58.98715
2023-12-16 00:00:00,70.17466
2023-12-16 01:00:00,73.26443
2023-12-16 02:00:00,70.37902
2023-12-16 03:00:00,70.09598
2023-12-16 04:00:00,69.83994
2023-12-16 05:00:00,69.9584
2023-12-16 06:00:00,67.5711
2023-12-16 07:00:00,65.44387
2023-12-16 08:00:00,59.15945
2023-12-16 09:00:00,56.65851
2023-12-16 10:00:00,57.71554
2023-12-16 11:00:00,56.85266
2023-12-16 12:00:00,56.2302
2023-12-16 13:00:00,57.96083
2023-12-16 14:00:00,60.0
2023-12-16 15:00:00,56.39118
2023-12-16 16:00:00,47.41777
2023-12-16 17:00:00,41.98331
2023-12-16 18:00:00,38.86308
2023-12-16 19:00:00,34.64761
2023-12-16 20:00:00,31.73579
2023-12-16 21:00:00,30.18479
2023-12-16 22:00:00,38.74253
2023-12-16 23:00:00,45.14792
2023-12-17 00:00:00,62.18622
2023-12-17 01:00:00,63.55053
2023-12-17 02:00:00,60.20035
2023-12-17 03:00:00,59.73453
2023-12-17 04:00:00,59.72537
2023-12-17 05:00:00,59.69362
2023-12-17 06:00:00,59.29765
2023-12-17 07:00:00,55.84929
2023-12-17 08:00:00,53.0072
2023-12-17 09:00:00,51.95195
2023-12-17 10:00:00,47.92978
2023-12-17 11:00:00,48.32749
2023-12-17 12:00:00,50.63771
2023-12-17 13:00:00,49.39159
2023-12-17 14:00:00,54.52766
2023-12-17 15:00:00,49.28627
2023-12-17 16:00:00,49.58478
2023-12-17 17:00:00,45.46826
2023-12-17 18:00:00,44.9905
2023-12-17 19:00:00,44.82077
2023-12-17 20:00:00,44.18277
2023-12-17 21:00:00,45.67718
2023-12-17 22:00:00,46.94
2023-12-17 23:00:00,60.0
2023-12-18 00:00:00,63.87617
2023-12-18 01:00:00,64.04591
2023-12-18 02:00:00,63.24654
2023-12-18 03:00:00,63.09758
2023-12-18 04:00:00,62.61566
2023-12-18 05:00:00,61.505
2023-12-18 06:00:00,60.35701
2023-12-18 07:00:00,56.26764
2023-12-18 08:00:00,58.21616
2023-12-18 09:00:00,54.31537
2023-12-18 10:00:00,54.80292
2023-12-18 11:00:00,54.11461
2023-12-18 12:00:00,54.14403
2023-12-18 13:00:00,59.35511
2023-12-18 14:00:00,63.69713
2023-12-18 15:00:00,70.65075
2023-12-18 16:00:00,62.11156
2023-12-18 17:00:00,59.79365
2023-12-18 18:00:00,57.96521
2023-12-18 19:00:00,55.21339
2023-12-18 20:00:00,55.14945
2023-12-18 21:00:00,57.94197
2023-12-18 22:00:00,58.85018
2023-12-18 23:00:00,70.46844
2023-12-19 00:00:00,72.53487
2023-12-19 01:00:00,72.74923
2023-12-19 02:00:00,70.24564
2023-12-19 03:00:00,68.46892
2023-12-19 04:00:00,64.89527
2023-12-19 05:00:00,62.23713
2023-12-19 06:00:00,60.0
2023-12-19 07:00:00,56.41125
2023-12-19 08:00:00,44.76739
2023-12-19 09:00:00,44.04511
2023-12-19 10:00:00,44.02683
2023-12-19 11:00:00,43.88566
2023-12-19 12:00:00,44.31939
2023-12-19 13:00:00,48.36412
2023-12-19 14:00:00,53.84036
2023-12-19 15:00:00,55.46568
2023-12-19 16:00:00,54.24214
2023-12-19 17:00:00,46.02131
2023-12-19 18:00:00,45.55985
2023-12-19 19:00:00,44.55388
2023-12-19 20:00:00,44.51
2023-12-19 21:00:00,46.85046
2023-12-19 22:00:00,45.73411
2023-12-19 23:00:00,58.74024
2023-12-20 00:00:00,62.32215
2023-12-20 01:00:00,63.7525
2023-12-20 02:00:00,63.24707
2023-12-20 03:00:00,62.37427
2023-12-20 04:00:00,60.54229
2023-12-20 05:00:00,60.0
2023-12-20 06:00:00,52.04561
2023-12-20 07:00:00,51.54764
2023-12-20 08:00:00,46.27925
2023-12-20 09:00:00,45.30718
2023-12-20 10:00:00,45.25476
2023-12-20 11:00:00,44.94487
2023-12-20 12:00:00,46.04901
2023-12-20 13:00:00,52.5916
2023-12-20 14:00:00,54.90242
2023-12-20 15:00:00,53.67439
2023-12-20 16:00:00,50.08708
2023-12-20 17:00:00,54.36798
2023-12-20 18:00:00,51.89682
2023-12-20 19:00:00,50.95723
2023-12-20 20:00:00,47.50452
2023-12-20 21:00:00,51.78915
2023-12-20 22:00:00,53.18746
2023-12-20 23:00:00,57.5369
2023-12-21 00:00:00,64.32849
2023-12-21 01:00:00,64.48225
2023-12-21 02:00:00,62.47408
2023-12-21 03:00:00,60.94849
2023-12-21 04:00:00,60.67094
2023-12-21 05:00:00,59.30903
2023-12-21 06:00:00,52.36576
2023-12-21 07:00:00,51.53253
2023-12-21 08:00:00,44.83347
2023-12-21 09:00:00,42.83532
2023-12-21 10:00:00,42.84388
2023-12-21 11:00:00,42.90429
2023-12-21 12:00:00,42.95871
2023-12-21 13:00:00,50.39488
2023-12-21 14:00:00,52.32196
2023-12-21 15:00:00,52.38132
2023-12-21 16:00:00,46.83864
2023-12-21 17:00:00,45.26984
2023-12-21 18:00:00,44.42045
2023-12-21 19:00:00,44.37362
2023-12-21 20:00:00,44.04087
2023-12-21 21:00:00,43.88
2023-12-21 22:00:00,44.72
2023-12-21 23:00:00,50.83
2023-12-22 00:00:00,57.9963
2023-12-22 01:00:00,58.9114
2023-12-22 02:00:00,55.95
2023-12-22 03:00:00,55.56574
2023-12-22 04:00:00,55.17486
2023-12-22 05:00:00,52.73702
2023-12-22 06:00:00,52.41096
2023-12-22 07:00:00,48.5242
2023-12-22 08:00:00,43.74209
2023-12-22 09:00:00,41.45699
2023-12-22 10:00:00,41.27746
2023-12-22 11:00:00,40.79885
2023-12-22 12:00:00,41.83817
2023-12-22 13:00:00,48.93915
2023-12-22 14:00:00,51.52271
2023-12-22 15:00:00,52.15135
2023-12-22 16:00:00,51.19872
2023-12-22 17:00:00,43.51138
2023-12-22 18:00:00,43.61744
2023-12-22 19:00:00,41.16753
2023-12-22 20:00:00,39.34412
2023-12-22 21:00:00,39.51905
2023-12-22 22:00:00,39.28242
2023-12-22 23:00:00,42.85016
2023-12-23 00:00:00,50.35427
2023-12-23 01:00:00,52.33474
2023-12-23 02:00:00,46.90834
2023-12-23 03:00:00,47.78658
2023-12-23 04:00:00,47.36869
2023-12-23 05:00:00,47.10747
2023-12-23 06:00:00,42.92034
2023-12-23 07:00:00,41.9877
2023-12-23 08:00:00,38.80561
2023-12-23 09:00:00,37.94475
2023-12-23 10:00:00,37.57254
2023-12-23 11:00:00,36.87
2023-12-23 12:00:00,37.0
2023-12-23 13:00:00,40.48918
2023-12-23 14:00:00,43.86542
2023-12-23 15:00:00,49.16918
2023-12-23 16:00:00,49.21746
2023-12-23 17:00:00,44.98206
2023-12-23 18:00:00,40.64693
2023-12-23 19:00:00,40.5
2023-12-23 20:00:00,40.29551
2023-12-23 21:00:00,41.09889
2023-12-23 22:00:00,40.22199
2023-12-23 23:00:00,40.9946
2023-12-24 00:00:00,50.25942
2023-12-24 01:00:00,50.76582
2023-12-24 02:00:00,50.7469
2023-12-24 03:00:00,49.71293
2023-12-24 04:00:00,50.4945
2023-12-24 05:00:00,50.88921
2023-12-24 06:00:00,50.05223
2023-12-24 07:00:00,50.02137
2023-12-24 08:00:00,42.79914
2023-12-24 09:00:00,42.48814
2023-12-24 10:00:00,41.39359
2023-12-24 11:00:00,41.91349
2023-12-24 12:00:00,43.14098
2023-12-24 13:00:00,44.04577
2023-12-24 14:00:00,46.96518
2023-12-24 15:00:00,41.90828
2023-12-24 16:00:00,41.66542
2023-12-24 17:00:00,44.4649
2023-12-24 18:00:00,43.55609
2023-12-24 19:00:00,41.62471
2023-12-24 20:00:00,39.6892
2023-12-24 21:00:00,41.48084
2023-12-24 22:00:00,41.89213
2023-12-24 23:00:00,42.14796
2023-12-25 00:00:00,51.16149
2023-12-25 01:00:00,50.88985
2023-12-25 02:00:00,51.51346
2023-12-25 03:00:00,51.28381
2023-12-25 04:00:00,51.46992
2023-12-25 05:00:00,51.27189
2023-12-25 06:00:00,50.96781
2023-12-25 07:00:00,50.7591
2023-12-25 08:00:00,49.74176
2023-12-25 09:00:00,48.00248
2023-12-25 10:00:00,45.0015
2023-12-25 11:00:00,44.31077
2023-12-25 12:00:00,48.11178
2023-12-25 13:00:00,49.81222
2023-12-25 14:00:00,52.03107
2023-12-25 15:00:00,41.35896
2023-12-25 16:00:00,46.76576
2023-12-25 17:00:00,39.21791
2023-12-25 18:00:00,37.46661
2023-12-25 19:00:00,36.08
2023-12-25 20:00:00,35.45025
2023-12-25 21:00:00,37.54454
2023-12-25 22:00:00,38.78682
2023-12-25 23:00:00,50.68457
2023-12-26 00:00:00,51.29641
2023-12-26 01:00:00,52.1122
2023-12-26 02:00:00,50.27347
2023-12-26 03:00:00,51.13493
2023-12-26 04:00:00,51.1373
2023-12-26 05:00:00,51.04034
2023-12-26 06:00:00,49.95804
2023-12-26 07:00:00,48.46475
2023-12-26 08:00:00,47.391
2023-12-26 09:00:00,41.89916
2023-12-26 10:00:00,42.0848
2023-12-26 11:00:00,41.85975
2023-12-26 12:00:00,45.25174
2023-12-26 13:00:00,47.95225
2023-12-26 14:00:00,50.37636
2023-12-26 15:00:00,51.04293
2023-12-26 16:00:00,46.44535
2023-12-26 17:00:00,44.72708
2023-12-26 18:00:00,41.06888
2023-12-26 19:00:00,40.4572
2023-12-26 20:00:00,41.10981
2023-12-26 21:00:00,41.53547
2023-12-26 22:00:00,41.77087
2023-12-26 23:00:00,46.20688
2023-12-27 00:00:00,54.99109
2023-12-27 01:00:00,57.25741
2023-12-27 02:00:00,55.71784
2023-12-27 03:00:00,54.41158
2023-12-27 04:00:00,53.23799
2023-12-27 05:00:00,52.45035
2023-12-27 06:00:00,52.04005
2023-12-27 07:00:00,45.87589
2023-12-27 08:00:00,42.94562
2023-12-27 09:00:00,41.3081
2023-12-27 10:00:00,40.25552
2023-12-27 11:00:00,40.23005
2023-12-27 12:00:00,40.71311
2023-12-27 13:00:00,46.69339
2023-12-27 14:00:00,50.05077
2023-12-27 15:00:00,49.34511
2023-12-27 16:00:00,41.76483
2023-12-27 17:00:00,41.67103
2023-12-27 18:00:00,41.73628
2023-12-27 19:00:00,40.82786
2023-12-27 20:00:00,45.15319
2023-12-27 21:00:00,48.78263
2023-12-27 22:00:00,48.74592
2023-12-27 23:00:00,47.71472
2023-12-28 00:00:00,52.69563
2023-12-28 01:00:00,55.08
2023-12-28 02:00:00,51.91115
2023-12-28 03:00:00,51.85292
2023-12-28 04:00:00,50.98642
2023-12-28 05:00:00,50.0
2023-12-28 06:00:00,47.92384
2023-12-28 07:00:00,44.13339
2023-12-28 08:00:00,46.54298
2023-12-28 09:00:00,42.14193
2023-12-28 10:00:00,44.54479
2023-12-28 11:00:00,41.56264
2023-12-28 12:00:00,44.67835
2023-12-28 13:00:00,49.71154
2023-12-28 14:00:00,50.63843
2023-12-28 15:00:00,49.50982
2023-12-28 16:00:00,40.88771
2023-12-28 17:00:00,44.44647
2023-12-28 18:00:00,40.44267
2023-12-28 19:00:00,39.08
2023-12-28 20:00:00,38.03791
2023-12-28 21:00:00,38.02839
2023-12-28 22:00:00,40.82998
2023-12-28 23:00:00,44.23295
2023-12-29 00:00:00,53.87808
2023-12-29 01:00:00,54.35111
2023-12-29 02:00:00,54.54111
2023-12-29 03:00:00,54.17089
2023-12-29 04:00:00,53.49974
2023-12-29 05:00:00,53.16827
2023-12-29 06:00:00,52.78415
2023-12-29 07:00:00,49.67088
2023-12-29 08:00:00,46.40215
2023-12-29 09:00:00,42.59373
2023-12-29 10:00:00,40.62607
2023-12-29 11:00:00,40.0705
2023-12-29 12:00:00,40.45272
2023-12-29 13:00:00,46.68461
2023-12-29 14:00:00,48.25084
2023-12-29 15:00:00,47.29446
2023-12-29 16:00:00,41.35068
2023-12-29 17:00:00,40.7449
2023-12-29 18:00:00,39.50489
2023-12-29 19:00:00,38.90462
2023-12-29 20:00:00,38.35106
2023-12-29 21:00:00,38.22723
2023-12-29 22:00:00,39.64085
2023-12-29 23:00:00,42.0
2023-12-30 00:00:00,51.0385
2023-12-30 01:00:00,53.86864
2023-12-30 02:00:00,51.4325
2023-12-30 03:00:00,50.92566
2023-12-30 04:00:00,50.4496
2023-12-30 05:00:00,50.09364
2023-12-30 06:00:00,49.95372
2023-12-30 07:00:00,47.89983
2023-12-30 08:00:00,44.77776
2023-12-30 09:00:00,44.6958
2023-12-30 10:00:00,44.70544
2023-12-30 11:00:00,44.36058
2023-12-30 12:00:00,43.04813
2023-12-30 13:00:00,41.01768
2023-12-30 14:00:00,42.95574
2023-12-30 15:00:00,41.21642
2023-12-30 16:00:00,40.94992
2023-12-30 17:00:00,41.79324
2023-12-30 18:00:00,39.58466
2023-12-30 19:00:00,39.72034
2023-12-30 20:00:00,38.05512
2023-12-30 21:00:00,37.95414
2023-12-30 22:00:00,37.60758
2023-12-30 23:00:00,45.07897
2023-12-31 00:00:00,46.56873
2023-12-31 01:00:00,46.73299
2023-12-31 02:00:00,46.31299
2023-12-31 03:00:00,46.31992
2023-12-31 04:00:00,46.35855
2023-12-31 05:00:00,45.94723
2023-12-31 06:00:00,45.14751
2023-12-31 07:00:00,45.55191
2023-12-31 08:00:00,44.48052
2023-12-31 09:00:00,43.05218
2023-12-31 10:00:00,40.78047
2023-12-31 11:00:00,40.26228
2023-12-31 12:00:00,41.05127
2023-12-31 13:00:00,40.58329
2023-12-31 14:00:00,40.85798
2023-12-31 15:00:00,41.47247
2023-12-31 16:00:00,40.24824
2023-12-31 17:00:00,42.9
2023-12-31 18:00:00,43.1839
2023-12-31 19:00:00,42.90684
2023-12-31 20:00:00,41.2038
2023-12-31 21:00:00,40.78711
2023-12-31 22:00:00,41.09406
2023-12-31 23:00:00,44.13915
2024-01-01 00:00:00,50.00157
2024-01-01 01:00:00,51.44539
2024-01-01 02:00:00,50.17015
2024-01-01 03:00:00,50.05301
2024-01-01 04:00:00,50.08335
2024-01-01 05:00:00,49.23503
2024-01-01 06:00:00,46.34927
2024-01-01 07:00:00,45.81851
2024-01-01 08:00:00,46.75774
2024-01-01 09:00:00,46.04052
2024-01-01 10:00:00,45.13062
2024-01-01 11:00:00,44.93121
2024-01-01 12:00:00,44.5526
2024-01-01 13:00:00,42.91674
2024-01-01 14:00:00,44.73499
2024-01-01 15:00:00,47.48284
2024-01-01 16:00:00,43.93622
2024-01-01 17:00:00,39.24842
2024-01-01 18:00:00,37.15188
2024-01-01 19:00:00,36.05065
2024-01-01 20:00:00,33.53185
2024-01-01 21:00:00,33.6095
2024-01-01 22:00:00,35.40792
2024-01-01 23:00:00,40.18776
2024-01-02 00:00:00,49.74562
2024-01-02 01:00:00,50.31054
2024-01-02 02:00:00,50.66406
2024-01-02 03:00:00,50.76416
2024-01-02 04:00:00,50.55239
2024-01-02 05:00:00,49.63764
2024-01-02 06:00:00,49.61554
2024-01-02 07:00:00,46.8524
2024-01-02 08:00:00,45.29555
2024-01-02 09:00:00,44.68259
2024-01-02 10:00:00,44.41664
2024-01-02 11:00:00,44.62938
2024-01-02 12:00:00,44.87594
2024-01-02 13:00:00,48.24863
2024-01-02 14:00:00,56.83304
2024-01-02 15:00:00,59.02525
2024-01-02 16:00:00,48.589
2024-01-02 17:00:00,48.83333
2024-01-02 18:00:00,44.66
2024-01-02 19:00:00,44.07506
2024-01-02 20:00:00,43.77
2024-01-02 21:00:00,43.12718
2024-01-02 22:00:00,41.4485
2024-01-02 23:00:00,48.15572
2024-01-03 00:00:00,56.27077
2024-01-03 01:00:00,58.49384
2024-01-03 02:00:00,56.7112
2024-01-03 03:00:00,56.49621
2024-01-03 04:00:00,55.44622
2024-01-03 05:00:00,55.35299
2024-01-03 06:00:00,48.55557
2024-01-03 07:00:00,47.7939
2024-01-03 08:00:00,49.55488
2024-01-03 09:00:00,49.14402
2024-01-03 10:00:00,45.95313
2024-01-03 11:00:00,45.3625
2024-01-03 12:00:00,44.95763
2024-01-03 13:00:00,49.48693
2024-01-03 14:00:00,52.96294
2024-01-03 15:00:00,54.49137
2024-01-03 16:00:00,52.0
2024-01-03 17:00:00,50.61983
2024-01-03 18:00:00,47.8451
2024-01-03 19:00:00,46.88958
2024-01-03 20:00:00,44.1662
2024-01-03 21:00:00,42.15815
2024-01-03 22:00:00,44.71
2024-01-03 23:00:00,50.66467
2024-01-04 00:00:00,56.33593
2024-01-04 01:00:00,58.14
2024-01-04 02:00:00,55.5206
2024-01-04 03:00:00,54.8842
2024-01-04 04:00:00,53.99575
2024-01-04 05:00:00,53.75654
2024-01-04 06:00:00,49.96903
2024-01-04 07:00:00,48.46997
2024-01-04 08:00:00,47.10398
2024-01-04 09:00:00,46.19858
2024-01-04 10:00:00,46.05126
2024-01-04 11:00:00,45.43076
2024-01-04 12:00:00,46.18844
2024-01-04 13:00:00,51.88243
2024-01-04 14:00:00,59.83779
2024-01-04 15:00:00,55.72702
2024-01-04 16:00:00,47.52
2024-01-04 17:00:00,49.83225
2024-01-04 18:00:00,45.87733
2024-01-04 19:00:00,45.74246
2024-01-04 20:00:00,42.69
2024-01-04 21:00:00,42.70275
2024-01-04 22:00:00,44.47736
2024-01-04 23:00:00,45.82916
2024-01-05 00:00:00,62.25413
2024-01-05 01:00:00,62.80086
2024-01-05 02:00:00,62.47471
2024-01-05 03:00:00,62.77699
2024-01-05 04:00:00,62.417
2024-01-05 05:00:00,62.01102
2024-01-05 06:00:00,61.65325
2024-01-05 07:00:00,60.83348
2024-01-05 08:00:00,66.72888
2024-01-05 09:00:00,59.39367
2024-01-05 10:00:00,59.3326
2024-01-05 11:00:00,58.59925
2024-01-05 12:00:00,59.77646
2024-01-05 13:00:00,66.56927
2024-01-05 14:00:00,75.4827
2024-01-05 15:00:00,70.67658
2024-01-05 16:00:00,59.61866
2024-01-05 17:00:00,56.44858
2024-01-05 18:00:00,53.37996
2024-01-05 19:00:00,51.93479
2024-01-05 20:00:00,52.02414
2024-01-05 21:00:00,51.60233
2024-01-05 22:00:00,52.026
2024-01-05 23:00:00,57.28287
2024-01-06 00:00:00,74.2739
2024-01-06 01:00:00,75.0623
2024-01-06 02:00:00,74.93062
2024-01-06 03:00:00,74.63178
2024-01-06 04:00:00,74.95613
2024-01-06 05:00:00,74.31864
2024-01-06 06:00:00,73.60605
2024-01-06 07:00:00,73.46479
2024-01-06 08:00:00,68.92343
2024-01-06 09:00:00,68.52772
2024-01-06 10:00:00,68.17277
2024-01-06 11:00:00,67.7039
2024-01-06 12:00:00,66.34228
2024-01-06 13:00:00,69.36763
2024-01-06 14:00:00,69.6185
2024-01-06 15:00:00,68.4024
2024-01-06 16:00:00,68.5377
2024-01-06 17:00:00,65.0
2024-01-06 18:00:00,67.0
2024-01-06 19:00:00,62.93687
2024-01-06 20:00:00,60.73
2024-01-06 21:00:00,60.91272
2024-01-06 22:00:00,68.0
2024-01-06 23:00:00,69.52177
2024-01-07 00:00:00,68.59588
2024-01-07 01:00:00,69.14629
2024-01-07 02:00:00,69.38743
2024-01-07 03:00:00,68.13528
2024-01-07 04:00:00,67.68546
2024-01-07 05:00:00,68.58111
2024-01-07 06:00:00,68.45273
2024-01-07 07:00:00,67.03924
2024-01-07 08:00:00,72.13162
2024-01-07 09:00:00,67.16489
2024-01-07 10:00:00,64.00802
2024-01-07 11:00:00,63.14072
2024-01-07 12:00:00,64.62
2024-01-07 13:00:00,71.25783
2024-01-07 14:00:00,73.15562
2024-01-07 15:00:00,73.28
2024-01-07 16:00:00,66.43132
2024-01-07 17:00:00,57.0
2024-01-07 18:00:00,57.49586
2024-01-07 19:00:00,54.44079
2024-01-07 20:00:00,54.26074
2024-01-07 21:00:00,54.97966
2024-01-07 22:00:00,54.41747
2024-01-07 23:00:00,62.60668
2024-01-08 00:00:00,75.15254
2024-01-08 01:00:00,77.30293
2024-01-08 02:00:00,77.06208
2024-01-08 03:00:00,77.17666
2024-01-08 04:00:00,76.62819
2024-01-08 05:00:00,77.0357
2024-01-08 06:00:00,76.72174
2024-01-08 07:00:00,74.16162
2024-01-08 08:00:00,73.72506
2024-01-08 09:00:00,73.58851
2024-01-08 10:00:00,73.04168
2024-01-08 11:00:00,72.74725
2024-01-08 12:00:00,74.56948
2024-01-08 13:00:00,92.67328
2024-01-08 14:00:00,108.59
2024-01-08 15:00:00,107.72
2024-01-08 16:00:00,99.0
2024-01-08 17:00:00,96.93
2024-01-08 18:00:00,88.0
2024-01-08 19:00:00,86.21
2024-01-08 20:00:00,78.89172
2024-01-08 21:00:00,81.99
2024-01-08 22:00:00,83.62727
2024-01-08 23:00:00,88.98903
2024-01-09 00:00:00,104.99994
2024-01-09 01:00:00,112.39441
2024-01-09 02:00:00,111.74578
2024-01-09 03:00:00,110.25235
2024-01-09 04:00:00,107.88038
2024-01-09 05:00:00,105.4331
2024-01-09 06:00:00,98.14356
2024-01-09 07:00:00,93.85115
2024-01-09 08:00:00,76.5026
2024-01-09 09:00:00,71.21955
2024-01-09 10:00:00,71.24036
2024-01-09 11:00:00,71.20497
2024-01-09 12:00:00,72.75148
2024-01-09 13:00:00,81.11979
2024-01-09 14:00:00,92.38
2024-01-09 15:00:00,86.58751
2024-01-09 16:00:00,66.64
2024-01-09 17:00:00,55.93375
2024-01-09 18:00:00,55.21267
2024-01-09 19:00:00,55.07888
2024-01-09 20:00:00,53.74614
2024-01-09 21:00:00,53.09579
2024-01-09 22:00:00,53.51497
2024-01-09 23:00:00,59.78608
2024-01-10 00:00:00,74.57071
2024-01-10 01:00:00,78.90943
2024-01-10 02:00:00,77.23795
2024-01-10 03:00:00,76.19044
2024-01-10 04:00:00,73.962
2024-01-10 05:00:00,74.68288
2024-01-10 06:00:00,73.4066
2024-01-10 07:00:00,67.1792
2024-01-10 08:00:00,68.28483
2024-01-10 09:00:00,67.16645
2024-01-10 10:00:00,67.34374
2024-01-10 11:00:00,67.07859
2024-01-10 12:00:00,67.3914
2024-01-10 13:00:00,76.86163
2024-01-10 14:00:00,90.35325
2024-01-10 15:00:00,86.56237
2024-01-10 16:00:00,71.12592
2024-01-10 17:00:00,69.15
2024-01-10 18:00:00,67.38494
2024-01-10 19:00:00,68.4206
2024-01-10 20:00:00,65.88861
2024-01-10 21:00:00,65.45603
2024-01-10 22:00:00,66.67669
2024-01-10 23:00:00,73.01412
2024-01-11 00:00:00,91.11134
2024-01-11 01:00:00,93.96962
2024-01-11 02:00:00,93.62229
2024-01-11 03:00:00,91.36466
2024-01-11 04:00:00,89.64032
2024-01-11 05:00:00,89.92781
2024-01-11 06:00:00,77.83358
2024-01-11 07:00:00,73.30508
2024-01-11 08:00:00,72.30743
2024-01-11 09:00:00,71.79041
2024-01-11 10:00:00,71.4994
2024-01-11 11:00:00,72.08623
2024-01-11 12:00:00,72.45
2024-01-11 13:00:00,84.29974
2024-01-11 14:00:00,101.49776
2024-01-11 15:00:00,97.09018
2024-01-11 16:00:00,90.14735
2024-01-11 17:00:00,86.02
2024-01-11 18:00:00,85.24693
2024-01-11 19:00:00,84.02033
2024-01-11 20:00:00,69.88384
2024-01-11 21:00:00,65.32999
2024-01-11 22:00:00,71.83
2024-01-11 23:00:00,88.49
2024-01-12 00:00:00,101.05275
2024-01-12 01:00:00,108.88462
2024-01-12 02:00:00,109.15
2024-01-12 03:00:00,107.43341
2024-01-12 04:00:00,105.21603
2024-01-12 05:00:00,102.76002
2024-01-12 06:00:00,100.38209
2024-01-12 07:00:00,95.89277
2024-01-12 08:00:00,78.48244
2024-01-12 09:00:00,78.7304
2024-01-12 10:00:00,78.091
2024-01-12 11:00:00,78.00612
2024-01-12 12:00:00,85.08443
2024-01-12 13:00:00,89.69013
2024-01-12 14:00:00,101.60752
2024-01-12 15:00:00,110.26779
2024-01-12 16:00:00,106.11313
2024-01-12 17:00:00,94.1271
2024-01-12 18:00:00,92.73708
2024-01-12 19:00:00,88.15276
2024-01-12 20:00:00,85.39
2024-01-12 21:00:00,82.84
2024-01-12 22:00:00,90.0
2024-01-12 23:00:00,97.94
2024-01-13 00:00:00,97.35946
2024-01-13 01:00:00,97.61412
2024-01-13 02:00:00,95.29935
2024-01-13 03:00:00,94.39012
2024-01-13 04:00:00,94.27219
2024-01-13 05:00:00,88.95004
2024-01-13 06:00:00,86.91643
2024-01-13 07:00:00,77.63964
2024-01-13 08:00:00,187.53
2024-01-13 09:00:00,171.89055
2024-01-13 10:00:00,168.76653
2024-01-13 11:00:00,169.7245
2024-01-13 12:00:00,169.28937
2024-01-13 13:00:00,187.70073
2024-01-13 14:00:00,187.93443
2024-01-13 15:00:00,183.00063
2024-01-13 16:00:00,178.56686
2024-01-13 17:00:00,193.43439
2024-01-13 18:00:00,181.77
2024-01-13 19:00:00,175.56563
2024-01-13 20:00:00,171.53397
2024-01-13 21:00:00,170.45628
2024-01-13 22:00:00,179.66377
2024-01-13 23:00:00,186.1188
2024-01-14 00:00:00,197.69637
2024-01-14 01:00:00,196.8751
2024-01-14 02:00:00,195.03738
2024-01-14 03:00:00,192.67
2024-01-14 04:00:00,194.49776
2024-01-14 05:00:00,192.26886
2024-01-14 06:00:00,182.1762
2024-01-14 07:00:00,180.13696
2024-01-14 08:00:00,173.88663
2024-01-14 09:00:00,171.58176
2024-01-14 10:00:00,165.43777
2024-01-14 11:00:00,166.05682
2024-01-14 12:00:00,165.07262
2024-01-14 13:00:00,171.8847
2024-01-14 14:00:00,181.54366
2024-01-14 15:00:00,178.31114
2024-01-14 16:00:00,184.1181
2024-01-14 17:00:00,178.43
2024-01-14 18:00:00,176.04553
2024-01-14 19:00:00,170.34708
2024-01-14 20:00:00,156.53
2024-01-14 21:00:00,155.46
2024-01-14 22:00:00,164.66
2024-01-14 23:00:00,190.12
2024-01-15 00:00:00,202.7
2024-01-15 01:00:00,204.56932
2024-01-15 02:00:00,199.529
2024-01-15 03:00:00,199.16
2024-01-15 04:00:00,199.0967
2024-01-15 05:00:00,197.10997
2024-01-15 06:00:00,193.28902
2024-01-15 07:00:00,184.14188
2024-01-15 08:00:00,204.88927
2024-01-15 09:00:00,190.47948
2024-01-15 10:00:00,190.7988
2024-01-15 11:00:00,189.49644
2024-01-15 12:00:00,190.99599
2024-01-15 13:00:00,210.64644
2024-01-15 14:00:00,223.68086
2024-01-15 15:00:00,215.72656
2024-01-15 16:00:00,213.40349
2024-01-15 17:00:00,180.67896
2024-01-15 18:00:00,182.12907
2024-01-15 19:00:00,179.49371
2024-01-15 20:00:00,174.80844
2024-01-15 21:00:00,167.17209
2024-01-15 22:00:00,177.35558
2024-01-15 23:00:00,205.30296
2024-01-16 00:00:00,245.58551
2024-01-16 01:00:00,254.2
2024-01-16 02:00:00,250.24123
2024-01-16 03:00:00,257.43607
2024-01-16 04:00:00,254.62161
2024-01-16 05:00:00,249.38081
2024-01-16 06:00:00,231.85876
2024-01-16 07:00:00,219.69855
2024-01-16 08:00:00,210.34242
2024-01-16 09:00:00,208.0
2024-01-16 10:00:00,209.44801
2024-01-16 11:00:00,209.07423
2024-01-16 12:00:00,214.11246
2024-01-16 13:00:00,218.89848
2024-01-16 14:00:00,224.4022
2024-01-16 15:00:00,235.92259
2024-01-16 16:00:00,244.0
2024-01-16 17:00:00,229.05235
2024-01-16 18:00:00,220.98445
2024-01-16 19:00:00,214.80666
2024-01-16 20:00:00,208.69994
2024-01-16 21:00:00,210.03174
2024-01-16 22:00:00,208.71501
2024-01-16 23:00:00,216.39445
2024-01-17 00:00:00,240.42061
2024-01-17 01:00:00,226.50604
2024-01-17 02:00:00,236.53255
2024-01-17 03:00:00,232.60162
2024-01-17 04:00:00,230.14569
2024-01-17 05:00:00,219.98035
2024-01-17 06:00:00,208.92673
2024-01-17 07:00:00,202.07083
2024-01-17 08:00:00,80.70352
2024-01-17 09:00:00,75.18794
2024-01-17 10:00:00,74.51319
2024-01-17 11:00:00,74.55602
2024-01-17 12:00:00,78.18457
2024-01-17 13:00:00,83.66495
2024-01-17 14:00:00,91.64826
2024-01-17 15:00:00,92.2623
2024-01-17 16:00:00,89.00064
2024-01-17 17:00:00,88.69828
2024-01-17 18:00:00,86.65566
2024-01-17 19:00:00,78.98579
2024-01-17 20:00:00,71.10817
2024-01-17 21:00:00,69.0
2024-01-17 22:00:00,70.19193
2024-01-17 23:00:00,72.69525
2024-01-18 00:00:00,85.61854
2024-01-18 01:00:00,84.34732
2024-01-18 02:00:00,80.36956
2024-01-18 03:00:00,82.29
2024-01-18 04:00:00,80.90892
2024-01-18 05:00:00,80.62754
2024-01-18 06:00:00,79.0
2024-01-18 07:00:00,72.74941
2024-01-18 08:00:00,49.61696
2024-01-18 09:00:00,49.62714
2024-01-18 10:00:00,49.29497
2024-01-18 11:00:00,49.22495
2024-01-18 12:00:00,50.7676
2024-01-18 13:00:00,62.18467
2024-01-18 14:00:00,76.13089
2024-01-18 15:00:00,76.30105
2024-01-18 16:00:00,70.9122
2024-01-18 17:00:00,73.6107
2024-01-18 18:00:00,69.26048
2024-01-18 19:00:00,68.41225
2024-01-18 20:00:00,60.72226
2024-01-18 21:00:00,57.33292
2024-01-18 22:00:00,60.49683
2024-01-18 23:00:00,67.42
2024-01-19 00:00:00,77.62
2024-01-19 01:00:00,80.42322
2024-01-19 02:00:00,78.88345
2024-01-19 03:00:00,77.63313
2024-01-19 04:00:00,73.8175
2024-01-19 05:00:00,72.84143
2024-01-19 06:00:00,66.93096
2024-01-19 07:00:00,62.94826
2024-01-19 08:00:00,64.09856
2024-01-19 09:00:00,60.02886
2024-01-19 10:00:00,59.04348
2024-01-19 11:00:00,59.51416
2024-01-19 12:00:00,63.45129
2024-01-19 13:00:00,66.26849
2024-01-19 14:00:00,78.04665
2024-01-19 15:00:00,79.14482
2024-01-19 16:00:00,73.88341
2024-01-19 17:00:00,62.88194
2024-01-19 18:00:00,62.26211
2024-01-19 19:00:00,63.27745
2024-01-19 20:00:00,59.48026
2024-01-19 21:00:00,61.27439
2024-01-19 22:00:00,59.85647
2024-01-19 23:00:00,66.33676
2024-01-20 00:00:00,79.01054
2024-01-20 01:00:00,79.98079
2024-01-20 02:00:00,78.71699
2024-01-20 03:00:00,72.34522
2024-01-20 04:00:00,68.17965
2024-01-20 05:00:00,65.13084
2024-01-20 06:00:00,63.26337
2024-01-20 07:00:00,55.0
2024-01-20 08:00:00,55.6328
2024-01-20 09:00:00,51.49902
2024-01-20 10:00:00,51.4187
2024-01-20 11:00:00,51.18517
2024-01-20 12:00:00,52.30975
2024-01-20 13:00:00,51.93734
2024-01-20 14:00:00,57.99922
2024-01-20 15:00:00,57.97476
2024-01-20 16:00:00,51.08
2024-01-20 17:00:00,49.10947
2024-01-20 18:00:00,44.57
2024-01-20 19:00:00,47.64146
2024-01-20 20:00:00,45.67427
2024-01-20 21:00:00,46.25325
2024-01-20 22:00:00,46.73847
2024-01-20 23:00:00,58.03
2024-01-21 00:00:00,63.66387
2024-01-21 01:00:00,66.52553
2024-01-21 02:00:00,63.60738
2024-01-21 03:00:00,63.38568
2024-01-21 04:00:00,63.49491
2024-01-21 05:00:00,62.38519
2024-01-21 06:00:00,57.36499
2024-01-21 07:00:00,51.95638
2024-01-21 08:00:00,49.44398
2024-01-21 09:00:00,49.00623
2024-01-21 10:00:00,48.28076
2024-01-21 11:00:00,48.23136
2024-01-21 12:00:00,48.00605
2024-01-21 13:00:00,48.51366
2024-01-21 14:00:00,46.87847
2024-01-21 15:00:00,49.65712
2024-01-21 16:00:00,46.55004
2024-01-21 17:00:00,44.51919
2024-01-21 18:00:00,43.46617
2024-01-21 19:00:00,42.94999
2024-01-21 20:00:00,41.29258
2024-01-21 21:00:00,42.79729
2024-01-21 22:00:00,43.25832
2024-01-21 23:00:00,45.22535
2024-01-22 00:00:00,58.05933
2024-01-22 01:00:00,62.78217
2024-01-22 02:00:00,61.68907
2024-01-22 03:00:00,58.8756
2024-01-22 04:00:00,58.29619
2024-01-22 05:00:00,56.88997
2024-01-22 06:00:00,51.9343
2024-01-22 07:00:00,48.95015
2024-01-22 08:00:00,49.26095
2024-01-22 09:00:00,49.07815
2024-01-22 10:00:00,49.32295
2024-01-22 11:00:00,49.28786
2024-01-22 12:00:00,50.11501
2024-01-22 13:00:00,52.02
2024-01-22 14:00:00,69.0
2024-01-22 15:00:00,72.51
2024-01-22 16:00:00,73.69597
2024-01-22 17:00:00,72.99589
2024-01-22 18:00:00,68.48894
2024-01-22 19:00:00,65.39502
2024-01-22 20:00:00,63.76925
2024-01-22 21:00:00,61.97757
2024-01-22 22:00:00,61.53294
2024-01-22 23:00:00,67.27409
2024-01-23 00:00:00,72.85691
2024-01-23 01:00:00,76.84649
2024-01-23 02:00:00,74.30422
2024-01-23 03:00:00,71.86158
2024-01-23 04:00:00,65.1905
2024-01-23 05:00:00,63.40386
2024-01-23 06:00:00,51.39167
2024-01-23 07:00:00,50.1853
2024-01-23 08:00:00,44.06444
2024-01-23 09:00:00,43.93104
2024-01-23 10:00:00,43.24456
2024-01-23 11:00:00,43.36319
2024-01-23 12:00:00,43.5825
2024-01-23 13:00:00,50.2673
2024-01-23 14:00:00,62.53626
2024-01-23 15:00:00,63.40625
2024-01-23 16:00:00,52.47069
2024-01-23 17:00:00,46.93375
2024-01-23 18:00:00,45.63
2024-01-23 19:00:00,42.94223
2024-01-23 20:00:00,41.72811
2024-01-23 21:00:00,39.32025
2024-01-23 22:00:00,41.47011
2024-01-23 23:00:00,43.39284
2024-01-24 00:00:00,62.51032
2024-01-24 01:00:00,65.92911
2024-01-24 02:00:00,64.79736
2024-01-24 03:00:00,63.28624
2024-01-24 04:00:00,62.94043
2024-01-24 05:00:00,62.46833
2024-01-24 06:00:00,54.4724
2024-01-24 07:00:00,49.55461
2024-01-24 08:00:00,48.75295
2024-01-24 09:00:00,49.1558
2024-01-24 10:00:00,48.90912
2024-01-24 11:00:00,48.89262
2024-01-24 12:00:00,49.83844
2024-01-24 13:00:00,62.46782
2024-01-24 14:00:00,69.01412
2024-01-24 15:00:00,68.08496
2024-01-24 16:00:00,51.71228
2024-01-24 17:00:00,53.28609
2024-01-24 18:00:00,52.64
2024-01-24 19:00:00,49.70916
2024-01-24 20:00:00,49.68789
2024-01-24 21:00:00,49.46586
2024-01-24 22:00:00,50.29
2024-01-24 23:00:00,57.20839
2024-01-25 00:00:00,67.08944
2024-01-25 01:00:00,69.89504
2024-01-25 02:00:00,68.92224
2024-01-25 03:00:00,66.66045
2024-01-25 04:00:00,65.60672
2024-01-25 05:00:00,62.99869
2024-01-25 06:00:00,57.37421
2024-01-25 07:00:00,48.70875
2024-01-25 08:00:00,49.02909
2024-01-25 09:00:00,46.18827
2024-01-25 10:00:00,45.01605
2024-01-25 11:00:00,44.67245
2024-01-25 12:00:00,45.24823
2024-01-25 13:00:00,51.66284
2024-01-25 14:00:00,56.29281
2024-01-25 15:00:00,56.50946
2024-01-25 16:00:00,53.24223
2024-01-25 17:00:00,46.3857
2024-01-25 18:00:00,42.21632
2024-01-25 19:00:00,41.4422
2024-01-25 20:00:00,39.21826
2024-01-25 21:00:00,36.98681
2024-01-25 22:00:00,38.37458
2024-01-25 23:00:00,47.4662
2024-01-26 00:00:00,55.5101
2024-01-26 01:00:00,61.5269
2024-01-26 02:00:00,60.85089
2024-01-26 03:00:00,60.79339
2024-01-26 04:00:00,60.13801
2024-01-26 05:00:00,59.87518
2024-01-26 06:00:00,55.05567
2024-01-26 07:00:00,50.26547
2024-01-26 08:00:00,53.16637
2024-01-26 09:00:00,53.22331
2024-01-26 10:00:00,52.38601
2024-01-26 11:00:00,52.50146
2024-01-26 12:00:00,53.19406
2024-01-26 13:00:00,57.95292
2024-01-26 14:00:00,69.28698
2024-01-26 15:00:00,66.80172
2024-01-26 16:00:00,55.48998
2024-01-26 17:00:00,50.54681
2024-01-26 18:00:00,47.96783
2024-01-26 19:00:00,46.13094
2024-01-26 20:00:00,45.51853
2024-01-26 21:00:00,41.30604
2024-01-26 22:00:00,42.28298
2024-01-26 23:00:00,48.4
2024-01-27 00:00:00,64.88141
2024-01-27 01:00:00,65.5573
2024-01-27 02:00:00,65.60605
2024-01-27 03:00:00,65.24309
2024-01-27 04:00:00,62.77805
2024-01-27 05:00:00,63.48228
2024-01-27 06:00:00,59.26318
2024-01-27 07:00:00,54.4964
2024-01-27 08:00:00,47.69193
2024-01-27 09:00:00,47.79926
2024-01-27 10:00:00,47.601
2024-01-27 11:00:00,43.10008
2024-01-27 12:00:00,43.7162
2024-01-27 13:00:00,47.33612
2024-01-27 14:00:00,49.63688
2024-01-27 15:00:00,48.87797
2024-01-27 16:00:00,42.46497
2024-01-27 17:00:00,40.91804
2024-01-27 18:00:00,40.82515
2024-01-27 19:00:00,40.41173
2024-01-27 20:00:00,39.5748
2024-01-27 21:00:00,40.14581
2024-01-27 22:00:00,40.7
2024-01-27 23:00:00,43.43691
2024-01-28 00:00:00,57.48516
2024-01-28 01:00:00,58.72505
2024-01-28 02:00:00,58.08105
2024-01-28 03:00:00,57.61342
2024-01-28 04:00:00,56.6319
2024-01-28 05:00:00,56.45392
2024-01-28 06:00:00,54.24348
2024-01-28 07:00:00,47.92081
2024-01-28 08:00:00,45.74362
2024-01-28 09:00:00,44.77763
2024-01-28 10:00:00,44.09879
2024-01-28 11:00:00,43.87507
2024-01-28 12:00:00,42.88
2024-01-28 13:00:00,44.7688
2024-01-28 14:00:00,45.02
2024-01-28 15:00:00,45.78475
2024-01-28 16:00:00,42.64873
2024-01-28 17:00:00,33.9667
2024-01-28 18:00:00,35.08
2024-01-28 19:00:00,35.41836
2024-01-28 20:00:00,35.32748
2024-01-28 21:00:00,34.26
2024-01-28 22:00:00,35.13892
2024-01-28 23:00:00,40.46296
2024-01-29 00:00:00,53.03178
2024-01-29 01:00:00,55.94475
2024-01-29 02:00:00,55.86446
2024-01-29 03:00:00,54.97921
2024-01-29 04:00:00,54.69136
2024-01-29 05:00:00,54.20406
2024-01-29 06:00:00,52.49132
2024-01-29 07:00:00,49.78956
2024-01-29 08:00:00,45.41905
2024-01-29 09:00:00,43.25418
2024-01-29 10:00:00,43.303
2024-01-29 11:00:00,43.5427
2024-01-29 12:00:00,45.56949
2024-01-29 13:00:00,50.57839
2024-01-29 14:00:00,61.44934
2024-01-29 15:00:00,56.24924
2024-01-29 16:00:00,45.52255
2024-01-29 17:00:00,37.83661
2024-01-29 18:00:00,37.48391
2024-01-29 19:00:00,37.14093
2024-01-29 20:00:00,36.07719
2024-01-29 21:00:00,35.19201
2024-01-29 22:00:00,37.21
2024-01-29 23:00:00,37.53017
2024-01-30 00:00:00,59.72732
2024-01-30 01:00:00,61.8888
2024-01-30 02:00:00,61.80065
2024-01-30 03:00:00,61.09857
2024-01-30 04:00:00,60.55787
2024-01-30 05:00:00,59.85624
2024-01-30 06:00:00,58.75965
2024-01-30 07:00:00,50.23205
2024-01-30 08:00:00,39.01968
2024-01-30 09:00:00,38.32629
2024-01-30 10:00:00,37.28
2024-01-30 11:00:00,37.27672
2024-01-30 12:00:00,38.37829
2024-01-30 13:00:00,43.02979
2024-01-30 14:00:00,55.28
2024-01-30 15:00:00,52.69079
2024-01-30 16:00:00,36.49669
2024-01-30 17:00:00,35.70434
2024-01-30 18:00:00,35.82
2024-01-30 19:00:00,35.9731
2024-01-30 20:00:00,34.35478
2024-01-30 21:00:00,33.76914
2024-01-30 22:00:00,35.08
2024-01-30 23:00:00,36.63909
2024-01-31 00:00:00,51.26239
2024-01-31 01:00:00,55.98895
2024-01-31 02:00:00,54.06493
2024-01-31 03:00:00,51.7578
2024-01-31 04:00:00,51.45205
2024-01-31 05:00:00,51.26931
2024-01-31 06:00:00,45.25044
2024-01-31 07:00:00,45.02
2024-01-31 08:00:00,43.00511
2024-01-31 09:00:00,42.00867
2024-01-31 10:00:00,40.70955
2024-01-31 11:00:00,39.95314
2024-01-31 12:00:00,41.23515
2024-01-31 13:00:00,43.42513
2024-01-31 14:00:00,49.77827
2024-01-31 15:00:00,49.38636
2024-01-31 16:00:00,40.05761
2024-01-31 17:00:00,38.22979
2024-01-31 18:00:00,41.41575
2024-01-31 19:00:00,40.61872
2024-01-31 20:00:00,38.86798
2024-01-31 21:00:00,39.73247
2024-01-31 22:00:00,38.93929
2024-01-31 23:00:00,43.44155
2024-02-01 00:00:00,48.50652
2024-02-01 01:00:00,51.1673
2024-02-01 02:00:00,49.83657
2024-02-01 03:00:00,48.31939
2024-02-01 04:00:00,46.14125
2024-02-01 05:00:00,45.00452
2024-02-01 06:00:00,40.5453
2024-02-01 07:00:00,40.56082
2024-02-01 08:00:00,38.55353
2024-02-01 09:00:00,36.67545
2024-02-01 10:00:00,36.84482
2024-02-01 11:00:00,36.65743
2024-02-01 12:00:00,37.22314
2024-02-01 13:00:00,41.09251
2024-02-01 14:00:00,48.38731
2024-02-01 15:00:00,50.84716
2024-02-01 16:00:00,50.70473
2024-02-01 17:00:00,52.64167
2024-02-01 18:00:00,49.00126
2024-02-01 19:00:00,41.52603
2024-02-01 20:00:00,40.27784
2024-02-01 21:00:00,38.85154
2024-02-01 22:00:00,38.84412
2024-02-01 23:00:00,44.32031
2024-02-02 00:00:00,51.05024
2024-02-02 01:00:00,55.46298
2024-02-02 02:00:00,54.68058
2024-02-02 03:00:00,52.75433
2024-02-02 04:00:00,51.93695
2024-02-02 05:00:00,50.6029
2024-02-02 06:00:00,46.19649
2024-02-02 07:00:00,41.34834
2024-02-02 08:00:00,40.87586
2024-02-02 09:00:00,38.50135
2024-02-02 10:00:00,37.43944
2024-02-02 11:00:00,37.19081
2024-02-02 12:00:00,38.24533
2024-02-02 13:00:00,46.32007
2024-02-02 14:00:00,52.76418
2024-02-02 15:00:00,51.61707
2024-02-02 16:00:00,40.09705
2024-02-02 17:00:00,35.83985
2024-02-02 18:00:00,34.25674
2024-02-02 19:00:00,31.18716
2024-02-02 20:00:00,28.64
2024-02-02 21:00:00,27.83707
2024-02-02 22:00:00,28.15641
2024-02-02 23:00:00,31.02
2024-02-03 00:00:00,47.02658
2024-02-03 01:00:00,51.64
2024-02-03 02:00:00,51.04399
2024-02-03 03:00:00,50.69178
2024-02-03 04:00:00,49.70942
2024-02-03 05:00:00,48.57978
2024-02-03 06:00:00,46.63254
2024-02-03 07:00:00,43.61393
2024-02-03 08:00:00,40.13834
2024-02-03 09:00:00,43.71285
2024-02-03 10:00:00,40.24842
2024-02-03 11:00:00,43.7955
2024-02-03 12:00:00,44.7
2024-02-03 13:00:00,42.21366
2024-02-03 14:00:00,49.08324
2024-02-03 15:00:00,44.7744
2024-02-03 16:00:00,43.40007
2024-02-03 17:00:00,38.94
2024-02-03 18:00:00,38.81393
2024-02-03 19:00:00,38.933
2024-02-03 20:00:00,37.49978
2024-02-03 21:00:00,36.96441
2024-02-03 22:00:00,37.80062
2024-02-03 23:00:00,41.26538
2024-02-04 00:00:00,49.40293
2024-02-04 01:00:00,52.30005
2024-02-04 02:00:00,51.56926
2024-02-04 03:00:00,50.94046
2024-02-04 04:00:00,50.76061
2024-02-04 05:00:00,50.18553
2024-02-04 06:00:00,47.1659
2024-02-04 07:00:00,44.42203
2024-02-04 08:00:00,43.9
2024-02-04 09:00:00,45.01965
2024-02-04 10:00:00,43.99882
2024-02-04 11:00:00,43.74748
2024-02-04 12:00:00,43.32714
2024-02-04 13:00:00,44.39771
2024-02-04 14:00:00,45.76955
2024-02-04 15:00:00,42.6876
2024-02-04 16:00:00,40.36436
2024-02-04 17:00:00,41.60611
2024-02-04 18:00:00,45.54091
2024-02-04 19:00:00,44.95129
2024-02-04 20:00:00,45.68177
2024-02-04 21:00:00,44.70798
2024-02-04 22:00:00,43.81314
2024-02-04 23:00:00,47.00806
2024-02-05 00:00:00,52.68222
2024-02-05 01:00:00,53.45196
2024-02-05 02:00:00,52.48611
2024-02-05 03:00:00,52.51543
2024-02-05 04:00:00,51.83086
2024-02-05 05:00:00,50.11617
2024-02-05 06:00:00,47.68016
2024-02-05 07:00:00,45.91234
2024-02-05 08:00:00,46.46227
2024-02-05 09:00:00,47.24955
2024-02-05 10:00:00,45.4734
2024-02-05 11:00:00,44.71236
2024-02-05 12:00:00,45.82455
2024-02-05 13:00:00,50.75633
2024-02-05 14:00:00,55.54375
2024-02-05 15:00:00,56.64
2024-02-05 16:00:00,53.80164
2024-02-05 17:00:00,53.06318
2024-02-05 18:00:00,45.40933
2024-02-05 19:00:00,44.95794
2024-02-05 20:00:00,44.63691
2024-02-05 21:00:00,44.26826
2024-02-05 22:00:00,45.08156
2024-02-05 23:00:00,54.56047
2024-02-06 00:00:00,61.02184
2024-02-06 01:00:00,63.03081
2024-02-06 02:00:00,61.41243
2024-02-06 03:00:00,58.91256
2024-02-06 04:00:00,58.91855
2024-02-06 05:00:00,56.97839
2024-02-06 06:00:00,50.99085
2024-02-06 07:00:00,51.42238
2024-02-06 08:00:00,48.12445
2024-02-06 09:00:00,43.17105
2024-02-06 10:00:00,42.89985
2024-02-06 11:00:00,42.51138
2024-02-06 12:00:00,43.40719
2024-02-06 13:00:00,51.63061
2024-02-06 14:00:00,54.3828
2024-02-06 15:00:00,55.29091
2024-02-06 16:00:00,52.31259
2024-02-06 17:00:00,48.69452
2024-02-06 18:00:00,46.26
2024-02-06 19:00:00,42.2958
2024-02-06 20:00:00,42.10626
2024-02-06 21:00:00,41.98019
2024-02-06 22:00:00,41.78795
2024-02-06 23:00:00,45.25724
2024-02-07 00:00:00,51.51687
2024-02-07 01:00:00,52.6353
2024-02-07 02:00:00,52.4558
2024-02-07 03:00:00,51.12256
2024-02-07 04:00:00,50.85923
2024-02-07 05:00:00,50.07209
2024-02-07 06:00:00,48.73488
2024-02-07 07:00:00,47.48826
2024-02-07 08:00:00,44.32594
2024-02-07 09:00:00,43.47657
2024-02-07 10:00:00,43.37288
2024-02-07 11:00:00,42.33128
2024-02-07 12:00:00,43.22058
2024-02-07 13:00:00,44.92918
2024-02-07 14:00:00,53.82345
2024-02-07 15:00:00,50.51647
2024-02-07 16:00:00,43.90617
2024-02-07 17:00:00,45.23699
2024-02-07 18:00:00,38.49623
2024-02-07 19:00:00,42.62864
2024-02-07 20:00:00,41.96239
2024-02-07 21:00:00,48.17631
2024-02-07 22:00:00,44.19432
2024-02-07 23:00:00,47.9937
2024-02-08 00:00:00,48.7
2024-02-08 01:00:00,54.33859
2024-02-08 02:00:00,55.71071
2024-02-08 03:00:00,53.28983
2024-02-08 04:00:00,52.05292
2024-02-08 05:00:00,50.72633
2024-02-08 06:00:00,49.18785
2024-02-08 07:00:00,46.43598
2024-02-08 08:00:00,40.02784
2024-02-08 09:00:00,39.87841
2024-02-08 10:00:00,39.49012
2024-02-08 11:00:00,39.49957
2024-02-08 12:00:00,40.11944
2024-02-08 13:00:00,47.40024
2024-02-08 14:00:00,57.0
2024-02-08 15:00:00,54.16947
2024-02-08 16:00:00,48.58524
2024-02-08 17:00:00,38.55078
2024-02-08 18:00:00,36.75128
2024-02-08 19:00:00,35.61667
2024-02-08 20:00:00,36.0
2024-02-08 21:00:00,36.54073
2024-02-08 22:00:00,38.63832
2024-02-08 23:00:00,39.73456
2024-02-09 00:00:00,45.8065
2024-02-09 01:00:00,58.72534
2024-02-09 02:00:00,57.71906
2024-02-09 03:00:00,57.57357
2024-02-09 04:00:00,56.85795
2024-02-09 05:00:00,55.63094
2024-02-09 06:00:00,46.3919
2024-02-09 07:00:00,45.52089
2024-02-09 08:00:00,48.7148
2024-02-09 09:00:00,48.14771
2024-02-09 10:00:00,48.03775
2024-02-09 11:00:00,47.43
2024-02-09 12:00:00,48.81586
2024-02-09 13:00:00,60.54722
2024-02-09 14:00:00,66.9704
2024-02-09 15:00:00,62.42898
2024-02-09 16:00:00,49.08218
2024-02-09 17:00:00,45.63908
2024-02-09 18:00:00,43.55095
2024-02-09 19:00:00,43.42395
2024-02-09 20:00:00,41.96346
2024-02-09 21:00:00,38.23746
2024-02-09 22:00:00,37.87511
2024-02-09 23:00:00,37.91609
2024-02-10 00:00:00,51.60298
2024-02-10 01:00:00,59.59796
2024-02-10 02:00:00,59.65297
2024-02-10 03:00:00,58.93539
2024-02-10 04:00:00,58.89681
2024-02-10 05:00:00,57.10736
2024-02-10 06:00:00,55.75923
2024-02-10 07:00:00,47.03075
2024-02-10 08:00:00,48.82587
2024-02-10 09:00:00,47.66527
2024-02-10 10:00:00,47.00537
2024-02-10 11:00:00,46.5317
2024-02-10 12:00:00,47.08158
2024-02-10 13:00:00,48.8835
2024-02-10 14:00:00,56.23721
2024-02-10 15:00:00,47.6085
2024-02-10 16:00:00,39.02487
2024-02-10 17:00:00,36.76092
2024-02-10 18:00:00,31.78574
2024-02-10 19:00:00,27.97244
2024-02-10 20:00:00,26.91508
2024-02-10 21:00:00,22.94033
2024-02-10 22:00:00,22.97985
2024-02-10 23:00:00,33.47113
2024-02-11 00:00:00,45.34982
2024-02-11 01:00:00,57.71388
2024-02-11 02:00:00,58.79766
2024-02-11 03:00:00,58.69593
2024-02-11 04:00:00,58.37152
2024-02-11 05:00:00,58.03534
2024-02-11 06:00:00,54.99132
2024-02-11 07:00:00,50.822
2024-02-11 08:00:00,50.05504
2024-02-11 09:00:00,49.38799
2024-02-11 10:00:00,49.15173
2024-02-11 11:00:00,48.96624
2024-02-11 12:00:00,47.65702
2024-02-11 13:00:00,49.31475
2024-02-11 14:00:00,49.53299
2024-02-11 15:00:00,44.19944
2024-02-11 16:00:00,39.29489
2024-02-11 17:00:00,34.31721
2024-02-11 18:00:00,33.44492
2024-02-11 19:00:00,32.02
2024-02-11 20:00:00,30.0
2024-02-11 21:00:00,26.89
2024-02-11 22:00:00,27.34962
2024-02-11 23:00:00,35.0
2024-02-12 00:00:00,42.4115
2024-02-12 01:00:00,53.37552
2024-02-12 02:00:00,54.00077
2024-02-12 03:00:00,53.63262
2024-02-12 04:00:00,53.47877
2024-02-12 05:00:00,53.10301
2024-02-12 06:00:00,53.1205
2024-02-12 07:00:00,51.93433
2024-02-12 08:00:00,49.20274
2024-02-12 09:00:00,47.65987
2024-02-12 10:00:00,47.50645
2024-02-12 11:00:00,47.5086
2024-02-12 12:00:00,52.02449
2024-02-12 13:00:00,56.64
2024-02-12 14:00:00,62.48863
2024-02-12 15:00:00,54.07966
2024-02-12 16:00:00,40.53352
2024-02-12 17:00:00,38.73
2024-02-12 18:00:00,36.41813
2024-02-12 19:00:00,33.40956
2024-02-12 20:00:00,32.25973
2024-02-12 21:00:00,30.79342
2024-02-12 22:00:00,34.00325
2024-02-12 23:00:00,36.62184
2024-02-13 00:00:00,50.72767
2024-02-13 01:00:00,63.69938
2024-02-13 02:00:00,63.89002
2024-02-13 03:00:00,63.7368
2024-02-13 04:00:00,62.54764
2024-02-13 05:00:00,61.39669
2024-02-13 06:00:00,59.35961
2024-02-13 07:00:00,53.67274
2024-02-13 08:00:00,44.82482
2024-02-13 09:00:00,44.99164
2024-02-13 10:00:00,44.58224
2024-02-13 11:00:00,44.31823
2024-02-13 12:00:00,46.44812
2024-02-13 13:00:00,51.49719
2024-02-13 14:00:00,61.9315
2024-02-13 15:00:00,50.34194
2024-02-13 16:00:00,47.4662
2024-02-13 17:00:00,40.40615
2024-02-13 18:00:00,34.5033
2024-02-13 19:00:00,31.17339
2024-02-13 20:00:00,29.35
2024-02-13 21:00:00,30.0
2024-02-13 22:00:00,31.02664
2024-02-13 23:00:00,33.24
2024-02-14 00:00:00,48.28955
2024-02-14 01:00:00,60.41804
2024-02-14 02:00:00,59.49391
2024-02-14 03:00:00,55.93151
2024-02-14 04:00:00,55.58884
2024-02-14 05:00:00,54.72796
2024-02-14 06:00:00,50.23061
2024-02-14 07:00:00,48.07932
2024-02-14 08:00:00,45.91077
2024-02-14 09:00:00,43.76461
2024-02-14 10:00:00,43.55861
2024-02-14 11:00:00,44.06131
2024-02-14 12:00:00,47.3643
2024-02-14 13:00:00,50.70266
2024-02-14 14:00:00,57.94127
2024-02-14 15:00:00,50.87125
2024-02-14 16:00:00,45.90943
2024-02-14 17:00:00,45.21845
2024-02-14 18:00:00,43.87227
2024-02-14 19:00:00,42.31619
2024-02-14 20:00:00,40.92011
2024-02-14 21:00:00,40.12807
2024-02-14 22:00:00,43.18784
2024-02-14 23:00:00,43.94829
2024-02-15 00:00:00,46.72602
2024-02-15 01:00:00,59.64196
2024-02-15 02:00:00,59.01844
2024-02-15 03:00:00,59.35261
2024-02-15 04:00:00,56.39176
2024-02-15 05:00:00,55.55917
2024-02-15 06:00:00,48.596
2024-02-15 07:00:00,46.21756
2024-02-15 08:00:00,43.13377
2024-02-15 09:00:00,41.39898
2024-02-15 10:00:00,40.92193
2024-02-15 11:00:00,42.45322
2024-02-15 12:00:00,43.57932
2024-02-15 13:00:00,49.20367
2024-02-15 14:00:00,57.18463
2024-02-15 15:00:00,48.64
2024-02-15 16:00:00,41.92992
2024-02-15 17:00:00,42.03
2024-02-15 18:00:00,38.44027
2024-02-15 19:00:00,40.60443
2024-02-15 20:00:00,37.0657
2024-02-15 21:00:00,35.28294
2024-02-15 22:00:00,39.59821
2024-02-15 23:00:00,35.97
2024-02-16 00:00:00,40.40162
2024-02-16 01:00:00,52.20846
2024-02-16 02:00:00,53.33079
2024-02-16 03:00:00,50.20629
2024-02-16 04:00:00,49.72298
2024-02-16 05:00:00,48.90963
2024-02-16 06:00:00,44.1624
2024-02-16 07:00:00,43.31989
2024-02-16 08:00:00,44.25283
2024-02-16 09:00:00,43.19319
2024-02-16 10:00:00,41.13952
2024-02-16 11:00:00,43.0
2024-02-16 12:00:00,44.0603
2024-02-16 13:00:00,47.6703
2024-02-16 14:00:00,54.62228
2024-02-16 15:00:00,46.63838
2024-02-16 16:00:00,43.91358
2024-02-16 17:00:00,42.42203
2024-02-16 18:00:00,42.02
2024-02-16 19:00:00,42.17006
2024-02-16 20:00:00,39.4912
2024-02-16 21:00:00,39.56614
2024-02-16 22:00:00,40.73499
2024-02-16 23:00:00,40.18826
2024-02-17 00:00:00,43.47125
2024-02-17 01:00:00,52.81447
2024-02-17 02:00:00,52.84222
2024-02-17 03:00:00,51.81406
2024-02-17 04:00:00,51.47773
2024-02-17 05:00:00,50.9328
2024-02-17 06:00:00,48.00712
2024-02-17 07:00:00,44.41178
2024-02-17 08:00:00,44.79523
2024-02-17 09:00:00,43.82515
2024-02-17 10:00:00,43.27206
2024-02-17 11:00:00,43.8656
2024-02-17 12:00:00,43.64682
2024-02-17 13:00:00,44.02
2024-02-17 14:00:00,43.88063
2024-02-17 15:00:00,35.42618
2024-02-17 16:00:00,41.78867
2024-02-17 17:00:00,45.92355
2024-02-17 18:00:00,45.92262
2024-02-17 19:00:00,45.9
2024-02-17 20:00:00,47.00906
2024-02-17 21:00:00,47.01036
2024-02-17 22:00:00,47.7
2024-02-17 23:00:00,46.5061
2024-02-18 00:00:00,44.53682
2024-02-18 01:00:00,49.8799
2024-02-18 02:00:00,46.38463
2024-02-18 03:00:00,45.08458
2024-02-18 04:00:00,44.72739
2024-02-18 05:00:00,44.32834
2024-02-18 06:00:00,43.5848
2024-02-18 07:00:00,40.96947
2024-02-18 08:00:00,45.14
2024-02-18 09:00:00,42.11643
2024-02-18 10:00:00,41.78119
2024-02-18 11:00:00,41.88965
2024-02-18 12:00:00,41.90431
2024-02-18 13:00:00,41.809
2024-02-18 14:00:00,43.01238
2024-02-18 15:00:00,34.38663
2024-02-18 16:00:00,34.47962
2024-02-18 17:00:00,36.48728
2024-02-18 18:00:00,40.0
2024-02-18 19:00:00,36.95554
2024-02-18 20:00:00,34.69398
2024-02-18 21:00:00,35.87
2024-02-18 22:00:00,42.1131
2024-02-18 23:00:00,44.00735
2024-02-19 00:00:00,41.94327
2024-02-19 01:00:00,51.71383
2024-02-19 02:00:00,51.35982
2024-02-19 03:00:00,51.1709
2024-02-19 04:00:00,50.96926
2024-02-19 05:00:00,50.41088
2024-02-19 06:00:00,46.11047
2024-02-19 07:00:00,42.11815
2024-02-19 08:00:00,44.194
2024-02-19 09:00:00,42.51302
2024-02-19 10:00:00,42.39996
2024-02-19 11:00:00,42.4816
2024-02-19 12:00:00,43.72193
2024-02-19 13:00:00,49.08304
2024-02-19 14:00:00,50.73527
2024-02-19 15:00:00,45.51137
2024-02-19 16:00:00,37.37278
2024-02-19 17:00:00,35.60388
2024-02-19 18:00:00,33.48086
2024-02-19 19:00:00,33.15971
2024-02-19 20:00:00,31.26118
2024-02-19 21:00:00,31.17888
2024-02-19 22:00:00,31.90421
2024-02-19 23:00:00,35.59609
2024-02-20 00:00:00,49.3082
2024-02-20 01:00:00,55.97817
2024-02-20 02:00:00,56.37418
2024-02-20 03:00:00,55.35654
2024-02-20 04:00:00,54.19671
2024-02-20 05:00:00,52.75747
2024-02-20 06:00:00,44.56116
2024-02-20 07:00:00,42.01419
2024-02-20 08:00:00,38.53704
2024-02-20 09:00:00,37.93579
2024-02-20 10:00:00,37.80797
2024-02-20 11:00:00,37.7032
2024-02-20 12:00:00,37.70412
2024-02-20 13:00:00,43.93145
2024-02-20 14:00:00,51.15951
2024-02-20 15:00:00,52.33494
2024-02-20 16:00:00,41.68911
2024-02-20 17:00:00,36.69087
2024-02-20 18:00:00,34.53061
2024-02-20 19:00:00,33.49799
2024-02-20 20:00:00,32.58892
2024-02-20 21:00:00,33.40857
2024-02-20 22:00:00,35.36287
2024-02-20 23:00:00,41.086
2024-02-21 00:00:00,54.70985
2024-02-21 01:00:00,60.22134
2024-02-21 02:00:00,59.76471
2024-02-21 03:00:00,55.60961
2024-02-21 04:00:00,55.27708
2024-02-21 05:00:00,54.27098
2024-02-21 06:00:00,45.98975
2024-02-21 07:00:00,41.39522
2024-02-21 08:00:00,41.36
2024-02-21 09:00:00,37.63749
2024-02-21 10:00:00,36.24561
2024-02-21 11:00:00,36.18998
2024-02-21 12:00:00,37.11615
2024-02-21 13:00:00,43.21072
2024-02-21 14:00:00,54.29587
2024-02-21 15:00:00,43.72577
2024-02-21 16:00:00,35.67736
2024-02-21 17:00:00,28.03453
2024-02-21 18:00:00,25.17517
2024-02-21 19:00:00,24.43796
2024-02-21 20:00:00,23.63947
2024-02-21 21:00:00,24.37693
2024-02-21 22:00:00,24.89077
2024-02-21 23:00:00,28.8863
2024-02-22 00:00:00,39.67669
2024-02-22 01:00:00,49.22237
2024-02-22 02:00:00,49.95127
2024-02-22 03:00:00,48.8491
2024-02-22 04:00:00,48.96391
2024-02-22 05:00:00,47.77463
2024-02-22 06:00:00,42.64266
2024-02-22 07:00:00,40.70603
2024-02-22 08:00:00,34.16152
2024-02-22 09:00:00,34.50484
2024-02-22 10:00:00,34.10152
2024-02-22 11:00:00,34.35901
2024-02-22 12:00:00,40.22647
2024-02-22 13:00:00,46.66938
2024-02-22 14:00:00,62.20555
2024-02-22 15:00:00,46.38188
2024-02-22 16:00:00,32.01479
2024-02-22 17:00:00,25.84732
2024-02-22 18:00:00,23.99448
2024-02-22 19:00:00,19.11086
2024-02-22 20:00:00,16.46748
2024-02-22 21:00:00,14.90509
2024-02-22 22:00:00,17.99288
2024-02-22 23:00:00,23.21843
2024-02-23 00:00:00,39.64103
2024-02-23 01:00:00,58.97731
2024-02-23 02:00:00,60.28839
2024-02-23 03:00:00,57.30754
2024-02-23 04:00:00,56.95398
2024-02-23 05:00:00,55.82995
2024-02-23 06:00:00,46.83117
2024-02-23 07:00:00,41.73339
2024-02-23 08:00:00,38.59
2024-02-23 09:00:00,36.5542
2024-02-23 10:00:00,34.29831
2024-02-23 11:00:00,34.36413
2024-02-23 12:00:00,37.8125
2024-02-23 13:00:00,43.6378
2024-02-23 14:00:00,53.54963
2024-02-23 15:00:00,47.75509
2024-02-23 16:00:00,39.81033
2024-02-23 17:00:00,32.63297
2024-02-23 18:00:00,28.75826
2024-02-23 19:00:00,20.23538
2024-02-23 20:00:00,16.85638
2024-02-23 21:00:00,22.29069
2024-02-23 22:00:00,26.39558
2024-02-23 23:00:00,29.98646
2024-02-24 00:00:00,39.20467
2024-02-24 01:00:00,52.36218
2024-02-24 02:00:00,52.04672
2024-02-24 03:00:00,50.21373
2024-02-24 04:00:00,50.04021
2024-02-24 05:00:00,48.40839
2024-02-24 06:00:00,40.14528
2024-02-24 07:00:00,40.1063
2024-02-24 08:00:00,35.47534
2024-02-24 09:00:00,35.29598
2024-02-24 10:00:00,35.03289
2024-02-24 11:00:00,34.86035
2024-02-24 12:00:00,35.50724
2024-02-24 13:00:00,36.64266
2024-02-24 14:00:00,40.89457
2024-02-24 15:00:00,32.83812
2024-02-24 16:00:00,23.78892
2024-02-24 17:00:00,11.22942
2024-02-24 18:00:00,7.11902
2024-02-24 19:00:00,3.69795
2024-02-24 20:00:00,0.56822
2024-02-24 21:00:00,-0.24203
2024-02-24 22:00:00,0.89831
2024-02-24 23:00:00,8.26201
2024-02-25 00:00:00,30.31811
2024-02-25 01:00:00,45.3522
2024-02-25 02:00:00,45.22061
2024-02-25 03:00:00,44.14661
2024-02-25 04:00:00,44.21333
2024-02-25 05:00:00,40.57575
2024-02-25 06:00:00,39.20452
2024-02-25 07:00:00,35.83193
2024-02-25 08:00:00,32.03132
2024-02-25 09:00:00,31.9099
2024-02-25 10:00:00,31.98787
2024-02-25 11:00:00,31.11993
2024-02-25 12:00:00,31.7
2024-02-25 13:00:00,32.26549
2024-02-25 14:00:00,31.0
2024-02-25 15:00:00,22.26495
2024-02-25 16:00:00,4.439
2024-02-25 17:00:00,0.39486
2024-02-25 18:00:00,-1.87048
2024-02-25 19:00:00,-2.99638
2024-02-25 20:00:00,-8.75261
2024-02-25 21:00:00,-1.92975
2024-02-25 22:00:00,0.66186
2024-02-25 23:00:00,2.91948
2024-02-26 00:00:00,31.74256
2024-02-26 01:00:00,40.28537
2024-02-26 02:00:00,41.34764
2024-02-26 03:00:00,41.07989
2024-02-26 04:00:00,40.0
2024-02-26 05:00:00,39.21742
2024-02-26 06:00:00,34.41748
2024-02-26 07:00:00,30.29083
2024-02-26 08:00:00,29.23412
2024-02-26 09:00:00,29.55303
2024-02-26 10:00:00,28.44939
2024-02-26 11:00:00,29.00822
2024-02-26 12:00:00,30.66121
2024-02-26 13:00:00,35.31741
2024-02-26 14:00:00,38.78169
2024-02-26 15:00:00,37.99
2024-02-26 16:00:00,32.6
2024-02-26 17:00:00,28.11344
2024-02-26 18:00:00,24.36448
2024-02-26 19:00:00,21.41118
2024-02-26 20:00:00,21.10702
2024-02-26 21:00:00,21.59334
2024-02-26 22:00:00,24.01101
2024-02-26 23:00:00,30.16012
2024-02-27 00:00:00,36.296
2024-02-27 01:00:00,46.0674
2024-02-27 02:00:00,45.04097
2024-02-27 03:00:00,43.97583
2024-02-27 04:00:00,42.31275
2024-02-27 05:00:00,40.24173
2024-02-27 06:00:00,32.66055
2024-02-27 07:00:00,31.22622
2024-02-27 08:00:00,28.68628
2024-02-27 09:00:00,27.0493
2024-02-27 10:00:00,27.62054
2024-02-27 11:00:00,27.09987
2024-02-27 12:00:00,31.5838
2024-02-27 13:00:00,35.63099
2024-02-27 14:00:00,44.64338
2024-02-27 15:00:00,33.91667
2024-02-27 16:00:00,29.27573
2024-02-27 17:00:00,33.32646
2024-02-27 18:00:00,22.26272
2024-02-27 19:00:00,16.56316
2024-02-27 20:00:00,10.90449
2024-02-27 21:00:00,10.19645
2024-02-27 22:00:00,14.48788
2024-02-27 23:00:00,21.44777
2024-02-28 00:00:00,23.48959
2024-02-28 01:00:00,46.81506
2024-02-28 02:00:00,48.67729
2024-02-28 03:00:00,48.00738
2024-02-28 04:00:00,47.52998
2024-02-28 05:00:00,46.90969
2024-02-28 06:00:00,45.94942
2024-02-28 07:00:00,36.61278
2024-02-28 08:00:00,31.02734
2024-02-28 09:00:00,30.0
2024-02-28 10:00:00,29.65751
2024-02-28 11:00:00,30.29177
2024-02-28 12:00:00,31.53133
2024-02-28 13:00:00,42.83617
2024-02-28 14:00:00,47.86026
2024-02-28 15:00:00,34.56329
2024-02-28 16:00:00,29.50609
2024-02-28 17:00:00,21.28335
2024-02-28 18:00:00,10.41104
2024-02-28 19:00:00,4.46031
2024-02-28 20:00:00,2.16398
2024-02-28 21:00:00,4.04643
2024-02-28 22:00:00,7.33241
2024-02-28 23:00:00,10.0
2024-02-29 00:00:00,25.28354
2024-02-29 01:00:00,45.39406
2024-02-29 02:00:00,47.37168
2024-02-29 03:00:00,44.6784
2024-02-29 04:00:00,44.07533
2024-02-29 05:00:00,41.18483
2024-02-29 06:00:00,34.15113
2024-02-29 07:00:00,32.40573
2024-02-29 08:00:00,31.2441
2024-02-29 09:00:00,31.36656
2024-02-29 10:00:00,29.86601
2024-02-29 11:00:00,29.40323
2024-02-29 12:00:00,30.3107
2024-02-29 13:00:00,32.46489
2024-02-29 14:00:00,43.62296
2024-02-29 15:00:00,32.97433
2024-02-29 16:00:00,25.84052
2024-02-29 17:00:00,26.06267
2024-02-29 18:00:00,24.45588
2024-02-29 19:00:00,20.18906
2024-02-29 20:00:00,19.07777
2024-02-29 21:00:00,19.28209
2024-02-29 22:00:00,8.30228
2024-02-29 23:00:00,28.5745
2024-03-01 00:00:00,36.80928
2024-03-01 01:00:00,45.34439
2024-03-01 02:00:00,45.45
2024-03-01 03:00:00,43.38
2024-03-01 04:00:00,42.58122
2024-03-01 05:00:00,41.93075
2024-03-01 06:00:00,31.44061
2024-03-01 07:00:00,30.13714
2024-03-01 08:00:00,30.05926
2024-03-01 09:00:00,29.78149
2024-03-01 10:00:00,29.68443
2024-03-01 11:00:00,29.64251
2024-03-01 12:00:00,30.66779
2024-03-01 13:00:00,41.65044
2024-03-01 14:00:00,40.0
2024-03-01 15:00:00,37.3
2024-03-01 16:00:00,38.41562
2024-03-01 17:00:00,41.61761
2024-03-01 18:00:00,39.75502
2024-03-01 19:00:00,38.64065
2024-03-01 20:00:00,37.2571
2024-03-01 21:00:00,36.99086
2024-03-01 22:00:00,36.16249
2024-03-01 23:00:00,41.86959
2024-03-02 00:00:00,38.13143
2024-03-02 01:00:00,47.12842
2024-03-02 02:00:00,47.73502
2024-03-02 03:00:00,43.66466
2024-03-02 04:00:00,43.48426
2024-03-02 05:00:00,43.32434
2024-03-02 06:00:00,40.39386
2024-03-02 07:00:00,38.17264
2024-03-02 08:00:00,33.03016
2024-03-02 09:00:00,32.35998
2024-03-02 10:00:00,32.73218
2024-03-02 11:00:00,32.66584
2024-03-02 12:00:00,32.95467
2024-03-02 13:00:00,34.30407
2024-03-02 14:00:00,33.85949
2024-03-02 15:00:00,35.0
2024-03-02 16:00:00,34.97855
2024-03-02 17:00:00,36.86598
2024-03-02 18:00:00,33.97275
2024-03-02 19:00:00,30.0816
2024-03-02 20:00:00,24.14098
2024-03-02 21:00:00,23.97741
2024-03-02 22:00:00,30.74696
2024-03-02 23:00:00,38.45144
2024-03-03 00:00:00,46.52696
2024-03-03 01:00:00,44.47531
2024-03-03 02:00:00,47.38172
2024-03-03 03:00:00,44.20003
2024-03-03 04:00:00,43.55215
2024-03-03 05:00:00,42.88714
2024-03-03 06:00:00,40.51232
2024-03-03 07:00:00,38.72205
2024-03-03 08:00:00,38.03422
2024-03-03 09:00:00,33.96704
2024-03-03 10:00:00,33.04854
2024-03-03 11:00:00,33.1599
2024-03-03 12:00:00,33.14915
2024-03-03 13:00:00,33.33711
2024-03-03 14:00:00,33.57652
2024-03-03 15:00:00,32.31995
2024-03-03 16:00:00,39.95159
2024-03-03 17:00:00,44.37589
2024-03-03 18:00:00,30.0672
2024-03-03 19:00:00,25.52881
2024-03-03 20:00:00,25.7622
2024-03-03 21:00:00,26.51909
2024-03-03 22:00:00,25.87084
2024-03-03 23:00:00,40.31943
2024-03-04 00:00:00,30.37537
2024-03-04 01:00:00,42.51211
2024-03-04 02:00:00,47.53628
2024-03-04 03:00:00,43.54735
2024-03-04 04:00:00,42.66799
2024-03-04 05:00:00,42.43455
2024-03-04 06:00:00,40.53377
2024-03-04 07:00:00,39.8384
2024-03-04 08:00:00,39.20305
2024-03-04 09:00:00,38.7
2024-03-04 10:00:00,39.03025
2024-03-04 11:00:00,38.89624
2024-03-04 12:00:00,38.70488
2024-03-04 13:00:00,42.70311
2024-03-04 14:00:00,44.54549
2024-03-04 15:00:00,47.64
2024-03-04 16:00:00,43.22175
2024-03-04 17:00:00,36.99537
2024-03-04 18:00:00,31.11168
2024-03-04 19:00:00,30.056
2024-03-04 20:00:00,26.06505
2024-03-04 21:00:00,27.56348
2024-03-04 22:00:00,30.64442
2024-03-04 23:00:00,33.0
2024-03-05 00:00:00,32.71098
2024-03-05 01:00:00,49.88116
2024-03-05 02:00:00,57.40607
2024-03-05 03:00:00,57.01517
2024-03-05 04:00:00,52.80057
2024-03-05 05:00:00,49.23398
2024-03-05 06:00:00,47.49387
2024-03-05 07:00:00,44.28935
2024-03-05 08:00:00,42.61472
2024-03-05 09:00:00,41.34195
2024-03-05 10:00:00,41.5682
2024-03-05 11:00:00,41.55374
2024-03-05 12:00:00,43.16554
2024-03-05 13:00:00,52.00767
2024-03-05 14:00:00,57.84757
2024-03-05 15:00:00,46.35343
2024-03-05 16:00:00,37.22342
2024-03-05 17:00:00,33.65766
2024-03-05 18:00:00,33.39949
2024-03-05 19:00:00,30.67522
2024-03-05 20:00:00,30.95346
2024-03-05 21:00:00,29.11
2024-03-05 22:00:00,28.85122
2024-03-05 23:00:00,34.62806
2024-03-06 00:00:00,43.98841
2024-03-06 01:00:00,57.22358
2024-03-06 02:00:00,60.38331
2024-03-06 03:00:00,58.44008
2024-03-06 04:00:00,56.76651
2024-03-06 05:00:00,54.72802
2024-03-06 06:00:00,51.6668
2024-03-06 07:00:00,45.45102
2024-03-06 08:00:00,44.33184
2024-03-06 09:00:00,41.61663
2024-03-06 10:00:00,41.01561
2024-03-06 11:00:00,43.0515
2024-03-06 12:00:00,47.10836
2024-03-06 13:00:00,55.13051
2024-03-06 14:00:00,60.34368
2024-03-06 15:00:00,56.799
2024-03-06 16:00:00,43.5946
2024-03-06 17:00:00,40.71528
2024-03-06 18:00:00,36.74032
2024-03-06 19:00:00,31.31256
2024-03-06 20:00:00,30.0214
2024-03-06 21:00:00,30.3049
2024-03-06 22:00:00,32.944
2024-03-06 23:00:00,41.45751
2024-03-07 00:00:00,53.76312
2024-03-07 01:00:00,54.41591
2024-03-07 02:00:00,55.26784
2024-03-07 03:00:00,53.64489
2024-03-07 04:00:00,53.40042
2024-03-07 05:00:00,51.3058
2024-03-07 06:00:00,43.95625
2024-03-07 07:00:00,42.2328
2024-03-07 08:00:00,39.00784
2024-03-07 09:00:00,39.22418
2024-03-07 10:00:00,37.68355
2024-03-07 11:00:00,37.53064
2024-03-07 12:00:00,39.11977
2024-03-07 13:00:00,40.42938
2024-03-07 14:00:00,49.72689
2024-03-07 15:00:00,51.3855
2024-03-07 16:00:00,41.60153
2024-03-07 17:00:00,33.5941
2024-03-07 18:00:00,25.71202
2024-03-07 19:00:00,21.88957
2024-03-07 20:00:00,19.29154
2024-03-07 21:00:00,20.0
2024-03-07 22:00:00,20.74428
2024-03-07 23:00:00,24.17523
2024-03-08 00:00:00,35.31967
2024-03-08 01:00:00,50.0
2024-03-08 02:00:00,49.2526
2024-03-08 03:00:00,48.0568
2024-03-08 04:00:00,47.04125
2024-03-08 05:00:00,45.57174
2024-03-08 06:00:00,39.16164
2024-03-08 07:00:00,36.94525
2024-03-08 08:00:00,41.78617
2024-03-08 09:00:00,41.50245
2024-03-08 10:00:00,40.86897
2024-03-08 11:00:00,41.85022
2024-03-08 12:00:00,50.14736
2024-03-08 13:00:00,55.79135
2024-03-08 14:00:00,57.7
2024-03-08 15:00:00,42.52133
2024-03-08 16:00:00,29.14665
2024-03-08 17:00:00,21.06818
2024-03-08 18:00:00,16.71423
2024-03-08 19:00:00,13.30212
2024-03-08 20:00:00,12.26461
2024-03-08 21:00:00,13.83695
2024-03-08 22:00:00,14.0
2024-03-08 23:00:00,12.84862
2024-03-09 00:00:00,24.82385
2024-03-09 01:00:00,53.87044
2024-03-09 02:00:00,58.2601
2024-03-09 03:00:00,54.20869
2024-03-09 04:00:00,53.63781
2024-03-09 05:00:00,51.55421
2024-03-09 06:00:00,50.85724
2024-03-09 07:00:00,45.03145
2024-03-09 08:00:00,41.217
2024-03-09 09:00:00,40.0
2024-03-09 10:00:00,39.61934
2024-03-09 11:00:00,37.53069
2024-03-09 12:00:00,39.28391
2024-03-09 13:00:00,43.64208
2024-03-09 14:00:00,47.7277
2024-03-09 15:00:00,32.96245
2024-03-09 16:00:00,22.44
2024-03-09 17:00:00,15.50955
2024-03-09 18:00:00,10.19506
2024-03-09 19:00:00,6.83978
2024-03-09 20:00:00,4.12518
2024-03-09 21:00:00,4.5162
2024-03-09 22:00:00,6.52449
2024-03-09 23:00:00,10.06603
2024-03-10 00:00:00,20.32093
2024-03-10 01:00:00,46.83164
2024-03-10 02:00:00,46.96615
2024-03-10 03:00:00,47.10216
2024-03-10 04:00:00,45.76651
2024-03-10 05:00:00,44.72356
2024-03-10 06:00:00,41.44802
2024-03-10 07:00:00,38.46669
2024-03-10 08:00:00,45.82918
2024-03-10 09:00:00,45.52093
2024-03-10 10:00:00,41.26672
2024-03-10 11:00:00,40.92888
2024-03-10 12:00:00,38.80483
2024-03-10 13:00:00,43.1519
2024-03-10 14:00:00,42.76865
2024-03-10 15:00:00,19.08956
2024-03-10 16:00:00,22.88194
2024-03-10 17:00:00,24.97331
2024-03-10 18:00:00,15.7072
2024-03-10 19:00:00,14.51546
2024-03-10 20:00:00,9.83181
2024-03-10 21:00:00,12.83991
2024-03-10 22:00:00,10.49958
2024-03-10 23:00:00,7.94117
2024-03-11 00:00:00,19.70391
2024-03-11 01:00:00,42.91305
2024-03-11 02:00:00,45.95875
2024-03-11 03:00:00,45.90903
2024-03-11 04:00:00,43.53882
2024-03-11 05:00:00,42.62598
2024-03-11 06:00:00,42.07317
2024-03-11 07:00:00,34.06998
2024-03-11 08:00:00,33.41301
2024-03-11 09:00:00,31.55771
2024-03-11 10:00:00,31.00632
2024-03-11 11:00:00,31.50786
2024-03-11 12:00:00,36.01001
2024-03-11 13:00:00,53.65061
2024-03-11 14:00:00,56.82
2024-03-11 15:00:00,36.45928
2024-03-11 16:00:00,27.66905
2024-03-11 17:00:00,24.60683
2024-03-11 18:00:00,20.75149
2024-03-11 19:00:00,20.47502
2024-03-11 20:00:00,19.69228
2024-03-11 21:00:00,22.01058
2024-03-11 22:00:00,20.67844
2024-03-11 23:00:00,20.88146
2024-03-12 00:00:00,32.4262
2024-03-12 01:00:00,43.01817
2024-03-12 02:00:00,46.56539
2024-03-12 03:00:00,44.71262
2024-03-12 04:00:00,42.83758
2024-03-12 05:00:00,39.70973
2024-03-12 06:00:00,36.98834
2024-03-12 07:00:00,27.69583
2024-03-12 08:00:00,28.2388
2024-03-12 09:00:00,27.98417
2024-03-12 10:00:00,27.96563
2024-03-12 11:00:00,29.06893
2024-03-12 12:00:00,32.0917
2024-03-12 13:00:00,44.56553
2024-03-12 14:00:00,46.26085
2024-03-12 15:00:00,34.3773
2024-03-12 16:00:00,28.96772
2024-03-12 17:00:00,24.38922
2024-03-12 18:00:00,13.32315
2024-03-12 19:00:00,6.97454
2024-03-12 20:00:00,4.83426
2024-03-12 21:00:00,3.198
2024-03-12 22:00:00,-4.04905
2024-03-12 23:00:00,5.25041
2024-03-13 00:00:00,19.68434
2024-03-13 01:00:00,41.32613
2024-03-13 02:00:00,46.49707
2024-03-13 03:00:00,46.47868
2024-03-13 04:00:00,43.0
2024-03-13 05:00:00,35.32451
2024-03-13 06:00:00,29.98828
2024-03-13 07:00:00,28.806
2024-03-13 08:00:00,26.2918
2024-03-13 09:00:00,27.65188
2024-03-13 10:00:00,27.63
2024-03-13 11:00:00,29.17852
2024-03-13 12:00:00,38.12963
2024-03-13 13:00:00,44.34239
2024-03-13 14:00:00,47.10463
2024-03-13 15:00:00,35.21508
2024-03-13 16:00:00,22.69201
2024-03-13 17:00:00,15.95758
2024-03-13 18:00:00,8.38675
2024-03-13 19:00:00,4.0
2024-03-13 20:00:00,2.36024
2024-03-13 21:00:00,3.52
2024-03-13 22:00:00,2.25018
2024-03-13 23:00:00,0.17646
2024-03-14 00:00:00,9.41994
2024-03-14 01:00:00,40.27987
2024-03-14 02:00:00,43.65524
2024-03-14 03:00:00,43.6362
2024-03-14 04:00:00,40.0
2024-03-14 05:00:00,39.946
2024-03-14 06:00:00,38.29971
2024-03-14 07:00:00,40.44945
2024-03-14 08:00:00,40.19927
2024-03-14 09:00:00,33.40959
2024-03-14 10:00:00,39.63829
2024-03-14 11:00:00,38.35415
2024-03-14 12:00:00,40.80125
2024-03-14 13:00:00,50.00675
2024-03-14 14:00:00,50.2448
2024-03-14 15:00:00,31.54895
2024-03-14 16:00:00,23.43
2024-03-14 17:00:00,20.14
2024-03-14 18:00:00,15.65424
2024-03-14 19:00:00,12.21089
2024-03-14 20:00:00,12.13299
2024-03-14 21:00:00,11.15189
2024-03-14 22:00:00,-4.79
2024-03-14 23:00:00,6.83263
2024-03-15 00:00:00,21.54581
2024-03-15 01:00:00,42.48378
2024-03-15 02:00:00,49.01409
2024-03-15 03:00:00,45.4874
2024-03-15 04:00:00,43.43243
2024-03-15 05:00:00,40.00517
2024-03-15 06:00:00,37.92403
2024-03-15 07:00:00,31.94028
2024-03-15 08:00:00,31.05795
2024-03-15 09:00:00,31.86345
2024-03-15 10:00:00,30.63465
2024-03-15 11:00:00,31.00222
2024-03-15 12:00:00,36.5674
2024-03-15 13:00:00,49.92282
2024-03-15 14:00:00,51.64237
2024-03-15 15:00:00,36.68026
2024-03-15 16:00:00,24.37877
2024-03-15 17:00:00,15.21301
2024-03-15 18:00:00,13.20731
2024-03-15 19:00:00,8.31753
2024-03-15 20:00:00,7.07944
2024-03-15 21:00:00,9.2552
2024-03-15 22:00:00,10.41
2024-03-15 23:00:00,18.44706
2024-03-16 00:00:00,34.45
2024-03-16 01:00:00,47.7742
2024-03-16 02:00:00,48.7916
2024-03-16 03:00:00,48.27913
2024-03-16 04:00:00,46.9985
2024-03-16 05:00:00,46.36152
2024-03-16 06:00:00,40.16876
2024-03-16 07:00:00,47.94605
2024-03-16 08:00:00,44.76869
2024-03-16 09:00:00,41.16668
2024-03-16 10:00:00,41.46943
2024-03-16 11:00:00,40.03487
2024-03-16 12:00:00,48.02672
2024-03-16 13:00:00,50.06171
2024-03-16 14:00:00,48.90344
2024-03-16 15:00:00,30.3551
2024-03-16 16:00:00,20.15055
2024-03-16 17:00:00,23.89747
2024-03-16 18:00:00,5.5
2024-03-16 19:00:00,0.89007
2024-03-16 20:00:00,-1.70508
2024-03-16 21:00:00,0.78854
2024-03-16 22:00:00,-1.82268
2024-03-16 23:00:00,7.55
2024-03-17 00:00:00,29.34292
2024-03-17 01:00:00,45.52494
2024-03-17 02:00:00,46.97222
2024-03-17 03:00:00,46.95928
2024-03-17 04:00:00,46.0397
2024-03-17 05:00:00,42.1823
2024-03-17 06:00:00,37.93212
2024-03-17 07:00:00,34.07952
2024-03-17 08:00:00,33.32806
2024-03-17 09:00:00,33.3
2024-03-17 10:00:00,33.32401
2024-03-17 11:00:00,33.31361
2024-03-17 12:00:00,34.30897
2024-03-17 13:00:00,35.43038
2024-03-17 14:00:00,33.34557
2024-03-17 15:00:00,14.36306
2024-03-17 16:00:00,18.83182
2024-03-17 17:00:00,25.08109
2024-03-17 18:00:00,20.71005
2024-03-17 19:00:00,21.35439
2024-03-17 20:00:00,18.05001
2024-03-17 21:00:00,21.22015
2024-03-17 22:00:00,5.10903
2024-03-17 23:00:00,10.00459
2024-03-18 00:00:00,20.14996
2024-03-18 01:00:00,42.2406
2024-03-18 02:00:00,48.35738
2024-03-18 03:00:00,47.2534
2024-03-18 04:00:00,47.89723
2024-03-18 05:00:00,43.44867
2024-03-18 06:00:00,42.59169
2024-03-18 07:00:00,39.78426
2024-03-18 08:00:00,37.88047
2024-03-18 09:00:00,38.14195
2024-03-18 10:00:00,37.40799
2024-03-18 11:00:00,42.37044
2024-03-18 12:00:00,49.09814
2024-03-18 13:00:00,55.4231
2024-03-18 14:00:00,55.68989
2024-03-18 15:00:00,36.7233
2024-03-18 16:00:00,28.57457
2024-03-18 17:00:00,21.75364
2024-03-18 18:00:00,15.1773
2024-03-18 19:00:00,12.11
2024-03-18 20:00:00,6.5293
2024-03-18 21:00:00,2.77635
2024-03-18 22:00:00,7.4165
2024-03-18 23:00:00,16.79226
2024-03-19 00:00:00,29.8516
2024-03-19 01:00:00,53.32423
2024-03-19 02:00:00,64.26039
2024-03-19 03:00:00,55.02796
2024-03-19 04:00:00,51.3713
2024-03-19 05:00:00,48.78409
2024-03-19 06:00:00,37.99793
2024-03-19 07:00:00,34.04703
2024-03-19 08:00:00,31.65782
2024-03-19 09:00:00,30.86993
2024-03-19 10:00:00,30.69719
2024-03-19 11:00:00,31.66415
2024-03-19 12:00:00,39.83487
2024-03-19 13:00:00,47.04584
2024-03-19 14:00:00,41.40143
2024-03-19 15:00:00,29.36259
2024-03-19 16:00:00,26.10561
2024-03-19 17:00:00,18.79934
2024-03-19 18:00:00,9.57
2024-03-19 19:00:00,6.4668
2024-03-19 20:00:00,6.13022
2024-03-19 21:00:00,3.40936
2024-03-19 22:00:00,6.63217
2024-03-19 23:00:00,12.18
2024-03-20 00:00:00,27.82484
2024-03-20 01:00:00,40.76108
2024-03-20 02:00:00,48.59813
2024-03-20 03:00:00,45.70046
2024-03-20 04:00:00,41.12115
2024-03-20 05:00:00,36.65482
2024-03-20 06:00:00,30.37781
2024-03-20 07:00:00,29.46675
2024-03-20 08:00:00,29.4856
2024-03-20 09:00:00,29.13718
2024-03-20 10:00:00,28.78695
2024-03-20 11:00:00,29.48168
2024-03-20 12:00:00,34.01307
2024-03-20 13:00:00,40.2511
2024-03-20 14:00:00,37.37793
2024-03-20 15:00:00,29.89273
2024-03-20 16:00:00,25.64426
2024-03-20 17:00:00,23.22713
2024-03-20 18:00:00,18.87169
2024-03-20 19:00:00,10.0
2024-03-20 20:00:00,7.26205
2024-03-20 21:00:00,0.18852
2024-03-20 22:00:00,3.12801
2024-03-20 23:00:00,9.81684
2024-03-21 00:00:00,19.91062
2024-03-21 01:00:00,34.89182
2024-03-21 02:00:00,41.63898
2024-03-21 03:00:00,38.27184
2024-03-21 04:00:00,38.19312
2024-03-21 05:00:00,34.69343
2024-03-21 06:00:00,31.56451
2024-03-21 07:00:00,25.826
2024-03-21 08:00:00,25.64122
2024-03-21 09:00:00,25.68279
2024-03-21 10:00:00,25.64635
2024-03-21 11:00:00,29.36799
2024-03-21 12:00:00,35.99365
2024-03-21 13:00:00,45.62589
2024-03-21 14:00:00,42.12124
2024-03-21 15:00:00,29.23346
2024-03-21 16:00:00,20.96109
2024-03-21 17:00:00,14.47353
2024-03-21 18:00:00,12.70272
2024-03-21 19:00:00,8.77
2024-03-21 20:00:00,9.17377
2024-03-21 21:00:00,10.0
2024-03-21 22:00:00,11.82928
2024-03-21 23:00:00,7.63093
2024-03-22 00:00:00,20.23414
2024-03-22 01:00:00,34.81036
2024-03-22 02:00:00,44.35624
2024-03-22 03:00:00,41.09226
2024-03-22 04:00:00,40.30837
2024-03-22 05:00:00,35.06319
2024-03-22 06:00:00,33.11881
2024-03-22 07:00:00,36.91636
2024-03-22 08:00:00,31.05171
2024-03-22 09:00:00,30.35475
2024-03-22 10:00:00,30.46782
2024-03-22 11:00:00,35.00445
2024-03-22 12:00:00,47.50615
2024-03-22 13:00:00,48.75042
2024-03-22 14:00:00,49.6348
2024-03-22 15:00:00,31.01415
2024-03-22 16:00:00,23.78321
2024-03-22 17:00:00,21.24759
2024-03-22 18:00:00,10.37567
2024-03-22 19:00:00,7.26241
2024-03-22 20:00:00,5.16228
2024-03-22 21:00:00,5.30827
2024-03-22 22:00:00,8.62965
2024-03-22 23:00:00,3.8887
2024-03-23 00:00:00,27.67824
2024-03-23 01:00:00,39.58667
2024-03-23 02:00:00,40.53325
2024-03-23 03:00:00,39.66877
2024-03-23 04:00:00,39.19684
2024-03-23 05:00:00,38.20426
2024-03-23 06:00:00,37.30995
2024-03-23 07:00:00,28.41453
2024-03-23 08:00:00,28.4663
2024-03-23 09:00:00,28.22609
2024-03-23 10:00:00,27.78886
2024-03-23 11:00:00,28.37737
2024-03-23 12:00:00,28.68143
2024-03-23 13:00:00,33.38734
2024-03-23 14:00:00,33.87864
2024-03-23 15:00:00,30.02213
2024-03-23 16:00:00,25.31554
2024-03-23 17:00:00,15.75537
2024-03-23 18:00:00,5.78176
2024-03-23 19:00:00,1.37119
2024-03-23 20:00:00,-3.79286
2024-03-23 21:00:00,-10.11752
2024-03-23 22:00:00,-2.49006
2024-03-23 23:00:00,0.53942
2024-03-24 00:00:00,10.63839
2024-03-24 01:00:00,29.17629
2024-03-24 02:00:00,29.66432
2024-03-24 03:00:00,29.5064
2024-03-24 04:00:00,29.50323
2024-03-24 05:00:00,28.70265
2024-03-24 06:00:00,26.3879
2024-03-24 07:00:00,26.02534
2024-03-24 08:00:00,25.42659
2024-03-24 09:00:00,23.83644
2024-03-24 10:00:00,21.4222
2024-03-24 11:00:00,22.6545
2024-03-24 12:00:00,23.83261
2024-03-24 13:00:00,27.94271
2024-03-24 14:00:00,21.87208
2024-03-24 15:00:00,3.5487
2024-03-24 16:00:00,2.75962
2024-03-24 17:00:00,-0.72869
2024-03-24 18:00:00,-3.01911
2024-03-24 19:00:00,-4.99901
2024-03-24 20:00:00,-4.53986
2024-03-24 21:00:00,-5.09242
2024-03-24 22:00:00,-2.6482
2024-03-24 23:00:00,2.65806
2024-03-25 00:00:00,14.10447
2024-03-25 01:00:00,28.94555
2024-03-25 02:00:00,30.92977
2024-03-25 03:00:00,30.94298
2024-03-25 04:00:00,29.78859
2024-03-25 05:00:00,28.86791
2024-03-25 06:00:00,25.54678
2024-03-25 07:00:00,27.43917
2024-03-25 08:00:00,25.35969
2024-03-25 09:00:00,25.0638
2024-03-25 10:00:00,25.33644
2024-03-25 11:00:00,27.30644
2024-03-25 12:00:00,31.09319
2024-03-25 13:00:00,51.73202
2024-03-25 14:00:00,39.05532
2024-03-25 15:00:00,24.74233
2024-03-25 16:00:00,20.62048
2024-03-25 17:00:00,14.23445
2024-03-25 18:00:00,10.04473
2024-03-25 19:00:00,6.71135
2024-03-25 20:00:00,0.76008
2024-03-25 21:00:00,0.21294
2024-03-25 22:00:00,5.31802
2024-03-25 23:00:00,6.54475
2024-03-26 00:00:00,17.01477
2024-03-26 01:00:00,33.01035
2024-03-26 02:00:00,39.04433
2024-03-26 03:00:00,38.65776
2024-03-26 04:00:00,34.2446
2024-03-26 05:00:00,31.45022
2024-03-26 06:00:00,28.70533
2024-03-26 07:00:00,29.2051
2024-03-26 08:00:00,25.82821
2024-03-26 09:00:00,23.27202
2024-03-26 10:00:00,23.46856
2024-03-26 11:00:00,24.94636
2024-03-26 12:00:00,30.84911
2024-03-26 13:00:00,38.12227
2024-03-26 14:00:00,36.99605
2024-03-26 15:00:00,20.0
2024-03-26 16:00:00,19.80382
2024-03-26 17:00:00,12.92871
2024-03-26 18:00:00,3.77966
2024-03-26 19:00:00,-1.73548
2024-03-26 20:00:00,-3.02889
2024-03-26 21:00:00,-3.02453
2024-03-26 22:00:00,-1.64967
2024-03-26 23:00:00,-1.67218
2024-03-27 00:00:00,9.70261
2024-03-27 01:00:00,31.75334
2024-03-27 02:00:00,36.00562
2024-03-27 03:00:00,36.76743
2024-03-27 04:00:00,36.05374
2024-03-27 05:00:00,32.09041
2024-03-27 06:00:00,31.15975
2024-03-27 07:00:00,30.59657
2024-03-27 08:00:00,30.54512
2024-03-27 09:00:00,30.4864
2024-03-27 10:00:00,30.79784
2024-03-27 11:00:00,33.69548
2024-03-27 12:00:00,45.84229
2024-03-27 13:00:00,49.62826
2024-03-27 14:00:00,49.72274
2024-03-27 15:00:00,28.41851
2024-03-27 16:00:00,25.56015
2024-03-27 17:00:00,18.12677
2024-03-27 18:00:00,16.71507
2024-03-27 19:00:00,15.74506
2024-03-27 20:00:00,13.73257
2024-03-27 21:00:00,17.14443
2024-03-27 22:00:00,20.0
2024-03-27 23:00:00,23.38614
2024-03-28 00:00:00,20.36451
2024-03-28 01:00:00,46.03822
2024-03-28 02:00:00,47.0645
2024-03-28 03:00:00,45.68117
2024-03-28 04:00:00,45.16917
2024-03-28 05:00:00,43.74141
2024-03-28 06:00:00,39.95982
2024-03-28 07:00:00,32.87426
2024-03-28 08:00:00,29.09449
2024-03-28 09:00:00,28.1336
2024-03-28 10:00:00,28.59731
2024-03-28 11:00:00,29.1879
2024-03-28 12:00:00,38.38437
2024-03-28 13:00:00,42.8879
2024-03-28 14:00:00,40.54046
2024-03-28 15:00:00,35.6922
2024-03-28 16:00:00,30.12045
2024-03-28 17:00:00,24.76358
2024-03-28 18:00:00,16.02304
2024-03-28 19:00:00,10.94387
2024-03-28 20:00:00,3.56467
2024-03-28 21:00:00,6.15247
2024-03-28 22:00:00,7.43379
2024-03-28 23:00:00,10.0
2024-03-29 00:00:00,22.86939
2024-03-29 01:00:00,38.07431
2024-03-29 02:00:00,40.99323
2024-03-29 03:00:00,41.23988
2024-03-29 04:00:00,39.20507
2024-03-29 05:00:00,38.32511
2024-03-29 06:00:00,34.38062
2024-03-29 07:00:00,26.74703
2024-03-29 08:00:00,25.53575
2024-03-29 09:00:00,26.91336
2024-03-29 10:00:00,26.76844
2024-03-29 11:00:00,25.53091
2024-03-29 12:00:00,32.37825
2024-03-29 13:00:00,38.91039
2024-03-29 14:00:00,35.28885
2024-03-29 15:00:00,39.73395
2024-03-29 16:00:00,37.12224
2024-03-29 17:00:00,30.32139
2024-03-29 18:00:00,26.50455
2024-03-29 19:00:00,25.5256
2024-03-29 20:00:00,23.169
2024-03-29 21:00:00,23.82018
2024-03-29 22:00:00,27.3575
2024-03-29 23:00:00,26.24
2024-03-30 00:00:00,32.16436
2024-03-30 01:00:00,36.39161
2024-03-30 02:00:00,39.76917
2024-03-30 03:00:00,38.48628
2024-03-30 04:00:00,37.06613
2024-03-30 05:00:00,33.69483
2024-03-30 06:00:00,32.55389
2024-03-30 07:00:00,36.68405
2024-03-30 08:00:00,34.90238
2024-03-30 09:00:00,32.73864
2024-03-30 10:00:00,33.59841
2024-03-30 11:00:00,32.49413
2024-03-30 12:00:00,39.03382
2024-03-30 13:00:00,39.75896
2024-03-30 14:00:00,34.95561
2024-03-30 15:00:00,29.70258
2024-03-30 16:00:00,26.57091
2024-03-30 17:00:00,22.72213
2024-03-30 18:00:00,17.48835
2024-03-30 19:00:00,3.92606
2024-03-30 20:00:00,6.89064
2024-03-30 21:00:00,12.50531
2024-03-30 22:00:00,19.97555
2024-03-30 23:00:00,20.25117
2024-03-31 00:00:00,33.25024
2024-03-31 01:00:00,40.57461
2024-03-31 02:00:00,41.51767
2024-03-31 03:00:00,40.56059
2024-03-31 04:00:00,40.53699
2024-03-31 05:00:00,40.4288
2024-03-31 06:00:00,38.04489
2024-03-31 07:00:00,38.48169
2024-03-31 08:00:00,36.9755
2024-03-31 09:00:00,35.09297
2024-03-31 10:00:00,33.2681
2024-03-31 11:00:00,34.79112
2024-03-31 12:00:00,37.27231
2024-03-31 13:00:00,38.36568
2024-03-31 14:00:00,33.90414
2024-03-31 15:00:00,25.20071
2024-03-31 16:00:00,17.73854
2024-03-31 17:00:00,13.38087
2024-03-31 18:00:00,4.19361
2024-03-31 19:00:00,2.43774
2024-03-31 20:00:00,-1.40642
2024-03-31 21:00:00,1.83379
2024-03-31 22:00:00,4.92131
2024-03-31 23:00:00,8.33161
2024-04-01 00:00:00,29.63115
2024-04-01 01:00:00,38.7485
2024-04-01 02:00:00,39.69186
2024-04-01 03:00:00,39.72359
2024-04-01 04:00:00,39.20605
2024-04-01 05:00:00,38.80215
2024-04-01 06:00:00,39.01323
2024-04-01 07:00:00,44.33014
2024-04-01 08:00:00,37.97327
2024-04-01 09:00:00,34.94339
2024-04-01 10:00:00,33.81389
2024-04-01 11:00:00,35.01904
2024-04-01 12:00:00,48.234
2024-04-01 13:00:00,54.42713
2024-04-01 14:00:00,46.72255
2024-04-01 15:00:00,39.71996
2024-04-01 16:00:00,21.48669
2024-04-01 17:00:00,15.43327
2024-04-01 18:00:00,14.6725
2024-04-01 19:00:00,4.34607
2024-04-01 20:00:00,4.07112
2024-04-01 21:00:00,0.90063
2024-04-01 22:00:00,5.49722
2024-04-01 23:00:00,12.43378
2024-04-02 00:00:00,30.90014
2024-04-02 01:00:00,38.6235
2024-04-02 02:00:00,45.54258
2024-04-02 03:00:00,43.55356
2024-04-02 04:00:00,42.41986
2024-04-02 05:00:00,40.99899
2024-04-02 06:00:00,40.49126
2024-04-02 07:00:00,34.34719
2024-04-02 08:00:00,32.02888
2024-04-02 09:00:00,34.14841
2024-04-02 10:00:00,37.874
2024-04-02 11:00:00,41.75965
2024-04-02 12:00:00,44.46952
2024-04-02 13:00:00,54.75739
2024-04-02 14:00:00,50.69241
2024-04-02 15:00:00,40.02288
2024-04-02 16:00:00,19.38321
2024-04-02 17:00:00,14.22533
2024-04-02 18:00:00,9.12678
2024-04-02 19:00:00,2.98837
2024-04-02 20:00:00,3.05957
2024-04-02 21:00:00,0.10239
2024-04-02 22:00:00,1.0
2024-04-02 23:00:00,7.04919
2024-04-03 00:00:00,26.09794
2024-04-03 01:00:00,41.11557
2024-04-03 02:00:00,49.8411
2024-04-03 03:00:00,44.80296
2024-04-03 04:00:00,40.92099
2024-04-03 05:00:00,40.0
2024-04-03 06:00:00,37.52531
2024-04-03 07:00:00,32.19765
2024-04-03 08:00:00,33.82166
2024-04-03 09:00:00,31.91156
2024-04-03 10:00:00,34.60851
2024-04-03 11:00:00,35.36663
2024-04-03 12:00:00,35.6561
2024-04-03 13:00:00,46.51921
2024-04-03 14:00:00,37.49299
2024-04-03 15:00:00,35.03867
2024-04-03 16:00:00,25.75185
2024-04-03 17:00:00,19.0922
2024-04-03 18:00:00,17.17276
2024-04-03 19:00:00,12.06111
2024-04-03 20:00:00,13.39329
2024-04-03 21:00:00,9.9937
2024-04-03 22:00:00,9.20054
2024-04-03 23:00:00,15.23835
2024-04-04 00:00:00,25.03309
2024-04-04 01:00:00,41.34048
2024-04-04 02:00:00,52.81279
2024-04-04 03:00:00,50.08853
2024-04-04 04:00:00,48.26558
2024-04-04 05:00:00,41.70635
2024-04-04 06:00:00,40.22263
2024-04-04 07:00:00,43.77173
2024-04-04 08:00:00,40.00836
2024-04-04 09:00:00,37.72937
2024-04-04 10:00:00,37.90458
2024-04-04 11:00:00,36.05449
2024-04-04 12:00:00,45.60848
2024-04-04 13:00:00,50.0
2024-04-04 14:00:00,58.8867
2024-04-04 15:00:00,57.29252
2024-04-04 16:00:00,56.8785
2024-04-04 17:00:00,55.434
2024-04-04 18:00:00,52.02
2024-04-04 19:00:00,51.79014
2024-04-04 20:00:00,48.77083
2024-04-04 21:00:00,45.13712
2024-04-04 22:00:00,43.4701
2024-04-04 23:00:00,43.32882
2024-04-05 00:00:00,45.87907
2024-04-05 01:00:00,44.03081
2024-04-05 02:00:00,48.17924
2024-04-05 03:00:00,50.0
2024-04-05 04:00:00,46.48967
2024-04-05 05:00:00,43.53087
2024-04-05 06:00:00,42.49826
2024-04-05 07:00:00,36.61631
2024-04-05 08:00:00,33.90427
2024-04-05 09:00:00,32.4698
2024-04-05 10:00:00,32.45781
2024-04-05 11:00:00,37.02072
2024-04-05 12:00:00,42.47964
2024-04-05 13:00:00,49.57394
2024-04-05 14:00:00,51.86674
2024-04-05 15:00:00,48.37109
2024-04-05 16:00:00,40.56703
2024-04-05 17:00:00,35.91925
2024-04-05 18:00:00,33.35777
2024-04-05 19:00:00,33.30177
2024-04-05 20:00:00,24.1761
2024-04-05 21:00:00,29.56124
2024-04-05 22:00:00,24.42997
2024-04-05 23:00:00,27.96416
2024-04-06 00:00:00,31.5417
2024-04-06 01:00:00,38.41816
2024-04-06 02:00:00,41.60241
2024-04-06 03:00:00,41.37703
2024-04-06 04:00:00,42.31422
2024-04-06 05:00:00,38.90691
2024-04-06 06:00:00,36.78481
2024-04-06 07:00:00,34.0
2024-04-06 08:00:00,33.18291
2024-04-06 09:00:00,32.53789
2024-04-06 10:00:00,32.54287
2024-04-06 11:00:00,32.52198
2024-04-06 12:00:00,39.56591
2024-04-06 13:00:00,37.22053
2024-04-06 14:00:00,40.0
2024-04-06 15:00:00,26.31752
2024-04-06 16:00:00,29.62368
2024-04-06 17:00:00,26.62483
2024-04-06 18:00:00,21.70842
2024-04-06 19:00:00,22.28583
2024-04-06 20:00:00,19.78
2024-04-06 21:00:00,20.72932
2024-04-06 22:00:00,24.20799
2024-04-06 23:00:00,11.52302
2024-04-07 00:00:00,25.08836
2024-04-07 01:00:00,31.17808
2024-04-07 02:00:00,39.77186
2024-04-07 03:00:00,40.35818
2024-04-07 04:00:00,40.09941
2024-04-07 05:00:00,38.73992
2024-04-07 06:00:00,38.63909
2024-04-07 07:00:00,46.6295
2024-04-07 08:00:00,46.00609
2024-04-07 09:00:00,42.8153
2024-04-07 10:00:00,42.83
2024-04-07 11:00:00,43.40102
2024-04-07 12:00:00,45.60972
2024-04-07 13:00:00,45.97787
2024-04-07 14:00:00,39.01543
2024-04-07 15:00:00,27.45697
2024-04-07 16:00:00,30.88039
2024-04-07 17:00:00,28.62759
2024-04-07 18:00:00,22.67792
2024-04-07 19:00:00,23.59454
2024-04-07 20:00:00,18.2
2024-04-07 21:00:00,20.02
2024-04-07 22:00:00,19.11441
2024-04-07 23:00:00,31.481
2024-04-08 00:00:00,31.59567
2024-04-08 01:00:00,36.62649
2024-04-08 02:00:00,41.99397
2024-04-08 03:00:00,48.35025
2024-04-08 04:00:00,42.47493
2024-04-08 05:00:00,40.1528
2024-04-08 06:00:00,40.45991
2024-04-08 07:00:00,35.50362
2024-04-08 08:00:00,34.74761
2024-04-08 09:00:00,34.77375
2024-04-08 10:00:00,34.76845
2024-04-08 11:00:00,37.38577
2024-04-08 12:00:00,40.62286
2024-04-08 13:00:00,56.58967
2024-04-08 14:00:00,41.74425
2024-04-08 15:00:00,31.41186
2024-04-08 16:00:00,25.17614
2024-04-08 17:00:00,26.02
2024-04-08 18:00:00,24.46638
2024-04-08 19:00:00,17.43263
2024-04-08 20:00:00,12.16614
2024-04-08 21:00:00,9.81
2024-04-08 22:00:00,12.25691
2024-04-08 23:00:00,16.81
2024-04-09 00:00:00,16.38479
2024-04-09 01:00:00,39.02008
2024-04-09 02:00:00,52.57585
2024-04-09 03:00:00,50.90463
2024-04-09 04:00:00,42.45371
2024-04-09 05:00:00,39.92
2024-04-09 06:00:00,38.72993
2024-04-09 07:00:00,34.63121
2024-04-09 08:00:00,34.04526
2024-04-09 09:00:00,33.40339
2024-04-09 10:00:00,33.73389
2024-04-09 11:00:00,38.27673
2024-04-09 12:00:00,48.67
2024-04-09 13:00:00,52.7577
2024-04-09 14:00:00,38.82011
2024-04-09 15:00:00,20.71999
2024-04-09 16:00:00,11.8174
2024-04-09 17:00:00,10.0
2024-04-09 18:00:00,4.67414
2024-04-09 19:00:00,1.59823
2024-04-09 20:00:00,-0.27126
2024-04-09 21:00:00,1.38818
2024-04-09 22:00:00,4.60218
2024-04-09 23:00:00,3.94546
2024-04-10 00:00:00,17.94964
2024-04-10 01:00:00,46.47434
2024-04-10 02:00:00,53.94797
2024-04-10 03:00:00,51.55594
2024-04-10 04:00:00,45.63479
2024-04-10 05:00:00,42.48598
2024-04-10 06:00:00,41.17932
2024-04-10 07:00:00,43.258
2024-04-10 08:00:00,40.67388
2024-04-10 09:00:00,39.74928
2024-04-10 10:00:00,40.25451
2024-04-10 11:00:00,40.59506
2024-04-10 12:00:00,44.53836
2024-04-10 13:00:00,51.61984
2024-04-10 14:00:00,41.10784
2024-04-10 15:00:00,21.67068
2024-04-10 16:00:00,14.32038
2024-04-10 17:00:00,18.49388
2024-04-10 18:00:00,13.54264
2024-04-10 19:00:00,12.15656
2024-04-10 20:00:00,14.17213
2024-04-10 21:00:00,15.68691
2024-04-10 22:00:00,22.33417
2024-04-10 23:00:00,20.0
2024-04-11 00:00:00,28.26241
2024-04-11 01:00:00,50.95454
2024-04-11 02:00:00,61.77918
2024-04-11 03:00:00,57.40989
2024-04-11 04:00:00,49.37785
2024-04-11 05:00:00,45.29813
2024-04-11 06:00:00,40.68609
2024-04-11 07:00:00,39.43785
2024-04-11 08:00:00,35.40058
2024-04-11 09:00:00,35.20263
2024-04-11 10:00:00,36.58467
2024-04-11 11:00:00,36.6372
2024-04-11 12:00:00,45.76888
2024-04-11 13:00:00,54.76219
2024-04-11 14:00:00,39.20708
2024-04-11 15:00:00,21.37072
2024-04-11 16:00:00,13.90158
2024-04-11 17:00:00,12.56198
2024-04-11 18:00:00,10.16996
2024-04-11 19:00:00,8.49262
2024-04-11 20:00:00,7.21947
2024-04-11 21:00:00,8.8424
2024-04-11 22:00:00,12.55625
2024-04-11 23:00:00,9.92194
2024-04-12 00:00:00,29.19178
2024-04-12 01:00:00,49.40622
2024-04-12 02:00:00,57.92703
2024-04-12 03:00:00,51.86473
2024-04-12 04:00:00,46.32744
2024-04-12 05:00:00,38.26019
2024-04-12 06:00:00,35.59366
2024-04-12 07:00:00,34.6735
2024-04-12 08:00:00,33.74666
2024-04-12 09:00:00,33.68727
2024-04-12 10:00:00,33.90457
2024-04-12 11:00:00,33.96065
2024-04-12 12:00:00,39.84493
2024-04-12 13:00:00,43.84417
2024-04-12 14:00:00,31.87703
2024-04-12 15:00:00,22.39426
2024-04-12 16:00:00,17.8454
2024-04-12 17:00:00,16.58597
2024-04-12 18:00:00,9.55682
2024-04-12 19:00:00,9.12295
2024-04-12 20:00:00,4.93508
2024-04-12 21:00:00,5.99777
2024-04-12 22:00:00,9.81073
2024-04-12 23:00:00,10.65742
2024-04-13 00:00:00,25.30453
2024-04-13 01:00:00,35.71755
2024-04-13 02:00:00,45.90016
2024-04-13 03:00:00,43.34
2024-04-13 04:00:00,40.00168
2024-04-13 05:00:00,37.12232
2024-04-13 06:00:00,36.11066
2024-04-13 07:00:00,42.83632
2024-04-13 08:00:00,39.66992
2024-04-13 09:00:00,37.23909
2024-04-13 10:00:00,35.00549
2024-04-13 11:00:00,34.90622
2024-04-13 12:00:00,40.06222
2024-04-13 13:00:00,46.23109
2024-04-13 14:00:00,30.53369
2024-04-13 15:00:00,21.85352
2024-04-13 16:00:00,34.04105
2024-04-13 17:00:00,33.43761
2024-04-13 18:00:00,35.39281
2024-04-13 19:00:00,36.06416
2024-04-13 20:00:00,34.90682
2024-04-13 21:00:00,35.88
2024-04-13 22:00:00,36.3151
2024-04-13 23:00:00,29.49179
2024-04-14 00:00:00,31.7244
2024-04-14 01:00:00,44.08357
2024-04-14 02:00:00,45.96444
2024-04-14 03:00:00,47.3138
2024-04-14 04:00:00,47.82907
2024-04-14 05:00:00,43.41107
2024-04-14 06:00:00,42.21702
2024-04-14 07:00:00,35.81647
2024-04-14 08:00:00,35.35871
2024-04-14 09:00:00,35.821
2024-04-14 10:00:00,35.8431
2024-04-14 11:00:00,36.25587
2024-04-14 12:00:00,36.90085
2024-04-14 13:00:00,36.25526
2024-04-14 14:00:00,25.96729
2024-04-14 15:00:00,28.86371
2024-04-14 16:00:00,31.93701
2024-04-14 17:00:00,26.36933
2024-04-14 18:00:00,14.04602
2024-04-14 19:00:00,7.5557
2024-04-14 20:00:00,3.7172
2024-04-14 21:00:00,2.59617
2024-04-14 22:00:00,2.35334
2024-04-14 23:00:00,2.11315
2024-04-15 00:00:00,6.97712
2024-04-15 01:00:00,33.98484
2024-04-15 02:00:00,38.15859
2024-04-15 03:00:00,38.02
2024-04-15 04:00:00,37.28904
2024-04-15 05:00:00,33.4811
2024-04-15 06:00:00,29.59639
2024-04-15 07:00:00,28.64692
2024-04-15 08:00:00,28.72686
2024-04-15 09:00:00,28.5074
2024-04-15 10:00:00,28.54732
2024-04-15 11:00:00,28.54581
2024-04-15 12:00:00,32.79482
2024-04-15 13:00:00,39.70251
2024-04-15 14:00:00,33.79849
2024-04-15 15:00:00,25.80299
2024-04-15 16:00:00,14.65659
2024-04-15 17:00:00,4.47663
2024-04-15 18:00:00,1.44988
2024-04-15 19:00:00,-0.90712
2024-04-15 20:00:00,-0.85661
2024-04-15 21:00:00,1.9111
2024-04-15 22:00:00,-0.81392
2024-04-15 23:00:00,2.23065
2024-04-16 00:00:00,7.15148
2024-04-16 01:00:00,36.5316
2024-04-16 02:00:00,43.73039
2024-04-16 03:00:00,46.4582
2024-04-16 04:00:00,42.32645
2024-04-16 05:00:00,38.54819
2024-04-16 06:00:00,36.60084
2024-04-16 07:00:00,30.05689
2024-04-16 08:00:00,29.66992
2024-04-16 09:00:00,29.66563
2024-04-16 10:00:00,29.8574
2024-04-16 11:00:00,34.29175
2024-04-16 12:00:00,42.49811
2024-04-16 13:00:00,46.64877
2024-04-16 14:00:00,32.20626
2024-04-16 15:00:00,17.86136
2024-04-16 16:00:00,10.66202
2024-04-16 17:00:00,3.715
2024-04-16 18:00:00,-4.11073
2024-04-16 19:00:00,-6.72757
2024-04-16 20:00:00,-7.95737
2024-04-16 21:00:00,-7.0672
2024-04-16 22:00:00,-4.87068
2024-04-16 23:00:00,-3.24943
2024-04-17 00:00:00,15.07334
2024-04-17 01:00:00,37.64321
2024-04-17 02:00:00,47.87895
2024-04-17 03:00:00,43.35741
2024-04-17 04:00:00,40.4326
2024-04-17 05:00:00,35.25014
2024-04-17 06:00:00,32.51811
2024-04-17 07:00:00,30.82026
2024-04-17 08:00:00,30.68367
2024-04-17 09:00:00,30.57687
2024-04-17 10:00:00,30.77741
2024-04-17 11:00:00,32.73143
2024-04-17 12:00:00,37.56887
2024-04-17 13:00:00,42.34116
2024-04-17 14:00:00,38.91879
2024-04-17 15:00:00,24.4492
2024-04-17 16:00:00,20.0
2024-04-17 17:00:00,13.62988
2024-04-17 18:00:00,5.0
2024-04-17 19:00:00,3.22611
2024-04-17 20:00:00,2.7661
2024-04-17 21:00:00,4.61474
2024-04-17 22:00:00,12.71491
2024-04-17 23:00:00,3.23665
2024-04-18 00:00:00,25.23417
2024-04-18 01:00:00,41.69137
2024-04-18 02:00:00,46.10836
2024-04-18 03:00:00,44.23471
2024-04-18 04:00:00,40.97709
2024-04-18 05:00:00,34.88175
2024-04-18 06:00:00,32.58182
2024-04-18 07:00:00,30.68328
2024-04-18 08:00:00,30.49528
2024-04-18 09:00:00,29.93277
2024-04-18 10:00:00,30.75879
2024-04-18 11:00:00,31.6055
2024-04-18 12:00:00,40.4117
2024-04-18 13:00:00,46.97344
2024-04-18 14:00:00,37.91604
2024-04-18 15:00:00,30.34706
2024-04-18 16:00:00,21.5902
2024-04-18 17:00:00,15.0
2024-04-18 18:00:00,8.04851
2024-04-18 19:00:00,4.5696
2024-04-18 20:00:00,10.5
2024-04-18 21:00:00,6.68615
2024-04-18 22:00:00,10.94554
2024-04-18 23:00:00,12.77569
2024-04-19 00:00:00,34.83533
2024-04-19 01:00:00,41.8
2024-04-19 02:00:00,48.79012
2024-04-19 03:00:00,42.28635
2024-04-19 04:00:00,38.83294
2024-04-19 05:00:00,33.86376
2024-04-19 06:00:00,31.13716
2024-04-19 07:00:00,33.48181
2024-04-19 08:00:00,32.85603
2024-04-19 09:00:00,32.55001
2024-04-19 10:00:00,30.96725
2024-04-19 11:00:00,33.01896
2024-04-19 12:00:00,36.99528
2024-04-19 13:00:00,40.22051
2024-04-19 14:00:00,37.47263
2024-04-19 15:00:00,19.43518
2024-04-19 16:00:00,10.95675
2024-04-19 17:00:00,0.68249
2024-04-19 18:00:00,-3.96636
2024-04-19 19:00:00,-7.91913
2024-04-19 20:00:00,-8.85383
2024-04-19 21:00:00,-7.70498
2024-04-19 22:00:00,-5.0
2024-04-19 23:00:00,-3.25892
2024-04-20 00:00:00,3.79751
2024-04-20 01:00:00,34.3523
2024-04-20 02:00:00,41.81212
2024-04-20 03:00:00,42.50583
2024-04-20 04:00:00,39.85777
2024-04-20 05:00:00,35.38151
2024-04-20 06:00:00,33.31899
2024-04-20 07:00:00,31.2923
2024-04-20 08:00:00,29.2613
2024-04-20 09:00:00,28.37039
2024-04-20 10:00:00,28.30436
2024-04-20 11:00:00,29.491
2024-04-20 12:00:00,31.2415
2024-04-20 13:00:00,32.37752
2024-04-20 14:00:00,27.64867
2024-04-20 15:00:00,15.11325
2024-04-20 16:00:00,2.99432
2024-04-20 17:00:00,0.0
2024-04-20 18:00:00,-3.85991
2024-04-20 19:00:00,-4.0
2024-04-20 20:00:00,-6.0
2024-04-20 21:00:00,-6.89641
2024-04-20 22:00:00,-3.0
2024-04-20 23:00:00,-2.51498
2024-04-21 00:00:00,7.00995
2024-04-21 01:00:00,29.05488
2024-04-21 02:00:00,32.33719
2024-04-21 03:00:00,33.36314
2024-04-21 04:00:00,32.42341
2024-04-21 05:00:00,29.26152
2024-04-21 06:00:00,28.19444
2024-04-21 07:00:00,27.37617
2024-04-21 08:00:00,26.8227
2024-04-21 09:00:00,26.02
2024-04-21 10:00:00,24.8671
2024-04-21 11:00:00,26.99071
2024-04-21 12:00:00,27.6291
2024-04-21 13:00:00,27.52421
2024-04-21 14:00:00,11.71922
2024-04-21 15:00:00,6.16667
2024-04-21 16:00:00,-3.93624
2024-04-21 17:00:00,-19.96757
2024-04-21 18:00:00,-20.19071
2024-04-21 19:00:00,-21.3692
2024-04-21 20:00:00,-19.40699
2024-04-21 21:00:00,-18.42336
2024-04-21 22:00:00,-16.55942
2024-04-21 23:00:00,-0.48448
2024-04-22 00:00:00,12.49564
2024-04-22 01:00:00,40.04099
2024-04-22 02:00:00,43.62901
2024-04-22 03:00:00,43.32467
2024-04-22 04:00:00,39.86335
2024-04-22 05:00:00,34.69667
2024-04-22 06:00:00,30.0
2024-04-22 07:00:00,31.97027
2024-04-22 08:00:00,30.6507
2024-04-22 09:00:00,31.71987
2024-04-22 10:00:00,30.15598
2024-04-22 11:00:00,32.69961
2024-04-22 12:00:00,42.56206
2024-04-22 13:00:00,44.2741
2024-04-22 14:00:00,24.65481
2024-04-22 15:00:00,13.01
2024-04-22 16:00:00,8.86342
2024-04-22 17:00:00,16.95487
2024-04-22 18:00:00,-0.42937
2024-04-22 19:00:00,2.02006
2024-04-22 20:00:00,1.61739
2024-04-22 21:00:00,3.65133
2024-04-22 22:00:00,2.40454
2024-04-22 23:00:00,12.70094
2024-04-23 00:00:00,22.20167
2024-04-23 01:00:00,42.37414
2024-04-23 02:00:00,56.33541
2024-04-23 03:00:00,52.10852
2024-04-23 04:00:00,44.88311
2024-04-23 05:00:00,37.59334
2024-04-23 06:00:00,30.56545
2024-04-23 07:00:00,37.35828
2024-04-23 08:00:00,31.95512
2024-04-23 09:00:00,30.66162
2024-04-23 10:00:00,30.01327
2024-04-23 11:00:00,31.37946
2024-04-23 12:00:00,40.5017
2024-04-23 13:00:00,43.6557
2024-04-23 14:00:00,32.82489
2024-04-23 15:00:00,15.48429
2024-04-23 16:00:00,20.0
2024-04-23 17:00:00,17.76193
2024-04-23 18:00:00,6.05729
2024-04-23 19:00:00,1.0
2024-04-23 20:00:00,-1.73723
2024-04-23 21:00:00,1.81932
2024-04-23 22:00:00,2.3106
2024-04-23 23:00:00,6.32721
2024-04-24 00:00:00,15.91455
2024-04-24 01:00:00,37.30015
2024-04-24 02:00:00,48.0005
2024-04-24 03:00:00,48.5599
2024-04-24 04:00:00,42.29611
2024-04-24 05:00:00,37.25999
2024-04-24 06:00:00,32.54358
2024-04-24 07:00:00,31.54407
2024-04-24 08:00:00,29.78248
2024-04-24 09:00:00,29.56915
2024-04-24 10:00:00,28.71
2024-04-24 11:00:00,29.52405
2024-04-24 12:00:00,35.63382
2024-04-24 13:00:00,37.17489
2024-04-24 14:00:00,33.14518
2024-04-24 15:00:00,24.55061
2024-04-24 16:00:00,10.35608
2024-04-24 17:00:00,2.96097
2024-04-24 18:00:00,-1.47117
2024-04-24 19:00:00,-1.90406
2024-04-24 20:00:00,-2.48235
2024-04-24 21:00:00,-1.22618
2024-04-24 22:00:00,0.13916
2024-04-24 23:00:00,4.32164
2024-04-25 00:00:00,11.4316
2024-04-25 01:00:00,33.83052
2024-04-25 02:00:00,44.07189
2024-04-25 03:00:00,43.65564
2024-04-25 04:00:00,38.00091
2024-04-25 05:00:00,32.85297
2024-04-25 06:00:00,29.51563
2024-04-25 07:00:00,28.44299
2024-04-25 08:00:00,28.94448
2024-04-25 09:00:00,26.4795
2024-04-25 10:00:00,25.92127
2024-04-25 11:00:00,27.46686
2024-04-25 12:00:00,36.32125
2024-04-25 13:00:00,39.5393
2024-04-25 14:00:00,31.7
2024-04-25 15:00:00,36.02
2024-04-25 16:00:00,22.54282
2024-04-25 17:00:00,13.9043
2024-04-25 18:00:00,9.45009
2024-04-25 19:00:00,7.83114
2024-04-25 20:00:00,10.22
2024-04-25 21:00:00,8.46014
2024-04-25 22:00:00,1.65796
2024-04-25 23:00:00,6.58428
2024-04-26 00:00:00,18.85536
2024-04-26 01:00:00,32.28476
2024-04-26 02:00:00,44.14079
2024-04-26 03:00:00,45.18201
2024-04-26 04:00:00,39.20787
2024-04-26 05:00:00,32.40963
2024-04-26 06:00:00,30.7804
2024-04-26 07:00:00,24.88032
2024-04-26 08:00:00,23.57717
2024-04-26 09:00:00,24.62034
2024-04-26 10:00:00,22.563
2024-04-26 11:00:00,24.83699
2024-04-26 12:00:00,30.0
2024-04-26 13:00:00,34.20752
2024-04-26 14:00:00,25.61598
2024-04-26 15:00:00,21.84621
2024-04-26 16:00:00,15.52314
2024-04-26 17:00:00,6.84278
2024-04-26 18:00:00,0.39867
2024-04-26 19:00:00,-4.1604
2024-04-26 20:00:00,-7.48026
2024-04-26 21:00:00,-4.63756
2024-04-26 22:00:00,-4.86883
2024-04-26 23:00:00,0.0
2024-04-27 00:00:00,5.08168
2024-04-27 01:00:00,28.27249
2024-04-27 02:00:00,33.00407
2024-04-27 03:00:00,35.29553
2024-04-27 04:00:00,33.15364
2024-04-27 05:00:00,29.08393
2024-04-27 06:00:00,25.6283
2024-04-27 07:00:00,26.08411
2024-04-27 08:00:00,25.93331
2024-04-27 09:00:00,23.71636
2024-04-27 10:00:00,21.92964
2024-04-27 11:00:00,25.54768
2024-04-27 12:00:00,24.16173
2024-04-27 13:00:00,26.21369
2024-04-27 14:00:00,16.49898
2024-04-27 15:00:00,1.81828
2024-04-27 16:00:00,-7.2613
2024-04-27 17:00:00,-16.64027
2024-04-27 18:00:00,-24.21218
2024-04-27 19:00:00,-30.66502
2024-04-27 20:00:00,-30.39653
2024-04-27 21:00:00,-30.5503
2024-04-27 22:00:00,-29.1634
2024-04-27 23:00:00,-22.32293
2024-04-28 00:00:00,-0.64793
2024-04-28 01:00:00,19.09971
2024-04-28 02:00:00,26.82695
2024-04-28 03:00:00,29.48613
2024-04-28 04:00:00,28.41181
2024-04-28 05:00:00,26.27476
2024-04-28 06:00:00,24.92729
2024-04-28 07:00:00,27.47744
2024-04-28 08:00:00,26.8414
2024-04-28 09:00:00,26.79766
2024-04-28 10:00:00,26.55344
2024-04-28 11:00:00,26.94197
2024-04-28 12:00:00,26.64884
2024-04-28 13:00:00,25.33955
2024-04-28 14:00:00,3.59892
2024-04-28 15:00:00,2.81359
2024-04-28 16:00:00,-6.99524
2024-04-28 17:00:00,-17.64885
2024-04-28 18:00:00,-22.14861
2024-04-28 19:00:00,-25.0
2024-04-28 20:00:00,-25.0
2024-04-28 21:00:00,-25.20762
2024-04-28 22:00:00,-25.0
2024-04-28 23:00:00,-17.77844
2024-04-29 00:00:00,2.01713
2024-04-29 01:00:00,20.66095
2024-04-29 02:00:00,28.3719
2024-04-29 03:00:00,30.25651
2024-04-29 04:00:00,27.47803
2024-04-29 05:00:00,26.43937
2024-04-29 06:00:00,25.86601
2024-04-29 07:00:00,30.34312
2024-04-29 08:00:00,28.28658
2024-04-29 09:00:00,28.7824
2024-04-29 10:00:00,28.42816
2024-04-29 11:00:00,30.32608
2024-04-29 12:00:00,35.88751
2024-04-29 13:00:00,36.66479
2024-04-29 14:00:00,27.03608
2024-04-29 15:00:00,10.0
2024-04-29 16:00:00,0.23273
2024-04-29 17:00:00,-10.63272
2024-04-29 18:00:00,-10.35845
2024-04-29 19:00:00,-10.45745
2024-04-29 20:00:00,-10.68638
2024-04-29 21:00:00,-10.44511
2024-04-29 22:00:00,-12.0329
2024-04-29 23:00:00,-5.53915
2024-04-30 00:00:00,2.90002
2024-04-30 01:00:00,29.61179
2024-04-30 02:00:00,41.80901
2024-04-30 03:00:00,42.99048
2024-04-30 04:00:00,36.93136
2024-04-30 05:00:00,32.26975
2024-04-30 06:00:00,29.17697
2024-04-30 07:00:00,27.47532
2024-04-30 08:00:00,27.32758
2024-04-30 09:00:00,27.12473
2024-04-30 10:00:00,27.1854
2024-04-30 11:00:00,28.78084
2024-04-30 12:00:00,38.586
2024-04-30 13:00:00,40.1584
2024-04-30 14:00:00,29.25781
2024-04-30 15:00:00,19.08425
2024-04-30 16:00:00,12.48526
2024-04-30 17:00:00,1.97602
2024-04-30 18:00:00,0.0
2024-04-30 19:00:00,-0.50084
2024-04-30 20:00:00,-2.14357
2024-04-30 21:00:00,-1.61735
2024-04-30 22:00:00,0.57244
2024-04-30 23:00:00,2.52523
2024-05-01 00:00:00,12.32
2024-05-01 01:00:00,31.85166
2024-05-01 02:00:00,48.08246
2024-05-01 03:00:00,48.97179
2024-05-01 04:00:00,43.64693
2024-05-01 05:00:00,33.55505
2024-05-01 06:00:00,27.66728
2024-05-01 07:00:00,37.83292
2024-05-01 08:00:00,32.68254
2024-05-01 09:00:00,30.72919
2024-05-01 10:00:00,29.14608
2024-05-01 11:00:00,33.46545
2024-05-01 12:00:00,38.33827
2024-05-01 13:00:00,40.13214
2024-05-01 14:00:00,30.55393
2024-05-01 15:00:00,24.02787
2024-05-01 16:00:00,8.20238
2024-05-01 17:00:00,8.53028
2024-05-01 18:00:00,0.06427
2024-05-01 19:00:00,4.76329
2024-05-01 20:00:00,-2.13225
2024-05-01 21:00:00,8.38
2024-05-01 22:00:00,2.7214
2024-05-01 23:00:00,10.0
2024-05-02 00:00:00,26.19699
2024-05-02 01:00:00,35.0
2024-05-02 02:00:00,48.66981
2024-05-02 03:00:00,49.40143
2024-05-02 04:00:00,41.86641
2024-05-02 05:00:00,36.33372
2024-05-02 06:00:00,34.2971
2024-05-02 07:00:00,34.44203
2024-05-02 08:00:00,32.96424
2024-05-02 09:00:00,32.60345
2024-05-02 10:00:00,31.66031
2024-05-02 11:00:00,33.24753
2024-05-02 12:00:00,41.66962
2024-05-02 13:00:00,43.17243
2024-05-02 14:00:00,30.37683
2024-05-02 15:00:00,17.28404
2024-05-02 16:00:00,22.95461
2024-05-02 17:00:00,5.57404
2024-05-02 18:00:00,8.92425
2024-05-02 19:00:00,1.5558
2024-05-02 20:00:00,6.1
2024-05-02 21:00:00,3.83032
2024-05-02 22:00:00,16.20488
2024-05-02 23:00:00,17.34326
2024-05-03 00:00:00,24.33161
2024-05-03 01:00:00,34.71309
2024-05-03 02:00:00,45.90223
2024-05-03 03:00:00,44.54623
2024-05-03 04:00:00,39.83078
2024-05-03 05:00:00,36.31264
2024-05-03 06:00:00,33.48901
2024-05-03 07:00:00,30.73666
2024-05-03 08:00:00,29.80933
2024-05-03 09:00:00,29.56533
2024-05-03 10:00:00,29.39201
2024-05-03 11:00:00,30.0
2024-05-03 12:00:00,37.70642
2024-05-03 13:00:00,38.00922
2024-05-03 14:00:00,33.70367
2024-05-03 15:00:00,23.33852
2024-05-03 16:00:00,18.23454
2024-05-03 17:00:00,11.1857
2024-05-03 18:00:00,10.65
2024-05-03 19:00:00,9.94278
2024-05-03 20:00:00,9.19915
2024-05-03 21:00:00,8.02
2024-05-03 22:00:00,9.14452
2024-05-03 23:00:00,13.83825
2024-05-04 00:00:00,17.8167
2024-05-04 01:00:00,29.33076
2024-05-04 02:00:00,42.97
2024-05-04 03:00:00,42.99657
2024-05-04 04:00:00,40.78526
2024-05-04 05:00:00,32.57571
2024-05-04 06:00:00,31.69926
2024-05-04 07:00:00,32.49285
2024-05-04 08:00:00,30.26448
2024-05-04 09:00:00,28.63101
2024-05-04 10:00:00,27.97687
2024-05-04 11:00:00,29.10185
2024-05-04 12:00:00,33.47351
2024-05-04 13:00:00,33.62629
2024-05-04 14:00:00,26.27192
2024-05-04 15:00:00,23.97307
2024-05-04 16:00:00,26.7083
2024-05-04 17:00:00,26.94657
2024-05-04 18:00:00,28.62037
2024-05-04 19:00:00,29.27173
2024-05-04 20:00:00,32.38306
2024-05-04 21:00:00,29.03766
2024-05-04 22:00:00,28.72941
2024-05-04 23:00:00,26.71152
2024-05-05 00:00:00,27.74615
2024-05-05 01:00:00,32.98745
2024-05-05 02:00:00,34.62392
2024-05-05 03:00:00,35.70994
2024-05-05 04:00:00,34.53339
2024-05-05 05:00:00,32.84634
2024-05-05 06:00:00,32.04374
2024-05-05 07:00:00,25.9983
2024-05-05 08:00:00,23.69401
2024-05-05 09:00:00,23.66186
2024-05-05 10:00:00,23.20408
2024-05-05 11:00:00,25.60431
2024-05-05 12:00:00,26.24062
2024-05-05 13:00:00,25.31136
2024-05-05 14:00:00,6.22381
2024-05-05 15:00:00,7.4751
2024-05-05 16:00:00,1.2241
2024-05-05 17:00:00,-6.0
2024-05-05 18:00:00,-15.0
2024-05-05 19:00:00,-17.3937
2024-05-05 20:00:00,-19.44325
2024-05-05 21:00:00,-18.58387
2024-05-05 22:00:00,-14.13772
2024-05-05 23:00:00,-2.66006
2024-05-06 00:00:00,5.78371
2024-05-06 01:00:00,16.0769
2024-05-06 02:00:00,29.56663
2024-05-06 03:00:00,30.86906
2024-05-06 04:00:00,30.6229
2024-05-06 05:00:00,28.38734
2024-05-06 06:00:00,27.27982
2024-05-06 07:00:00,25.97993
2024-05-06 08:00:00,27.10941
2024-05-06 09:00:00,25.89663
2024-05-06 10:00:00,25.22927
2024-05-06 11:00:00,27.11674
2024-05-06 12:00:00,34.74682
2024-05-06 13:00:00,36.64
2024-05-06 14:00:00,27.33981
2024-05-06 15:00:00,12.84559
2024-05-06 16:00:00,1.86757
2024-05-06 17:00:00,-0.79232
2024-05-06 18:00:00,-4.84838
2024-05-06 19:00:00,-5.15579
2024-05-06 20:00:00,-5.26824
2024-05-06 21:00:00,-6.99473
2024-05-06 22:00:00,-6.06149
2024-05-06 23:00:00,-0.39355
2024-05-07 00:00:00,-0.47034
2024-05-07 01:00:00,27.38739
2024-05-07 02:00:00,36.22992
2024-05-07 03:00:00,43.41473
2024-05-07 04:00:00,35.87658
2024-05-07 05:00:00,30.85988
2024-05-07 06:00:00,30.01431
2024-05-07 07:00:00,22.80335
2024-05-07 08:00:00,22.42637
2024-05-07 09:00:00,22.00336
2024-05-07 10:00:00,22.24285
2024-05-07 11:00:00,23.18698
2024-05-07 12:00:00,27.67842
2024-05-07 13:00:00,34.90215
2024-05-07 14:00:00,24.40699
2024-05-07 15:00:00,7.74372
2024-05-07 16:00:00,-0.77632
2024-05-07 17:00:00,-8.56304
2024-05-07 18:00:00,-14.46563
2024-05-07 19:00:00,-16.52
2024-05-07 20:00:00,-16.48934
2024-05-07 21:00:00,-16.32377
2024-05-07 22:00:00,-15.63444
2024-05-07 23:00:00,-7.47497
2024-05-08 00:00:00,6.21765
2024-05-08 01:00:00,30.94297
2024-05-08 02:00:00,42.87968
2024-05-08 03:00:00,45.62346
2024-05-08 04:00:00,40.98277
2024-05-08 05:00:00,36.33155
2024-05-08 06:00:00,30.26919
2024-05-08 07:00:00,25.66518
2024-05-08 08:00:00,25.16036
2024-05-08 09:00:00,24.46
2024-05-08 10:00:00,25.17579
2024-05-08 11:00:00,26.66113
2024-05-08 12:00:00,35.40256
2024-05-08 13:00:00,35.8714
2024-05-08 14:00:00,25.09841
2024-05-08 15:00:00,8.34455
2024-05-08 16:00:00,1.0224
2024-05-08 17:00:00,-5.73002
2024-05-08 18:00:00,-7.9045
2024-05-08 19:00:00,-9.39185
2024-05-08 20:00:00,-9.13269
2024-05-08 21:00:00,-7.50501
2024-05-08 22:00:00,-5.01633
2024-05-08 23:00:00,1.58146
2024-05-09 00:00:00,14.85239
2024-05-09 01:00:00,38.39748
2024-05-09 02:00:00,50.0
2024-05-09 03:00:00,51.52936
2024-05-09 04:00:00,42.62134
2024-05-09 05:00:00,37.36979
2024-05-09 06:00:00,40.32065
2024-05-09 07:00:00,33.9701
2024-05-09 08:00:00,34.62941
2024-05-09 09:00:00,37.56196
2024-05-09 10:00:00,33.33725
2024-05-09 11:00:00,34.1053
2024-05-09 12:00:00,36.45947
2024-05-09 13:00:00,39.84565
2024-05-09 14:00:00,29.49447
2024-05-09 15:00:00,21.9533
2024-05-09 16:00:00,12.44617
2024-05-09 17:00:00,6.5952
2024-05-09 18:00:00,1.44183
2024-05-09 19:00:00,1.49908
2024-05-09 20:00:00,3.10066
2024-05-09 21:00:00,8.47706
2024-05-09 22:00:00,12.39935
2024-05-09 23:00:00,22.00821
2024-05-10 00:00:00,27.04412
2024-05-10 01:00:00,37.39683
2024-05-10 02:00:00,51.29405
2024-05-10 03:00:00,51.81147
2024-05-10 04:00:00,42.18123
2024-05-10 05:00:00,36.35415
2024-05-10 06:00:00,35.28674
2024-05-10 07:00:00,35.91411
2024-05-10 08:00:00,34.53925
2024-05-10 09:00:00,33.61722
2024-05-10 10:00:00,34.28365
2024-05-10 11:00:00,34.54429
2024-05-10 12:00:00,37.31032
2024-05-10 13:00:00,38.00857
2024-05-10 14:00:00,25.50866
2024-05-10 15:00:00,21.90586
2024-05-10 16:00:00,26.1311
2024-05-10 17:00:00,20.73566
2024-05-10 18:00:00,18.99173
2024-05-10 19:00:00,19.48663
2024-05-10 20:00:00,20.0
2024-05-10 21:00:00,21.7888
2024-05-10 22:00:00,27.917
2024-05-10 23:00:00,31.75349
2024-05-11 00:00:00,37.11814
2024-05-11 01:00:00,47.74117
2024-05-11 02:00:00,54.09441
2024-05-11 03:00:00,52.42513
2024-05-11 04:00:00,45.74878
2024-05-11 05:00:00,39.33623
2024-05-11 06:00:00,35.06187
2024-05-11 07:00:00,35.0
2024-05-11 08:00:00,35.0
2024-05-11 09:00:00,31.6881
2024-05-11 10:00:00,32.70859
2024-05-11 11:00:00,33.06872
2024-05-11 12:00:00,36.46381
2024-05-11 13:00:00,35.08255
2024-05-11 14:00:00,18.52538
2024-05-11 15:00:00,16.85191
2024-05-11 16:00:00,16.15682
2024-05-11 17:00:00,11.78398
2024-05-11 18:00:00,10.19675
2024-05-11 19:00:00,10.0
2024-05-11 20:00:00,10.82786
2024-05-11 21:00:00,16.53573
2024-05-11 22:00:00,23.53759
2024-05-11 23:00:00,33.51887
2024-05-12 00:00:00,27.01554
2024-05-12 01:00:00,34.22784
2024-05-12 02:00:00,42.67358
2024-05-12 03:00:00,43.59789
2024-05-12 04:00:00,40.37529
2024-05-12 05:00:00,33.60887
2024-05-12 06:00:00,32.32562
2024-05-12 07:00:00,34.44729
2024-05-12 08:00:00,33.86539
2024-05-12 09:00:00,31.56532
2024-05-12 10:00:00,30.11
2024-05-12 11:00:00,32.59728
2024-05-12 12:00:00,34.06524
2024-05-12 13:00:00,28.81317
2024-05-12 14:00:00,7.83311
2024-05-12 15:00:00,8.27262
2024-05-12 16:00:00,2.33133
2024-05-12 17:00:00,-0.91811
2024-05-12 18:00:00,-6.96705
2024-05-12 19:00:00,-6.83941
2024-05-12 20:00:00,-0.41357
2024-05-12 21:00:00,4.47604
2024-05-12 22:00:00,5.39395
2024-05-12 23:00:00,11.441
2024-05-13 00:00:00,14.96332
2024-05-13 01:00:00,33.2356
2024-05-13 02:00:00,44.53667
2024-05-13 03:00:00,45.75187
2024-05-13 04:00:00,39.17397
2024-05-13 05:00:00,33.07885
2024-05-13 06:00:00,30.42988
2024-05-13 07:00:00,29.56077
2024-05-13 08:00:00,29.54311
2024-05-13 09:00:00,29.3766
2024-05-13 10:00:00,29.0687
2024-05-13 11:00:00,30.09579
2024-05-13 12:00:00,35.82322
2024-05-13 13:00:00,31.65385
2024-05-13 14:00:00,23.08503
2024-05-13 15:00:00,21.36332
2024-05-13 16:00:00,20.0
2024-05-13 17:00:00,15.34321
2024-05-13 18:00:00,13.14098
2024-05-13 19:00:00,14.7629
2024-05-13 20:00:00,14.66609
2024-05-13 21:00:00,13.03104
2024-05-13 22:00:00,15.29894
2024-05-13 23:00:00,17.55454
2024-05-14 00:00:00,26.25428
2024-05-14 01:00:00,37.92402
2024-05-14 02:00:00,53.57911
2024-05-14 03:00:00,51.57913
2024-05-14 04:00:00,41.97844
2024-05-14 05:00:00,36.06703
2024-05-14 06:00:00,32.58707
2024-05-14 07:00:00,33.52158
2024-05-14 08:00:00,31.93117
2024-05-14 09:00:00,30.57993
2024-05-14 10:00:00,30.34552
2024-05-14 11:00:00,30.8778
2024-05-14 12:00:00,36.61154
2024-05-14 13:00:00,37.06105
2024-05-14 14:00:00,21.38473
2024-05-14 15:00:00,21.83826
2024-05-14 16:00:00,22.79044
2024-05-14 17:00:00,21.72065
2024-05-14 18:00:00,20.0
2024-05-14 19:00:00,21.41585
2024-05-14 20:00:00,20.19954
2024-05-14 21:00:00,20.32081
2024-05-14 22:00:00,20.76861
2024-05-14 23:00:00,23.78973
2024-05-15 00:00:00,32.2549
2024-05-15 01:00:00,37.90633
2024-05-15 02:00:00,49.69824
2024-05-15 03:00:00,50.0
2024-05-15 04:00:00,41.59788
2024-05-15 05:00:00,36.35498
2024-05-15 06:00:00,35.3056
2024-05-15 07:00:00,30.93243
2024-05-15 08:00:00,30.7344
2024-05-15 09:00:00,30.61215
2024-05-15 10:00:00,30.76002
2024-05-15 11:00:00,32.12347
2024-05-15 12:00:00,34.76232
2024-05-15 13:00:00,34.75517
2024-05-15 14:00:00,20.45265
2024-05-15 15:00:00,17.18679
2024-05-15 16:00:00,17.155
2024-05-15 17:00:00,15.6508
2024-05-15 18:00:00,15.33309
2024-05-15 19:00:00,15.00251
2024-05-15 20:00:00,15.71912
2024-05-15 21:00:00,16.35556
2024-05-15 22:00:00,18.98586
2024-05-15 23:00:00,21.64
2024-05-16 00:00:00,30.1046
2024-05-16 01:00:00,36.18298
2024-05-16 02:00:00,49.15947
2024-05-16 03:00:00,52.25249
2024-05-16 04:00:00,43.62095
2024-05-16 05:00:00,34.52936
2024-05-16 06:00:00,32.9005
2024-05-16 07:00:00,27.90226
2024-05-16 08:00:00,28.08017
2024-05-16 09:00:00,24.77961
2024-05-16 10:00:00,25.53673
2024-05-16 11:00:00,28.08791
2024-05-16 12:00:00,30.97943
2024-05-16 13:00:00,31.27544
2024-05-16 14:00:00,15.24115
2024-05-16 15:00:00,16.49637
2024-05-16 16:00:00,13.57347
2024-05-16 17:00:00,11.21722
2024-05-16 18:00:00,10.46767
2024-05-16 19:00:00,10.0
2024-05-16 20:00:00,10.17696
2024-05-16 21:00:00,17.80713
2024-05-16 22:00:00,21.20687
2024-05-16 23:00:00,16.58819
2024-05-17 00:00:00,21.94537
2024-05-17 01:00:00,32.3155
2024-05-17 02:00:00,45.36957
2024-05-17 03:00:00,43.32992
2024-05-17 04:00:00,41.3767
2024-05-17 05:00:00,32.48612
2024-05-17 06:00:00,30.51669
2024-05-17 07:00:00,31.38493
2024-05-17 08:00:00,30.43592
2024-05-17 09:00:00,29.67699
2024-05-17 10:00:00,29.41396
2024-05-17 11:00:00,31.60696
2024-05-17 12:00:00,33.63044
2024-05-17 13:00:00,25.44256
2024-05-17 14:00:00,5.5406
2024-05-17 15:00:00,1.97402
2024-05-17 16:00:00,1.51032
2024-05-17 17:00:00,-3.66612
2024-05-17 18:00:00,-4.1
2024-05-17 19:00:00,-4.2875
2024-05-17 20:00:00,-3.36857
2024-05-17 21:00:00,-2.27946
2024-05-17 22:00:00,-1.67943
2024-05-17 23:00:00,0.64837
2024-05-18 00:00:00,4.60162
2024-05-18 01:00:00,25.69077
2024-05-18 02:00:00,39.13815
2024-05-18 03:00:00,38.05388
2024-05-18 04:00:00,36.9404
2024-05-18 05:00:00,33.0004
2024-05-18 06:00:00,31.75325
2024-05-18 07:00:00,24.96347
2024-05-18 08:00:00,25.24764
2024-05-18 09:00:00,24.15209
2024-05-18 10:00:00,22.94905
2024-05-18 11:00:00,20.30754
2024-05-18 12:00:00,23.29421
2024-05-18 13:00:00,18.41884
2024-05-18 14:00:00,-1.20765
2024-05-18 15:00:00,-14.31544
2024-05-18 16:00:00,-18.73637
2024-05-18 17:00:00,-26.41356
2024-05-18 18:00:00,-29.74262
2024-05-18 19:00:00,-29.19533
2024-05-18 20:00:00,-30.07746
2024-05-18 21:00:00,-31.70758
2024-05-18 22:00:00,-29.52825
2024-05-18 23:00:00,-15.74002
2024-05-19 00:00:00,-3.88593
2024-05-19 01:00:00,16.04947
2024-05-19 02:00:00,29.16469
2024-05-19 03:00:00,32.03394
2024-05-19 04:00:00,30.06471
2024-05-19 05:00:00,26.81833
2024-05-19 06:00:00,25.3431
2024-05-19 07:00:00,19.59816
2024-05-19 08:00:00,19.11607
2024-05-19 09:00:00,18.78066
2024-05-19 10:00:00,18.13401
2024-05-19 11:00:00,17.18443
2024-05-19 12:00:00,14.36789
2024-05-19 13:00:00,7.6839
2024-05-19 14:00:00,1.37997
2024-05-19 15:00:00,-10.78787
2024-05-19 16:00:00,-25.0
2024-05-19 17:00:00,-30.49095
2024-05-19 18:00:00,-31.21013
2024-05-19 19:00:00,-31.20898
2024-05-19 20:00:00,-31.2896
2024-05-19 21:00:00,-31.4793
2024-05-19 22:00:00,-31.55318
2024-05-19 23:00:00,-15.0
2024-05-20 00:00:00,4.91919
2024-05-20 01:00:00,11.03881
2024-05-20 02:00:00,25.00327
2024-05-20 03:00:00,29.23733
2024-05-20 04:00:00,27.36617
2024-05-20 05:00:00,23.22349
2024-05-20 06:00:00,21.70424
2024-05-20 07:00:00,19.00145
2024-05-20 08:00:00,18.65568
2024-05-20 09:00:00,18.6907
2024-05-20 10:00:00,18.29338
2024-05-20 11:00:00,21.25388
2024-05-20 12:00:00,25.82483
2024-05-20 13:00:00,25.08221
2024-05-20 14:00:00,11.97023
2024-05-20 15:00:00,6.54752
2024-05-20 16:00:00,2.61572
2024-05-20 17:00:00,-2.99553
2024-05-20 18:00:00,-8.00782
2024-05-20 19:00:00,-9.8017
2024-05-20 20:00:00,-9.19423
2024-05-20 21:00:00,-9.36984
2024-05-20 22:00:00,1.51198
2024-05-20 23:00:00,10.91463
2024-05-21 00:00:00,12.31874
2024-05-21 01:00:00,20.0
2024-05-21 02:00:00,34.50125
2024-05-21 03:00:00,34.71739
2024-05-21 04:00:00,29.33218
2024-05-21 05:00:00,25.94272
2024-05-21 06:00:00,23.4377
2024-05-21 07:00:00,18.03935
2024-05-21 08:00:00,15.85605
2024-05-21 09:00:00,15.83453
2024-05-21 10:00:00,15.80455
2024-05-21 11:00:00,17.33107
2024-05-21 12:00:00,24.54349
2024-05-21 13:00:00,24.25126
2024-05-21 14:00:00,14.3774
2024-05-21 15:00:00,5.06819
2024-05-21 16:00:00,-1.09846
2024-05-21 17:00:00,-7.38643
2024-05-21 18:00:00,-9.53647
2024-05-21 19:00:00,-12.94862
2024-05-21 20:00:00,-8.75743
2024-05-21 21:00:00,-7.18284
2024-05-21 22:00:00,0.0
2024-05-21 23:00:00,8.24818
2024-05-22 00:00:00,18.52211
2024-05-22 01:00:00,31.81032
2024-05-22 02:00:00,42.97333
2024-05-22 03:00:00,42.00374
2024-05-22 04:00:00,38.20264
2024-05-22 05:00:00,29.5294
2024-05-22 06:00:00,28.91857
2024-05-22 07:00:00,21.81713
2024-05-22 08:00:00,17.9943
2024-05-22 09:00:00,15.05496
2024-05-22 10:00:00,12.92042
2024-05-22 11:00:00,15.03911
2024-05-22 12:00:00,18.35
2024-05-22 13:00:00,19.3966
2024-05-22 14:00:00,15.89719
2024-05-22 15:00:00,0.42597
2024-05-22 16:00:00,-0.57032
2024-05-22 17:00:00,-5.53992
2024-05-22 18:00:00,-8.29953
2024-05-22 19:00:00,-8.43865
2024-05-22 20:00:00,-10.04161
2024-05-22 21:00:00,-7.7239
2024-05-22 22:00:00,-4.25255
2024-05-22 23:00:00,1.23678
2024-05-23 00:00:00,8.34757
2024-05-23 01:00:00,21.44622
2024-05-23 02:00:00,35.87656
2024-05-23 03:00:00,39.02423
2024-05-23 04:00:00,32.12199
2024-05-23 05:00:00,22.87206
2024-05-23 06:00:00,20.52684
2024-05-23 07:00:00,18.50227
2024-05-23 08:00:00,16.04329
2024-05-23 09:00:00,15.10052
2024-05-23 10:00:00,14.18004
2024-05-23 11:00:00,14.71637
2024-05-23 12:00:00,20.64657
2024-05-23 13:00:00,20.0
2024-05-23 14:00:00,9.74069
2024-05-23 15:00:00,2.08287
2024-05-23 16:00:00,-1.64
2024-05-23 17:00:00,-8.31814
2024-05-23 18:00:00,-9.66847
2024-05-23 19:00:00,-9.62142
2024-05-23 20:00:00,-10.14018
2024-05-23 21:00:00,-9.07882
2024-05-23 22:00:00,-4.39105
2024-05-23 23:00:00,0.44627
2024-05-24 00:00:00,5.7919
2024-05-24 01:00:00,17.59149
2024-05-24 02:00:00,36.07418
2024-05-24 03:00:00,38.79213
2024-05-24 04:00:00,29.77274
2024-05-24 05:00:00,23.3175
2024-05-24 06:00:00,20.9309
2024-05-24 07:00:00,17.33237
2024-05-24 08:00:00,16.94759
2024-05-24 09:00:00,16.06334
2024-05-24 10:00:00,14.98916
2024-05-24 11:00:00,17.35364
2024-05-24 12:00:00,24.48693
2024-05-24 13:00:00,21.05003
2024-05-24 14:00:00,8.66958
2024-05-24 15:00:00,-1.21205
2024-05-24 16:00:00,-3.03641
2024-05-24 17:00:00,-10.64
2024-05-24 18:00:00,-13.33376
2024-05-24 19:00:00,-17.74508
2024-05-24 20:00:00,-21.24047
2024-05-24 21:00:00,-24.0
2024-05-24 22:00:00,-16.286
2024-05-24 23:00:00,-8.64913
2024-05-25 00:00:00,-2.70028
2024-05-25 01:00:00,11.96888
2024-05-25 02:00:00,25.16866
2024-05-25 03:00:00,27.72933
2024-05-25 04:00:00,24.91454
2024-05-25 05:00:00,19.06656
2024-05-25 06:00:00,16.99374
2024-05-25 07:00:00,20.14675
2024-05-25 08:00:00,17.67486
2024-05-25 09:00:00,16.55919
2024-05-25 10:00:00,16.1893
2024-05-25 11:00:00,16.39081
2024-05-25 12:00:00,15.09385
2024-05-25 13:00:00,9.43493
2024-05-25 14:00:00,-1.42574
2024-05-25 15:00:00,-20.0
2024-05-25 16:00:00,-22.93224
2024-05-25 17:00:00,-28.71199
2024-05-25 18:00:00,-29.45509
2024-05-25 19:00:00,-30.49938
2024-05-25 20:00:00,-30.62294
2024-05-25 21:00:00,-29.75244
2024-05-25 22:00:00,-29.19433
2024-05-25 23:00:00,-26.22606
2024-05-26 00:00:00,-14.81658
2024-05-26 01:00:00,3.5995
2024-05-26 02:00:00,18.70764
2024-05-26 03:00:00,23.42008
2024-05-26 04:00:00,20.26315
2024-05-26 05:00:00,17.05
2024-05-26 06:00:00,15.56123
2024-05-26 07:00:00,18.23273
2024-05-26 08:00:00,15.72909
2024-05-26 09:00:00,14.90089
2024-05-26 10:00:00,13.94189
2024-05-26 11:00:00,16.76144
2024-05-26 12:00:00,15.1427
2024-05-26 13:00:00,8.34361
2024-05-26 14:00:00,-0.40583
2024-05-26 15:00:00,-15.04201
2024-05-26 16:00:00,-18.16
2024-05-26 17:00:00,-25.61431
2024-05-26 18:00:00,-26.84226
2024-05-26 19:00:00,-31.13615
2024-05-26 20:00:00,-27.83206
2024-05-26 21:00:00,-25.17286
2024-05-26 22:00:00,-14.61268
2024-05-26 23:00:00,0.7
2024-05-27 00:00:00,8.9974
2024-05-27 01:00:00,18.06292
2024-05-27 02:00:00,27.93823
2024-05-27 03:00:00,33.91315
2024-05-27 04:00:00,29.87136
2024-05-27 05:00:00,25.01412
2024-05-27 06:00:00,23.87086
2024-05-27 07:00:00,31.99275
2024-05-27 08:00:00,29.39604
2024-05-27 09:00:00,27.22707
2024-05-27 10:00:00,27.90655
2024-05-27 11:00:00,32.77863
2024-05-27 12:00:00,35.14
2024-05-27 13:00:00,22.59307
2024-05-27 14:00:00,7.01428
2024-05-27 15:00:00,2.31747
2024-05-27 16:00:00,0.72333
2024-05-27 17:00:00,-4.36445
2024-05-27 18:00:00,-4.29837
2024-05-27 19:00:00,-5.49465
2024-05-27 20:00:00,-5.0
2024-05-27 21:00:00,-1.81561
2024-05-27 22:00:00,1.31978
2024-05-27 23:00:00,7.54476
2024-05-28 00:00:00,22.60156
2024-05-28 01:00:00,27.55563
2024-05-28 02:00:00,43.18118
2024-05-28 03:00:00,45.38496
2024-05-28 04:00:00,38.20768
2024-05-28 05:00:00,29.10357
2024-05-28 06:00:00,27.08632
2024-05-28 07:00:00,29.95546
2024-05-28 08:00:00,29.06414
2024-05-28 09:00:00,30.08451
2024-05-28 10:00:00,29.29662
2024-05-28 11:00:00,32.28123
2024-05-28 12:00:00,35.85979
2024-05-28 13:00:00,26.83935
2024-05-28 14:00:00,15.52097
2024-05-28 15:00:00,12.12081
2024-05-28 16:00:00,7.96875
2024-05-28 17:00:00,4.58486
2024-05-28 18:00:00,3.80774
2024-05-28 19:00:00,0.98402
2024-05-28 20:00:00,1.38667
2024-05-28 21:00:00,4.77
2024-05-28 22:00:00,7.47044
2024-05-28 23:00:00,8.80206
2024-05-29 00:00:00,10.79639
2024-05-29 01:00:00,24.22792
2024-05-29 02:00:00,38.31603
2024-05-29 03:00:00,46.16
2024-05-29 04:00:00,38.10114
2024-05-29 05:00:00,26.96603
2024-05-29 06:00:00,24.68324
2024-05-29 07:00:00,21.49806
2024-05-29 08:00:00,19.28721
2024-05-29 09:00:00,18.68693
2024-05-29 10:00:00,18.31595
2024-05-29 11:00:00,20.78707
2024-05-29 12:00:00,23.6744
2024-05-29 13:00:00,25.83478
2024-05-29 14:00:00,7.41926
2024-05-29 15:00:00,4.4359
2024-05-29 16:00:00,-4.6069
2024-05-29 17:00:00,-9.12251
2024-05-29 18:00:00,-11.75593
2024-05-29 19:00:00,-13.13864
2024-05-29 20:00:00,-10.06166
2024-05-29 21:00:00,-5.69285
2024-05-29 22:00:00,3.59029
2024-05-29 23:00:00,14.45808
2024-05-30 00:00:00,21.43615
2024-05-30 01:00:00,24.82545
2024-05-30 02:00:00,42.5126
2024-05-30 03:00:00,43.87236
2024-05-30 04:00:00,36.42869
2024-05-30 05:00:00,27.50173
2024-05-30 06:00:00,25.30282
2024-05-30 07:00:00,30.0
2024-05-30 08:00:00,28.75702
2024-05-30 09:00:00,28.55848
2024-05-30 10:00:00,28.68665
2024-05-30 11:00:00,30.0306
2024-05-30 12:00:00,32.03562
2024-05-30 13:00:00,30.98493
2024-05-30 14:00:00,22.1088
2024-05-30 15:00:00,26.19363
2024-05-30 16:00:00,20.0
2024-05-30 17:00:00,19.86291
2024-05-30 18:00:00,16.28
2024-05-30 19:00:00,17.92294
2024-05-30 20:00:00,16.79582
2024-05-30 21:00:00,21.36077
2024-05-30 22:00:00,25.77083
2024-05-30 23:00:00,29.45396
2024-05-31 00:00:00,40.45047
2024-05-31 01:00:00,36.51934
2024-05-31 02:00:00,53.72796
2024-05-31 03:00:00,49.6069
2024-05-31 04:00:00,36.86295
2024-05-31 05:00:00,32.02538
2024-05-31 06:00:00,30.33588
2024-05-31 07:00:00,28.76171
2024-05-31 08:00:00,28.13848
2024-05-31 09:00:00,28.25987
2024-05-31 10:00:00,28.14618
2024-05-31 11:00:00,28.9177
2024-05-31 12:00:00,33.77588
2024-05-31 13:00:00,32.01764
2024-05-31 14:00:00,15.60585
2024-05-31 15:00:00,17.05873
2024-05-31 16:00:00,13.05215
2024-05-31 17:00:00,15.68784
2024-05-31 18:00:00,13.57746
2024-05-31 19:00:00,14.89772
2024-05-31 20:00:00,20.56437
2024-05-31 21:00:00,21.84355
2024-05-31 22:00:00,26.16402
2024-05-31 23:00:00,28.11109
2024-06-01 00:00:00,30.67595
2024-06-01 01:00:00,31.87132
2024-06-01 02:00:00,43.32918
2024-06-01 03:00:00,43.36396
2024-06-01 04:00:00,33.42542
2024-06-01 05:00:00,30.63751
2024-06-01 06:00:00,29.21406
2024-06-01 07:00:00,27.8318
2024-06-01 08:00:00,25.3563
2024-06-01 09:00:00,25.48918
2024-06-01 10:00:00,25.74397
2024-06-01 11:00:00,22.48524
2024-06-01 12:00:00,26.24991
2024-06-01 13:00:00,16.64979
2024-06-01 14:00:00,1.99243
2024-06-01 15:00:00,-2.72635
2024-06-01 16:00:00,-6.91195
2024-06-01 17:00:00,-9.8
2024-06-01 18:00:00,-14.13
2024-06-01 19:00:00,-15.99136
2024-06-01 20:00:00,-11.57459
2024-06-01 21:00:00,-12.04682
2024-06-01 22:00:00,-6.38789
2024-06-01 23:00:00,1.70328
2024-06-02 00:00:00,10.34198
2024-06-02 01:00:00,13.41024
2024-06-02 02:00:00,27.95307
2024-06-02 03:00:00,36.39492
2024-06-02 04:00:00,34.05728
2024-06-02 05:00:00,22.64794
2024-06-02 06:00:00,22.24296
2024-06-02 07:00:00,26.32272
2024-06-02 08:00:00,25.91985
2024-06-02 09:00:00,22.41754
2024-06-02 10:00:00,19.43949
2024-06-02 11:00:00,19.7559
2024-06-02 12:00:00,18.68885
2024-06-02 13:00:00,8.55836
2024-06-02 14:00:00,-4.13935
2024-06-02 15:00:00,0.88772
2024-06-02 16:00:00,-0.76411
2024-06-02 17:00:00,-2.57195
2024-06-02 18:00:00,-4.4277
2024-06-02 19:00:00,-7.96864
2024-06-02 20:00:00,0.0
2024-06-02 21:00:00,3.11971
2024-06-02 22:00:00,10.15876
2024-06-02 23:00:00,16.54912
2024-06-03 00:00:00,16.67233
2024-06-03 01:00:00,22.20606
2024-06-03 02:00:00,35.54692
2024-06-03 03:00:00,45.0241
2024-06-03 04:00:00,37.77917
2024-06-03 05:00:00,27.31451
2024-06-03 06:00:00,26.52876
2024-06-03 07:00:00,29.50536
2024-06-03 08:00:00,27.33351
2024-06-03 09:00:00,28.49819
2024-06-03 10:00:00,25.78253
2024-06-03 11:00:00,29.74816
2024-06-03 12:00:00,33.44543
2024-06-03 13:00:00,23.57578
2024-06-03 14:00:00,12.35065
2024-06-03 15:00:00,11.07393
2024-06-03 16:00:00,7.81263
2024-06-03 17:00:00,6.76341
2024-06-03 18:00:00,3.89509
2024-06-03 19:00:00,2.32765
2024-06-03 20:00:00,2.31184
2024-06-03 21:00:00,-0.59312
2024-06-03 22:00:00,7.81826
2024-06-03 23:00:00,16.4981
2024-06-04 00:00:00,18.19517
2024-06-04 01:00:00,33.10276
2024-06-04 02:00:00,46.41484
2024-06-04 03:00:00,44.77819
2024-06-04 04:00:00,33.5652
2024-06-04 05:00:00,31.30116
2024-06-04 06:00:00,30.5235
2024-06-04 07:00:00,24.13108
2024-06-04 08:00:00,24.5179
2024-06-04 09:00:00,24.24668
2024-06-04 10:00:00,24.52747
2024-06-04 11:00:00,24.48708
2024-06-04 12:00:00,27.78804
2024-06-04 13:00:00,26.41234
2024-06-04 14:00:00,19.57962
2024-06-04 15:00:00,14.59324
2024-06-04 16:00:00,11.52431
2024-06-04 17:00:00,8.67666
2024-06-04 18:00:00,8.03083
2024-06-04 19:00:00,4.9
2024-06-04 20:00:00,4.54825
2024-06-04 21:00:00,8.55691
2024-06-04 22:00:00,14.48896
2024-06-04 23:00:00,18.22468
2024-06-05 00:00:00,29.12106
2024-06-05 01:00:00,39.23907
2024-06-05 02:00:00,57.0
2024-06-05 03:00:00,55.60447
2024-06-05 04:00:00,46.70128
2024-06-05 05:00:00,33.24686
2024-06-05 06:00:00,31.71296
2024-06-05 07:00:00,29.07428
2024-06-05 08:00:00,28.03192
2024-06-05 09:00:00,28.65943
2024-06-05 10:00:00,28.23385
2024-06-05 11:00:00,29.25849
2024-06-05 12:00:00,31.36645
2024-06-05 13:00:00,27.91588
2024-06-05 14:00:00,17.38532
2024-06-05 15:00:00,15.0
2024-06-05 16:00:00,17.13522
2024-06-05 17:00:00,14.67088
2024-06-05 18:00:00,10.12095
2024-06-05 19:00:00,10.28
2024-06-05 20:00:00,8.66
2024-06-05 21:00:00,9.35066
2024-06-05 22:00:00,16.01905
2024-06-05 23:00:00,9.38757
2024-06-06 00:00:00,23.31
2024-06-06 01:00:00,45.24402
2024-06-06 02:00:00,69.41538
2024-06-06 03:00:00,60.281
2024-06-06 04:00:00,44.75635
2024-06-06 05:00:00,31.69175
2024-06-06 06:00:00,32.58769
2024-06-06 07:00:00,29.6288
2024-06-06 08:00:00,30.04282
2024-06-06 09:00:00,29.04122
2024-06-06 10:00:00,27.80927
2024-06-06 11:00:00,28.14413
2024-06-06 12:00:00,31.4209
2024-06-06 13:00:00,29.29123
2024-06-06 14:00:00,17.19023
2024-06-06 15:00:00,14.47505
2024-06-06 16:00:00,14.89503
2024-06-06 17:00:00,16.87225
2024-06-06 18:00:00,18.91958
2024-06-06 19:00:00,16.14
2024-06-06 20:00:00,18.93017
2024-06-06 21:00:00,17.39757
2024-06-06 22:00:00,19.96442
2024-06-06 23:00:00,26.16919
2024-06-07 00:00:00,34.90918
2024-06-07 01:00:00,43.00509
2024-06-07 02:00:00,57.29902
2024-06-07 03:00:00,52.5736
2024-06-07 04:00:00,39.19182
2024-06-07 05:00:00,29.48344
2024-06-07 06:00:00,28.42567
2024-06-07 07:00:00,27.57572
2024-06-07 08:00:00,27.20753
2024-06-07 09:00:00,28.92139
2024-06-07 10:00:00,27.85027
2024-06-07 11:00:00,28.39306
2024-06-07 12:00:00,30.59074
2024-06-07 13:00:00,28.66099
2024-06-07 14:00:00,14.32979
2024-06-07 15:00:00,14.78665
2024-06-07 16:00:00,16.70835
2024-06-07 17:00:00,11.8452
2024-06-07 18:00:00,10.9151
2024-06-07 19:00:00,9.41508
2024-06-07 20:00:00,11.68704
2024-06-07 21:00:00,12.64091
2024-06-07 22:00:00,18.66585
2024-06-07 23:00:00,25.18
2024-06-08 00:00:00,32.11027
2024-06-08 01:00:00,36.29641
2024-06-08 02:00:00,44.02
2024-06-08 03:00:00,43.15359
2024-06-08 04:00:00,34.9554
2024-06-08 05:00:00,29.43953
2024-06-08 06:00:00,28.0801
2024-06-08 07:00:00,28.82154
2024-06-08 08:00:00,27.66347
2024-06-08 09:00:00,26.93861
2024-06-08 10:00:00,27.78503
2024-06-08 11:00:00,28.07643
2024-06-08 12:00:00,28.5096
2024-06-08 13:00:00,22.59905
2024-06-08 14:00:00,6.5606
2024-06-08 15:00:00,2.53
2024-06-08 16:00:00,0.53488
2024-06-08 17:00:00,1.22749
2024-06-08 18:00:00,-0.94602
2024-06-08 19:00:00,-0.2214
2024-06-08 20:00:00,0.54833
2024-06-08 21:00:00,1.53181
2024-06-08 22:00:00,7.95462
2024-06-08 23:00:00,14.38973
2024-06-09 00:00:00,16.44736
2024-06-09 01:00:00,28.38082
2024-06-09 02:00:00,36.66009
2024-06-09 03:00:00,39.06851
2024-06-09 04:00:00,36.69744
2024-06-09 05:00:00,29.42595
2024-06-09 06:00:00,29.38607
2024-06-09 07:00:00,25.75944
2024-06-09 08:00:00,24.93478
2024-06-09 09:00:00,25.46179
2024-06-09 10:00:00,24.39583
2024-06-09 11:00:00,22.49891
2024-06-09 12:00:00,24.43878
2024-06-09 13:00:00,10.5625
2024-06-09 14:00:00,3.69567
2024-06-09 15:00:00,-2.1262
2024-06-09 16:00:00,-7.9697
2024-06-09 17:00:00,-9.04033
2024-06-09 18:00:00,-9.66
2024-06-09 19:00:00,-10.50883
2024-06-09 20:00:00,-7.51378
2024-06-09 21:00:00,-2.04725
2024-06-09 22:00:00,5.704
2024-06-09 23:00:00,8.01812
2024-06-10 00:00:00,10.80197
2024-06-10 01:00:00,25.99388
2024-06-10 02:00:00,33.23222
2024-06-10 03:00:00,38.00609
2024-06-10 04:00:00,33.96428
2024-06-10 05:00:00,29.54017
2024-06-10 06:00:00,28.98081
2024-06-10 07:00:00,28.11212
2024-06-10 08:00:00,29.02801
2024-06-10 09:00:00,26.48206
2024-06-10 10:00:00,27.93883
2024-06-10 11:00:00,29.10662
2024-06-10 12:00:00,33.15976
2024-06-10 13:00:00,27.70483
2024-06-10 14:00:00,14.41044
2024-06-10 15:00:00,10.0
2024-06-10 16:00:00,10.0
2024-06-10 17:00:00,10.0
2024-06-10 18:00:00,12.02265
2024-06-10 19:00:00,10.0
2024-06-10 20:00:00,10.0
2024-06-10 21:00:00,11.11591
2024-06-10 22:00:00,14.83328
2024-06-10 23:00:00,17.38046
2024-06-11 00:00:00,26.49616
2024-06-11 01:00:00,33.39682
2024-06-11 02:00:00,50.78716
2024-06-11 03:00:00,44.95938
2024-06-11 04:00:00,34.29715
2024-06-11 05:00:00,30.44013
2024-06-11 06:00:00,27.7405
2024-06-11 07:00:00,27.85987
2024-06-11 08:00:00,27.07824
2024-06-11 09:00:00,26.68999
2024-06-11 10:00:00,26.566
2024-06-11 11:00:00,28.0717
2024-06-11 12:00:00,31.17858
2024-06-11 13:00:00,27.55408
2024-06-11 14:00:00,15.12801
2024-06-11 15:00:00,13.40285
2024-06-11 16:00:00,10.26123
2024-06-11 17:00:00,11.89042
2024-06-11 18:00:00,14.50774
2024-06-11 19:00:00,14.65031
2024-06-11 20:00:00,16.3706
2024-06-11 21:00:00,17.35448
2024-06-11 22:00:00,21.64
2024-06-11 23:00:00,23.81556
2024-06-12 00:00:00,27.50643
2024-06-12 01:00:00,36.67325
2024-06-12 02:00:00,50.72597
2024-06-12 03:00:00,52.60754
2024-06-12 04:00:00,36.68665
2024-06-12 05:00:00,30.45114
2024-06-12 06:00:00,30.0
2024-06-12 07:00:00,28.70948
2024-06-12 08:00:00,29.25708
2024-06-12 09:00:00,28.05247
2024-06-12 10:00:00,29.62212
2024-06-12 11:00:00,30.57637
2024-06-12 12:00:00,32.39255
2024-06-12 13:00:00,29.5034
2024-06-12 14:00:00,14.91572
2024-06-12 15:00:00,13.28235
2024-06-12 16:00:00,13.28503
2024-06-12 17:00:00,13.09961
2024-06-12 18:00:00,13.91154
2024-06-12 19:00:00,12.27958
2024-06-12 20:00:00,14.50914
2024-06-12 21:00:00,13.85252
2024-06-12 22:00:00,17.30017
2024-06-12 23:00:00,21.16034
2024-06-13 00:00:00,30.65152
2024-06-13 01:00:00,39.71006
2024-06-13 02:00:00,54.93705
2024-06-13 03:00:00,55.44759
2024-06-13 04:00:00,40.57499
2024-06-13 05:00:00,35.90175
2024-06-13 06:00:00,30.88786
2024-06-13 07:00:00,31.34588
2024-06-13 08:00:00,30.0
2024-06-13 09:00:00,29.44105
2024-06-13 10:00:00,29.81243
2024-06-13 11:00:00,31.81807
2024-06-13 12:00:00,35.0749
2024-06-13 13:00:00,30.20006
2024-06-13 14:00:00,20.01428
2024-06-13 15:00:00,14.2758
2024-06-13 16:00:00,12.64997
2024-06-13 17:00:00,11.09525
2024-06-13 18:00:00,11.76823
2024-06-13 19:00:00,13.17011
2024-06-13 20:00:00,14.55525
2024-06-13 21:00:00,14.94454
2024-06-13 22:00:00,17.10567
2024-06-13 23:00:00,17.30949
2024-06-14 00:00:00,22.51694
2024-06-14 01:00:00,30.65545
2024-06-14 02:00:00,45.01185
2024-06-14 03:00:00,48.19572
2024-06-14 04:00:00,38.44596
2024-06-14 05:00:00,31.01757
2024-06-14 06:00:00,28.1458
2024-06-14 07:00:00,26.03476
2024-06-14 08:00:00,26.39984
2024-06-14 09:00:00,25.87447
2024-06-14 10:00:00,23.67591
2024-06-14 11:00:00,24.95036
2024-06-14 12:00:00,27.2617
2024-06-14 13:00:00,21.44858
2024-06-14 14:00:00,9.96377
2024-06-14 15:00:00,8.32453
2024-06-14 16:00:00,6.85941
2024-06-14 17:00:00,4.6947
2024-06-14 18:00:00,5.08712
2024-06-14 19:00:00,5.73741
2024-06-14 20:00:00,8.10088
2024-06-14 21:00:00,10.0977
2024-06-14 22:00:00,12.34788
2024-06-14 23:00:00,14.31254
2024-06-15 00:00:00,21.81815
2024-06-15 01:00:00,30.15316
2024-06-15 02:00:00,44.60338
2024-06-15 03:00:00,47.30849
2024-06-15 04:00:00,40.76633
2024-06-15 05:00:00,31.31277
2024-06-15 06:00:00,29.64331
2024-06-15 07:00:00,27.84472
2024-06-15 08:00:00,26.75135
2024-06-15 09:00:00,26.59815
2024-06-15 10:00:00,26.31785
2024-06-15 11:00:00,25.31202
2024-06-15 12:00:00,26.29564
2024-06-15 13:00:00,15.34828
2024-06-15 14:00:00,-1.79768
2024-06-15 15:00:00,-4.52994
2024-06-15 16:00:00,-4.92641
2024-06-15 17:00:00,-6.58514
2024-06-15 18:00:00,-7.25673
2024-06-15 19:00:00,-6.81396
2024-06-15 20:00:00,-6.43723
2024-06-15 21:00:00,-1.74535
2024-06-15 22:00:00,0.79719
2024-06-15 23:00:00,7.69738
2024-06-16 00:00:00,19.09479
2024-06-16 01:00:00,29.11413
2024-06-16 02:00:00,43.32211
2024-06-16 03:00:00,46.58168
2024-06-16 04:00:00,39.78926
2024-06-16 05:00:00,30.79238
2024-06-16 06:00:00,29.82814
2024-06-16 07:00:00,26.25663
2024-06-16 08:00:00,25.06693
2024-06-16 09:00:00,23.83268
2024-06-16 10:00:00,23.81525
2024-06-16 11:00:00,22.40745
2024-06-16 12:00:00,21.07439
2024-06-16 13:00:00,7.12136
2024-06-16 14:00:00,-6.08
2024-06-16 15:00:00,-11.02253
2024-06-16 16:00:00,-11.67997
2024-06-16 17:00:00,-15.94437
2024-06-16 18:00:00,-15.5752
2024-06-16 19:00:00,-15.51172
2024-06-16 20:00:00,-15.45691
2024-06-16 21:00:00,-15.20243
2024-06-16 22:00:00,-8.28367
2024-06-16 23:00:00,-0.53863
2024-06-17 00:00:00,11.87707
2024-06-17 01:00:00,24.80706
2024-06-17 02:00:00,35.28826
2024-06-17 03:00:00,42.59838
2024-06-17 04:00:00,35.84546
2024-06-17 05:00:00,29.6563
2024-06-17 06:00:00,29.22435
2024-06-17 07:00:00,27.90347
2024-06-17 08:00:00,25.75022
2024-06-17 09:00:00,27.23201
2024-06-17 10:00:00,25.06306
2024-06-17 11:00:00,27.46317
2024-06-17 12:00:00,30.10979
2024-06-17 13:00:00,21.65614
2024-06-17 14:00:00,3.84936
2024-06-17 15:00:00,0.98461
2024-06-17 16:00:00,-1.39054
2024-06-17 17:00:00,-4.48153
2024-06-17 18:00:00,-5.60435
2024-06-17 19:00:00,-9.27458
2024-06-17 20:00:00,-7.10294
2024-06-17 21:00:00,-5.01123
2024-06-17 22:00:00,-1.46281
2024-06-17 23:00:00,1.10653
2024-06-18 00:00:00,12.83279
2024-06-18 01:00:00,27.36193
2024-06-18 02:00:00,39.71322
2024-06-18 03:00:00,43.49812
2024-06-18 04:00:00,36.33285
2024-06-18 05:00:00,29.96594
2024-06-18 06:00:00,29.23277
2024-06-18 07:00:00,27.60447
2024-06-18 08:00:00,25.8929
2024-06-18 09:00:00,25.34741
2024-06-18 10:00:00,25.07609
2024-06-18 11:00:00,27.4524
2024-06-18 12:00:00,29.77471
2024-06-18 13:00:00,25.99996
2024-06-18 14:00:00,13.4623
2024-06-18 15:00:00,9.73916
2024-06-18 16:00:00,8.75
2024-06-18 17:00:00,7.12586
2024-06-18 18:00:00,5.91596
2024-06-18 19:00:00,9.11652
2024-06-18 20:00:00,9.85687
2024-06-18 21:00:00,11.20904
2024-06-18 22:00:00,13.85523
2024-06-18 23:00:00,17.26154
2024-06-19 00:00:00,23.53515
2024-06-19 01:00:00,31.34052
2024-06-19 02:00:00,44.64
2024-06-19 03:00:00,49.04571
2024-06-19 04:00:00,38.80148
2024-06-19 05:00:00,31.61384
2024-06-19 06:00:00,28.78065
2024-06-19 07:00:00,32.86703
2024-06-19 08:00:00,28.94964
2024-06-19 09:00:00,28.25074
2024-06-19 10:00:00,27.69596
2024-06-19 11:00:00,30.49355
2024-06-19 12:00:00,32.0
2024-06-19 13:00:00,27.38473
2024-06-19 14:00:00,10.9992
2024-06-19 15:00:00,4.18495
2024-06-19 16:00:00,1.96445
2024-06-19 17:00:00,0.07779
2024-06-19 18:00:00,0.02071
2024-06-19 19:00:00,0.17569
2024-06-19 20:00:00,0.17692
2024-06-19 21:00:00,0.31707
2024-06-19 22:00:00,2.5429
2024-06-19 23:00:00,8.91964
2024-06-20 00:00:00,17.98284
2024-06-20 01:00:00,28.87976
2024-06-20 02:00:00,42.40858
2024-06-20 03:00:00,47.21569
2024-06-20 04:00:00,39.64511
2024-06-20 05:00:00,31.1809
2024-06-20 06:00:00,31.22845
2024-06-20 07:00:00,30.0
2024-06-20 08:00:00,28.30246
2024-06-20 09:00:00,27.64561
2024-06-20 10:00:00,27.67847
2024-06-20 11:00:00,29.19901
2024-06-20 12:00:00,32.29527
2024-06-20 13:00:00,28.0301
2024-06-20 14:00:00,17.22594
2024-06-20 15:00:00,12.5083
2024-06-20 16:00:00,9.62
2024-06-20 17:00:00,8.19331
2024-06-20 18:00:00,11.0562
2024-06-20 19:00:00,9.43846
2024-06-20 20:00:00,10.01635
2024-06-20 21:00:00,13.41056
2024-06-20 22:00:00,15.49397
2024-06-20 23:00:00,16.68674
2024-06-21 00:00:00,22.12709
2024-06-21 01:00:00,29.96763
2024-06-21 02:00:00,46.59937
2024-06-21 03:00:00,50.85641
2024-06-21 04:00:00,39.5373
2024-06-21 05:00:00,30.67
2024-06-21 06:00:00,29.71464
2024-06-21 07:00:00,33.13333
2024-06-21 08:00:00,29.25861
2024-06-21 09:00:00,28.515
2024-06-21 10:00:00,28.64232
2024-06-21 11:00:00,29.96296
2024-06-21 12:00:00,34.6592
2024-06-21 13:00:00,32.89834
2024-06-21 14:00:00,18.92063
2024-06-21 15:00:00,15.78319
2024-06-21 16:00:00,16.90919
2024-06-21 17:00:00,17.35911
2024-06-21 18:00:00,16.82382
2024-06-21 19:00:00,18.27913
2024-06-21 20:00:00,19.73871
2024-06-21 21:00:00,20.73196
2024-06-21 22:00:00,24.69574
2024-06-21 23:00:00,29.84354
2024-06-22 00:00:00,33.21333
2024-06-22 01:00:00,45.62719
2024-06-22 02:00:00,57.92444
2024-06-22 03:00:00,58.51403
2024-06-22 04:00:00,49.71047
2024-06-22 05:00:00,38.91765
2024-06-22 06:00:00,34.51427
2024-06-22 07:00:00,34.95143
2024-06-22 08:00:00,33.00492
2024-06-22 09:00:00,33.6557
2024-06-22 10:00:00,29.11133
2024-06-22 11:00:00,29.27481
2024-06-22 12:00:00,33.29494
2024-06-22 13:00:00,31.228
2024-06-22 14:00:00,21.70205
2024-06-22 15:00:00,18.7085
2024-06-22 16:00:00,17.05
2024-06-22 17:00:00,17.7304
2024-06-22 18:00:00,18.92733
2024-06-22 19:00:00,20.69804
2024-06-22 20:00:00,22.93705
2024-06-22 21:00:00,27.21387
2024-06-22 22:00:00,30.45182
2024-06-22 23:00:00,33.10103
2024-06-23 00:00:00,35.34992
2024-06-23 01:00:00,48.96715
2024-06-23 02:00:00,59.24905
2024-06-23 03:00:00,59.11942
2024-06-23 04:00:00,47.62203
2024-06-23 05:00:00,49.44509
2024-06-23 06:00:00,39.31361
2024-06-23 07:00:00,35.78697
2024-06-23 08:00:00,34.91498
2024-06-23 09:00:00,34.43472
2024-06-23 10:00:00,33.64606
2024-06-23 11:00:00,33.66182
2024-06-23 12:00:00,34.99952
2024-06-23 13:00:00,29.79701
2024-06-23 14:00:00,21.22197
2024-06-23 15:00:00,20.5069
2024-06-23 16:00:00,21.42918
2024-06-23 17:00:00,20.21897
2024-06-23 18:00:00,20.66654
2024-06-23 19:00:00,21.18359
2024-06-23 20:00:00,20.4907
2024-06-23 21:00:00,26.96197
2024-06-23 22:00:00,31.01662
2024-06-23 23:00:00,32.77484
2024-06-24 00:00:00,36.0506
2024-06-24 01:00:00,43.86989
2024-06-24 02:00:00,55.26276
2024-06-24 03:00:00,56.10539
2024-06-24 04:00:00,47.52494
2024-06-24 05:00:00,41.35082
2024-06-24 06:00:00,36.78645
2024-06-24 07:00:00,37.31408
2024-06-24 08:00:00,37.64026
2024-06-24 09:00:00,32.36772
2024-06-24 10:00:00,32.54788
2024-06-24 11:00:00,32.30998
2024-06-24 12:00:00,38.75822
2024-06-24 13:00:00,34.78954
2024-06-24 14:00:00,27.79961
2024-06-24 15:00:00,26.40999
2024-06-24 16:00:00,26.29545
2024-06-24 17:00:00,26.87747
2024-06-24 18:00:00,27.29856
2024-06-24 19:00:00,27.69259
2024-06-24 20:00:00,28.37242
2024-06-24 21:00:00,28.79746
2024-06-24 22:00:00,34.12042
2024-06-24 23:00:00,36.70077
2024-06-25 00:00:00,46.2755
2024-06-25 01:00:00,56.18054
2024-06-25 02:00:00,66.03076
2024-06-25 03:00:00,62.26571
2024-06-25 04:00:00,53.29268
2024-06-25 05:00:00,39.95164
2024-06-25 06:00:00,36.32866
2024-06-25 07:00:00,40.05392
2024-06-25 08:00:00,39.50743
2024-06-25 09:00:00,37.82673
2024-06-25 10:00:00,38.04416
2024-06-25 11:00:00,39.30062
2024-06-25 12:00:00,42.82006
2024-06-25 13:00:00,46.60602
2024-06-25 14:00:00,33.07313
2024-06-25 15:00:00,32.0142
2024-06-25 16:00:00,32.07335
2024-06-25 17:00:00,32.10529
2024-06-25 18:00:00,32.82211
2024-06-25 19:00:00,32.96153
2024-06-25 20:00:00,34.05385
2024-06-25 21:00:00,34.425
2024-06-25 22:00:00,39.70219
2024-06-25 23:00:00,42.8468
2024-06-26 00:00:00,50.42904
2024-06-26 01:00:00,58.56576
2024-06-26 02:00:00,73.95984
2024-06-26 03:00:00,72.13976
2024-06-26 04:00:00,65.65167
2024-06-26 05:00:00,48.12272
2024-06-26 06:00:00,40.16826
2024-06-26 07:00:00,39.93739
2024-06-26 08:00:00,42.26941
2024-06-26 09:00:00,40.37914
2024-06-26 10:00:00,37.97346
2024-06-26 11:00:00,38.16072
2024-06-26 12:00:00,42.92491
2024-06-26 13:00:00,39.88701
2024-06-26 14:00:00,31.8
2024-06-26 15:00:00,28.13095
2024-06-26 16:00:00,26.45439
2024-06-26 17:00:00,26.53858
2024-06-26 18:00:00,26.73871
2024-06-26 19:00:00,28.08282
2024-06-26 20:00:00,29.6182
2024-06-26 21:00:00,31.50155
2024-06-26 22:00:00,33.23202
2024-06-26 23:00:00,35.43104
2024-06-27 00:00:00,40.39
2024-06-27 01:00:00,49.92269
2024-06-27 02:00:00,62.23342
2024-06-27 03:00:00,64.10565
2024-06-27 04:00:00,53.16655
2024-06-27 05:00:00,47.55992
2024-06-27 06:00:00,40.45471
2024-06-27 07:00:00,39.2092
2024-06-27 08:00:00,37.30404
2024-06-27 09:00:00,36.16871
2024-06-27 10:00:00,34.66923
2024-06-27 11:00:00,36.49634
2024-06-27 12:00:00,40.37557
2024-06-27 13:00:00,35.98478
2024-06-27 14:00:00,27.21072
2024-06-27 15:00:00,25.58144
2024-06-27 16:00:00,23.65882
2024-06-27 17:00:00,23.0
2024-06-27 18:00:00,24.22391
2024-06-27 19:00:00,24.94198
2024-06-27 20:00:00,25.94424
2024-06-27 21:00:00,27.96147
2024-06-27 22:00:00,29.49546
2024-06-27 23:00:00,29.11085
2024-06-28 00:00:00,35.352
2024-06-28 01:00:00,42.99703
2024-06-28 02:00:00,58.44654
2024-06-28 03:00:00,62.43852
2024-06-28 04:00:00,51.50216
2024-06-28 05:00:00,42.96088
2024-06-28 06:00:00,37.88804
2024-06-28 07:00:00,36.1796
2024-06-28 08:00:00,35.41613
2024-06-28 09:00:00,34.80955
2024-06-28 10:00:00,33.96916
2024-06-28 11:00:00,36.35068
2024-06-28 12:00:00,40.12674
2024-06-28 13:00:00,35.31247
2024-06-28 14:00:00,24.69788
2024-06-28 15:00:00,23.41158
2024-06-28 16:00:00,23.22852
2024-06-28 17:00:00,21.91701
2024-06-28 18:00:00,21.63791
2024-06-28 19:00:00,22.30413
2024-06-28 20:00:00,24.0
2024-06-28 21:00:00,26.01538
2024-06-28 22:00:00,27.47399
2024-06-28 23:00:00,31.03046
2024-06-29 00:00:00,34.37737
2024-06-29 01:00:00,45.77183
2024-06-29 02:00:00,58.20594
2024-06-29 03:00:00,59.30679
2024-06-29 04:00:00,56.49904
2024-06-29 05:00:00,48.26784
2024-06-29 06:00:00,44.48066
2024-06-29 07:00:00,38.89438
2024-06-29 08:00:00,37.17662
2024-06-29 09:00:00,37.67316
2024-06-29 10:00:00,36.55532
2024-06-29 11:00:00,37.0
2024-06-29 12:00:00,38.26095
2024-06-29 13:00:00,32.33448
2024-06-29 14:00:00,18.51356
2024-06-29 15:00:00,17.85928
2024-06-29 16:00:00,16.75569
2024-06-29 17:00:00,16.92847
2024-06-29 18:00:00,17.11494
2024-06-29 19:00:00,18.17277
2024-06-29 20:00:00,19.60542
2024-06-29 21:00:00,21.58692
2024-06-29 22:00:00,26.16859
2024-06-29 23:00:00,30.26188
2024-06-30 00:00:00,34.66779
2024-06-30 01:00:00,42.11284
2024-06-30 02:00:00,60.30628
2024-06-30 03:00:00,60.56406
2024-06-30 04:00:00,53.62203
2024-06-30 05:00:00,42.87849
2024-06-30 06:00:00,40.6752
2024-06-30 07:00:00,36.42254
2024-06-30 08:00:00,36.31809
2024-06-30 09:00:00,36.00607
2024-06-30 10:00:00,33.44581
2024-06-30 11:00:00,33.83354
2024-06-30 12:00:00,34.26478
2024-06-30 13:00:00,30.03005
2024-06-30 14:00:00,16.32697
2024-06-30 15:00:00,15.43893
2024-06-30 16:00:00,15.6777
2024-06-30 17:00:00,15.54042
2024-06-30 18:00:00,16.52417
2024-06-30 19:00:00,16.80186
2024-06-30 20:00:00,19.80474
2024-06-30 21:00:00,25.85442
2024-06-30 22:00:00,31.89758
2024-06-30 23:00:00,33.75356
2024-07-01 00:00:00,38.37347
2024-07-01 01:00:00,50.23059
2024-07-01 02:00:00,61.43946
2024-07-01 03:00:00,60.7623
2024-07-01 04:00:00,54.28
2024-07-01 05:00:00,43.01317
2024-07-01 06:00:00,37.62103
2024-07-01 07:00:00,37.37
2024-07-01 08:00:00,35.0
2024-07-01 09:00:00,34.70089
2024-07-01 10:00:00,34.72449
2024-07-01 11:00:00,35.0
2024-07-01 12:00:00,39.0
2024-07-01 13:00:00,34.96396
2024-07-01 14:00:00,28.75447
2024-07-01 15:00:00,27.0191
2024-07-01 16:00:00,27.12214
2024-07-01 17:00:00,27.73623
2024-07-01 18:00:00,28.40129
2024-07-01 19:00:00,29.39562
2024-07-01 20:00:00,30.0526
2024-07-01 21:00:00,33.73685
2024-07-01 22:00:00,37.61
2024-07-01 23:00:00,38.99359
2024-07-02 00:00:00,42.12022
2024-07-02 01:00:00,57.98647
2024-07-02 02:00:00,76.6316
2024-07-02 03:00:00,74.41258
2024-07-02 04:00:00,60.44
2024-07-02 05:00:00,45.83759
2024-07-02 06:00:00,42.71867
2024-07-02 07:00:00,41.6874
2024-07-02 08:00:00,40.52348
2024-07-02 09:00:00,39.08473
2024-07-02 10:00:00,38.02332
2024-07-02 11:00:00,38.48555
2024-07-02 12:00:00,42.35905
2024-07-02 13:00:00,41.49734
2024-07-02 14:00:00,33.26177
2024-07-02 15:00:00,31.90996
2024-07-02 16:00:00,31.33312
2024-07-02 17:00:00,29.59798
2024-07-02 18:00:00,29.16915
2024-07-02 19:00:00,30.80381
2024-07-02 20:00:00,33.59865
2024-07-02 21:00:00,35.74582
2024-07-02 22:00:00,41.07277
2024-07-02 23:00:00,47.33848
2024-07-03 00:00:00,65.8228
2024-07-03 01:00:00,69.21942
2024-07-03 02:00:00,94.23963
2024-07-03 03:00:00,82.88656
2024-07-03 04:00:00,64.64
2024-07-03 05:00:00,51.96093
2024-07-03 06:00:00,47.74416
2024-07-03 07:00:00,43.97913
2024-07-03 08:00:00,39.9859
2024-07-03 09:00:00,36.24801
2024-07-03 10:00:00,35.68943
2024-07-03 11:00:00,35.80408
2024-07-03 12:00:00,39.83073
2024-07-03 13:00:00,40.89309
2024-07-03 14:00:00,33.29029
2024-07-03 15:00:00,33.64157
2024-07-03 16:00:00,32.26087
2024-07-03 17:00:00,33.94952
2024-07-03 18:00:00,33.29616
2024-07-03 19:00:00,34.79
2024-07-03 20:00:00,39.0
2024-07-03 21:00:00,40.46322
2024-07-03 22:00:00,52.45586
2024-07-03 23:00:00,58.17454
2024-07-04 00:00:00,72.5802
2024-07-04 01:00:00,94.5
2024-07-04 02:00:00,131.65736
2024-07-04 03:00:00,100.42958
2024-07-04 04:00:00,69.64
2024-07-04 05:00:00,49.67814
2024-07-04 06:00:00,43.37928
2024-07-04 07:00:00,46.53411
2024-07-04 08:00:00,38.62326
2024-07-04 09:00:00,39.24768
2024-07-04 10:00:00,38.45618
2024-07-04 11:00:00,36.31034
2024-07-04 12:00:00,37.92359
2024-07-04 13:00:00,32.86841
2024-07-04 14:00:00,26.65716
2024-07-04 15:00:00,26.4239
2024-07-04 16:00:00,27.90847
2024-07-04 17:00:00,26.65465
2024-07-04 18:00:00,30.60645
2024-07-04 19:00:00,31.75329
2024-07-04 20:00:00,35.39704
2024-07-04 21:00:00,38.69041
2024-07-04 22:00:00,49.6
2024-07-04 23:00:00,61.73681
2024-07-05 00:00:00,91.10516
2024-07-05 01:00:00,92.46464
2024-07-05 02:00:00,94.60102
2024-07-05 03:00:00,84.71448
2024-07-05 04:00:00,67.08184
2024-07-05 05:00:00,54.72966
2024-07-05 06:00:00,45.71135
2024-07-05 07:00:00,38.77734
2024-07-05 08:00:00,36.1676
2024-07-05 09:00:00,35.32242
2024-07-05 10:00:00,35.31773
2024-07-05 11:00:00,35.30463
2024-07-05 12:00:00,35.44728
2024-07-05 13:00:00,38.92296
2024-07-05 14:00:00,32.59859
2024-07-05 15:00:00,30.79418
2024-07-05 16:00:00,31.713
2024-07-05 17:00:00,33.14495
2024-07-05 18:00:00,34.03573
2024-07-05 19:00:00,36.02452
2024-07-05 20:00:00,39.0719
2024-07-05 21:00:00,44.64
2024-07-05 22:00:00,56.96811
2024-07-05 23:00:00,72.0028
2024-07-06 00:00:00,111.32843
2024-07-06 01:00:00,144.9167
2024-07-06 02:00:00,173.4753
2024-07-06 03:00:00,140.0
2024-07-06 04:00:00,81.34593
2024-07-06 05:00:00,62.95459
2024-07-06 06:00:00,51.45046
2024-07-06 07:00:00,40.61545
2024-07-06 08:00:00,38.05151
2024-07-06 09:00:00,36.9176
2024-07-06 10:00:00,37.50254
2024-07-06 11:00:00,37.33732
2024-07-06 12:00:00,37.22274
2024-07-06 13:00:00,35.80142
2024-07-06 14:00:00,25.21904
2024-07-06 15:00:00,23.08726
2024-07-06 16:00:00,24.26968
2024-07-06 17:00:00,25.33607
2024-07-06 18:00:00,25.79446
2024-07-06 19:00:00,27.89541
2024-07-06 20:00:00,33.4577
2024-07-06 21:00:00,34.42093
2024-07-06 22:00:00,40.29892
2024-07-06 23:00:00,47.42587
2024-07-07 00:00:00,56.10754
2024-07-07 01:00:00,75.97549
2024-07-07 02:00:00,101.13999
2024-07-07 03:00:00,86.84559
2024-07-07 04:00:00,62.31834
2024-07-07 05:00:00,51.51155
2024-07-07 06:00:00,41.17401
2024-07-07 07:00:00,37.04556
2024-07-07 08:00:00,36.59618
2024-07-07 09:00:00,36.14862
2024-07-07 10:00:00,34.86797
2024-07-07 11:00:00,35.0
2024-07-07 12:00:00,34.84376
2024-07-07 13:00:00,32.19272
2024-07-07 14:00:00,21.03272
2024-07-07 15:00:00,19.86057
2024-07-07 16:00:00,20.63146
2024-07-07 17:00:00,22.7709
2024-07-07 18:00:00,24.55252
2024-07-07 19:00:00,26.83172
2024-07-07 20:00:00,31.33559
2024-07-07 21:00:00,34.56211
2024-07-07 22:00:00,37.159
2024-07-07 23:00:00,40.27008
2024-07-08 00:00:00,51.75526
2024-07-08 01:00:00,65.51255
2024-07-08 02:00:00,77.14739
2024-07-08 03:00:00,66.26631
2024-07-08 04:00:00,54.20036
2024-07-08 05:00:00,42.86997
2024-07-08 06:00:00,38.32182
2024-07-08 07:00:00,35.89497
2024-07-08 08:00:00,34.34191
2024-07-08 09:00:00,33.16
2024-07-08 10:00:00,32.49681
2024-07-08 11:00:00,32.52995
2024-07-08 12:00:00,34.09658
2024-07-08 13:00:00,37.39368
2024-07-08 14:00:00,32.17421
2024-07-08 15:00:00,30.94321
2024-07-08 16:00:00,31.08764
2024-07-08 17:00:00,31.1504
2024-07-08 18:00:00,32.12576
2024-07-08 19:00:00,32.99394
2024-07-08 20:00:00,38.03593
2024-07-08 21:00:00,43.12646
2024-07-08 22:00:00,55.74417
2024-07-08 23:00:00,62.41
2024-07-09 00:00:00,72.75675
2024-07-09 01:00:00,94.79953
2024-07-09 02:00:00,151.32066
2024-07-09 03:00:00,122.70476
2024-07-09 04:00:00,74.64541
2024-07-09 05:00:00,55.21413
2024-07-09 06:00:00,47.53544
2024-07-09 07:00:00,38.59858
2024-07-09 08:00:00,37.54947
2024-07-09 09:00:00,36.79915
2024-07-09 10:00:00,36.48917
2024-07-09 11:00:00,38.67571
2024-07-09 12:00:00,41.41391
2024-07-09 13:00:00,42.98278
2024-07-09 14:00:00,32.626
2024-07-09 15:00:00,31.28994
2024-07-09 16:00:00,30.86758
2024-07-09 17:00:00,31.13403
2024-07-09 18:00:00,31.2128
2024-07-09 19:00:00,33.72574
2024-07-09 20:00:00,35.22614
2024-07-09 21:00:00,39.32397
2024-07-09 22:00:00,47.94184
2024-07-09 23:00:00,52.61017
2024-07-10 00:00:00,70.48503
2024-07-10 01:00:00,104.81592
2024-07-10 02:00:00,200.60634
2024-07-10 03:00:00,153.05
2024-07-10 04:00:00,88.27774
2024-07-10 05:00:00,58.91015
2024-07-10 06:00:00,49.44904
2024-07-10 07:00:00,45.15227
2024-07-10 08:00:00,42.10117
2024-07-10 09:00:00,40.58873
2024-07-10 10:00:00,40.40822
2024-07-10 11:00:00,40.80412
2024-07-10 12:00:00,43.62472
2024-07-10 13:00:00,40.38979
2024-07-10 14:00:00,36.79937
2024-07-10 15:00:00,35.99553
2024-07-10 16:00:00,36.35191
2024-07-10 17:00:00,36.17079
2024-07-10 18:00:00,36.68777
2024-07-10 19:00:00,37.3691
2024-07-10 20:00:00,40.13075
2024-07-10 21:00:00,48.94944
2024-07-10 22:00:00,59.77202
2024-07-10 23:00:00,68.47561
2024-07-11 00:00:00,95.04404
2024-07-11 01:00:00,212.92336
2024-07-11 02:00:00,389.65417
2024-07-11 03:00:00,222.5993
2024-07-11 04:00:00,105.69585
2024-07-11 05:00:00,71.45373
2024-07-11 06:00:00,60.0
2024-07-11 07:00:00,54.22577
2024-07-11 08:00:00,46.27951
2024-07-11 09:00:00,43.99079
2024-07-11 10:00:00,43.96404
2024-07-11 11:00:00,44.02094
2024-07-11 12:00:00,45.54822
2024-07-11 13:00:00,46.2306
2024-07-11 14:00:00,35.53702
2024-07-11 15:00:00,33.16932
2024-07-11 16:00:00,36.68085
2024-07-11 17:00:00,34.54175
2024-07-11 18:00:00,33.5005
2024-07-11 19:00:00,36.7632
2024-07-11 20:00:00,41.49982
2024-07-11 21:00:00,55.94567
2024-07-11 22:00:00,59.98583
2024-07-11 23:00:00,80.68456
2024-07-12 00:00:00,111.66252
2024-07-12 01:00:00,282.18274
2024-07-12 02:00:00,582.63617
2024-07-12 03:00:00,251.45882
2024-07-12 04:00:00,110.8835
2024-07-12 05:00:00,66.89928
2024-07-12 06:00:00,60.38774
2024-07-12 07:00:00,44.70498
2024-07-12 08:00:00,41.52467
2024-07-12 09:00:00,39.93336
2024-07-12 10:00:00,39.04938
2024-07-12 11:00:00,39.57962
2024-07-12 12:00:00,41.01989
2024-07-12 13:00:00,41.18798
2024-07-12 14:00:00,38.9912
2024-07-12 15:00:00,38.15097
2024-07-12 16:00:00,37.51627
2024-07-12 17:00:00,37.78004
2024-07-12 18:00:00,40.51969
2024-07-12 19:00:00,40.95561
2024-07-12 20:00:00,43.63545
2024-07-12 21:00:00,55.25045
2024-07-12 22:00:00,58.93795
2024-07-12 23:00:00,61.13723
2024-07-13 00:00:00,67.02923
2024-07-13 01:00:00,124.20326
2024-07-13 02:00:00,232.99945
2024-07-13 03:00:00,108.19
2024-07-13 04:00:00,78.64951
2024-07-13 05:00:00,63.98392
2024-07-13 06:00:00,55.99401
2024-07-13 07:00:00,43.2055
2024-07-13 08:00:00,41.42487
2024-07-13 09:00:00,38.96773
2024-07-13 10:00:00,39.58154
2024-07-13 11:00:00,39.88503
2024-07-13 12:00:00,39.56142
2024-07-13 13:00:00,36.27
2024-07-13 14:00:00,31.15592
2024-07-13 15:00:00,29.98063
2024-07-13 16:00:00,29.36679
2024-07-13 17:00:00,29.40743
2024-07-13 18:00:00,29.48
2024-07-13 19:00:00,30.88497
2024-07-13 20:00:00,32.36195
2024-07-13 21:00:00,36.76577
2024-07-13 22:00:00,34.17467
2024-07-13 23:00:00,38.21317
2024-07-14 00:00:00,52.21058
2024-07-14 01:00:00,59.64758
2024-07-14 02:00:00,79.28377
2024-07-14 03:00:00,63.67428
2024-07-14 04:00:00,55.6018
2024-07-14 05:00:00,47.7715
2024-07-14 06:00:00,41.0772
2024-07-14 07:00:00,41.90494
2024-07-14 08:00:00,40.13174
2024-07-14 09:00:00,36.77597
2024-07-14 10:00:00,36.08367
2024-07-14 11:00:00,37.75889
2024-07-14 12:00:00,38.0441
2024-07-14 13:00:00,34.77208
2024-07-14 14:00:00,28.98959
2024-07-14 15:00:00,28.02018
2024-07-14 16:00:00,31.37241
2024-07-14 17:00:00,28.04617
2024-07-14 18:00:00,28.24985
2024-07-14 19:00:00,28.09108
2024-07-14 20:00:00,28.6367
2024-07-14 21:00:00,32.39872
2024-07-14 22:00:00,32.64692
2024-07-14 23:00:00,33.73613
2024-07-15 00:00:00,37.6861
2024-07-15 01:00:00,51.52122
2024-07-15 02:00:00,67.23547
2024-07-15 03:00:00,59.03
2024-07-15 04:00:00,48.19737
2024-07-15 05:00:00,42.35759
2024-07-15 06:00:00,38.38899
2024-07-15 07:00:00,34.05053
2024-07-15 08:00:00,33.93639
2024-07-15 09:00:00,33.18
2024-07-15 10:00:00,32.9611
2024-07-15 11:00:00,33.0358
2024-07-15 12:00:00,38.76837
2024-07-15 13:00:00,36.22161
2024-07-15 14:00:00,32.09625
2024-07-15 15:00:00,30.97133
2024-07-15 16:00:00,30.82081
2024-07-15 17:00:00,30.29152
2024-07-15 18:00:00,30.13333
2024-07-15 19:00:00,30.7493
2024-07-15 20:00:00,32.85647
2024-07-15 21:00:00,34.65092
2024-07-15 22:00:00,39.13369
2024-07-15 23:00:00,39.56474
2024-07-16 00:00:00,43.62388
2024-07-16 01:00:00,49.50891
2024-07-16 02:00:00,75.91028
2024-07-16 03:00:00,60.56407
2024-07-16 04:00:00,49.68556
2024-07-16 05:00:00,42.8258
2024-07-16 06:00:00,39.11245
2024-07-16 07:00:00,39.55515
2024-07-16 08:00:00,37.04745
2024-07-16 09:00:00,36.88257
2024-07-16 10:00:00,36.84859
2024-07-16 11:00:00,38.28817
2024-07-16 12:00:00,40.80901
2024-07-16 13:00:00,40.64752
2024-07-16 14:00:00,33.51385
2024-07-16 15:00:00,31.40117
2024-07-16 16:00:00,30.8125
2024-07-16 17:00:00,31.00502
2024-07-16 18:00:00,31.7119
2024-07-16 19:00:00,31.60117
2024-07-16 20:00:00,33.30219
2024-07-16 21:00:00,35.49946
2024-07-16 22:00:00,36.65792
2024-07-16 23:00:00,37.88199
2024-07-17 00:00:00,43.50033
2024-07-17 01:00:00,52.6817
2024-07-17 02:00:00,71.63815
2024-07-17 03:00:00,63.0783
2024-07-17 04:00:00,54.86367
2024-07-17 05:00:00,49.83768
2024-07-17 06:00:00,42.27434
2024-07-17 07:00:00,38.53542
2024-07-17 08:00:00,37.3562
2024-07-17 09:00:00,34.58587
2024-07-17 10:00:00,34.60389
2024-07-17 11:00:00,35.57526
2024-07-17 12:00:00,40.58065
2024-07-17 13:00:00,39.05893
2024-07-17 14:00:00,31.93105
2024-07-17 15:00:00,31.31607
2024-07-17 16:00:00,31.24167
2024-07-17 17:00:00,31.23098
2024-07-17 18:00:00,29.89473
2024-07-17 19:00:00,29.83289
2024-07-17 20:00:00,31.98656
2024-07-17 21:00:00,34.46317
2024-07-17 22:00:00,34.87282
2024-07-17 23:00:00,39.8504
2024-07-18 00:00:00,44.55067
2024-07-18 01:00:00,50.3248
2024-07-18 02:00:00,67.48467
2024-07-18 03:00:00,60.89954
2024-07-18 04:00:00,49.13443
2024-07-18 05:00:00,41.21611
2024-07-18 06:00:00,40.48705
2024-07-18 07:00:00,41.85997
2024-07-18 08:00:00,40.43797
2024-07-18 09:00:00,37.35428
2024-07-18 10:00:00,35.82569
2024-07-18 11:00:00,37.23253
2024-07-18 12:00:00,41.49055
2024-07-18 13:00:00,40.61175
2024-07-18 14:00:00,36.23137
2024-07-18 15:00:00,32.84769
2024-07-18 16:00:00,32.09484
2024-07-18 17:00:00,31.22335
2024-07-18 18:00:00,32.63
2024-07-18 19:00:00,32.80647
2024-07-18 20:00:00,34.39707
2024-07-18 21:00:00,38.41448
2024-07-18 22:00:00,40.03866
2024-07-18 23:00:00,42.33542
2024-07-19 00:00:00,49.48658
2024-07-19 01:00:00,66.46469
2024-07-19 02:00:00,88.76927
2024-07-19 03:00:00,71.26653
2024-07-19 04:00:00,60.04433
2024-07-19 05:00:00,44.90661
2024-07-19 06:00:00,43.77945
2024-07-19 07:00:00,40.11915
2024-07-19 08:00:00,39.43664
2024-07-19 09:00:00,39.30916
2024-07-19 10:00:00,39.12751
2024-07-19 11:00:00,39.17784
2024-07-19 12:00:00,41.34981
2024-07-19 13:00:00,39.75187
2024-07-19 14:00:00,36.85992
2024-07-19 15:00:00,33.25012
2024-07-19 16:00:00,33.42342
2024-07-19 17:00:00,32.7633
2024-07-19 18:00:00,32.45942
2024-07-19 19:00:00,32.98159
2024-07-19 20:00:00,36.84214
2024-07-19 21:00:00,39.84318
2024-07-19 22:00:00,46.49539
2024-07-19 23:00:00,53.5317
2024-07-20 00:00:00,67.63204
2024-07-20 01:00:00,78.81442
2024-07-20 02:00:00,125.57355
2024-07-20 03:00:00,81.82309
2024-07-20 04:00:00,62.67342
2024-07-20 05:00:00,61.23745
2024-07-20 06:00:00,49.28669
2024-07-20 07:00:00,45.38253
2024-07-20 08:00:00,43.57799
2024-07-20 09:00:00,41.16398
2024-07-20 10:00:00,42.76011
2024-07-20 11:00:00,39.77122
2024-07-20 12:00:00,39.7186
2024-07-20 13:00:00,39.32122
2024-07-20 14:00:00,31.38743
2024-07-20 15:00:00,29.31715
2024-07-20 16:00:00,28.17058
2024-07-20 17:00:00,28.66959
2024-07-20 18:00:00,30.22471
2024-07-20 19:00:00,32.34189
2024-07-20 20:00:00,33.25304
2024-07-20 21:00:00,36.22053
2024-07-20 22:00:00,42.4263
2024-07-20 23:00:00,45.03264
2024-07-21 00:00:00,53.95875
2024-07-21 01:00:00,63.78981
2024-07-21 02:00:00,94.64238
2024-07-21 03:00:00,73.29119
2024-07-21 04:00:00,60.43695
2024-07-21 05:00:00,53.97907
2024-07-21 06:00:00,44.44236
2024-07-21 07:00:00,52.49414
2024-07-21 08:00:00,43.15955
2024-07-21 09:00:00,40.74999
2024-07-21 10:00:00,42.43255
2024-07-21 11:00:00,40.79352
2024-07-21 12:00:00,42.92741
2024-07-21 13:00:00,39.30701
2024-07-21 14:00:00,30.9291
2024-07-21 15:00:00,29.49544
2024-07-21 16:00:00,27.96842
2024-07-21 17:00:00,28.90414
2024-07-21 18:00:00,29.36849
2024-07-21 19:00:00,30.51336
2024-07-21 20:00:00,35.84372
2024-07-21 21:00:00,35.00091
2024-07-21 22:00:00,37.10916
2024-07-21 23:00:00,39.24252
2024-07-22 00:00:00,47.33595
2024-07-22 01:00:00,59.89604
2024-07-22 02:00:00,78.6878
2024-07-22 03:00:00,65.85108
2024-07-22 04:00:00,58.68527
2024-07-22 05:00:00,48.0
2024-07-22 06:00:00,41.57145
2024-07-22 07:00:00,41.58455
2024-07-22 08:00:00,41.20974
2024-07-22 09:00:00,38.55925
2024-07-22 10:00:00,38.42889
2024-07-22 11:00:00,38.70622
2024-07-22 12:00:00,43.49102
2024-07-22 13:00:00,40.29448
2024-07-22 14:00:00,35.25609
2024-07-22 15:00:00,33.27589
2024-07-22 16:00:00,33.12886
2024-07-22 17:00:00,32.91758
2024-07-22 18:00:00,34.39548
2024-07-22 19:00:00,35.30721
2024-07-22 20:00:00,37.27294
2024-07-22 21:00:00,40.40471
2024-07-22 22:00:00,47.69
2024-07-22 23:00:00,55.62237
2024-07-23 00:00:00,62.55599
2024-07-23 01:00:00,84.50211
2024-07-23 02:00:00,150.70161
2024-07-23 03:00:00,84.47694
2024-07-23 04:00:00,65.94273
2024-07-23 05:00:00,58.49023
2024-07-23 06:00:00,52.62979
2024-07-23 07:00:00,47.28234
2024-07-23 08:00:00,45.20976
2024-07-23 09:00:00,44.57588
2024-07-23 10:00:00,44.29484
2024-07-23 11:00:00,44.34193
2024-07-23 12:00:00,44.61165
2024-07-23 13:00:00,50.37303
2024-07-23 14:00:00,40.19
2024-07-23 15:00:00,38.63023
2024-07-23 16:00:00,38.05
2024-07-23 17:00:00,39.26634
2024-07-23 18:00:00,41.08939
2024-07-23 19:00:00,43.58792
2024-07-23 20:00:00,50.24871
2024-07-23 21:00:00,58.64137
2024-07-23 22:00:00,64.19
2024-07-23 23:00:00,70.70638
2024-07-24 00:00:00,85.20634
2024-07-24 01:00:00,142.81639
2024-07-24 02:00:00,292.00266
2024-07-24 03:00:00,137.73238
2024-07-24 04:00:00,87.64309
2024-07-24 05:00:00,66.84824
2024-07-24 06:00:00,57.07766
2024-07-24 07:00:00,52.12429
2024-07-24 08:00:00,47.02742
2024-07-24 09:00:00,43.33736
2024-07-24 10:00:00,42.72906
2024-07-24 11:00:00,42.96465
2024-07-24 12:00:00,46.65716
2024-07-24 13:00:00,47.97202
2024-07-24 14:00:00,40.60502
2024-07-24 15:00:00,37.77158
2024-07-24 16:00:00,37.43529
2024-07-24 17:00:00,38.29447
2024-07-24 18:00:00,39.88012
2024-07-24 19:00:00,41.93531
2024-07-24 20:00:00,48.23079
2024-07-24 21:00:00,56.10003
2024-07-24 22:00:00,61.82987
2024-07-24 23:00:00,71.3532
2024-07-25 00:00:00,79.148
2024-07-25 01:00:00,108.99905
2024-07-25 02:00:00,220.14313
2024-07-25 03:00:00,109.26801
2024-07-25 04:00:00,77.00341
2024-07-25 05:00:00,63.47208
2024-07-25 06:00:00,53.60681
2024-07-25 07:00:00,50.83533
2024-07-25 08:00:00,45.70328
2024-07-25 09:00:00,42.85093
2024-07-25 10:00:00,42.34027
2024-07-25 11:00:00,42.12753
2024-07-25 12:00:00,44.29542
2024-07-25 13:00:00,47.18726
2024-07-25 14:00:00,40.0
2024-07-25 15:00:00,37.02433
2024-07-25 16:00:00,36.52675
2024-07-25 17:00:00,36.44227
2024-07-25 18:00:00,39.21308
2024-07-25 19:00:00,40.43535
2024-07-25 20:00:00,44.48367
2024-07-25 21:00:00,52.03804
2024-07-25 22:00:00,50.47435
2024-07-25 23:00:00,63.44137
2024-07-26 00:00:00,71.83873
2024-07-26 01:00:00,114.00329
2024-07-26 02:00:00,216.53061
2024-07-26 03:00:00,133.80298
2024-07-26 04:00:00,79.69656
2024-07-26 05:00:00,60.98
2024-07-26 06:00:00,55.09079
2024-07-26 07:00:00,55.52
2024-07-26 08:00:00,48.14853
2024-07-26 09:00:00,44.61735
2024-07-26 10:00:00,43.23962
2024-07-26 11:00:00,43.34937
2024-07-26 12:00:00,47.95787
2024-07-26 13:00:00,49.16307
2024-07-26 14:00:00,38.46082
2024-07-26 15:00:00,35.42348
2024-07-26 16:00:00,33.40863
2024-07-26 17:00:00,33.66594
2024-07-26 18:00:00,35.05272
2024-07-26 19:00:00,35.65199
2024-07-26 20:00:00,38.15466
2024-07-26 21:00:00,40.9692
2024-07-26 22:00:00,44.0
2024-07-26 23:00:00,47.0
2024-07-27 00:00:00,58.63469
2024-07-27 01:00:00,68.672
2024-07-27 02:00:00,122.49355
2024-07-27 03:00:00,74.15269
2024-07-27 04:00:00,61.15872
2024-07-27 05:00:00,49.16305
2024-07-27 06:00:00,46.53092
2024-07-27 07:00:00,42.37041
2024-07-27 08:00:00,40.68798
2024-07-27 09:00:00,38.91005
2024-07-27 10:00:00,39.53384
2024-07-27 11:00:00,40.00324
2024-07-27 12:00:00,41.83262
2024-07-27 13:00:00,40.48252
2024-07-27 14:00:00,31.25101
2024-07-27 15:00:00,23.42
2024-07-27 16:00:00,26.83302
2024-07-27 17:00:00,21.64535
2024-07-27 18:00:00,23.35504
2024-07-27 19:00:00,21.7368
2024-07-27 20:00:00,24.82535
2024-07-27 21:00:00,23.66547
2024-07-27 22:00:00,28.51159
2024-07-27 23:00:00,29.34793
2024-07-28 00:00:00,37.56343
2024-07-28 01:00:00,50.00095
2024-07-28 02:00:00,63.78801
2024-07-28 03:00:00,62.31
2024-07-28 04:00:00,52.2395
2024-07-28 05:00:00,49.19704
2024-07-28 06:00:00,42.79714
2024-07-28 07:00:00,38.94942
2024-07-28 08:00:00,39.19833
2024-07-28 09:00:00,38.72765
2024-07-28 10:00:00,35.79619
2024-07-28 11:00:00,37.59472
2024-07-28 12:00:00,38.26067
2024-07-28 13:00:00,35.01768
2024-07-28 14:00:00,27.16154
2024-07-28 15:00:00,21.05978
2024-07-28 16:00:00,21.1469
2024-07-28 17:00:00,16.59583
2024-07-28 18:00:00,16.42807
2024-07-28 19:00:00,17.39039
2024-07-28 20:00:00,19.42727
2024-07-28 21:00:00,20.59525
2024-07-28 22:00:00,24.95859
2024-07-28 23:00:00,30.73754
2024-07-29 00:00:00,35.45831
2024-07-29 01:00:00,47.31064
2024-07-29 02:00:00,56.99429
2024-07-29 03:00:00,54.8475
2024-07-29 04:00:00,47.47053
2024-07-29 05:00:00,44.5667
2024-07-29 06:00:00,37.41555
2024-07-29 07:00:00,34.32377
2024-07-29 08:00:00,35.35954
2024-07-29 09:00:00,35.10308
2024-07-29 10:00:00,34.79201
2024-07-29 11:00:00,36.31145
2024-07-29 12:00:00,41.67627
2024-07-29 13:00:00,40.59735
2024-07-29 14:00:00,32.57551
2024-07-29 15:00:00,27.43484
2024-07-29 16:00:00,25.85
2024-07-29 17:00:00,25.40104
2024-07-29 18:00:00,25.69897
2024-07-29 19:00:00,25.52755
2024-07-29 20:00:00,24.95765
2024-07-29 21:00:00,27.2166
2024-07-29 22:00:00,29.58343
2024-07-29 23:00:00,31.80645
2024-07-30 00:00:00,38.9171
2024-07-30 01:00:00,46.114
2024-07-30 02:00:00,62.44167
2024-07-30 03:00:00,57.20396
2024-07-30 04:00:00,46.50225
2024-07-30 05:00:00,45.59812
2024-07-30 06:00:00,39.73056
2024-07-30 07:00:00,37.45479
2024-07-30 08:00:00,35.18117
2024-07-30 09:00:00,32.90344
2024-07-30 10:00:00,32.89482
2024-07-30 11:00:00,33.09544
2024-07-30 12:00:00,33.35038
2024-07-30 13:00:00,33.94066
2024-07-30 14:00:00,25.36286
2024-07-30 15:00:00,20.04471
2024-07-30 16:00:00,18.39729
2024-07-30 17:00:00,18.09686
2024-07-30 18:00:00,17.6
2024-07-30 19:00:00,19.20503
2024-07-30 20:00:00,23.04501
2024-07-30 21:00:00,27.95178
2024-07-30 22:00:00,30.47197
2024-07-30 23:00:00,28.66052
2024-07-31 00:00:00,33.55827
2024-07-31 01:00:00,46.47802
2024-07-31 02:00:00,58.28421
2024-07-31 03:00:00,53.17168
2024-07-31 04:00:00,48.32338
2024-07-31 05:00:00,44.46696
2024-07-31 06:00:00,37.72326
2024-07-31 07:00:00,40.86307
2024-07-31 08:00:00,36.17056
2024-07-31 09:00:00,35.41608
2024-07-31 10:00:00,34.82192
2024-07-31 11:00:00,34.76185
2024-07-31 12:00:00,42.02179
2024-07-31 13:00:00,41.90076
2024-07-31 14:00:00,31.30894
2024-07-31 15:00:00,28.00071
2024-07-31 16:00:00,25.91976
2024-07-31 17:00:00,26.11552
2024-07-31 18:00:00,26.81788
2024-07-31 19:00:00,27.19809
2024-07-31 20:00:00,28.26465
2024-07-31 21:00:00,34.03547
2024-07-31 22:00:00,38.08004
2024-07-31 23:00:00,45.51387
2024-08-01 00:00:00,59.99658
2024-08-01 01:00:00,67.71802
2024-08-01 02:00:00,99.12408
2024-08-01 03:00:00,76.84462
2024-08-01 04:00:00,60.53108
2024-08-01 05:00:00,53.65157
2024-08-01 06:00:00,48.57158
2024-08-01 07:00:00,43.50994
2024-08-01 08:00:00,45.18938
2024-08-01 09:00:00,42.483
2024-08-01 10:00:00,42.08
2024-08-01 11:00:00,42.46722
2024-08-01 12:00:00,43.07957
2024-08-01 13:00:00,48.63328
2024-08-01 14:00:00,41.29977
2024-08-01 15:00:00,38.37982
2024-08-01 16:00:00,35.64394
2024-08-01 17:00:00,36.59851
2024-08-01 18:00:00,38.30641
2024-08-01 19:00:00,38.78809
2024-08-01 20:00:00,40.53189
2024-08-01 21:00:00,46.59055
2024-08-01 22:00:00,59.91913
2024-08-01 23:00:00,70.15567
2024-08-02 00:00:00,80.0
2024-08-02 01:00:00,115.11372
2024-08-02 02:00:00,179.75417
2024-08-02 03:00:00,99.38257
2024-08-02 04:00:00,77.1694
2024-08-02 05:00:00,59.90282
2024-08-02 06:00:00,53.70902
2024-08-02 07:00:00,56.98578
2024-08-02 08:00:00,55.43158
2024-08-02 09:00:00,46.9564
2024-08-02 10:00:00,46.32611
2024-08-02 11:00:00,46.71
2024-08-02 12:00:00,54.56747
2024-08-02 13:00:00,55.73106
2024-08-02 14:00:00,44.75715
2024-08-02 15:00:00,42.78455
2024-08-02 16:00:00,42.17072
2024-08-02 17:00:00,41.51983
2024-08-02 18:00:00,44.56337
2024-08-02 19:00:00,44.98436
2024-08-02 20:00:00,49.40724
2024-08-02 21:00:00,55.78717
2024-08-02 22:00:00,65.48175
2024-08-02 23:00:00,75.74656
2024-08-03 00:00:00,91.15933
2024-08-03 01:00:00,140.26074
2024-08-03 02:00:00,222.92934
2024-08-03 03:00:00,124.46325
2024-08-03 04:00:00,81.77042
2024-08-03 05:00:00,64.14925
2024-08-03 06:00:00,57.84727
2024-08-03 07:00:00,57.17917
2024-08-03 08:00:00,56.49199
2024-08-03 09:00:00,50.66846
2024-08-03 10:00:00,45.13182
2024-08-03 11:00:00,46.00775
2024-08-03 12:00:00,45.58655
2024-08-03 13:00:00,44.97442
2024-08-03 14:00:00,38.35677
2024-08-03 15:00:00,34.03598
2024-08-03 16:00:00,33.4049
2024-08-03 17:00:00,35.39164
2024-08-03 18:00:00,36.40701
2024-08-03 19:00:00,38.86477
2024-08-03 20:00:00,42.6034
2024-08-03 21:00:00,46.11264
2024-08-03 22:00:00,56.52952
2024-08-03 23:00:00,65.0302
2024-08-04 00:00:00,72.41907
2024-08-04 01:00:00,121.48119
2024-08-04 02:00:00,235.68251
2024-08-04 03:00:00,99.67276
2024-08-04 04:00:00,71.08495
2024-08-04 05:00:00,59.51002
2024-08-04 06:00:00,54.23925
2024-08-04 07:00:00,46.10553
2024-08-04 08:00:00,43.85089
2024-08-04 09:00:00,41.46785
2024-08-04 10:00:00,39.66923
2024-08-04 11:00:00,39.63666
2024-08-04 12:00:00,41.44108
2024-08-04 13:00:00,38.34365
2024-08-04 14:00:00,33.69416
2024-08-04 15:00:00,32.07464
2024-08-04 16:00:00,31.2501
2024-08-04 17:00:00,32.39816
2024-08-04 18:00:00,34.95127
2024-08-04 19:00:00,37.19455
2024-08-04 20:00:00,41.34744
2024-08-04 21:00:00,43.0377
2024-08-04 22:00:00,47.64011
2024-08-04 23:00:00,54.18065
2024-08-05 00:00:00,66.65015
2024-08-05 01:00:00,95.65456
2024-08-05 02:00:00,177.8786
2024-08-05 03:00:00,88.79008
2024-08-05 04:00:00,65.06521
2024-08-05 05:00:00,55.8178
2024-08-05 06:00:00,49.53009
2024-08-05 07:00:00,50.3365
2024-08-05 08:00:00,45.21052
2024-08-05 09:00:00,42.81265
2024-08-05 10:00:00,42.50456
2024-08-05 11:00:00,42.69836
2024-08-05 12:00:00,47.00082
2024-08-05 13:00:00,51.2928
2024-08-05 14:00:00,42.57512
2024-08-05 15:00:00,40.00278
2024-08-05 16:00:00,37.50266
2024-08-05 17:00:00,38.28622
2024-08-05 18:00:00,39.23209
2024-08-05 19:00:00,42.5148
2024-08-05 20:00:00,49.68981
2024-08-05 21:00:00,56.07
2024-08-05 22:00:00,63.46148
2024-08-05 23:00:00,67.88025
2024-08-06 00:00:00,92.7
2024-08-06 01:00:00,130.57466
2024-08-06 02:00:00,239.8868
2024-08-06 03:00:00,112.92697
2024-08-06 04:00:00,74.96003
2024-08-06 05:00:00,58.44027
2024-08-06 06:00:00,53.35655
2024-08-06 07:00:00,43.12667
2024-08-06 08:00:00,40.71726
2024-08-06 09:00:00,39.99417
2024-08-06 10:00:00,40.09121
2024-08-06 11:00:00,40.24226
2024-08-06 12:00:00,43.96797
2024-08-06 13:00:00,44.27579
2024-08-06 14:00:00,39.43972
2024-08-06 15:00:00,37.1854
2024-08-06 16:00:00,36.30803
2024-08-06 17:00:00,37.40635
2024-08-06 18:00:00,37.72909
2024-08-06 19:00:00,37.85136
2024-08-06 20:00:00,40.49425
2024-08-06 21:00:00,45.09637
2024-08-06 22:00:00,56.85047
2024-08-06 23:00:00,71.05483
2024-08-07 00:00:00,94.27516
2024-08-07 01:00:00,168.97916
2024-08-07 02:00:00,310.58182
2024-08-07 03:00:00,132.12163
2024-08-07 04:00:00,81.26878
2024-08-07 05:00:00,60.05728
2024-08-07 06:00:00,49.64536
2024-08-07 07:00:00,41.48621
2024-08-07 08:00:00,40.01028
2024-08-07 09:00:00,39.83628
2024-08-07 10:00:00,39.65768
2024-08-07 11:00:00,39.62918
2024-08-07 12:00:00,40.47674
2024-08-07 13:00:00,43.02228
2024-08-07 14:00:00,38.49289
2024-08-07 15:00:00,34.70562
2024-08-07 16:00:00,34.3075
2024-08-07 17:00:00,34.61693
2024-08-07 18:00:00,34.90808
2024-08-07 19:00:00,35.54
2024-08-07 20:00:00,38.8957
2024-08-07 21:00:00,41.61333
2024-08-07 22:00:00,44.97185
2024-08-07 23:00:00,48.66233
2024-08-08 00:00:00,56.25472
2024-08-08 01:00:00,70.50686
2024-08-08 02:00:00,113.72869
2024-08-08 03:00:00,72.92281
2024-08-08 04:00:00,59.9591
2024-08-08 05:00:00,50.65175
2024-08-08 06:00:00,43.53311
2024-08-08 07:00:00,40.64646
2024-08-08 08:00:00,38.786
2024-08-08 09:00:00,35.83492
2024-08-08 10:00:00,34.10984
2024-08-08 11:00:00,35.45602
2024-08-08 12:00:00,37.95813
2024-08-08 13:00:00,38.20238
2024-08-08 14:00:00,33.44843
2024-08-08 15:00:00,29.57529
2024-08-08 16:00:00,28.60493
2024-08-08 17:00:00,28.21015
2024-08-08 18:00:00,29.48327
2024-08-08 19:00:00,31.82733
2024-08-08 20:00:00,32.01404
2024-08-08 21:00:00,33.07911
2024-08-08 22:00:00,37.13182
2024-08-08 23:00:00,44.04092
2024-08-09 00:00:00,56.8425
2024-08-09 01:00:00,58.29871
2024-08-09 02:00:00,70.91528
2024-08-09 03:00:00,59.77584
2024-08-09 04:00:00,55.75864
2024-08-09 05:00:00,52.7954
2024-08-09 06:00:00,41.94915
2024-08-09 07:00:00,35.60294
2024-08-09 08:00:00,33.32386
2024-08-09 09:00:00,32.90715
2024-08-09 10:00:00,32.68098
2024-08-09 11:00:00,32.74927
2024-08-09 12:00:00,35.9264
2024-08-09 13:00:00,36.15006
2024-08-09 14:00:00,31.059
2024-08-09 15:00:00,28.7603
2024-08-09 16:00:00,27.95276
2024-08-09 17:00:00,27.8899
2024-08-09 18:00:00,28.15426
2024-08-09 19:00:00,28.66926
2024-08-09 20:00:00,29.9068
2024-08-09 21:00:00,32.38728
2024-08-09 22:00:00,36.67
2024-08-09 23:00:00,38.44372
2024-08-10 00:00:00,45.06685
2024-08-10 01:00:00,54.51731
2024-08-10 02:00:00,67.19932
2024-08-10 03:00:00,55.45425
2024-08-10 04:00:00,49.10047
2024-08-10 05:00:00,47.65616
2024-08-10 06:00:00,42.22525
2024-08-10 07:00:00,36.6724
2024-08-10 08:00:00,36.44275
2024-08-10 09:00:00,35.09078
2024-08-10 10:00:00,35.86762
2024-08-10 11:00:00,35.62927
2024-08-10 12:00:00,35.5191
2024-08-10 13:00:00,32.78221
2024-08-10 14:00:00,28.22061
2024-08-10 15:00:00,22.41839
2024-08-10 16:00:00,24.1769
2024-08-10 17:00:00,23.6547
2024-08-10 18:00:00,25.71764
2024-08-10 19:00:00,27.81422
2024-08-10 20:00:00,29.47828
2024-08-10 21:00:00,30.01289
2024-08-10 22:00:00,34.84659
2024-08-10 23:00:00,32.3136
2024-08-11 00:00:00,38.42307
2024-08-11 01:00:00,45.66145
2024-08-11 02:00:00,56.6733
2024-08-11 03:00:00,51.0764
2024-08-11 04:00:00,44.05174
2024-08-11 05:00:00,44.11674
2024-08-11 06:00:00,39.52202
2024-08-11 07:00:00,34.13
2024-08-11 08:00:00,33.85
2024-08-11 09:00:00,33.75609
2024-08-11 10:00:00,33.64464
2024-08-11 11:00:00,33.29183
2024-08-11 12:00:00,33.26288
2024-08-11 13:00:00,32.20382
2024-08-11 14:00:00,22.67158
2024-08-11 15:00:00,19.01851
2024-08-11 16:00:00,22.06813
2024-08-11 17:00:00,22.10128
2024-08-11 18:00:00,23.67797
2024-08-11 19:00:00,23.91272
2024-08-11 20:00:00,25.61517
2024-08-11 21:00:00,25.84271
2024-08-11 22:00:00,28.86798
2024-08-11 23:00:00,30.09467
2024-08-12 00:00:00,36.44053
2024-08-12 01:00:00,42.02
2024-08-12 02:00:00,53.22807
2024-08-12 03:00:00,47.42339
2024-08-12 04:00:00,43.22197
2024-08-12 05:00:00,42.19947
2024-08-12 06:00:00,37.85098
2024-08-12 07:00:00,33.18907
2024-08-12 08:00:00,32.14725
2024-08-12 09:00:00,31.94715
2024-08-12 10:00:00,31.93728
2024-08-12 11:00:00,32.88816
2024-08-12 12:00:00,37.10719
2024-08-12 13:00:00,37.32605
2024-08-12 14:00:00,33.24296
2024-08-12 15:00:00,28.78445
2024-08-12 16:00:00,28.25598
2024-08-12 17:00:00,25.14075
2024-08-12 18:00:00,25.47339
2024-08-12 19:00:00,25.98251
2024-08-12 20:00:00,26.66123
2024-08-12 21:00:00,28.21877
2024-08-12 22:00:00,29.98259
2024-08-12 23:00:00,29.87208
2024-08-13 00:00:00,38.82489
2024-08-13 01:00:00,45.51913
2024-08-13 02:00:00,55.6291
2024-08-13 03:00:00,49.53582
2024-08-13 04:00:00,45.3218
2024-08-13 05:00:00,42.76378
2024-08-13 06:00:00,36.97488
2024-08-13 07:00:00,32.58406
2024-08-13 08:00:00,30.90632
2024-08-13 09:00:00,30.90143
2024-08-13 10:00:00,31.01802
2024-08-13 11:00:00,31.64805
2024-08-13 12:00:00,32.74015
2024-08-13 13:00:00,36.08233
2024-08-13 14:00:00,28.20655
2024-08-13 15:00:00,23.36895
2024-08-13 16:00:00,23.58033
2024-08-13 17:00:00,19.7815
2024-08-13 18:00:00,19.00875
2024-08-13 19:00:00,19.25806
2024-08-13 20:00:00,23.23965
2024-08-13 21:00:00,24.76968
2024-08-13 22:00:00,27.49463
2024-08-13 23:00:00,27.39944
2024-08-14 00:00:00,34.02
2024-08-14 01:00:00,44.23426
2024-08-14 02:00:00,53.77336
2024-08-14 03:00:00,48.79424
2024-08-14 04:00:00,44.62692
2024-08-14 05:00:00,41.85415
2024-08-14 06:00:00,37.53185
2024-08-14 07:00:00,36.00384
2024-08-14 08:00:00,33.26
2024-08-14 09:00:00,31.0127
2024-08-14 10:00:00,30.96734
2024-08-14 11:00:00,31.14821
2024-08-14 12:00:00,37.16397
2024-08-14 13:00:00,39.8
2024-08-14 14:00:00,29.49835
2024-08-14 15:00:00,23.61917
2024-08-14 16:00:00,21.23049
2024-08-14 17:00:00,21.37085
2024-08-14 18:00:00,22.39847
2024-08-14 19:00:00,22.41878
2024-08-14 20:00:00,24.87167
2024-08-14 21:00:00,25.95677
2024-08-14 22:00:00,29.60581
2024-08-14 23:00:00,31.33015
2024-08-15 00:00:00,38.7601
2024-08-15 01:00:00,48.19713
2024-08-15 02:00:00,52.38994
2024-08-15 03:00:00,48.52933
2024-08-15 04:00:00,41.01981
2024-08-15 05:00:00,38.80112
2024-08-15 06:00:00,37.15413
2024-08-15 07:00:00,35.10103
2024-08-15 08:00:00,34.33925
2024-08-15 09:00:00,31.87092
2024-08-15 10:00:00,31.535
2024-08-15 11:00:00,31.35488
2024-08-15 12:00:00,35.24423
2024-08-15 13:00:00,35.62037
2024-08-15 14:00:00,28.60659
2024-08-15 15:00:00,21.85768
2024-08-15 16:00:00,19.56684
2024-08-15 17:00:00,20.39007
2024-08-15 18:00:00,23.00866
2024-08-15 19:00:00,23.53317
2024-08-15 20:00:00,25.40301
2024-08-15 21:00:00,26.33688
2024-08-15 22:00:00,31.05314
2024-08-15 23:00:00,30.84557
2024-08-16 00:00:00,37.31611
2024-08-16 01:00:00,49.82975
2024-08-16 02:00:00,57.65726
2024-08-16 03:00:00,50.64
2024-08-16 04:00:00,44.09513
2024-08-16 05:00:00,39.88491
2024-08-16 06:00:00,37.30707
2024-08-16 07:00:00,35.08091
2024-08-16 08:00:00,32.64
2024-08-16 09:00:00,31.98837
2024-08-16 10:00:00,31.67131
2024-08-16 11:00:00,31.71551
2024-08-16 12:00:00,35.25922
2024-08-16 13:00:00,37.55403
2024-08-16 14:00:00,30.31985
2024-08-16 15:00:00,23.56437
2024-08-16 16:00:00,22.29553
2024-08-16 17:00:00,22.68934
2024-08-16 18:00:00,24.89431
2024-08-16 19:00:00,25.13731
2024-08-16 20:00:00,28.78801
2024-08-16 21:00:00,30.70062
2024-08-16 22:00:00,33.95764
2024-08-16 23:00:00,36.03962
2024-08-17 00:00:00,45.15649
2024-08-17 01:00:00,53.36816
2024-08-17 02:00:00,61.02
2024-08-17 03:00:00,53.39948
2024-08-17 04:00:00,46.96302
2024-08-17 05:00:00,45.50109
2024-08-17 06:00:00,41.0598
2024-08-17 07:00:00,38.72376
2024-08-17 08:00:00,37.59034
2024-08-17 09:00:00,36.02
2024-08-17 10:00:00,36.04047
2024-08-17 11:00:00,35.52784
2024-08-17 12:00:00,35.85046
2024-08-17 13:00:00,34.778
2024-08-17 14:00:00,28.1355
2024-08-17 15:00:00,22.32087
2024-08-17 16:00:00,21.99668
2024-08-17 17:00:00,19.15953
2024-08-17 18:00:00,19.28922
2024-08-17 19:00:00,20.62472
2024-08-17 20:00:00,21.21157
2024-08-17 21:00:00,23.35204
2024-08-17 22:00:00,25.80783
2024-08-17 23:00:00,25.31
2024-08-18 00:00:00,34.19416
2024-08-18 01:00:00,41.98696
2024-08-18 02:00:00,50.41878
2024-08-18 03:00:00,45.00412
2024-08-18 04:00:00,41.05231
2024-08-18 05:00:00,39.24954
2024-08-18 06:00:00,37.18134
2024-08-18 07:00:00,34.73885
2024-08-18 08:00:00,34.28338
2024-08-18 09:00:00,30.33248
2024-08-18 10:00:00,30.19774
2024-08-18 11:00:00,32.47053
2024-08-18 12:00:00,34.29724
2024-08-18 13:00:00,34.4124
2024-08-18 14:00:00,25.94935
2024-08-18 15:00:00,22.06476
2024-08-18 16:00:00,23.38124
2024-08-18 17:00:00,19.17618
2024-08-18 18:00:00,20.38467
2024-08-18 19:00:00,23.15392
2024-08-18 20:00:00,24.08317
2024-08-18 21:00:00,23.93961
2024-08-18 22:00:00,27.57056
2024-08-18 23:00:00,27.98376
2024-08-19 00:00:00,34.76688
2024-08-19 01:00:00,44.62052
2024-08-19 02:00:00,53.59457
2024-08-19 03:00:00,48.10433
2024-08-19 04:00:00,44.69766
2024-08-19 05:00:00,39.98925
2024-08-19 06:00:00,35.64127
2024-08-19 07:00:00,36.71888
2024-08-19 08:00:00,33.43061
2024-08-19 09:00:00,33.07343
2024-08-19 10:00:00,32.7737
2024-08-19 11:00:00,33.05192
2024-08-19 12:00:00,38.47323
2024-08-19 13:00:00,39.47305
2024-08-19 14:00:00,32.78058
2024-08-19 15:00:00,27.12433
2024-08-19 16:00:00,26.29234
2024-08-19 17:00:00,24.73056
2024-08-19 18:00:00,26.54195
2024-08-19 19:00:00,26.80157
2024-08-19 20:00:00,27.25065
2024-08-19 21:00:00,28.37573
2024-08-19 22:00:00,31.82738
2024-08-19 23:00:00,33.62878
2024-08-20 00:00:00,36.87239
2024-08-20 01:00:00,46.3786
2024-08-20 02:00:00,60.97981
2024-08-20 03:00:00,55.12718
2024-08-20 04:00:00,39.95423
2024-08-20 05:00:00,42.85
2024-08-20 06:00:00,36.3719
2024-08-20 07:00:00,34.82352
2024-08-20 08:00:00,32.5654
2024-08-20 09:00:00,32.50479
2024-08-20 10:00:00,32.1124
2024-08-20 11:00:00,32.07122
2024-08-20 12:00:00,33.01786
2024-08-20 13:00:00,36.05959
2024-08-20 14:00:00,30.07354
2024-08-20 15:00:00,24.91154
2024-08-20 16:00:00,23.40991
2024-08-20 17:00:00,21.99901
2024-08-20 18:00:00,24.63919
2024-08-20 19:00:00,24.93993
2024-08-20 20:00:00,25.81276
2024-08-20 21:00:00,27.93225
2024-08-20 22:00:00,31.71369
2024-08-20 23:00:00,32.01527
2024-08-21 00:00:00,33.30559
2024-08-21 01:00:00,43.58956
2024-08-21 02:00:00,58.29044
2024-08-21 03:00:00,47.78
2024-08-21 04:00:00,36.82169
2024-08-21 05:00:00,37.15677
2024-08-21 06:00:00,34.78911
2024-08-21 07:00:00,33.27365
2024-08-21 08:00:00,31.31813
2024-08-21 09:00:00,31.8079
2024-08-21 10:00:00,30.46679
2024-08-21 11:00:00,30.29041
2024-08-21 12:00:00,35.44358
2024-08-21 13:00:00,35.18951
2024-08-21 14:00:00,29.80992
2024-08-21 15:00:00,24.57732
2024-08-21 16:00:00,23.70193
2024-08-21 17:00:00,21.74458
2024-08-21 18:00:00,22.84869
2024-08-21 19:00:00,23.81793
2024-08-21 20:00:00,24.93123
2024-08-21 21:00:00,27.06799
2024-08-21 22:00:00,29.12735
2024-08-21 23:00:00,31.2469
2024-08-22 00:00:00,32.47965
2024-08-22 01:00:00,46.10525
2024-08-22 02:00:00,57.16946
2024-08-22 03:00:00,46.5434
2024-08-22 04:00:00,35.2531
2024-08-22 05:00:00,35.78272
2024-08-22 06:00:00,35.96781
2024-08-22 07:00:00,36.10204
2024-08-22 08:00:00,35.91515
2024-08-22 09:00:00,35.3506
2024-08-22 10:00:00,35.10049
2024-08-22 11:00:00,35.34179
2024-08-22 12:00:00,37.28708
2024-08-22 13:00:00,35.644
2024-08-22 14:00:00,30.77245
2024-08-22 15:00:00,25.05752
2024-08-22 16:00:00,23.98459
2024-08-22 17:00:00,21.65591
2024-08-22 18:00:00,21.25918
2024-08-22 19:00:00,21.25712
2024-08-22 20:00:00,21.62554
2024-08-22 21:00:00,22.6937
2024-08-22 22:00:00,23.16481
2024-08-22 23:00:00,24.72026
2024-08-23 00:00:00,30.0
2024-08-23 01:00:00,36.2927
2024-08-23 02:00:00,47.57023
2024-08-23 03:00:00,46.49617
2024-08-23 04:00:00,37.41753
2024-08-23 05:00:00,38.1642
2024-08-23 06:00:00,37.9402
2024-08-23 07:00:00,32.21865
2024-08-23 08:00:00,31.66966
2024-08-23 09:00:00,30.83785
2024-08-23 10:00:00,29.66727
2024-08-23 11:00:00,29.65139
2024-08-23 12:00:00,33.26413
2024-08-23 13:00:00,34.35682
2024-08-23 14:00:00,29.18364
2024-08-23 15:00:00,19.94401
2024-08-23 16:00:00,19.34414
2024-08-23 17:00:00,16.71727
2024-08-23 18:00:00,15.757
2024-08-23 19:00:00,14.87324
2024-08-23 20:00:00,16.91404
2024-08-23 21:00:00,19.10574
2024-08-23 22:00:00,19.60387
2024-08-23 23:00:00,21.83123
2024-08-24 00:00:00,27.25628
2024-08-24 01:00:00,35.56524
2024-08-24 02:00:00,37.67
2024-08-24 03:00:00,36.35679
2024-08-24 04:00:00,35.69688
2024-08-24 05:00:00,35.24928
2024-08-24 06:00:00,35.43319
2024-08-24 07:00:00,29.83303
2024-08-24 08:00:00,30.32005
2024-08-24 09:00:00,28.80812
2024-08-24 10:00:00,28.0835
2024-08-24 11:00:00,29.39813
2024-08-24 12:00:00,29.2565
2024-08-24 13:00:00,27.99625
2024-08-24 14:00:00,9.98449
2024-08-24 15:00:00,3.5799
2024-08-24 16:00:00,7.06541
2024-08-24 17:00:00,3.0
2024-08-24 18:00:00,0.70924
2024-08-24 19:00:00,-0.05166
2024-08-24 20:00:00,-0.52755
2024-08-24 21:00:00,0.14673
2024-08-24 22:00:00,0.01681
2024-08-24 23:00:00,4.53043
2024-08-25 00:00:00,19.03817
2024-08-25 01:00:00,27.67067
2024-08-25 02:00:00,31.91624
2024-08-25 03:00:00,31.22639
2024-08-25 04:00:00,29.88087
2024-08-25 05:00:00,29.02472
2024-08-25 06:00:00,28.38279
2024-08-25 07:00:00,25.70892
2024-08-25 08:00:00,25.93339
2024-08-25 09:00:00,25.7703
2024-08-25 10:00:00,25.65113
2024-08-25 11:00:00,25.66025
2024-08-25 12:00:00,25.32031
2024-08-25 13:00:00,25.73476
2024-08-25 14:00:00,11.96001
2024-08-25 15:00:00,8.31562
2024-08-25 16:00:00,7.5
2024-08-25 17:00:00,5.04517
2024-08-25 18:00:00,6.35879
2024-08-25 19:00:00,6.59367
2024-08-25 20:00:00,8.81873
2024-08-25 21:00:00,15.65292
2024-08-25 22:00:00,16.93161
2024-08-25 23:00:00,24.72984
2024-08-26 00:00:00,29.61842
2024-08-26 01:00:00,37.81
2024-08-26 02:00:00,41.85741
2024-08-26 03:00:00,38.26599
2024-08-26 04:00:00,36.15746
2024-08-26 05:00:00,35.54152
2024-08-26 06:00:00,34.00065
2024-08-26 07:00:00,33.56946
2024-08-26 08:00:00,33.16716
2024-08-26 09:00:00,33.28954
2024-08-26 10:00:00,31.51236
2024-08-26 11:00:00,34.40088
2024-08-26 12:00:00,35.66882
2024-08-26 13:00:00,35.57982
2024-08-26 14:00:00,28.38399
2024-08-26 15:00:00,24.63
2024-08-26 16:00:00,20.76671
2024-08-26 17:00:00,20.51598
2024-08-26 18:00:00,21.98269
2024-08-26 19:00:00,22.27766
2024-08-26 20:00:00,24.32621
2024-08-26 21:00:00,25.21555
2024-08-26 22:00:00,29.71328
2024-08-26 23:00:00,29.30984
2024-08-27 00:00:00,40.31982
2024-08-27 01:00:00,52.42106
2024-08-27 02:00:00,65.22643
2024-08-27 03:00:00,46.48763
2024-08-27 04:00:00,37.45034
2024-08-27 05:00:00,35.46484
2024-08-27 06:00:00,33.89791
2024-08-27 07:00:00,30.53322
2024-08-27 08:00:00,31.59848
2024-08-27 09:00:00,31.00066
2024-08-27 10:00:00,31.33208
2024-08-27 11:00:00,31.93498
2024-08-27 12:00:00,33.10382
2024-08-27 13:00:00,33.74456
2024-08-27 14:00:00,26.15822
2024-08-27 15:00:00,22.00882
2024-08-27 16:00:00,20.31401
2024-08-27 17:00:00,19.91873
2024-08-27 18:00:00,20.69262
2024-08-27 19:00:00,21.41071
2024-08-27 20:00:00,23.05531
2024-08-27 21:00:00,27.24507
2024-08-27 22:00:00,32.07417
2024-08-27 23:00:00,34.61858
2024-08-28 00:00:00,44.68809
2024-08-28 01:00:00,63.57681
2024-08-28 02:00:00,74.40271
2024-08-28 03:00:00,50.10681
2024-08-28 04:00:00,42.5759
2024-08-28 05:00:00,38.10044
2024-08-28 06:00:00,33.23412
2024-08-28 07:00:00,34.05861
2024-08-28 08:00:00,32.6697
2024-08-28 09:00:00,31.64946
2024-08-28 10:00:00,30.64006
2024-08-28 11:00:00,30.39315
2024-08-28 12:00:00,32.0
2024-08-28 13:00:00,34.95058
2024-08-28 14:00:00,29.61102
2024-08-28 15:00:00,23.64763
2024-08-28 16:00:00,21.58244
2024-08-28 17:00:00,21.72581
2024-08-28 18:00:00,23.19338
2024-08-28 19:00:00,25.10061
2024-08-28 20:00:00,26.61547
2024-08-28 21:00:00,29.93545
2024-08-28 22:00:00,31.74911
2024-08-28 23:00:00,33.63808
2024-08-29 00:00:00,42.71857
2024-08-29 01:00:00,56.37174
2024-08-29 02:00:00,56.33178
2024-08-29 03:00:00,46.04294
2024-08-29 04:00:00,40.694
2024-08-29 05:00:00,36.53911
2024-08-29 06:00:00,33.65009
2024-08-29 07:00:00,35.4499
2024-08-29 08:00:00,33.50173
2024-08-29 09:00:00,32.91538
2024-08-29 10:00:00,31.70864
2024-08-29 11:00:00,33.05302
2024-08-29 12:00:00,35.41178
2024-08-29 13:00:00,35.27698
2024-08-29 14:00:00,30.01341
2024-08-29 15:00:00,22.76042
2024-08-29 16:00:00,20.26853
2024-08-29 17:00:00,19.95534
2024-08-29 18:00:00,20.43241
2024-08-29 19:00:00,20.61432
2024-08-29 20:00:00,22.59298
2024-08-29 21:00:00,24.80508
2024-08-29 22:00:00,29.87557
2024-08-29 23:00:00,32.61735
2024-08-30 00:00:00,38.32229
2024-08-30 01:00:00,51.6201
2024-08-30 02:00:00,52.45042
2024-08-30 03:00:00,43.32776
2024-08-30 04:00:00,38.06435
2024-08-30 05:00:00,37.41033
2024-08-30 06:00:00,36.45545
2024-08-30 07:00:00,29.54
2024-08-30 08:00:00,30.56232
2024-08-30 09:00:00,29.94738
2024-08-30 10:00:00,29.5888
2024-08-30 11:00:00,30.51548
2024-08-30 12:00:00,33.17453
2024-08-30 13:00:00,35.79518
2024-08-30 14:00:00,30.71636
2024-08-30 15:00:00,24.10175
2024-08-30 16:00:00,21.71003
2024-08-30 17:00:00,20.45923
2024-08-30 18:00:00,20.68357
2024-08-30 19:00:00,21.17549
2024-08-30 20:00:00,23.67167
2024-08-30 21:00:00,25.13958
2024-08-30 22:00:00,28.98903
2024-08-30 23:00:00,32.00254
2024-08-31 00:00:00,37.42346
2024-08-31 01:00:00,50.95582
2024-08-31 02:00:00,51.10073
2024-08-31 03:00:00,41.66426
2024-08-31 04:00:00,36.98167
2024-08-31 05:00:00,35.06237
2024-08-31 06:00:00,32.74232
2024-08-31 07:00:00,34.07923
2024-08-31 08:00:00,33.93024
2024-08-31 09:00:00,33.04668
2024-08-31 10:00:00,33.45494
2024-08-31 11:00:00,33.13568
2024-08-31 12:00:00,34.5731
2024-08-31 13:00:00,32.77328
2024-08-31 14:00:00,30.11446
2024-08-31 15:00:00,18.86145
2024-08-31 16:00:00,16.99756
2024-08-31 17:00:00,16.39899
2024-08-31 18:00:00,15.68007
2024-08-31 19:00:00,15.25437
2024-08-31 20:00:00,16.25782
2024-08-31 21:00:00,18.80588
2024-08-31 22:00:00,25.51459
2024-08-31 23:00:00,28.80461
2024-09-01 00:00:00,37.9513
2024-09-01 01:00:00,47.41414
2024-09-01 02:00:00,49.50512
2024-09-01 03:00:00,45.20969
2024-09-01 04:00:00,39.23797
2024-09-01 05:00:00,37.90103
2024-09-01 06:00:00,35.61526
2024-09-01 07:00:00,35.62737
2024-09-01 08:00:00,34.81525
2024-09-01 09:00:00,34.66005
2024-09-01 10:00:00,34.7363
2024-09-01 11:00:00,33.72413
2024-09-01 12:00:00,34.18447
2024-09-01 13:00:00,34.30713
2024-09-01 14:00:00,28.77706
2024-09-01 15:00:00,16.75555
2024-09-01 16:00:00,19.32255
2024-09-01 17:00:00,19.37238
2024-09-01 18:00:00,18.34354
2024-09-01 19:00:00,18.52748
2024-09-01 20:00:00,18.64223
2024-09-01 21:00:00,19.97558
2024-09-01 22:00:00,26.10672
2024-09-01 23:00:00,29.4838
2024-09-02 00:00:00,34.64
2024-09-02 01:00:00,48.56742
2024-09-02 02:00:00,49.42863
2024-09-02 03:00:00,44.01025
2024-09-02 04:00:00,39.85349
2024-09-02 05:00:00,37.95472
2024-09-02 06:00:00,34.06133
2024-09-02 07:00:00,33.5206
2024-09-02 08:00:00,33.52646
2024-09-02 09:00:00,33.32659
2024-09-02 10:00:00,32.63911
2024-09-02 11:00:00,32.75431
2024-09-02 12:00:00,32.40233
2024-09-02 13:00:00,32.24432
2024-09-02 14:00:00,28.69383
2024-09-02 15:00:00,19.89039
2024-09-02 16:00:00,26.7435
2024-09-02 17:00:00,18.9033
2024-09-02 18:00:00,18.95197
2024-09-02 19:00:00,18.88387
2024-09-02 20:00:00,18.45945
2024-09-02 21:00:00,19.43445
2024-09-02 22:00:00,24.24853
2024-09-02 23:00:00,28.03123
2024-09-03 00:00:00,32.40208
2024-09-03 01:00:00,47.90421
2024-09-03 02:00:00,52.98723
2024-09-03 03:00:00,46.13543
2024-09-03 04:00:00,33.70818
2024-09-03 05:00:00,33.38193
2024-09-03 06:00:00,33.41268
2024-09-03 07:00:00,31.49731
2024-09-03 08:00:00,31.3908
2024-09-03 09:00:00,31.48713
2024-09-03 10:00:00,31.42826
2024-09-03 11:00:00,31.65495
2024-09-03 12:00:00,37.37792
2024-09-03 13:00:00,38.06391
2024-09-03 14:00:00,34.86085
2024-09-03 15:00:00,28.52873
2024-09-03 16:00:00,26.3868
2024-09-03 17:00:00,26.62268
2024-09-03 18:00:00,26.32012
2024-09-03 19:00:00,27.08309
2024-09-03 20:00:00,28.77737
2024-09-03 21:00:00,30.31172
2024-09-03 22:00:00,32.22528
2024-09-03 23:00:00,39.02619
2024-09-04 00:00:00,52.18637
2024-09-04 01:00:00,84.89697
2024-09-04 02:00:00,93.90544
2024-09-04 03:00:00,56.82382
2024-09-04 04:00:00,44.57255
2024-09-04 05:00:00,39.55624
2024-09-04 06:00:00,37.97301
2024-09-04 07:00:00,38.0
2024-09-04 08:00:00,37.80897
2024-09-04 09:00:00,37.2021
2024-09-04 10:00:00,36.79869
2024-09-04 11:00:00,36.85716
2024-09-04 12:00:00,38.52305
2024-09-04 13:00:00,46.8453
2024-09-04 14:00:00,36.38579
2024-09-04 15:00:00,31.98383
2024-09-04 16:00:00,31.23415
2024-09-04 17:00:00,30.8497
2024-09-04 18:00:00,31.84671
2024-09-04 19:00:00,34.10155
2024-09-04 20:00:00,36.25002
2024-09-04 21:00:00,38.78
2024-09-04 22:00:00,46.16144
2024-09-04 23:00:00,55.84277
2024-09-05 00:00:00,81.61231
2024-09-05 01:00:00,211.70561
2024-09-05 02:00:00,254.1426
2024-09-05 03:00:00,98.84971
2024-09-05 04:00:00,62.56032
2024-09-05 05:00:00,50.6323
2024-09-05 06:00:00,41.47786
2024-09-05 07:00:00,40.52587
2024-09-05 08:00:00,40.00564
2024-09-05 09:00:00,39.87599
2024-09-05 10:00:00,39.91891
2024-09-05 11:00:00,39.78377
2024-09-05 12:00:00,41.51628
2024-09-05 13:00:00,52.5284
2024-09-05 14:00:00,45.40307
2024-09-05 15:00:00,36.07285
2024-09-05 16:00:00,35.28308
2024-09-05 17:00:00,35.2475
2024-09-05 18:00:00,35.6984
2024-09-05 19:00:00,37.40545
2024-09-05 20:00:00,42.0957
2024-09-05 21:00:00,49.51314
2024-09-05 22:00:00,59.45404
2024-09-05 23:00:00,73.44742
2024-09-06 00:00:00,153.27702
2024-09-06 01:00:00,366.1749
2024-09-06 02:00:00,487.43
2024-09-06 03:00:00,165.27663
2024-09-06 04:00:00,75.0
2024-09-06 05:00:00,52.24159
2024-09-06 06:00:00,49.48695
2024-09-06 07:00:00,44.66087
2024-09-06 08:00:00,38.13035
2024-09-06 09:00:00,37.69372
2024-09-06 10:00:00,37.56342
2024-09-06 11:00:00,37.77364
2024-09-06 12:00:00,42.19
2024-09-06 13:00:00,45.84721
2024-09-06 14:00:00,39.45024
2024-09-06 15:00:00,33.01631
2024-09-06 16:00:00,32.652
2024-09-06 17:00:00,31.60352
2024-09-06 18:00:00,33.30132
2024-09-06 19:00:00,32.50178
2024-09-06 20:00:00,33.87268
2024-09-06 21:00:00,38.29936
2024-09-06 22:00:00,50.69702
2024-09-06 23:00:00,53.69682
2024-09-07 00:00:00,74.57047
2024-09-07 01:00:00,136.09
2024-09-07 02:00:00,137.42879
2024-09-07 03:00:00,74.7638
2024-09-07 04:00:00,51.6301
2024-09-07 05:00:00,42.39472
2024-09-07 06:00:00,41.55799
2024-09-07 07:00:00,48.89748
2024-09-07 08:00:00,44.76711
2024-09-07 09:00:00,40.01
2024-09-07 10:00:00,37.46281
2024-09-07 11:00:00,38.11462
2024-09-07 12:00:00,38.63999
2024-09-07 13:00:00,38.59787
2024-09-07 14:00:00,36.56662
2024-09-07 15:00:00,30.60534
2024-09-07 16:00:00,27.87075
2024-09-07 17:00:00,28.18893
2024-09-07 18:00:00,27.55428
2024-09-07 19:00:00,28.03552
2024-09-07 20:00:00,29.67259
2024-09-07 21:00:00,31.17213
2024-09-07 22:00:00,35.47253
2024-09-07 23:00:00,39.43493
2024-09-08 00:00:00,47.04315
2024-09-08 01:00:00,79.54866
2024-09-08 02:00:00,77.02674
2024-09-08 03:00:00,55.20359
2024-09-08 04:00:00,48.0
2024-09-08 05:00:00,41.2087
2024-09-08 06:00:00,36.43925
2024-09-08 07:00:00,44.32902
2024-09-08 08:00:00,33.70809
2024-09-08 09:00:00,34.82702
2024-09-08 10:00:00,34.6449
2024-09-08 11:00:00,34.36432
2024-09-08 12:00:00,33.31001
2024-09-08 13:00:00,33.07283
2024-09-08 14:00:00,32.14094
2024-09-08 15:00:00,27.98976
2024-09-08 16:00:00,26.44215
2024-09-08 17:00:00,26.08984
2024-09-08 18:00:00,26.44894
2024-09-08 19:00:00,27.62321
2024-09-08 20:00:00,28.81307
2024-09-08 21:00:00,29.29547
2024-09-08 22:00:00,35.55735
2024-09-08 23:00:00,36.51841
2024-09-09 00:00:00,38.69544
2024-09-09 01:00:00,65.18403
2024-09-09 02:00:00,64.03
2024-09-09 03:00:00,52.56294
2024-09-09 04:00:00,46.04867
2024-09-09 05:00:00,41.60016
2024-09-09 06:00:00,39.46
2024-09-09 07:00:00,36.19526
2024-09-09 08:00:00,38.04605
2024-09-09 09:00:00,34.34584
2024-09-09 10:00:00,33.98388
2024-09-09 11:00:00,34.10367
2024-09-09 12:00:00,38.18167
2024-09-09 13:00:00,40.70745
2024-09-09 14:00:00,36.73123
2024-09-09 15:00:00,31.16705
2024-09-09 16:00:00,30.4169
2024-09-09 17:00:00,27.50255
2024-09-09 18:00:00,27.75642
2024-09-09 19:00:00,26.31292
2024-09-09 20:00:00,28.18079
2024-09-09 21:00:00,33.8
2024-09-09 22:00:00,36.98182
2024-09-09 23:00:00,39.59915
2024-09-10 00:00:00,45.14328
2024-09-10 01:00:00,66.49555
2024-09-10 02:00:00,68.23767
2024-09-10 03:00:00,49.67435
2024-09-10 04:00:00,40.0
2024-09-10 05:00:00,39.94363
2024-09-10 06:00:00,38.30291
2024-09-10 07:00:00,34.73272
2024-09-10 08:00:00,34.54902
2024-09-10 09:00:00,34.09439
2024-09-10 10:00:00,33.8171
2024-09-10 11:00:00,34.19366
2024-09-10 12:00:00,37.64012
2024-09-10 13:00:00,39.68138
2024-09-10 14:00:00,34.72707
2024-09-10 15:00:00,27.48121
2024-09-10 16:00:00,24.94
2024-09-10 17:00:00,24.22345
2024-09-10 18:00:00,24.00032
2024-09-10 19:00:00,24.19062
2024-09-10 20:00:00,25.82923
2024-09-10 21:00:00,27.5968
2024-09-10 22:00:00,30.08963
2024-09-10 23:00:00,30.71154
2024-09-11 00:00:00,34.36409
2024-09-11 01:00:00,49.37254
2024-09-11 02:00:00,51.03113
2024-09-11 03:00:00,42.08131
2024-09-11 04:00:00,40.23694
2024-09-11 05:00:00,39.13127
2024-09-11 06:00:00,37.39
2024-09-11 07:00:00,32.51605
2024-09-11 08:00:00,32.45461
2024-09-11 09:00:00,32.64815
2024-09-11 10:00:00,32.43465
2024-09-11 11:00:00,33.38595
2024-09-11 12:00:00,35.37407
2024-09-11 13:00:00,35.4632
2024-09-11 14:00:00,30.59006
2024-09-11 15:00:00,17.78448
2024-09-11 16:00:00,17.52184
2024-09-11 17:00:00,18.54373
2024-09-11 18:00:00,15.74697
2024-09-11 19:00:00,14.08988
2024-09-11 20:00:00,15.47856
2024-09-11 21:00:00,17.63727
2024-09-11 22:00:00,17.3972
2024-09-11 23:00:00,22.04511
2024-09-12 00:00:00,32.08892
2024-09-12 01:00:00,40.36
2024-09-12 02:00:00,44.26361
2024-09-12 03:00:00,38.02
2024-09-12 04:00:00,36.50623
2024-09-12 05:00:00,36.71543
2024-09-12 06:00:00,35.35434
2024-09-12 07:00:00,32.84257
2024-09-12 08:00:00,32.71694
2024-09-12 09:00:00,31.5601
2024-09-12 10:00:00,32.57986
2024-09-12 11:00:00,32.87459
2024-09-12 12:00:00,31.82276
2024-09-12 13:00:00,32.74925
2024-09-12 14:00:00,29.43327
2024-09-12 15:00:00,19.47785
2024-09-12 16:00:00,20.0832
2024-09-12 17:00:00,17.83883
2024-09-12 18:00:00,13.48629
2024-09-12 19:00:00,11.46804
2024-09-12 20:00:00,11.86232
2024-09-12 21:00:00,14.44543
2024-09-12 22:00:00,16.78801
2024-09-12 23:00:00,20.44939
2024-09-13 00:00:00,29.78704
2024-09-13 01:00:00,38.96042
2024-09-13 02:00:00,43.56541
2024-09-13 03:00:00,38.69267
2024-09-13 04:00:00,36.68282
2024-09-13 05:00:00,36.56539
2024-09-13 06:00:00,33.25967
2024-09-13 07:00:00,30.9787
2024-09-13 08:00:00,30.79693
2024-09-13 09:00:00,30.34522
2024-09-13 10:00:00,30.51881
2024-09-13 11:00:00,30.84045
2024-09-13 12:00:00,35.00063
2024-09-13 13:00:00,38.4967
2024-09-13 14:00:00,34.12048
2024-09-13 15:00:00,21.2441
2024-09-13 16:00:00,22.01731
2024-09-13 17:00:00,18.83557
2024-09-13 18:00:00,19.25019
2024-09-13 19:00:00,19.62205
2024-09-13 20:00:00,21.15618
2024-09-13 21:00:00,21.37871
2024-09-13 22:00:00,24.76358
2024-09-13 23:00:00,28.77593
2024-09-14 00:00:00,39.43766
2024-09-14 01:00:00,41.8861
2024-09-14 02:00:00,42.58069
2024-09-14 03:00:00,39.95589
2024-09-14 04:00:00,37.53976
2024-09-14 05:00:00,36.94404
2024-09-14 06:00:00,36.63461
2024-09-14 07:00:00,30.09599
2024-09-14 08:00:00,31.58877
2024-09-14 09:00:00,31.04838
2024-09-14 10:00:00,30.62132
2024-09-14 11:00:00,32.23231
2024-09-14 12:00:00,32.46116
2024-09-14 13:00:00,33.75208
2024-09-14 14:00:00,28.58922
2024-09-14 15:00:00,14.67646
2024-09-14 16:00:00,13.45314
2024-09-14 17:00:00,11.70479
2024-09-14 18:00:00,11.2611
2024-09-14 19:00:00,10.64
2024-09-14 20:00:00,13.07987
2024-09-14 21:00:00,13.71024
2024-09-14 22:00:00,17.88583
2024-09-14 23:00:00,23.48606
2024-09-15 00:00:00,34.9085
2024-09-15 01:00:00,41.13096
2024-09-15 02:00:00,40.25094
2024-09-15 03:00:00,37.89705
2024-09-15 04:00:00,35.86587
2024-09-15 05:00:00,34.75651
2024-09-15 06:00:00,34.12013
2024-09-15 07:00:00,31.93225
2024-09-15 08:00:00,32.27686
2024-09-15 09:00:00,32.399
2024-09-15 10:00:00,31.93
2024-09-15 11:00:00,32.34075
2024-09-15 12:00:00,32.37433
2024-09-15 13:00:00,32.50717
2024-09-15 14:00:00,25.06609
2024-09-15 15:00:00,16.41841
2024-09-15 16:00:00,15.90775
2024-09-15 17:00:00,13.3562
2024-09-15 18:00:00,9.84937
2024-09-15 19:00:00,9.28387
2024-09-15 20:00:00,9.86
2024-09-15 21:00:00,8.23577
2024-09-15 22:00:00,12.15232
2024-09-15 23:00:00,22.52056
2024-09-16 00:00:00,29.0309
2024-09-16 01:00:00,36.54394
2024-09-16 02:00:00,39.01613
2024-09-16 03:00:00,36.68615
2024-09-16 04:00:00,33.44647
2024-09-16 05:00:00,32.81894
2024-09-16 06:00:00,32.11146
2024-09-16 07:00:00,30.4216
2024-09-16 08:00:00,30.65997
2024-09-16 09:00:00,29.67619
2024-09-16 10:00:00,29.634
2024-09-16 11:00:00,31.66963
2024-09-16 12:00:00,36.73385
2024-09-16 13:00:00,38.9761
2024-09-16 14:00:00,35.71112
2024-09-16 15:00:00,28.16668
2024-09-16 16:00:00,25.78663
2024-09-16 17:00:00,24.08822
2024-09-16 18:00:00,22.70663
2024-09-16 19:00:00,22.02578
2024-09-16 20:00:00,21.67298
2024-09-16 21:00:00,20.69
2024-09-16 22:00:00,21.51837
2024-09-16 23:00:00,25.0183
2024-09-17 00:00:00,29.9479
2024-09-17 01:00:00,35.24406
2024-09-17 02:00:00,35.71276
2024-09-17 03:00:00,35.03056
2024-09-17 04:00:00,34.13186
2024-09-17 05:00:00,33.85426
2024-09-17 06:00:00,32.82134
2024-09-17 07:00:00,31.86976
2024-09-17 08:00:00,31.14778
2024-09-17 09:00:00,30.54357
2024-09-17 10:00:00,30.15566
2024-09-17 11:00:00,31.24461
2024-09-17 12:00:00,32.15333
2024-09-17 13:00:00,35.0385
2024-09-17 14:00:00,32.45135
2024-09-17 15:00:00,23.34982
2024-09-17 16:00:00,17.58615
2024-09-17 17:00:00,12.69097
2024-09-17 18:00:00,10.75098
2024-09-17 19:00:00,8.4601
2024-09-17 20:00:00,8.42531
2024-09-17 21:00:00,8.4179
2024-09-17 22:00:00,13.17
2024-09-17 23:00:00,22.40883
2024-09-18 00:00:00,28.11382
2024-09-18 01:00:00,35.25061
2024-09-18 02:00:00,37.26546
2024-09-18 03:00:00,35.5
2024-09-18 04:00:00,34.57088
2024-09-18 05:00:00,34.635
2024-09-18 06:00:00,33.45075
2024-09-18 07:00:00,36.63553
2024-09-18 08:00:00,34.52553
2024-09-18 09:00:00,33.40974
2024-09-18 10:00:00,33.32576
2024-09-18 11:00:00,33.24189
2024-09-18 12:00:00,39.3767
2024-09-18 13:00:00,41.41997
2024-09-18 14:00:00,39.80254
2024-09-18 15:00:00,36.27295
2024-09-18 16:00:00,29.86737
2024-09-18 17:00:00,27.98045
2024-09-18 18:00:00,26.43129
2024-09-18 19:00:00,28.8
2024-09-18 20:00:00,27.55916
2024-09-18 21:00:00,33.95228
2024-09-18 22:00:00,33.11714
2024-09-18 23:00:00,36.6505
2024-09-19 00:00:00,40.10576
2024-09-19 01:00:00,41.65376
2024-09-19 02:00:00,41.64834
2024-09-19 03:00:00,40.0145
2024-09-19 04:00:00,38.32249
2024-09-19 05:00:00,38.34081
2024-09-19 06:00:00,37.51347
2024-09-19 07:00:00,38.48711
2024-09-19 08:00:00,38.13498
2024-09-19 09:00:00,36.02151
2024-09-19 10:00:00,34.78
2024-09-19 11:00:00,37.91921
2024-09-19 12:00:00,39.14626
2024-09-19 13:00:00,40.12786
2024-09-19 14:00:00,36.3479
2024-09-19 15:00:00,35.99252
2024-09-19 16:00:00,28.56464
2024-09-19 17:00:00,27.7844
2024-09-19 18:00:00,26.53984
2024-09-19 19:00:00,25.45429
2024-09-19 20:00:00,25.46021
2024-09-19 21:00:00,26.23822
2024-09-19 22:00:00,29.07909
2024-09-19 23:00:00,33.26263
2024-09-20 00:00:00,39.75846
2024-09-20 01:00:00,41.00894
2024-09-20 02:00:00,40.27357
2024-09-20 03:00:00,39.11447
2024-09-20 04:00:00,38.53505
2024-09-20 05:00:00,37.52407
2024-09-20 06:00:00,36.11932
2024-09-20 07:00:00,36.86793
2024-09-20 08:00:00,35.23001
2024-09-20 09:00:00,33.10694
2024-09-20 10:00:00,32.88321
2024-09-20 11:00:00,33.45002
2024-09-20 12:00:00,39.17689
2024-09-20 13:00:00,41.0
2024-09-20 14:00:00,37.82521
2024-09-20 15:00:00,27.17923
2024-09-20 16:00:00,26.05769
2024-09-20 17:00:00,23.01252
2024-09-20 18:00:00,21.62141
2024-09-20 19:00:00,18.14665
2024-09-20 20:00:00,21.47607
2024-09-20 21:00:00,22.71788
2024-09-20 22:00:00,26.70425
2024-09-20 23:00:00,30.17147
2024-09-21 00:00:00,39.50551
2024-09-21 01:00:00,41.30009
2024-09-21 02:00:00,40.86399
2024-09-21 03:00:00,38.94245
2024-09-21 04:00:00,38.3447
2024-09-21 05:00:00,37.92007
2024-09-21 06:00:00,35.98366
2024-09-21 07:00:00,37.18698
2024-09-21 08:00:00,37.50999
2024-09-21 09:00:00,35.39263
2024-09-21 10:00:00,33.95943
2024-09-21 11:00:00,34.98139
2024-09-21 12:00:00,35.39097
2024-09-21 13:00:00,37.22213
2024-09-21 14:00:00,30.34373
2024-09-21 15:00:00,24.39658
2024-09-21 16:00:00,20.77587
2024-09-21 17:00:00,16.59413
2024-09-21 18:00:00,15.21085
2024-09-21 19:00:00,13.8746
2024-09-21 20:00:00,18.15538
2024-09-21 21:00:00,18.57081
2024-09-21 22:00:00,22.83884
2024-09-21 23:00:00,28.95925
2024-09-22 00:00:00,38.54701
2024-09-22 01:00:00,42.52091
2024-09-22 02:00:00,41.47706
2024-09-22 03:00:00,39.45457
2024-09-22 04:00:00,41.3167
2024-09-22 05:00:00,40.84116
2024-09-22 06:00:00,39.43349
2024-09-22 07:00:00,44.43857
2024-09-22 08:00:00,44.16121
2024-09-22 09:00:00,43.04155
2024-09-22 10:00:00,38.19089
2024-09-22 11:00:00,41.1493
2024-09-22 12:00:00,39.75818
2024-09-22 13:00:00,40.06269
2024-09-22 14:00:00,34.28763
2024-09-22 15:00:00,26.9294
2024-09-22 16:00:00,25.9732
2024-09-22 17:00:00,24.73744
2024-09-22 18:00:00,26.29708
2024-09-22 19:00:00,27.12063
2024-09-22 20:00:00,26.9153
2024-09-22 21:00:00,26.83806
2024-09-22 22:00:00,27.94495
2024-09-22 23:00:00,34.31319
2024-09-23 00:00:00,48.07819
2024-09-23 01:00:00,58.37148
2024-09-23 02:00:00,55.46843
2024-09-23 03:00:00,44.22176
2024-09-23 04:00:00,42.47473
2024-09-23 05:00:00,40.544
2024-09-23 06:00:00,36.45919
2024-09-23 07:00:00,36.38912
2024-09-23 08:00:00,35.62591
2024-09-23 09:00:00,35.43569
2024-09-23 10:00:00,34.76887
2024-09-23 11:00:00,35.55004
2024-09-23 12:00:00,41.99145
2024-09-23 13:00:00,42.04626
2024-09-23 14:00:00,37.34701
2024-09-23 15:00:00,25.2339
2024-09-23 16:00:00,23.89791
2024-09-23 17:00:00,24.15134
2024-09-23 18:00:00,24.18203
2024-09-23 19:00:00,25.7941
2024-09-23 20:00:00,27.32139
2024-09-23 21:00:00,27.38917
2024-09-23 22:00:00,34.82485
2024-09-23 23:00:00,37.67541
2024-09-24 00:00:00,56.21951
2024-09-24 01:00:00,76.25698
2024-09-24 02:00:00,69.14363
2024-09-24 03:00:00,51.31023
2024-09-24 04:00:00,47.63156
2024-09-24 05:00:00,46.30876
2024-09-24 06:00:00,39.27739
2024-09-24 07:00:00,36.22441
2024-09-24 08:00:00,36.15977
2024-09-24 09:00:00,34.71499
2024-09-24 10:00:00,34.4502
2024-09-24 11:00:00,34.40195
2024-09-24 12:00:00,38.0
2024-09-24 13:00:00,42.09585
2024-09-24 14:00:00,37.20863
2024-09-24 15:00:00,30.43614
2024-09-24 16:00:00,29.67411
2024-09-24 17:00:00,28.76754
2024-09-24 18:00:00,29.53897
2024-09-24 19:00:00,31.69
2024-09-24 20:00:00,31.68545
2024-09-24 21:00:00,34.64038
2024-09-24 22:00:00,41.1171
2024-09-24 23:00:00,43.23315
2024-09-25 00:00:00,51.25835
2024-09-25 01:00:00,76.26942
2024-09-25 02:00:00,59.23106
2024-09-25 03:00:00,47.18777
2024-09-25 04:00:00,43.88
2024-09-25 05:00:00,42.81188
2024-09-25 06:00:00,42.90188
2024-09-25 07:00:00,39.35095
2024-09-25 08:00:00,39.42443
2024-09-25 09:00:00,38.16655
2024-09-25 10:00:00,37.45
2024-09-25 11:00:00,37.39545
2024-09-25 12:00:00,42.04911
2024-09-25 13:00:00,42.83375
2024-09-25 14:00:00,37.46408
2024-09-25 15:00:00,27.04893
2024-09-25 16:00:00,22.99622
2024-09-25 17:00:00,21.77333
2024-09-25 18:00:00,21.54385
2024-09-25 19:00:00,20.75687
2024-09-25 20:00:00,21.47823
2024-09-25 21:00:00,23.96778
2024-09-25 22:00:00,26.49654
2024-09-25 23:00:00,33.80056
2024-09-26 00:00:00,42.38357
2024-09-26 01:00:00,52.39221
2024-09-26 02:00:00,47.83277
2024-09-26 03:00:00,44.42347
2024-09-26 04:00:00,42.49082
2024-09-26 05:00:00,41.92981
2024-09-26 06:00:00,39.20807
2024-09-26 07:00:00,40.82516
2024-09-26 08:00:00,38.20825
2024-09-26 09:00:00,38.01343
2024-09-26 10:00:00,37.90199
2024-09-26 11:00:00,38.70314
2024-09-26 12:00:00,44.5907
2024-09-26 13:00:00,44.68937
2024-09-26 14:00:00,39.6482
2024-09-26 15:00:00,26.0671
2024-09-26 16:00:00,24.07742
2024-09-26 17:00:00,23.85633
2024-09-26 18:00:00,23.90997
2024-09-26 19:00:00,24.46543
2024-09-26 20:00:00,25.19107
2024-09-26 21:00:00,26.54854
2024-09-26 22:00:00,29.86681
2024-09-26 23:00:00,34.78963
2024-09-27 00:00:00,45.14986
2024-09-27 01:00:00,59.80638
2024-09-27 02:00:00,50.96926
2024-09-27 03:00:00,45.99833
2024-09-27 04:00:00,44.61705
2024-09-27 05:00:00,44.67711
2024-09-27 06:00:00,43.78034
2024-09-27 07:00:00,35.6762
2024-09-27 08:00:00,35.42223
2024-09-27 09:00:00,35.65966
2024-09-27 10:00:00,35.55799
2024-09-27 11:00:00,35.86366
2024-09-27 12:00:00,40.4925
2024-09-27 13:00:00,42.19474
2024-09-27 14:00:00,40.47685
2024-09-27 15:00:00,26.68513
2024-09-27 16:00:00,25.04434
2024-09-27 17:00:00,24.37885
2024-09-27 18:00:00,24.54762
2024-09-27 19:00:00,25.30122
2024-09-27 20:00:00,26.12284
2024-09-27 21:00:00,27.614
2024-09-27 22:00:00,33.38439
2024-09-27 23:00:00,38.46151
2024-09-28 00:00:00,50.96697
2024-09-28 01:00:00,63.26662
2024-09-28 02:00:00,54.94868
2024-09-28 03:00:00,48.45145
2024-09-28 04:00:00,46.38436
2024-09-28 05:00:00,43.53908
2024-09-28 06:00:00,40.96853
2024-09-28 07:00:00,41.85435
2024-09-28 08:00:00,40.9578
2024-09-28 09:00:00,40.36116
2024-09-28 10:00:00,39.64215
2024-09-28 11:00:00,39.51929
2024-09-28 12:00:00,40.41129
2024-09-28 13:00:00,39.86748
2024-09-28 14:00:00,34.66084
2024-09-28 15:00:00,25.81933
2024-09-28 16:00:00,25.24984
2024-09-28 17:00:00,24.20281
2024-09-28 18:00:00,23.69508
2024-09-28 19:00:00,23.68549
2024-09-28 20:00:00,24.075
2024-09-28 21:00:00,26.44541
2024-09-28 22:00:00,29.23497
2024-09-28 23:00:00,37.15263
2024-09-29 00:00:00,43.55198
2024-09-29 01:00:00,56.08003
2024-09-29 02:00:00,50.72481
2024-09-29 03:00:00,42.57016
2024-09-29 04:00:00,41.37301
2024-09-29 05:00:00,40.62731
2024-09-29 06:00:00,38.20767
2024-09-29 07:00:00,36.02897
2024-09-29 08:00:00,35.61054
2024-09-29 09:00:00,35.65355
2024-09-29 10:00:00,35.46056
2024-09-29 11:00:00,35.11491
2024-09-29 12:00:00,35.78714
2024-09-29 13:00:00,37.092
2024-09-29 14:00:00,32.68268
2024-09-29 15:00:00,21.75405
2024-09-29 16:00:00,27.42171
2024-09-29 17:00:00,24.09631
2024-09-29 18:00:00,24.7167
2024-09-29 19:00:00,24.57765
2024-09-29 20:00:00,25.88544
2024-09-29 21:00:00,27.08611
2024-09-29 22:00:00,31.0287
2024-09-29 23:00:00,35.72988
2024-09-30 00:00:00,45.0
2024-09-30 01:00:00,54.88575
2024-09-30 02:00:00,52.34417
2024-09-30 03:00:00,43.81269
2024-09-30 04:00:00,43.13255
2024-09-30 05:00:00,42.38345
2024-09-30 06:00:00,42.03029
2024-09-30 07:00:00,40.27281
2024-09-30 08:00:00,39.8281
2024-09-30 09:00:00,39.39758
2024-09-30 10:00:00,39.52806
2024-09-30 11:00:00,40.30603
2024-09-30 12:00:00,44.7656
2024-09-30 13:00:00,47.62628
2024-09-30 14:00:00,44.8626
2024-09-30 15:00:00,34.5
2024-09-30 16:00:00,30.3832
2024-09-30 17:00:00,30.05488
2024-09-30 18:00:00,29.75155
2024-09-30 19:00:00,30.58717
2024-09-30 20:00:00,32.43107
2024-09-30 21:00:00,36.28805
2024-09-30 22:00:00,36.2832
2024-09-30 23:00:00,40.90766
2024-10-01 00:00:00,56.67256
2024-10-01 01:00:00,77.04892
2024-10-01 02:00:00,64.45194
2024-10-01 03:00:00,52.98441
2024-10-01 04:00:00,50.55791
2024-10-01 05:00:00,49.95129
2024-10-01 06:00:00,42.57011
2024-10-01 07:00:00,48.25839
2024-10-01 08:00:00,46.68869
2024-10-01 09:00:00,46.51012
2024-10-01 10:00:00,46.72926
2024-10-01 11:00:00,47.11309
2024-10-01 12:00:00,50.07805
2024-10-01 13:00:00,55.90428
2024-10-01 14:00:00,64.1125
2024-10-01 15:00:00,50.60539
2024-10-01 16:00:00,45.99129
2024-10-01 17:00:00,48.16549
2024-10-01 18:00:00,47.90206
2024-10-01 19:00:00,48.23118
2024-10-01 20:00:00,52.3102
2024-10-01 21:00:00,55.05063
2024-10-01 22:00:00,64.1672
2024-10-01 23:00:00,78.39
2024-10-02 00:00:00,118.85555
2024-10-02 01:00:00,154.10121
2024-10-02 02:00:00,92.99488
2024-10-02 03:00:00,70.94781
2024-10-02 04:00:00,61.43546
2024-10-02 05:00:00,56.1964
2024-10-02 06:00:00,50.25512
2024-10-02 07:00:00,46.70293
2024-10-02 08:00:00,46.32507
2024-10-02 09:00:00,45.1955
2024-10-02 10:00:00,44.62798
2024-10-02 11:00:00,46.52191
2024-10-02 12:00:00,47.1825
2024-10-02 13:00:00,53.3239
2024-10-02 14:00:00,57.57086
2024-10-02 15:00:00,47.90252
2024-10-02 16:00:00,46.55601
2024-10-02 17:00:00,44.74916
2024-10-02 18:00:00,45.58957
2024-10-02 19:00:00,50.17275
2024-10-02 20:00:00,52.77213
2024-10-02 21:00:00,62.2985
2024-10-02 22:00:00,76.24609
2024-10-02 23:00:00,88.48334
2024-10-03 00:00:00,139.29292
2024-10-03 01:00:00,187.24
2024-10-03 02:00:00,94.83928
2024-10-03 03:00:00,73.84912
2024-10-03 04:00:00,64.45581
2024-10-03 05:00:00,57.64
2024-10-03 06:00:00,51.80244
2024-10-03 07:00:00,46.50421
2024-10-03 08:00:00,44.01319
2024-10-03 09:00:00,43.96288
2024-10-03 10:00:00,44.14685
2024-10-03 11:00:00,44.29213
2024-10-03 12:00:00,44.52
2024-10-03 13:00:00,50.91716
2024-10-03 14:00:00,51.37532
2024-10-03 15:00:00,47.72974
2024-10-03 16:00:00,43.58966
2024-10-03 17:00:00,45.34375
2024-10-03 18:00:00,45.57316
2024-10-03 19:00:00,49.34569
2024-10-03 20:00:00,50.91128
2024-10-03 21:00:00,55.12326
2024-10-03 22:00:00,66.48168
2024-10-03 23:00:00,77.04329
2024-10-04 00:00:00,109.28246
2024-10-04 01:00:00,155.0
2024-10-04 02:00:00,98.28918
2024-10-04 03:00:00,72.82953
2024-10-04 04:00:00,63.77071
2024-10-04 05:00:00,53.02284
2024-10-04 06:00:00,50.86835
2024-10-04 07:00:00,47.45667
2024-10-04 08:00:00,45.49581
2024-10-04 09:00:00,45.44139
2024-10-04 10:00:00,46.06263
2024-10-04 11:00:00,45.79066
2024-10-04 12:00:00,47.03725
2024-10-04 13:00:00,54.35177
2024-10-04 14:00:00,55.46936
2024-10-04 15:00:00,47.64796
2024-10-04 16:00:00,45.78433
2024-10-04 17:00:00,49.08971
2024-10-04 18:00:00,48.62808
2024-10-04 19:00:00,48.72571
2024-10-04 20:00:00,50.28
2024-10-04 21:00:00,56.6086
2024-10-04 22:00:00,70.50849
2024-10-04 23:00:00,99.0
2024-10-05 00:00:00,131.43706
2024-10-05 01:00:00,141.40932
2024-10-05 02:00:00,93.58464
2024-10-05 03:00:00,68.55678
2024-10-05 04:00:00,62.0
2024-10-05 05:00:00,56.32377
2024-10-05 06:00:00,53.63049
2024-10-05 07:00:00,50.48841
2024-10-05 08:00:00,49.79983
2024-10-05 09:00:00,48.39585
2024-10-05 10:00:00,47.67209
2024-10-05 11:00:00,47.06729
2024-10-05 12:00:00,47.2078
2024-10-05 13:00:00,48.74511
2024-10-05 14:00:00,48.73
2024-10-05 15:00:00,46.87
2024-10-05 16:00:00,41.19744
2024-10-05 17:00:00,42.20132
2024-10-05 18:00:00,43.69244
2024-10-05 19:00:00,42.71597
2024-10-05 20:00:00,47.82499
2024-10-05 21:00:00,51.97909
2024-10-05 22:00:00,58.83664
2024-10-05 23:00:00,86.82094
2024-10-06 00:00:00,149.0
2024-10-06 01:00:00,187.67233
2024-10-06 02:00:00,115.05122
2024-10-06 03:00:00,76.74621
2024-10-06 04:00:00,65.65532
2024-10-06 05:00:00,59.16524
2024-10-06 06:00:00,53.25953
2024-10-06 07:00:00,51.32976
2024-10-06 08:00:00,48.58455
2024-10-06 09:00:00,48.11098
2024-10-06 10:00:00,48.11223
2024-10-06 11:00:00,47.67177
2024-10-06 12:00:00,47.38011
2024-10-06 13:00:00,47.69683
2024-10-06 14:00:00,48.67317
2024-10-06 15:00:00,45.27479
2024-10-06 16:00:00,41.58749
2024-10-06 17:00:00,43.29596
2024-10-06 18:00:00,44.98304
2024-10-06 19:00:00,46.04378
2024-10-06 20:00:00,50.60766
2024-10-06 21:00:00,54.92
2024-10-06 22:00:00,61.24778
2024-10-06 23:00:00,87.19638
2024-10-07 00:00:00,119.36
2024-10-07 01:00:00,161.5851
2024-10-07 02:00:00,104.98186
2024-10-07 03:00:00,76.98583
2024-10-07 04:00:00,70.68743
2024-10-07 05:00:00,65.04579
2024-10-07 06:00:00,55.57382
2024-10-07 07:00:00,62.97776
2024-10-07 08:00:00,52.1052
2024-10-07 09:00:00,51.48721
2024-10-07 10:00:00,51.38666
2024-10-07 11:00:00,51.75902
2024-10-07 12:00:00,55.62322
2024-10-07 13:00:00,73.06575
2024-10-07 14:00:00,74.33108
2024-10-07 15:00:00,54.83326
2024-10-07 16:00:00,51.19288
2024-10-07 17:00:00,51.7204
2024-10-07 18:00:00,51.62192
2024-10-07 19:00:00,52.81666
2024-10-07 20:00:00,53.63552
2024-10-07 21:00:00,64.18721
2024-10-07 22:00:00,85.0
2024-10-07 23:00:00,111.11
2024-10-08 00:00:00,171.31342
2024-10-08 01:00:00,211.13116
2024-10-08 02:00:00,119.12537
2024-10-08 03:00:00,87.14313
2024-10-08 04:00:00,73.50197
2024-10-08 05:00:00,56.42256
2024-10-08 06:00:00,51.07189
2024-10-08 07:00:00,55.95057
2024-10-08 08:00:00,56.5925
2024-10-08 09:00:00,55.0
2024-10-08 10:00:00,53.62218
2024-10-08 11:00:00,53.78672
2024-10-08 12:00:00,56.06955
2024-10-08 13:00:00,62.99244
2024-10-08 14:00:00,66.31447
2024-10-08 15:00:00,56.68963
2024-10-08 16:00:00,50.43303
2024-10-08 17:00:00,51.52844
2024-10-08 18:00:00,50.0
2024-10-08 19:00:00,51.35825
2024-10-08 20:00:00,52.85205
2024-10-08 21:00:00,55.74
2024-10-08 22:00:00,64.46444
2024-10-08 23:00:00,82.32075
2024-10-09 00:00:00,115.91622
2024-10-09 01:00:00,145.37157
2024-10-09 02:00:00,91.92506
2024-10-09 03:00:00,75.9004
2024-10-09 04:00:00,67.64424
2024-10-09 05:00:00,55.73913
2024-10-09 06:00:00,51.12459
2024-10-09 07:00:00,52.48647
2024-10-09 08:00:00,49.08459
2024-10-09 09:00:00,47.63508
2024-10-09 10:00:00,47.05147
2024-10-09 11:00:00,47.4557
2024-10-09 12:00:00,52.57935
2024-10-09 13:00:00,60.05032
2024-10-09 14:00:00,57.61217
2024-10-09 15:00:00,50.41039
2024-10-09 16:00:00,48.77
2024-10-09 17:00:00,48.84344
2024-10-09 18:00:00,48.09703
2024-10-09 19:00:00,49.70213
2024-10-09 20:00:00,53.0
2024-10-09 21:00:00,51.613
2024-10-09 22:00:00,57.5
2024-10-09 23:00:00,69.28915
2024-10-10 00:00:00,93.04885
2024-10-10 01:00:00,123.71488
2024-10-10 02:00:00,88.98023
2024-10-10 03:00:00,73.29867
2024-10-10 04:00:00,67.955
2024-10-10 05:00:00,62.7099
2024-10-10 06:00:00,55.02886
2024-10-10 07:00:00,47.4661
2024-10-10 08:00:00,46.95203
2024-10-10 09:00:00,46.17583
2024-10-10 10:00:00,46.48145
2024-10-10 11:00:00,47.235
2024-10-10 12:00:00,51.09989
2024-10-10 13:00:00,59.011
2024-10-10 14:00:00,59.27051
2024-10-10 15:00:00,49.22236
2024-10-10 16:00:00,49.71631
2024-10-10 17:00:00,47.3639
2024-10-10 18:00:00,44.88186
2024-10-10 19:00:00,45.05464
2024-10-10 20:00:00,46.33437
2024-10-10 21:00:00,50.03249
2024-10-10 22:00:00,62.12704
2024-10-10 23:00:00,65.99217
2024-10-11 00:00:00,84.15264
2024-10-11 01:00:00,88.97913
2024-10-11 02:00:00,73.95855
2024-10-11 03:00:00,66.92146
2024-10-11 04:00:00,62.92412
2024-10-11 05:00:00,54.58146
2024-10-11 06:00:00,49.1105
2024-10-11 07:00:00,45.96232
2024-10-11 08:00:00,44.45105
2024-10-11 09:00:00,43.97476
2024-10-11 10:00:00,44.19886
2024-10-11 11:00:00,44.98406
2024-10-11 12:00:00,49.14494
2024-10-11 13:00:00,54.32017
2024-10-11 14:00:00,58.45494
2024-10-11 15:00:00,50.86005
2024-10-11 16:00:00,56.30367
2024-10-11 17:00:00,65.17753
2024-10-11 18:00:00,72.56
2024-10-11 19:00:00,40.39015
2024-10-11 20:00:00,40.65823
2024-10-11 21:00:00,38.52601
2024-10-11 22:00:00,42.22746
2024-10-11 23:00:00,47.78603
2024-10-12 00:00:00,61.46787
2024-10-12 01:00:00,62.64
2024-10-12 02:00:00,57.0724
2024-10-12 03:00:00,54.47951
2024-10-12 04:00:00,53.47122
2024-10-12 05:00:00,49.85348
2024-10-12 06:00:00,46.18451
2024-10-12 07:00:00,45.56526
2024-10-12 08:00:00,45.66004
2024-10-12 09:00:00,44.85339
2024-10-12 10:00:00,41.80928
2024-10-12 11:00:00,43.58767
2024-10-12 12:00:00,44.11155
2024-10-12 13:00:00,46.7518
2024-10-12 14:00:00,45.09026
2024-10-12 15:00:00,38.35398
2024-10-12 16:00:00,34.25389
2024-10-12 17:00:00,35.55536
2024-10-12 18:00:00,35.78069
2024-10-12 19:00:00,33.28399
2024-10-12 20:00:00,32.86042
2024-10-12 21:00:00,31.61713
2024-10-12 22:00:00,33.04379
2024-10-12 23:00:00,34.73033
2024-10-13 00:00:00,48.65526
2024-10-13 01:00:00,60.5
2024-10-13 02:00:00,55.02
2024-10-13 03:00:00,50.10626
2024-10-13 04:00:00,47.30911
2024-10-13 05:00:00,44.97505
2024-10-13 06:00:00,43.55293
2024-10-13 07:00:00,45.04731
2024-10-13 08:00:00,43.79427
2024-10-13 09:00:00,43.60576
2024-10-13 10:00:00,43.40915
2024-10-13 11:00:00,43.51276
2024-10-13 12:00:00,44.05196
2024-10-13 13:00:00,43.31243
2024-10-13 14:00:00,45.97211
2024-10-13 15:00:00,38.6779
2024-10-13 16:00:00,41.19759
2024-10-13 17:00:00,35.00792
2024-10-13 18:00:00,34.48977
2024-10-13 19:00:00,33.0734
2024-10-13 20:00:00,37.08291
2024-10-13 21:00:00,37.71661
2024-10-13 22:00:00,42.44085
2024-10-13 23:00:00,41.78438
2024-10-14 00:00:00,60.0
2024-10-14 01:00:00,63.17964
2024-10-14 02:00:00,60.72138
2024-10-14 03:00:00,54.13331
2024-10-14 04:00:00,46.27827
2024-10-14 05:00:00,44.91116
2024-10-14 06:00:00,44.2336
2024-10-14 07:00:00,41.84816
2024-10-14 08:00:00,40.13085
2024-10-14 09:00:00,40.25878
2024-10-14 10:00:00,40.51724
2024-10-14 11:00:00,41.66514
2024-10-14 12:00:00,46.5336
2024-10-14 13:00:00,47.95815
2024-10-14 14:00:00,51.38678
2024-10-14 15:00:00,44.53149
2024-10-14 16:00:00,35.55073
2024-10-14 17:00:00,33.22061
2024-10-14 18:00:00,31.71752
2024-10-14 19:00:00,31.13031
2024-10-14 20:00:00,33.82916
2024-10-14 21:00:00,33.89934
2024-10-14 22:00:00,33.41658
2024-10-14 23:00:00,45.12321
2024-10-15 00:00:00,63.84694
2024-10-15 01:00:00,69.64
2024-10-15 02:00:00,64.2971
2024-10-15 03:00:00,53.68228
2024-10-15 04:00:00,47.96261
2024-10-15 05:00:00,46.73423
2024-10-15 06:00:00,45.26416
2024-10-15 07:00:00,46.2808
2024-10-15 08:00:00,45.84659
2024-10-15 09:00:00,45.81887
2024-10-15 10:00:00,45.28057
2024-10-15 11:00:00,45.7231
2024-10-15 12:00:00,46.31143
2024-10-15 13:00:00,53.94432
2024-10-15 14:00:00,54.15761
2024-10-15 15:00:00,43.63719
2024-10-15 16:00:00,42.87762
2024-10-15 17:00:00,38.0251
2024-10-15 18:00:00,37.08828
2024-10-15 19:00:00,37.6799
2024-10-15 20:00:00,38.77075
2024-10-15 21:00:00,39.43
2024-10-15 22:00:00,42.93656
2024-10-15 23:00:00,47.71
2024-10-16 00:00:00,65.25559
2024-10-16 01:00:00,67.34056
2024-10-16 02:00:00,61.38592
2024-10-16 03:00:00,54.50086
2024-10-16 04:00:00,49.77794
2024-10-16 05:00:00,46.46861
2024-10-16 06:00:00,45.96584
2024-10-16 07:00:00,45.60692
2024-10-16 08:00:00,43.55479
2024-10-16 09:00:00,41.76639
2024-10-16 10:00:00,41.70896
2024-10-16 11:00:00,41.8648
2024-10-16 12:00:00,45.83328
2024-10-16 13:00:00,51.19743
2024-10-16 14:00:00,57.12636
2024-10-16 15:00:00,48.73597
2024-10-16 16:00:00,46.40477
2024-10-16 17:00:00,43.06925
2024-10-16 18:00:00,42.36385
2024-10-16 19:00:00,39.70354
2024-10-16 20:00:00,39.33581
2024-10-16 21:00:00,39.32203
2024-10-16 22:00:00,42.59689
2024-10-16 23:00:00,48.53676
2024-10-17 00:00:00,57.30852
2024-10-17 01:00:00,58.63367
2024-10-17 02:00:00,55.49527
2024-10-17 03:00:00,53.31364
2024-10-17 04:00:00,50.15726
2024-10-17 05:00:00,47.397
2024-10-17 06:00:00,47.36803
2024-10-17 07:00:00,47.1914
2024-10-17 08:00:00,40.36959
2024-10-17 09:00:00,40.14123
2024-10-17 10:00:00,40.20917
2024-10-17 11:00:00,40.74468
2024-10-17 12:00:00,44.32069
2024-10-17 13:00:00,51.04934
2024-10-17 14:00:00,52.30001
2024-10-17 15:00:00,44.85728
2024-10-17 16:00:00,37.42963
2024-10-17 17:00:00,33.0
2024-10-17 18:00:00,28.7765
2024-10-17 19:00:00,27.57281
2024-10-17 20:00:00,26.82399
2024-10-17 21:00:00,28.16929
2024-10-17 22:00:00,32.3855
2024-10-17 23:00:00,37.1278
2024-10-18 00:00:00,52.84159
2024-10-18 01:00:00,63.71671
2024-10-18 02:00:00,56.49568
2024-10-18 03:00:00,53.25327
2024-10-18 04:00:00,49.95432
2024-10-18 05:00:00,48.98478
2024-10-18 06:00:00,46.54998
2024-10-18 07:00:00,41.22189
2024-10-18 08:00:00,38.28875
2024-10-18 09:00:00,37.10283
2024-10-18 10:00:00,37.39392
2024-10-18 11:00:00,38.43004
2024-10-18 12:00:00,45.58424
2024-10-18 13:00:00,47.53008
2024-10-18 14:00:00,46.63
2024-10-18 15:00:00,35.94755
2024-10-18 16:00:00,30.73245
2024-10-18 17:00:00,27.10932
2024-10-18 18:00:00,24.73488
2024-10-18 19:00:00,24.21329
2024-10-18 20:00:00,23.70251
2024-10-18 21:00:00,25.09574
2024-10-18 22:00:00,29.49994
2024-10-18 23:00:00,39.784
2024-10-19 00:00:00,48.72975
2024-10-19 01:00:00,48.59938
2024-10-19 02:00:00,46.97855
2024-10-19 03:00:00,47.76958
2024-10-19 04:00:00,46.60437
2024-10-19 05:00:00,45.93594
2024-10-19 06:00:00,45.50307
2024-10-19 07:00:00,38.8725
2024-10-19 08:00:00,37.5217
2024-10-19 09:00:00,36.7781
2024-10-19 10:00:00,36.87645
2024-10-19 11:00:00,38.96669
2024-10-19 12:00:00,39.93707
2024-10-19 13:00:00,42.02197
2024-10-19 14:00:00,41.12335
2024-10-19 15:00:00,31.7
2024-10-19 16:00:00,26.72844
2024-10-19 17:00:00,23.6915
2024-10-19 18:00:00,23.52462
2024-10-19 19:00:00,18.96558
2024-10-19 20:00:00,19.8
2024-10-19 21:00:00,24.72055
2024-10-19 22:00:00,26.65556
2024-10-19 23:00:00,35.23387
2024-10-20 00:00:00,46.86573
2024-10-20 01:00:00,47.58735
2024-10-20 02:00:00,47.43718
2024-10-20 03:00:00,46.62175
2024-10-20 04:00:00,45.73561
2024-10-20 05:00:00,45.28453
2024-10-20 06:00:00,43.97538
2024-10-20 07:00:00,38.58211
2024-10-20 08:00:00,38.52758
2024-10-20 09:00:00,37.22441
2024-10-20 10:00:00,36.50781
2024-10-20 11:00:00,38.41423
2024-10-20 12:00:00,38.86099
2024-10-20 13:00:00,38.95608
2024-10-20 14:00:00,37.85534
2024-10-20 15:00:00,33.66462
2024-10-20 16:00:00,32.08199
2024-10-20 17:00:00,27.42967
2024-10-20 18:00:00,23.00293
2024-10-20 19:00:00,27.06037
2024-10-20 20:00:00,21.70182
2024-10-20 21:00:00,21.40331
2024-10-20 22:00:00,28.07494
2024-10-20 23:00:00,38.4102
2024-10-21 00:00:00,48.27915
2024-10-21 01:00:00,48.67004
2024-10-21 02:00:00,47.37108
2024-10-21 03:00:00,46.25085
2024-10-21 04:00:00,45.37512
2024-10-21 05:00:00,39.33846
2024-10-21 06:00:00,38.90608
2024-10-21 07:00:00,33.41166
2024-10-21 08:00:00,33.55298
2024-10-21 09:00:00,33.54496
2024-10-21 10:00:00,33.28593
2024-10-21 11:00:00,33.46711
2024-10-21 12:00:00,38.69052
2024-10-21 13:00:00,40.70984
2024-10-21 14:00:00,48.53595
2024-10-21 15:00:00,42.99684
2024-10-21 16:00:00,35.33526
2024-10-21 17:00:00,30.62588
2024-10-21 18:00:00,28.72372
2024-10-21 19:00:00,27.77874
2024-10-21 20:00:00,25.88994
2024-10-21 21:00:00,25.91
2024-10-21 22:00:00,27.42142
2024-10-21 23:00:00,33.46251
2024-10-22 00:00:00,44.49226
2024-10-22 01:00:00,47.05406
2024-10-22 02:00:00,45.2823
2024-10-22 03:00:00,44.48012
2024-10-22 04:00:00,42.15
2024-10-22 05:00:00,41.9358
2024-10-22 06:00:00,39.31317
2024-10-22 07:00:00,38.82199
2024-10-22 08:00:00,35.67444
2024-10-22 09:00:00,35.22669
2024-10-22 10:00:00,35.14188
2024-10-22 11:00:00,34.82
2024-10-22 12:00:00,37.92674
2024-10-22 13:00:00,43.03614
2024-10-22 14:00:00,45.93652
2024-10-22 15:00:00,43.49
2024-10-22 16:00:00,33.59995
2024-10-22 17:00:00,31.15207
2024-10-22 18:00:00,29.06716
2024-10-22 19:00:00,28.66
2024-10-22 20:00:00,28.55622
2024-10-22 21:00:00,29.45395
2024-10-22 22:00:00,34.1827
2024-10-22 23:00:00,37.34
2024-10-23 00:00:00,48.5946
2024-10-23 01:00:00,54.20991
2024-10-23 02:00:00,46.24164
2024-10-23 03:00:00,43.71195
2024-10-23 04:00:00,44.16477
2024-10-23 05:00:00,42.89
2024-10-23 06:00:00,36.82964
2024-10-23 07:00:00,35.01426
2024-10-23 08:00:00,36.25241
2024-10-23 09:00:00,33.66196
2024-10-23 10:00:00,34.01614
2024-10-23 11:00:00,33.55742
2024-10-23 12:00:00,38.46779
2024-10-23 13:00:00,43.33029
2024-10-23 14:00:00,45.64976
2024-10-23 15:00:00,43.98
2024-10-23 16:00:00,38.62892
2024-10-23 17:00:00,33.84687
2024-10-23 18:00:00,28.45739
2024-10-23 19:00:00,29.81
2024-10-23 20:00:00,28.65428
2024-10-23 21:00:00,30.03719
2024-10-23 22:00:00,33.48833
2024-10-23 23:00:00,37.15643
2024-10-24 00:00:00,48.61054
2024-10-24 01:00:00,51.70739
2024-10-24 02:00:00,43.23077
2024-10-24 03:00:00,40.06172
2024-10-24 04:00:00,38.15948
2024-10-24 05:00:00,34.86263
2024-10-24 06:00:00,33.87
2024-10-24 07:00:00,34.69922
2024-10-24 08:00:00,33.52711
2024-10-24 09:00:00,32.40731
2024-10-24 10:00:00,32.6162
2024-10-24 11:00:00,33.61082
2024-10-24 12:00:00,37.77211
2024-10-24 13:00:00,43.95205
2024-10-24 14:00:00,52.36581
2024-10-24 15:00:00,40.46934
2024-10-24 16:00:00,31.02
2024-10-24 17:00:00,29.97142
2024-10-24 18:00:00,27.1827
2024-10-24 19:00:00,27.47198
2024-10-24 20:00:00,26.89443
2024-10-24 21:00:00,28.13
2024-10-24 22:00:00,34.00398
2024-10-24 23:00:00,37.61992
2024-10-25 00:00:00,53.69812
2024-10-25 01:00:00,58.02
2024-10-25 02:00:00,52.85049
2024-10-25 03:00:00,50.71
2024-10-25 04:00:00,48.15365
2024-10-25 05:00:00,40.439
2024-10-25 06:00:00,38.73215
2024-10-25 07:00:00,46.48016
2024-10-25 08:00:00,44.02474
2024-10-25 09:00:00,41.54307
2024-10-25 10:00:00,41.11915
2024-10-25 11:00:00,43.12319
2024-10-25 12:00:00,45.37838
2024-10-25 13:00:00,48.74143
2024-10-25 14:00:00,53.41535
2024-10-25 15:00:00,45.28681
2024-10-25 16:00:00,40.33461
2024-10-25 17:00:00,39.32499
2024-10-25 18:00:00,38.78599
2024-10-25 19:00:00,38.62611
2024-10-25 20:00:00,38.73037
2024-10-25 21:00:00,39.64009
2024-10-25 22:00:00,41.51379
2024-10-25 23:00:00,46.75769
2024-10-26 00:00:00,53.70781
2024-10-26 01:00:00,54.27116
2024-10-26 02:00:00,48.98302
2024-10-26 03:00:00,48.38655
2024-10-26 04:00:00,46.95247
2024-10-26 05:00:00,43.08552
2024-10-26 06:00:00,41.52907
2024-10-26 07:00:00,42.22706
2024-10-26 08:00:00,40.1389
2024-10-26 09:00:00,39.66544
2024-10-26 10:00:00,39.02065
2024-10-26 11:00:00,39.15284
2024-10-26 12:00:00,40.02967
2024-10-26 13:00:00,42.28178
2024-10-26 14:00:00,44.89116
2024-10-26 15:00:00,38.47273
2024-10-26 16:00:00,35.74102
2024-10-26 17:00:00,33.89308
2024-10-26 18:00:00,31.51293
2024-10-26 19:00:00,32.50906
2024-10-26 20:00:00,32.92556
2024-10-26 21:00:00,33.44866
2024-10-26 22:00:00,36.69952
2024-10-26 23:00:00,46.52296
2024-10-27 00:00:00,53.24018
2024-10-27 01:00:00,52.85323
2024-10-27 02:00:00,50.50426
2024-10-27 03:00:00,50.47382
2024-10-27 04:00:00,49.11648
2024-10-27 05:00:00,47.66727
2024-10-27 06:00:00,43.4833
2024-10-27 07:00:00,41.4364
2024-10-27 08:00:00,40.36577
2024-10-27 09:00:00,42.44336
2024-10-27 10:00:00,39.3318
2024-10-27 11:00:00,39.35653
2024-10-27 12:00:00,40.5671
2024-10-27 13:00:00,41.42304
2024-10-27 14:00:00,42.77792
2024-10-27 15:00:00,42.90102
2024-10-27 16:00:00,42.54286
2024-10-27 17:00:00,41.28358
2024-10-27 18:00:00,38.26845
2024-10-27 19:00:00,36.57648
2024-10-27 20:00:00,36.0638
2024-10-27 21:00:00,36.81555
2024-10-27 22:00:00,43.48372
2024-10-27 23:00:00,40.0
2024-10-28 00:00:00,43.96929
2024-10-28 01:00:00,46.02
2024-10-28 02:00:00,44.68691
2024-10-28 03:00:00,43.38802
2024-10-28 04:00:00,42.01421
2024-10-28 05:00:00,39.72889
2024-10-28 06:00:00,37.21753
2024-10-28 07:00:00,39.40632
2024-10-28 08:00:00,37.02292
2024-10-28 09:00:00,36.83249
2024-10-28 10:00:00,37.13395
2024-10-28 11:00:00,37.12423
2024-10-28 12:00:00,40.59333
2024-10-28 13:00:00,45.02638
2024-10-28 14:00:00,49.77672
2024-10-28 15:00:00,47.21961
2024-10-28 16:00:00,40.82043
2024-10-28 17:00:00,41.98506
2024-10-28 18:00:00,36.60218
2024-10-28 19:00:00,35.40235
2024-10-28 20:00:00,35.31731
2024-10-28 21:00:00,35.25493
2024-10-28 22:00:00,40.86682
2024-10-28 23:00:00,44.57148
2024-10-29 00:00:00,45.33154
2024-10-29 01:00:00,49.23302
2024-10-29 02:00:00,47.02746
2024-10-29 03:00:00,45.72267
2024-10-29 04:00:00,44.42922
2024-10-29 05:00:00,40.04969
2024-10-29 06:00:00,42.28636
2024-10-29 07:00:00,44.5258
2024-10-29 08:00:00,43.39712
2024-10-29 09:00:00,42.74646
2024-10-29 10:00:00,43.29731
2024-10-29 11:00:00,43.13421
2024-10-29 12:00:00,47.99
2024-10-29 13:00:00,53.42681
2024-10-29 14:00:00,53.65127
2024-10-29 15:00:00,50.0
2024-10-29 16:00:00,45.7051
2024-10-29 17:00:00,42.89177
2024-10-29 18:00:00,38.74891
2024-10-29 19:00:00,35.2553
2024-10-29 20:00:00,31.31014
2024-10-29 21:00:00,33.5
2024-10-29 22:00:00,42.90067
2024-10-29 23:00:00,46.68088
2024-10-30 00:00:00,52.49457
2024-10-30 01:00:00,53.75012
2024-10-30 02:00:00,53.91683
2024-10-30 03:00:00,52.99159
2024-10-30 04:00:00,52.55917
2024-10-30 05:00:00,50.41136
2024-10-30 06:00:00,47.43003
2024-10-30 07:00:00,59.57518
2024-10-30 08:00:00,53.93713
2024-10-30 09:00:00,52.34
2024-10-30 10:00:00,52.39581
2024-10-30 11:00:00,52.95612
2024-10-30 12:00:00,59.21779
2024-10-30 13:00:00,57.55419
2024-10-30 14:00:00,58.95738
2024-10-30 15:00:00,52.93
2024-10-30 16:00:00,49.09319
2024-10-30 17:00:00,45.23902
2024-10-30 18:00:00,43.92105
2024-10-30 19:00:00,50.34672
2024-10-30 20:00:00,41.86982
2024-10-30 21:00:00,41.87259
2024-10-30 22:00:00,44.51537
2024-10-30 23:00:00,45.0
2024-10-31 00:00:00,52.93593
2024-10-31 01:00:00,56.1632
2024-10-31 02:00:00,55.36037
2024-10-31 03:00:00,54.4715
2024-10-31 04:00:00,55.54907
2024-10-31 05:00:00,53.12856
2024-10-31 06:00:00,51.08818
2024-10-31 07:00:00,43.52927
2024-10-31 08:00:00,44.53544
2024-10-31 09:00:00,43.97878
2024-10-31 10:00:00,43.64
2024-10-31 11:00:00,43.64
2024-10-31 12:00:00,46.93464
2024-10-31 13:00:00,47.67096
2024-10-31 14:00:00,55.36071
2024-10-31 15:00:00,56.76921
2024-10-31 16:00:00,55.0
2024-10-31 17:00:00,54.37924
2024-10-31 18:00:00,45.61408
2024-10-31 19:00:00,43.92124
2024-10-31 20:00:00,44.15406
2024-10-31 21:00:00,45.17
2024-10-31 22:00:00,44.42
2024-10-31 23:00:00,53.49666
2024-11-01 00:00:00,57.053
2024-11-01 01:00:00,53.53192
2024-11-01 02:00:00,51.93753
2024-11-01 03:00:00,49.46781
2024-11-01 04:00:00,50.28622
2024-11-01 05:00:00,48.66222
2024-11-01 06:00:00,47.84865
2024-11-01 07:00:00,42.13327
2024-11-01 08:00:00,41.24826
2024-11-01 09:00:00,40.64
2024-11-01 10:00:00,40.64
2024-11-01 11:00:00,43.64535
2024-11-01 12:00:00,49.96198
2024-11-01 13:00:00,51.37673
2024-11-01 14:00:00,53.62
2024-11-01 15:00:00,44.84879
2024-11-01 16:00:00,43.61163
2024-11-01 17:00:00,41.73658
2024-11-01 18:00:00,39.01953
2024-11-01 19:00:00,35.27368
2024-11-01 20:00:00,34.76573
2024-11-01 21:00:00,33.76588
2024-11-01 22:00:00,33.07358
2024-11-01 23:00:00,37.63037
2024-11-02 00:00:00,50.41176
2024-11-02 01:00:00,47.58686
2024-11-02 02:00:00,44.32097
2024-11-02 03:00:00,43.78456
2024-11-02 04:00:00,43.24619
2024-11-02 05:00:00,42.73129
2024-11-02 06:00:00,41.61849
2024-11-02 07:00:00,34.75463
2024-11-02 08:00:00,34.04279
2024-11-02 09:00:00,32.08724
2024-11-02 10:00:00,31.15846
2024-11-02 11:00:00,32.54849
2024-11-02 12:00:00,34.44298
2024-11-02 13:00:00,33.87054
2024-11-02 14:00:00,32.2833
2024-11-02 15:00:00,35.52548
2024-11-02 16:00:00,35.0
2024-11-02 17:00:00,33.06232
2024-11-02 18:00:00,27.73762
2024-11-02 19:00:00,22.38619
2024-11-02 20:00:00,20.02
2024-11-02 21:00:00,18.83
2024-11-02 22:00:00,20.97438
2024-11-02 23:00:00,24.688
2024-11-03 00:00:00,36.1571
2024-11-03 01:00:00,36.18954
2024-11-03 02:00:00,36.06743
2024-11-03 03:00:00,36.37965
2024-11-03 04:00:00,35.97512
2024-11-03 05:00:00,34.48923
2024-11-03 06:00:00,33.84613
2024-11-03 07:00:00,34.03513
2024-11-03 08:00:00,33.1351
2024-11-03 09:00:00,33.2098
2024-11-03 10:00:00,32.64808
2024-11-03 11:00:00,31.97426
2024-11-03 12:00:00,31.32767
2024-11-03 13:00:00,31.3812
2024-11-03 14:00:00,30.40318
2024-11-03 15:00:00,20.11459
2024-11-03 16:00:00,6.05563
2024-11-03 17:00:00,0.52771
2024-11-03 18:00:00,-0.20731
2024-11-03 19:00:00,-1.1467
2024-11-03 20:00:00,-1.41875
2024-11-03 21:00:00,-0.83501
2024-11-03 22:00:00,0.06267
2024-11-03 23:00:00,5.9082
2024-11-04 00:00:00,33.75328
2024-11-04 01:00:00,34.13784
2024-11-04 02:00:00,34.20848
2024-11-04 03:00:00,34.19592
2024-11-04 04:00:00,34.6625
2024-11-04 05:00:00,33.98856
2024-11-04 06:00:00,34.19564
2024-11-04 07:00:00,32.12637
2024-11-04 08:00:00,39.7843
2024-11-04 09:00:00,38.29787
2024-11-04 10:00:00,35.48857
2024-11-04 11:00:00,35.64423
2024-11-04 12:00:00,38.767
2024-11-04 13:00:00,44.69489
2024-11-04 14:00:00,43.89186
2024-11-04 15:00:00,36.80542
2024-11-04 16:00:00,33.81532
2024-11-04 17:00:00,35.24754
2024-11-04 18:00:00,30.6714
2024-11-04 19:00:00,27.46757
2024-11-04 20:00:00,23.69479
2024-11-04 21:00:00,23.89681
2024-11-04 22:00:00,26.29502
2024-11-04 23:00:00,32.03734
2024-11-05 00:00:00,46.75701
2024-11-05 01:00:00,52.02
2024-11-05 02:00:00,46.46157
2024-11-05 03:00:00,45.48468
2024-11-05 04:00:00,44.9302
2024-11-05 05:00:00,43.91007
2024-11-05 06:00:00,43.45522
2024-11-05 07:00:00,40.75312
2024-11-05 08:00:00,37.6815
2024-11-05 09:00:00,35.60192
2024-11-05 10:00:00,34.91494
2024-11-05 11:00:00,34.77004
2024-11-05 12:00:00,36.61111
2024-11-05 13:00:00,42.41749
2024-11-05 14:00:00,43.21957
2024-11-05 15:00:00,37.4303
2024-11-05 16:00:00,36.05725
2024-11-05 17:00:00,31.86293
2024-11-05 18:00:00,29.87231
2024-11-05 19:00:00,25.52875
2024-11-05 20:00:00,23.96524
2024-11-05 21:00:00,25.0
2024-11-05 22:00:00,27.95605
2024-11-05 23:00:00,37.34417
2024-11-06 00:00:00,43.99716
2024-11-06 01:00:00,49.23505
2024-11-06 02:00:00,42.39935
2024-11-06 03:00:00,42.05061
2024-11-06 04:00:00,41.1505
2024-11-06 05:00:00,40.34081
2024-11-06 06:00:00,38.79312
2024-11-06 07:00:00,35.84155
2024-11-06 08:00:00,38.45841
2024-11-06 09:00:00,38.14718
2024-11-06 10:00:00,37.53899
2024-11-06 11:00:00,37.93444
2024-11-06 12:00:00,38.57224
2024-11-06 13:00:00,45.00971
2024-11-06 14:00:00,45.40854
2024-11-06 15:00:00,44.81
2024-11-06 16:00:00,36.22853
2024-11-06 17:00:00,32.69401
2024-11-06 18:00:00,28.9332
2024-11-06 19:00:00,26.94094
2024-11-06 20:00:00,26.49245
2024-11-06 21:00:00,26.64043
2024-11-06 22:00:00,29.95274
2024-11-06 23:00:00,39.36803
2024-11-07 00:00:00,49.19258
2024-11-07 01:00:00,52.86561
2024-11-07 02:00:00,48.08415
2024-11-07 03:00:00,46.56533
2024-11-07 04:00:00,46.30671
2024-11-07 05:00:00,46.57118
2024-11-07 06:00:00,45.42202
2024-11-07 07:00:00,44.39053
2024-11-07 08:00:00,44.30169
2024-11-07 09:00:00,43.98507
2024-11-07 10:00:00,43.93492
2024-11-07 11:00:00,45.33674
2024-11-07 12:00:00,51.90495
2024-11-07 13:00:00,53.01639
2024-11-07 14:00:00,51.51221
2024-11-07 15:00:00,45.10771
2024-11-07 16:00:00,43.0463
2024-11-07 17:00:00,38.3105
2024-11-07 18:00:00,35.26265
2024-11-07 19:00:00,33.6643
2024-11-07 20:00:00,33.39893
2024-11-07 21:00:00,33.85821
2024-11-07 22:00:00,35.02
2024-11-07 23:00:00,40.78306
2024-11-08 00:00:00,56.43802
2024-11-08 01:00:00,57.66823
2024-11-08 02:00:00,56.89392
2024-11-08 03:00:00,55.99286
2024-11-08 04:00:00,55.60072
2024-11-08 05:00:00,56.09917
2024-11-08 06:00:00,56.80772
2024-11-08 07:00:00,55.56143
2024-11-08 08:00:00,46.67367
2024-11-08 09:00:00,48.4025
2024-11-08 10:00:00,46.13975
2024-11-08 11:00:00,46.34795
2024-11-08 12:00:00,50.46834
2024-11-08 13:00:00,55.51474
2024-11-08 14:00:00,56.42384
2024-11-08 15:00:00,51.67231
2024-11-08 16:00:00,45.11301
2024-11-08 17:00:00,38.17178
2024-11-08 18:00:00,35.47983
2024-11-08 19:00:00,33.13676
2024-11-08 20:00:00,31.8422
2024-11-08 21:00:00,32.0
2024-11-08 22:00:00,35.77333
2024-11-08 23:00:00,37.83033
2024-11-09 00:00:00,50.81239
2024-11-09 01:00:00,52.01788
2024-11-09 02:00:00,49.85968
2024-11-09 03:00:00,49.56317
2024-11-09 04:00:00,49.07588
2024-11-09 05:00:00,48.98969
2024-11-09 06:00:00,48.55246
2024-11-09 07:00:00,47.49254
2024-11-09 08:00:00,46.90174
2024-11-09 09:00:00,45.57131
2024-11-09 10:00:00,44.88094
2024-11-09 11:00:00,40.87583
2024-11-09 12:00:00,45.44038
2024-11-09 13:00:00,45.75685
2024-11-09 14:00:00,46.13553
2024-11-09 15:00:00,37.83038
2024-11-09 16:00:00,32.0
2024-11-09 17:00:00,27.02759
2024-11-09 18:00:00,25.60037
2024-11-09 19:00:00,25.0
2024-11-09 20:00:00,25.0
2024-11-09 21:00:00,25.4711
2024-11-09 22:00:00,27.33919
2024-11-09 23:00:00,33.04991
2024-11-10 00:00:00,49.10554
2024-11-10 01:00:00,48.56199
2024-11-10 02:00:00,47.64884
2024-11-10 03:00:00,47.93738
2024-11-10 04:00:00,47.42207
2024-11-10 05:00:00,47.04085
2024-11-10 06:00:00,46.26146
2024-11-10 07:00:00,45.03953
2024-11-10 08:00:00,37.0106
2024-11-10 09:00:00,37.04
2024-11-10 10:00:00,35.8038
2024-11-10 11:00:00,35.78198
2024-11-10 12:00:00,35.86823
2024-11-10 13:00:00,38.59989
2024-11-10 14:00:00,39.12468
2024-11-10 15:00:00,35.92566
2024-11-10 16:00:00,30.22896
2024-11-10 17:00:00,30.0
2024-11-10 18:00:00,27.13652
2024-11-10 19:00:00,25.78989
2024-11-10 20:00:00,25.12073
2024-11-10 21:00:00,25.0
2024-11-10 22:00:00,27.31762
2024-11-10 23:00:00,35.77536
2024-11-11 00:00:00,49.14789
2024-11-11 01:00:00,48.88082
2024-11-11 02:00:00,48.50541
2024-11-11 03:00:00,48.00479
2024-11-11 04:00:00,46.62531
2024-11-11 05:00:00,46.47055
2024-11-11 06:00:00,45.82955
2024-11-11 07:00:00,37.73837
2024-11-11 08:00:00,38.06625
2024-11-11 09:00:00,36.69444
2024-11-11 10:00:00,34.72688
2024-11-11 11:00:00,31.76401
2024-11-11 12:00:00,35.66942
2024-11-11 13:00:00,39.54283
2024-11-11 14:00:00,40.5374
2024-11-11 15:00:00,37.25
2024-11-11 16:00:00,37.50474
2024-11-11 17:00:00,33.47
2024-11-11 18:00:00,31.81916
2024-11-11 19:00:00,31.72685
2024-11-11 20:00:00,31.87874
2024-11-11 21:00:00,31.77468
2024-11-11 22:00:00,32.30383
2024-11-11 23:00:00,40.67998
2024-11-12 00:00:00,41.53122
2024-11-12 01:00:00,41.77885
2024-11-12 02:00:00,41.18821
2024-11-12 03:00:00,39.83394
2024-11-12 04:00:00,39.75566
2024-11-12 05:00:00,39.22095
2024-11-12 06:00:00,37.18064
2024-11-12 07:00:00,35.01499
2024-11-12 08:00:00,34.77149
2024-11-12 09:00:00,34.20739
2024-11-12 10:00:00,33.91692
2024-11-12 11:00:00,34.2168
2024-11-12 12:00:00,37.25775
2024-11-12 13:00:00,43.70903
2024-11-12 14:00:00,46.27561
2024-11-12 15:00:00,45.86206
2024-11-12 16:00:00,37.28219
2024-11-12 17:00:00,31.79012
2024-11-12 18:00:00,31.36981
2024-11-12 19:00:00,28.99
2024-11-12 20:00:00,27.42988
2024-11-12 21:00:00,26.49
2024-11-12 22:00:00,27.64077
2024-11-12 23:00:00,33.73158
2024-11-13 00:00:00,48.91853
2024-11-13 01:00:00,52.93341
2024-11-13 02:00:00,49.17154
2024-11-13 03:00:00,49.12545
2024-11-13 04:00:00,48.76796
2024-11-13 05:00:00,48.13495
2024-11-13 06:00:00,47.29092
2024-11-13 07:00:00,44.33229
2024-11-13 08:00:00,43.07899
2024-11-13 09:00:00,41.82724
2024-11-13 10:00:00,42.50949
2024-11-13 11:00:00,41.0
2024-11-13 12:00:00,43.49364
2024-11-13 13:00:00,50.18626
2024-11-13 14:00:00,52.69978
2024-11-13 15:00:00,45.99418
2024-11-13 16:00:00,43.55564
2024-11-13 17:00:00,43.63192
2024-11-13 18:00:00,38.58081
2024-11-13 19:00:00,37.63216
2024-11-13 20:00:00,47.14255
2024-11-13 21:00:00,42.99
2024-11-13 22:00:00,49.28
2024-11-13 23:00:00,52.91
2024-11-14 00:00:00,57.94709
2024-11-14 01:00:00,57.87626
2024-11-14 02:00:00,55.76112
2024-11-14 03:00:00,55.72939
2024-11-14 04:00:00,55.8142
2024-11-14 05:00:00,55.20779
2024-11-14 06:00:00,51.81429
2024-11-14 07:00:00,45.40282
2024-11-14 08:00:00,42.5044
2024-11-14 09:00:00,42.13241
2024-11-14 10:00:00,42.62243
2024-11-14 11:00:00,42.69471
2024-11-14 12:00:00,47.922
2024-11-14 13:00:00,51.84924
2024-11-14 14:00:00,52.46642
2024-11-14 15:00:00,48.2916
2024-11-14 16:00:00,47.4645
2024-11-14 17:00:00,43.42322
2024-11-14 18:00:00,38.3
2024-11-14 19:00:00,36.25151
2024-11-14 20:00:00,35.89242
2024-11-14 21:00:00,35.09463
2024-11-14 22:00:00,37.16049
2024-11-14 23:00:00,43.28803
2024-11-15 00:00:00,51.22845
2024-11-15 01:00:00,51.09614
2024-11-15 02:00:00,49.83065
2024-11-15 03:00:00,48.71543
2024-11-15 04:00:00,47.86258
2024-11-15 05:00:00,47.61635
2024-11-15 06:00:00,47.1475
2024-11-15 07:00:00,43.85563
2024-11-15 08:00:00,41.79414
2024-11-15 09:00:00,41.50796
2024-11-15 10:00:00,41.55938
2024-11-15 11:00:00,41.59618
2024-11-15 12:00:00,42.80157
2024-11-15 13:00:00,49.80253
2024-11-15 14:00:00,54.6136
2024-11-15 15:00:00,59.29695
2024-11-15 16:00:00,50.77169
2024-11-15 17:00:00,44.9565
2024-11-15 18:00:00,40.75153
2024-11-15 19:00:00,38.58185
2024-11-15 20:00:00,38.90952
2024-11-15 21:00:00,39.17487
2024-11-15 22:00:00,38.76621
2024-11-15 23:00:00,50.3128
2024-11-16 00:00:00,54.07889
2024-11-16 01:00:00,54.18728
2024-11-16 02:00:00,51.46618
2024-11-16 03:00:00,50.65235
2024-11-16 04:00:00,49.43879
2024-11-16 05:00:00,48.33302
2024-11-16 06:00:00,47.35921
2024-11-16 07:00:00,46.99409
2024-11-16 08:00:00,39.32162
2024-11-16 09:00:00,39.22229
2024-11-16 10:00:00,38.55837
2024-11-16 11:00:00,39.18155
2024-11-16 12:00:00,40.89777
2024-11-16 13:00:00,46.20212
2024-11-16 14:00:00,46.62353
2024-11-16 15:00:00,43.14053
2024-11-16 16:00:00,39.02452
2024-11-16 17:00:00,35.73998
2024-11-16 18:00:00,32.54983
2024-11-16 19:00:00,30.52017
2024-11-16 20:00:00,31.98415
2024-11-16 21:00:00,40.00109
2024-11-16 22:00:00,40.80041
2024-11-16 23:00:00,47.37976
2024-11-17 00:00:00,54.08479
2024-11-17 01:00:00,54.54733
2024-11-17 02:00:00,52.82513
2024-11-17 03:00:00,52.17054
2024-11-17 04:00:00,52.21076
2024-11-17 05:00:00,52.36658
2024-11-17 06:00:00,51.8088
2024-11-17 07:00:00,50.77702
2024-11-17 08:00:00,44.8557
2024-11-17 09:00:00,44.64
2024-11-17 10:00:00,43.79715
2024-11-17 11:00:00,42.80956
2024-11-17 12:00:00,44.64
2024-11-17 13:00:00,45.01206
2024-11-17 14:00:00,44.92218
2024-11-17 15:00:00,36.28568
2024-11-17 16:00:00,36.82434
2024-11-17 17:00:00,34.66462
2024-11-17 18:00:00,33.38216
2024-11-17 19:00:00,31.87049
2024-11-17 20:00:00,30.89
2024-11-17 21:00:00,33.31386
2024-11-17 22:00:00,35.08
2024-11-17 23:00:00,40.54058
2024-11-18 00:00:00,47.43999
2024-11-18 01:00:00,49.89962
2024-11-18 02:00:00,47.65519
2024-11-18 03:00:00,46.2769
2024-11-18 04:00:00,45.54544
2024-11-18 05:00:00,45.10686
2024-11-18 06:00:00,41.66897
2024-11-18 07:00:00,38.43066
2024-11-18 08:00:00,34.44756
2024-11-18 09:00:00,34.03656
2024-11-18 10:00:00,32.87969
2024-11-18 11:00:00,33.33859
2024-11-18 12:00:00,36.58538
2024-11-18 13:00:00,43.21167
2024-11-18 14:00:00,44.95647
2024-11-18 15:00:00,43.63322
2024-11-18 16:00:00,40.04
2024-11-18 17:00:00,37.96722
2024-11-18 18:00:00,35.96793
2024-11-18 19:00:00,30.93668
2024-11-18 20:00:00,28.54453
2024-11-18 21:00:00,27.91313
2024-11-18 22:00:00,31.60765
2024-11-18 23:00:00,39.45561
2024-11-19 00:00:00,47.0014
2024-11-19 01:00:00,50.47206
2024-11-19 02:00:00,47.38517
2024-11-19 03:00:00,46.90497
2024-11-19 04:00:00,46.11852
2024-11-19 05:00:00,46.49653
2024-11-19 06:00:00,44.6414
2024-11-19 07:00:00,42.54201
2024-11-19 08:00:00,52.05087
2024-11-19 09:00:00,51.68068
2024-11-19 10:00:00,51.7368
2024-11-19 11:00:00,51.22546
2024-11-19 12:00:00,53.0
2024-11-19 13:00:00,62.0
2024-11-19 14:00:00,69.60359
2024-11-19 15:00:00,66.59677
2024-11-19 16:00:00,58.31677
2024-11-19 17:00:00,50.19074
2024-11-19 18:00:00,48.6
2024-11-19 19:00:00,46.80615
2024-11-19 20:00:00,45.78789
2024-11-19 21:00:00,47.19327
2024-11-19 22:00:00,48.77
2024-11-19 23:00:00,65.53943
2024-11-20 00:00:00,66.82601
2024-11-20 01:00:00,67.32719
2024-11-20 02:00:00,65.21912
2024-11-20 03:00:00,65.32985
2024-11-20 04:00:00,64.57269
2024-11-20 05:00:00,63.92219
2024-11-20 06:00:00,61.61951
2024-11-20 07:00:00,58.15726
2024-11-20 08:00:00,49.14312
2024-11-20 09:00:00,48.79832
2024-11-20 10:00:00,47.98013
2024-11-20 11:00:00,48.12147
2024-11-20 12:00:00,49.01754
2024-11-20 13:00:00,55.07037
2024-11-20 14:00:00,60.6171
2024-11-20 15:00:00,61.10817
2024-11-20 16:00:00,61.71912
2024-11-20 17:00:00,57.67419
2024-11-20 18:00:00,57.14807
2024-11-20 19:00:00,56.59345
2024-11-20 20:00:00,54.85486
2024-11-20 21:00:00,55.27754
2024-11-20 22:00:00,56.18917
2024-11-20 23:00:00,63.65688
2024-11-21 00:00:00,63.47158
2024-11-21 01:00:00,63.92532
2024-11-21 02:00:00,63.34589
2024-11-21 03:00:00,60.12671
2024-11-21 04:00:00,59.00379
2024-11-21 05:00:00,57.79455
2024-11-21 06:00:00,53.0679
2024-11-21 07:00:00,49.35553
2024-11-21 08:00:00,53.05266
2024-11-21 09:00:00,52.14486
2024-11-21 10:00:00,51.67333
2024-11-21 11:00:00,51.72044
2024-11-21 12:00:00,52.17713
2024-11-21 13:00:00,56.32767
2024-11-21 14:00:00,60.77348
2024-11-21 15:00:00,55.77543
2024-11-21 16:00:00,56.22968
2024-11-21 17:00:00,54.15316
2024-11-21 18:00:00,51.90598
2024-11-21 19:00:00,53.50231
2024-11-21 20:00:00,54.00644
2024-11-21 21:00:00,57.23449
2024-11-21 22:00:00,58.54981
2024-11-21 23:00:00,69.81255
2024-11-22 00:00:00,74.91674
2024-11-22 01:00:00,73.38075
2024-11-22 02:00:00,69.13301
2024-11-22 03:00:00,66.03308
2024-11-22 04:00:00,64.11175
2024-11-22 05:00:00,62.88162
2024-11-22 06:00:00,56.78098
2024-11-22 07:00:00,51.35135
2024-11-22 08:00:00,50.72778
2024-11-22 09:00:00,50.38017
2024-11-22 10:00:00,50.46127
2024-11-22 11:00:00,50.31242
2024-11-22 12:00:00,50.93585
2024-11-22 13:00:00,58.04041
2024-11-22 14:00:00,62.26444
2024-11-22 15:00:00,59.14381
2024-11-22 16:00:00,53.14038
2024-11-22 17:00:00,55.0
2024-11-22 18:00:00,52.5493
2024-11-22 19:00:00,54.34107
2024-11-22 20:00:00,56.80952
2024-11-22 21:00:00,59.23643
2024-11-22 22:00:00,62.54133
2024-11-22 23:00:00,69.19
2024-11-23 00:00:00,67.76809
2024-11-23 01:00:00,69.31051
2024-11-23 02:00:00,64.77064
2024-11-23 03:00:00,62.91344
2024-11-23 04:00:00,61.32652
2024-11-23 05:00:00,59.5196
2024-11-23 06:00:00,55.5138
2024-11-23 07:00:00,52.1678
2024-11-23 08:00:00,45.9749
2024-11-23 09:00:00,45.24101
2024-11-23 10:00:00,43.92572
2024-11-23 11:00:00,43.7
2024-11-23 12:00:00,44.20309
2024-11-23 13:00:00,47.4983
2024-11-23 14:00:00,50.95401
2024-11-23 15:00:00,50.09658
2024-11-23 16:00:00,50.61557
2024-11-23 17:00:00,49.39328
2024-11-23 18:00:00,47.22592
2024-11-23 19:00:00,42.75516
2024-11-23 20:00:00,40.0
2024-11-23 21:00:00,40.99757
2024-11-23 22:00:00,44.64334
2024-11-23 23:00:00,51.31479
2024-11-24 00:00:00,52.56467
2024-11-24 01:00:00,56.06437
2024-11-24 02:00:00,52.38285
2024-11-24 03:00:00,50.8761
2024-11-24 04:00:00,50.26508
2024-11-24 05:00:00,49.95134
2024-11-24 06:00:00,49.00454
2024-11-24 07:00:00,47.69438
2024-11-24 08:00:00,47.93916
2024-11-24 09:00:00,46.79
2024-11-24 10:00:00,42.62093
2024-11-24 11:00:00,41.57225
2024-11-24 12:00:00,42.73104
2024-11-24 13:00:00,48.91678
2024-11-24 14:00:00,48.7
2024-11-24 15:00:00,48.52936
2024-11-24 16:00:00,48.4936
2024-11-24 17:00:00,48.20601
2024-11-24 18:00:00,46.35689
2024-11-24 19:00:00,47.40106
2024-11-24 20:00:00,45.72037
2024-11-24 21:00:00,46.57328
2024-11-24 22:00:00,47.71625
2024-11-24 23:00:00,52.44179
2024-11-25 00:00:00,59.50676
2024-11-25 01:00:00,63.72268
2024-11-25 02:00:00,61.47313
2024-11-25 03:00:00,58.62811
2024-11-25 04:00:00,58.34725
2024-11-25 05:00:00,57.56799
2024-11-25 06:00:00,55.25745
2024-11-25 07:00:00,51.40795
2024-11-25 08:00:00,48.20793
2024-11-25 09:00:00,48.15754
2024-11-25 10:00:00,47.26255
2024-11-25 11:00:00,48.07048
2024-11-25 12:00:00,48.68309
2024-11-25 13:00:00,54.43038
2024-11-25 14:00:00,58.35177
2024-11-25 15:00:00,56.43911
2024-11-25 16:00:00,55.87007
2024-11-25 17:00:00,56.17067
2024-11-25 18:00:00,54.29426
2024-11-25 19:00:00,55.5
2024-11-25 20:00:00,58.67
2024-11-25 21:00:00,58.14557
2024-11-25 22:00:00,61.5
2024-11-25 23:00:00,69.10923
2024-11-26 00:00:00,73.91698
2024-11-26 01:00:00,74.02134
2024-11-26 02:00:00,70.76691
2024-11-26 03:00:00,69.2853
2024-11-26 04:00:00,69.03948
2024-11-26 05:00:00,66.71967
2024-11-26 06:00:00,59.84862
2024-11-26 07:00:00,54.08911
2024-11-26 08:00:00,49.23995
2024-11-26 09:00:00,46.86575
2024-11-26 10:00:00,46.32957
2024-11-26 11:00:00,46.94988
2024-11-26 12:00:00,47.30652
2024-11-26 13:00:00,53.19928
2024-11-26 14:00:00,56.3037
2024-11-26 15:00:00,55.72424
2024-11-26 16:00:00,54.57766
2024-11-26 17:00:00,53.63099
2024-11-26 18:00:00,51.91754
2024-11-26 19:00:00,49.87198
2024-11-26 20:00:00,47.4162
2024-11-26 21:00:00,48.67054
2024-11-26 22:00:00,51.8883
2024-11-26 23:00:00,57.55295
2024-11-27 00:00:00,59.61809
2024-11-27 01:00:00,60.5329
2024-11-27 02:00:00,56.84199
2024-11-27 03:00:00,56.50426
2024-11-27 04:00:00,55.19911
2024-11-27 05:00:00,53.93677
2024-11-27 06:00:00,50.1128
2024-11-27 07:00:00,46.45728
2024-11-27 08:00:00,46.18183
2024-11-27 09:00:00,44.65085
2024-11-27 10:00:00,44.01123
2024-11-27 11:00:00,43.98937
2024-11-27 12:00:00,44.69627
2024-11-27 13:00:00,49.22264
2024-11-27 14:00:00,54.44032
2024-11-27 15:00:00,54.66343
2024-11-27 16:00:00,49.71571
2024-11-27 17:00:00,42.97603
2024-11-27 18:00:00,40.32764
2024-11-27 19:00:00,38.28884
2024-11-27 20:00:00,36.99407
2024-11-27 21:00:00,37.11529
2024-11-27 22:00:00,39.68792
2024-11-27 23:00:00,50.70489
2024-11-28 00:00:00,58.48851
2024-11-28 01:00:00,63.70487
2024-11-28 02:00:00,60.98876
2024-11-28 03:00:00,58.85582
2024-11-28 04:00:00,58.08236
2024-11-28 05:00:00,58.15175
2024-11-28 06:00:00,57.7501
2024-11-28 07:00:00,56.64305
2024-11-28 08:00:00,48.15686
2024-11-28 09:00:00,48.95165
2024-11-28 10:00:00,46.96441
2024-11-28 11:00:00,47.25333
2024-11-28 12:00:00,47.86554
2024-11-28 13:00:00,50.42233
2024-11-28 14:00:00,51.05215
2024-11-28 15:00:00,46.77414
2024-11-28 16:00:00,45.00837
2024-11-28 17:00:00,40.75754
2024-11-28 18:00:00,37.42617
2024-11-28 19:00:00,33.47116
2024-11-28 20:00:00,28.12863
2024-11-28 21:00:00,31.44
2024-11-28 22:00:00,36.11
2024-11-28 23:00:00,45.75674
2024-11-29 00:00:00,54.0382
2024-11-29 01:00:00,54.96399
2024-11-29 02:00:00,53.39892
2024-11-29 03:00:00,53.228
2024-11-29 04:00:00,52.915
2024-11-29 05:00:00,53.13245
2024-11-29 06:00:00,52.09763
2024-11-29 07:00:00,51.20037
2024-11-29 08:00:00,47.48284
2024-11-29 09:00:00,45.69633
2024-11-29 10:00:00,45.27831
2024-11-29 11:00:00,45.5263
2024-11-29 12:00:00,47.0
2024-11-29 13:00:00,48.95761
2024-11-29 14:00:00,49.30387
2024-11-29 15:00:00,48.99899
2024-11-29 16:00:00,46.77574
2024-11-29 17:00:00,40.55325
2024-11-29 18:00:00,39.4446
2024-11-29 19:00:00,36.91481
2024-11-29 20:00:00,34.47696
2024-11-29 21:00:00,37.92917
2024-11-29 22:00:00,40.77105
2024-11-29 23:00:00,52.79678
2024-11-30 00:00:00,53.89244
2024-11-30 01:00:00,55.70734
2024-11-30 02:00:00,54.63973
2024-11-30 03:00:00,54.599
2024-11-30 04:00:00,54.24165
2024-11-30 05:00:00,53.54478
2024-11-30 06:00:00,52.4031
2024-11-30 07:00:00,47.56462
2024-11-30 08:00:00,51.3243
2024-11-30 09:00:00,49.02
2024-11-30 10:00:00,47.03355
2024-11-30 11:00:00,47.77
2024-11-30 12:00:00,50.8476
2024-11-30 13:00:00,51.91501
2024-11-30 14:00:00,51.79398
2024-11-30 15:00:00,45.331
2024-11-30 16:00:00,43.22338
2024-11-30 17:00:00,40.31636
2024-11-30 18:00:00,37.25
2024-11-30 19:00:00,35.77114
2024-11-30 20:00:00,34.39208
2024-11-30 21:00:00,34.93457
2024-11-30 22:00:00,37.52858
2024-11-30 23:00:00,55.63744
2024-12-01 00:00:00,57.9754
2024-12-01 01:00:00,60.05059
2024-12-01 02:00:00,59.08566
2024-12-01 03:00:00,57.13346
2024-12-01 04:00:00,57.33677
2024-12-01 05:00:00,57.55793
2024-12-01 06:00:00,57.58977
2024-12-01 07:00:00,56.94164
2024-12-01 08:00:00,60.38948
2024-12-01 09:00:00,59.6839
2024-12-01 10:00:00,55.6254
2024-12-01 11:00:00,54.72416
2024-12-01 12:00:00,55.99856
2024-12-01 13:00:00,57.34027
2024-12-01 14:00:00,57.80331
2024-12-01 15:00:00,48.86347
2024-12-01 16:00:00,42.84345
2024-12-01 17:00:00,44.40822
2024-12-01 18:00:00,41.62664
2024-12-01 19:00:00,39.3802
2024-12-01 20:00:00,38.15996
2024-12-01 21:00:00,38.45155
2024-12-01 22:00:00,41.80984
2024-12-01 23:00:00,54.21095
2024-12-02 00:00:00,63.32374
2024-12-02 01:00:00,64.37921
2024-12-02 02:00:00,63.14497
2024-12-02 03:00:00,62.15002
2024-12-02 04:00:00,61.75699
2024-12-02 05:00:00,62.29202
2024-12-02 06:00:00,60.53789
2024-12-02 07:00:00,59.49137
2024-12-02 08:00:00,61.98656
2024-12-02 09:00:00,56.6827
2024-12-02 10:00:00,56.72033
2024-12-02 11:00:00,56.12059
2024-12-02 12:00:00,58.30323
2024-12-02 13:00:00,68.86054
2024-12-02 14:00:00,70.36238
2024-12-02 15:00:00,67.81678
2024-12-02 16:00:00,50.47585
2024-12-02 17:00:00,46.18243
2024-12-02 18:00:00,44.03136
2024-12-02 19:00:00,41.22048
2024-12-02 20:00:00,39.61272
2024-12-02 21:00:00,39.31646
2024-12-02 22:00:00,43.35129
2024-12-02 23:00:00,58.1506
2024-12-03 00:00:00,67.56265
2024-12-03 01:00:00,70.18005
2024-12-03 02:00:00,66.7703
2024-12-03 03:00:00,66.21102
2024-12-03 04:00:00,66.2037
2024-12-03 05:00:00,65.49831
2024-12-03 06:00:00,64.23773
2024-12-03 07:00:00,61.48667
2024-12-03 08:00:00,50.23252
2024-12-03 09:00:00,47.70225
2024-12-03 10:00:00,46.79324
2024-12-03 11:00:00,47.0
2024-12-03 12:00:00,47.91824
2024-12-03 13:00:00,56.99661
2024-12-03 14:00:00,63.42
2024-12-03 15:00:00,60.01623
2024-12-03 16:00:00,51.0
2024-12-03 17:00:00,48.5859
2024-12-03 18:00:00,44.26952
2024-12-03 19:00:00,43.25279
2024-12-03 20:00:00,40.76835
2024-12-03 21:00:00,40.44337
2024-12-03 22:00:00,43.69435
2024-12-03 23:00:00,53.30224
2024-12-04 00:00:00,64.03363
2024-12-04 01:00:00,64.59152
2024-12-04 02:00:00,64.23173
2024-12-04 03:00:00,61.94114
2024-12-04 04:00:00,61.62
2024-12-04 05:00:00,60.31298
2024-12-04 06:00:00,56.97066
2024-12-04 07:00:00,53.45008
2024-12-04 08:00:00,46.99916
2024-12-04 09:00:00,46.31948
2024-12-04 10:00:00,45.40377
2024-12-04 11:00:00,45.65979
2024-12-04 12:00:00,46.04303
2024-12-04 13:00:00,53.07994
2024-12-04 14:00:00,57.3424
2024-12-04 15:00:00,55.6317
2024-12-04 16:00:00,48.45552
2024-12-04 17:00:00,46.65154
2024-12-04 18:00:00,43.6672
2024-12-04 19:00:00,41.4747
2024-12-04 20:00:00,37.86
2024-12-04 21:00:00,39.06682
2024-12-04 22:00:00,43.13252
2024-12-04 23:00:00,50.62617
2024-12-05 00:00:00,61.18522
2024-12-05 01:00:00,62.23131
2024-12-05 02:00:00,59.63944
2024-12-05 03:00:00,58.92444
2024-12-05 04:00:00,57.89243
2024-12-05 05:00:00,58.22811
2024-12-05 06:00:00,56.27438
2024-12-05 07:00:00,54.01
2024-12-05 08:00:00,50.36713
2024-12-05 09:00:00,46.69222
2024-12-05 10:00:00,45.32951
2024-12-05 11:00:00,45.40652
2024-12-05 12:00:00,48.95018
2024-12-05 13:00:00,53.0
2024-12-05 14:00:00,56.65636
2024-12-05 15:00:00,55.49557
2024-12-05 16:00:00,51.72248
2024-12-05 17:00:00,48.9115
2024-12-05 18:00:00,47.43
2024-12-05 19:00:00,44.15878
2024-12-05 20:00:00,41.76551
2024-12-05 21:00:00,41.1809
2024-12-05 22:00:00,43.59643
2024-12-05 23:00:00,50.84264
2024-12-06 00:00:00,58.91738
2024-12-06 01:00:00,59.51449
2024-12-06 02:00:00,57.89995
2024-12-06 03:00:00,56.96322
2024-12-06 04:00:00,56.97195
2024-12-06 05:00:00,56.30832
2024-12-06 06:00:00,54.45751
2024-12-06 07:00:00,53.29351
2024-12-06 08:00:00,50.0467
2024-12-06 09:00:00,46.4615
2024-12-06 10:00:00,45.97937
2024-12-06 11:00:00,45.74517
2024-12-06 12:00:00,47.24384
2024-12-06 13:00:00,56.66141
2024-12-06 14:00:00,59.1026
2024-12-06 15:00:00,59.41045
2024-12-06 16:00:00,50.03797
2024-12-06 17:00:00,48.26109
2024-12-06 18:00:00,48.53843
2024-12-06 19:00:00,47.0591
2024-12-06 20:00:00,41.79772
2024-12-06 21:00:00,42.04972
2024-12-06 22:00:00,45.81323
2024-12-06 23:00:00,52.97269
2024-12-07 00:00:00,60.30286
2024-12-07 01:00:00,62.07104
2024-12-07 02:00:00,60.05897
2024-12-07 03:00:00,59.08482
2024-12-07 04:00:00,57.48378
2024-12-07 05:00:00,57.00261
2024-12-07 06:00:00,56.91415
2024-12-07 07:00:00,54.93852
2024-12-07 08:00:00,47.51327
2024-12-07 09:00:00,47.1202
2024-12-07 10:00:00,45.0
2024-12-07 11:00:00,45.05893
2024-12-07 12:00:00,45.26713
2024-12-07 13:00:00,48.85234
2024-12-07 14:00:00,48.9181
2024-12-07 15:00:00,47.85575
2024-12-07 16:00:00,47.89028
2024-12-07 17:00:00,47.56972
2024-12-07 18:00:00,43.46315
2024-12-07 19:00:00,41.25733
2024-12-07 20:00:00,37.49166
2024-12-07 21:00:00,38.53947
2024-12-07 22:00:00,40.0
2024-12-07 23:00:00,49.06144
2024-12-08 00:00:00,51.73331
2024-12-08 01:00:00,53.93738
2024-12-08 02:00:00,51.39456
2024-12-08 03:00:00,50.95893
2024-12-08 04:00:00,50.34312
2024-12-08 05:00:00,49.22273
2024-12-08 06:00:00,49.08801
2024-12-08 07:00:00,48.63565
2024-12-08 08:00:00,45.38107
2024-12-08 09:00:00,44.43
2024-12-08 10:00:00,43.58027
2024-12-08 11:00:00,41.6687
2024-12-08 12:00:00,41.17277
2024-12-08 13:00:00,43.42797
2024-12-08 14:00:00,43.63188
2024-12-08 15:00:00,39.22001
2024-12-08 16:00:00,41.29645
2024-12-08 17:00:00,39.74186
2024-12-08 18:00:00,37.17763
2024-12-08 19:00:00,33.42061
2024-12-08 20:00:00,33.51884
2024-12-08 21:00:00,34.15798
2024-12-08 22:00:00,36.31419
2024-12-08 23:00:00,44.542
2024-12-09 00:00:00,49.95298
2024-12-09 01:00:00,49.52507
2024-12-09 02:00:00,49.46537
2024-12-09 03:00:00,49.45539
2024-12-09 04:00:00,49.43212
2024-12-09 05:00:00,49.70868
2024-12-09 06:00:00,48.08594
2024-12-09 07:00:00,47.49832
2024-12-09 08:00:00,41.42386
2024-12-09 09:00:00,41.52273
2024-12-09 10:00:00,41.51318
2024-12-09 11:00:00,41.39512
2024-12-09 12:00:00,42.7131
2024-12-09 13:00:00,49.14305
2024-12-09 14:00:00,53.29821
2024-12-09 15:00:00,53.59143
2024-12-09 16:00:00,48.08834
2024-12-09 17:00:00,44.95164
2024-12-09 18:00:00,43.07358
2024-12-09 19:00:00,39.49622
2024-12-09 20:00:00,39.01984
2024-12-09 21:00:00,38.99799
2024-12-09 22:00:00,40.7782
2024-12-09 23:00:00,48.93327
2024-12-10 00:00:00,58.59145
2024-12-10 01:00:00,58.68069
2024-12-10 02:00:00,57.27155
2024-12-10 03:00:00,57.52531
2024-12-10 04:00:00,57.45703
2024-12-10 05:00:00,57.18812
2024-12-10 06:00:00,55.33379
2024-12-10 07:00:00,52.66091
2024-12-10 08:00:00,45.57767
2024-12-10 09:00:00,46.04541
2024-12-10 10:00:00,45.37649
2024-12-10 11:00:00,45.43786
2024-12-10 12:00:00,48.02
2024-12-10 13:00:00,54.31102
2024-12-10 14:00:00,55.0
2024-12-10 15:00:00,57.31376
2024-12-10 16:00:00,54.41982
2024-12-10 17:00:00,48.66801
2024-12-10 18:00:00,42.29184
2024-12-10 19:00:00,40.78255
2024-12-10 20:00:00,39.33483
2024-12-10 21:00:00,39.98192
2024-12-10 22:00:00,42.6224
2024-12-10 23:00:00,48.91304
2024-12-11 00:00:00,61.49295
2024-12-11 01:00:00,62.91413
2024-12-11 02:00:00,62.03275
2024-12-11 03:00:00,61.16144
2024-12-11 04:00:00,61.17024
2024-12-11 05:00:00,60.68599
2024-12-11 06:00:00,58.55023
2024-12-11 07:00:00,56.81276
2024-12-11 08:00:00,49.55314
2024-12-11 09:00:00,49.44717
2024-12-11 10:00:00,48.89596
2024-12-11 11:00:00,49.1332
2024-12-11 12:00:00,50.706
2024-12-11 13:00:00,59.75626
2024-12-11 14:00:00,62.95986
2024-12-11 15:00:00,65.29516
2024-12-11 16:00:00,65.90871
2024-12-11 17:00:00,60.9149
2024-12-11 18:00:00,54.67698
2024-12-11 19:00:00,47.1999
2024-12-11 20:00:00,44.57962
2024-12-11 21:00:00,44.58911
2024-12-11 22:00:00,48.86463
2024-12-11 23:00:00,59.96382
2024-12-12 00:00:00,64.93201
2024-12-12 01:00:00,65.48979
2024-12-12 02:00:00,63.03963
2024-12-12 03:00:00,62.81035
2024-12-12 04:00:00,62.68722
2024-12-12 05:00:00,61.83858
2024-12-12 06:00:00,57.95747
2024-12-12 07:00:00,53.91675
2024-12-12 08:00:00,50.72516
2024-12-12 09:00:00,48.90197
2024-12-12 10:00:00,48.79942
2024-12-12 11:00:00,48.24576
2024-12-12 12:00:00,48.87984
2024-12-12 13:00:00,57.53403
2024-12-12 14:00:00,61.39894
2024-12-12 15:00:00,62.09318
2024-12-12 16:00:00,62.21148
2024-12-12 17:00:00,62.74559
2024-12-12 18:00:00,60.0
2024-12-12 19:00:00,50.0
2024-12-12 20:00:00,48.14691
2024-12-12 21:00:00,50.0
2024-12-12 22:00:00,59.35003
2024-12-12 23:00:00,62.16014
2024-12-13 00:00:00,61.98607
2024-12-13 01:00:00,61.69629
2024-12-13 02:00:00,60.1994
2024-12-13 03:00:00,56.76043
2024-12-13 04:00:00,55.39792
2024-12-13 05:00:00,54.35358
2024-12-13 06:00:00,50.66886
2024-12-13 07:00:00,47.4183
2024-12-13 08:00:00,43.93651
2024-12-13 09:00:00,43.55261
2024-12-13 10:00:00,43.118
2024-12-13 11:00:00,43.05094
2024-12-13 12:00:00,43.78604
2024-12-13 13:00:00,51.21915
2024-12-13 14:00:00,54.42752
2024-12-13 15:00:00,54.44501
2024-12-13 16:00:00,55.4421
2024-12-13 17:00:00,53.62952
2024-12-13 18:00:00,51.81882
2024-12-13 19:00:00,48.71
2024-12-13 20:00:00,45.25832
2024-12-13 21:00:00,46.21153
2024-12-13 22:00:00,52.62197
2024-12-13 23:00:00,53.6
2024-12-14 00:00:00,56.9546
2024-12-14 01:00:00,56.89607
2024-12-14 02:00:00,55.40047
2024-12-14 03:00:00,55.15659
2024-12-14 04:00:00,53.86521
2024-12-14 05:00:00,53.34722
2024-12-14 06:00:00,51.92338
2024-12-14 07:00:00,51.17797
2024-12-14 08:00:00,48.50494
2024-12-14 09:00:00,46.17115
2024-12-14 10:00:00,43.759
2024-12-14 11:00:00,43.49365
2024-12-14 12:00:00,45.30037
2024-12-14 13:00:00,49.66971
2024-12-14 14:00:00,50.07051
2024-12-14 15:00:00,50.22838
2024-12-14 16:00:00,49.04878
2024-12-14 17:00:00,49.42602
2024-12-14 18:00:00,49.30959
2024-12-14 19:00:00,48.23461
2024-12-14 20:00:00,41.38738
2024-12-14 21:00:00,40.83044
2024-12-14 22:00:00,46.85997
2024-12-14 23:00:00,48.57706
2024-12-15 00:00:00,50.19146
2024-12-15 01:00:00,50.71011
2024-12-15 02:00:00,50.28085
2024-12-15 03:00:00,49.69365
2024-12-15 04:00:00,48.95577
2024-12-15 05:00:00,48.7513
2024-12-15 06:00:00,48.34831
2024-12-15 07:00:00,45.17823
2024-12-15 08:00:00,39.06137
2024-12-15 09:00:00,38.42772
2024-12-15 10:00:00,38.23753
2024-12-15 11:00:00,37.7138
2024-12-15 12:00:00,38.72019
2024-12-15 13:00:00,39.56271
2024-12-15 14:00:00,42.06968
2024-12-15 15:00:00,44.95106
2024-12-15 16:00:00,41.40493
2024-12-15 17:00:00,44.97806
2024-12-15 18:00:00,43.96098
2024-12-15 19:00:00,41.78184
2024-12-15 20:00:00,35.72252
2024-12-15 21:00:00,41.74302
2024-12-15 22:00:00,49.30466
2024-12-15 23:00:00,50.19891
2024-12-16 00:00:00,52.68037
2024-12-16 01:00:00,54.72338
2024-12-16 02:00:00,54.26284
2024-12-16 03:00:00,54.20824
2024-12-16 04:00:00,54.62784
2024-12-16 05:00:00,53.65277
2024-12-16 06:00:00,52.0008
2024-12-16 07:00:00,50.84303
2024-12-16 08:00:00,48.7634
2024-12-16 09:00:00,48.20303
2024-12-16 10:00:00,48.33842
2024-12-16 11:00:00,48.45247
2024-12-16 12:00:00,48.96533
2024-12-16 13:00:00,57.65324
2024-12-16 14:00:00,59.97009
2024-12-16 15:00:00,59.64484
2024-12-16 16:00:00,51.80504
2024-12-16 17:00:00,50.97003
2024-12-16 18:00:00,49.65243
2024-12-16 19:00:00,47.26459
2024-12-16 20:00:00,44.63914
2024-12-16 21:00:00,42.08025
2024-12-16 22:00:00,47.46
2024-12-16 23:00:00,47.72321
2024-12-17 00:00:00,60.1421
2024-12-17 01:00:00,61.42141
2024-12-17 02:00:00,60.09443
2024-12-17 03:00:00,57.07924
2024-12-17 04:00:00,56.50822
2024-12-17 05:00:00,55.89099
2024-12-17 06:00:00,52.28457
2024-12-17 07:00:00,47.77565
2024-12-17 08:00:00,44.10209
2024-12-17 09:00:00,43.5101
2024-12-17 10:00:00,42.69383
2024-12-17 11:00:00,42.80561
2024-12-17 12:00:00,43.02818
2024-12-17 13:00:00,51.17248
2024-12-17 14:00:00,55.87906
2024-12-17 15:00:00,56.57846
2024-12-17 16:00:00,57.1938
2024-12-17 17:00:00,55.17518
2024-12-17 18:00:00,49.51954
2024-12-17 19:00:00,46.29572
2024-12-17 20:00:00,42.94684
2024-12-17 21:00:00,40.25712
2024-12-17 22:00:00,42.13089
2024-12-17 23:00:00,42.33835
2024-12-18 00:00:00,57.07731
2024-12-18 01:00:00,56.84072
2024-12-18 02:00:00,56.51126
2024-12-18 03:00:00,55.59061
2024-12-18 04:00:00,54.65143
2024-12-18 05:00:00,54.6083
2024-12-18 06:00:00,52.08066
2024-12-18 07:00:00,50.34929
2024-12-18 08:00:00,50.62479
2024-12-18 09:00:00,45.26593
2024-12-18 10:00:00,45.15679
2024-12-18 11:00:00,45.0293
2024-12-18 12:00:00,46.64
2024-12-18 13:00:00,52.74418
2024-12-18 14:00:00,56.35242
2024-12-18 15:00:00,55.61203
2024-12-18 16:00:00,46.6449
2024-12-18 17:00:00,46.08
2024-12-18 18:00:00,42.62642
2024-12-18 19:00:00,40.38913
2024-12-18 20:00:00,35.44244
2024-12-18 21:00:00,32.8936
2024-12-18 22:00:00,37.0999
2024-12-18 23:00:00,48.53098
2024-12-19 00:00:00,52.45791
2024-12-19 01:00:00,54.71898
2024-12-19 02:00:00,54.58461
2024-12-19 03:00:00,52.59808
2024-12-19 04:00:00,52.56488
2024-12-19 05:00:00,50.9969
2024-12-19 06:00:00,50.56866
2024-12-19 07:00:00,50.40998
2024-12-19 08:00:00,44.37986
2024-12-19 09:00:00,44.20121
2024-12-19 10:00:00,43.77213
2024-12-19 11:00:00,43.79946
2024-12-19 12:00:00,44.13562
2024-12-19 13:00:00,52.08836
2024-12-19 14:00:00,56.03163
2024-12-19 15:00:00,57.45959
2024-12-19 16:00:00,52.21914
2024-12-19 17:00:00,51.23339
2024-12-19 18:00:00,49.30329
2024-12-19 19:00:00,44.29675
2024-12-19 20:00:00,38.68655
2024-12-19 21:00:00,39.3881
2024-12-19 22:00:00,43.10708
2024-12-19 23:00:00,51.60168
2024-12-20 00:00:00,57.22086
2024-12-20 01:00:00,59.5773
2024-12-20 02:00:00,58.43935
2024-12-20 03:00:00,57.77421
2024-12-20 04:00:00,57.41946
2024-12-20 05:00:00,56.03124
2024-12-20 06:00:00,54.22983
2024-12-20 07:00:00,50.33769
2024-12-20 08:00:00,46.44653
2024-12-20 09:00:00,44.8911
2024-12-20 10:00:00,41.95387
2024-12-20 11:00:00,42.15985
2024-12-20 12:00:00,47.21
2024-12-20 13:00:00,50.21388
2024-12-20 14:00:00,51.81556
2024-12-20 15:00:00,55.06631
2024-12-20 16:00:00,48.4558
2024-12-20 17:00:00,41.30382
2024-12-20 18:00:00,40.86556
2024-12-20 19:00:00,39.24871
2024-12-20 20:00:00,37.10641
2024-12-20 21:00:00,37.2321
2024-12-20 22:00:00,38.8985
2024-12-20 23:00:00,43.08144
2024-12-21 00:00:00,52.25334
2024-12-21 01:00:00,53.12477
2024-12-21 02:00:00,51.26193
2024-12-21 03:00:00,50.20939
2024-12-21 04:00:00,49.73448
2024-12-21 05:00:00,48.99553
2024-12-21 06:00:00,47.90994
2024-12-21 07:00:00,45.68041
2024-12-21 08:00:00,43.64122
2024-12-21 09:00:00,43.59216
2024-12-21 10:00:00,41.39102
2024-12-21 11:00:00,40.76647
2024-12-21 12:00:00,43.51819
2024-12-21 13:00:00,45.04274
2024-12-21 14:00:00,44.79002
2024-12-21 15:00:00,44.75658
2024-12-21 16:00:00,37.39847
2024-12-21 17:00:00,37.85459
2024-12-21 18:00:00,38.05276
2024-12-21 19:00:00,37.86849
2024-12-21 20:00:00,36.93251
2024-12-21 21:00:00,37.66881
2024-12-21 22:00:00,42.09627
2024-12-21 23:00:00,48.23361
2024-12-22 00:00:00,48.372
2024-12-22 01:00:00,48.79138
2024-12-22 02:00:00,48.53159
2024-12-22 03:00:00,47.38586
2024-12-22 04:00:00,47.12326
2024-12-22 05:00:00,46.74479
2024-12-22 06:00:00,46.67528
2024-12-22 07:00:00,45.22506
2024-12-22 08:00:00,38.28683
2024-12-22 09:00:00,38.18962
2024-12-22 10:00:00,37.80106
2024-12-22 11:00:00,36.48557
2024-12-22 12:00:00,38.08073
2024-12-22 13:00:00,38.84448
2024-12-22 14:00:00,40.03747
2024-12-22 15:00:00,39.25187
2024-12-22 16:00:00,37.43649
2024-12-22 17:00:00,41.21171
2024-12-22 18:00:00,39.10756
2024-12-22 19:00:00,37.59809
2024-12-22 20:00:00,36.45943
2024-12-22 21:00:00,38.10016
2024-12-22 22:00:00,43.94105
2024-12-22 23:00:00,49.89886
2024-12-23 00:00:00,47.87272
2024-12-23 01:00:00,49.38836
2024-12-23 02:00:00,48.54644
2024-12-23 03:00:00,47.21647
2024-12-23 04:00:00,47.16352
2024-12-23 05:00:00,46.27108
2024-12-23 06:00:00,42.24346
2024-12-23 07:00:00,40.31667
2024-12-23 08:00:00,37.95485
2024-12-23 09:00:00,38.0372
2024-12-23 10:00:00,37.98598
2024-12-23 11:00:00,39.09899
2024-12-23 12:00:00,41.78985
2024-12-23 13:00:00,44.85567
2024-12-23 14:00:00,50.40397
2024-12-23 15:00:00,49.17723
2024-12-23 16:00:00,42.7158
2024-12-23 17:00:00,41.54666
2024-12-23 18:00:00,42.11865
2024-12-23 19:00:00,41.57817
2024-12-23 20:00:00,40.11719
2024-12-23 21:00:00,41.70107
2024-12-23 22:00:00,45.04991
2024-12-23 23:00:00,43.06669
2024-12-24 00:00:00,52.35739
2024-12-24 01:00:00,52.37496
2024-12-24 02:00:00,51.99481
2024-12-24 03:00:00,51.79269
2024-12-24 04:00:00,51.52426
2024-12-24 05:00:00,49.91388
2024-12-24 06:00:00,49.6406
2024-12-24 07:00:00,48.1144
2024-12-24 08:00:00,42.83007
2024-12-24 09:00:00,42.39054
2024-12-24 10:00:00,39.79077
2024-12-24 11:00:00,39.34807
2024-12-24 12:00:00,42.41339
2024-12-24 13:00:00,46.43234
2024-12-24 14:00:00,46.69981
2024-12-24 15:00:00,47.14524
2024-12-24 16:00:00,41.76916
2024-12-24 17:00:00,43.90013
2024-12-24 18:00:00,43.59842
2024-12-24 19:00:00,38.84224
2024-12-24 20:00:00,33.85748
2024-12-24 21:00:00,32.70469
2024-12-24 22:00:00,33.77621
2024-12-24 23:00:00,35.35132
2024-12-25 00:00:00,45.27828
2024-12-25 01:00:00,45.43457
2024-12-25 02:00:00,45.03244
2024-12-25 03:00:00,44.48111
2024-12-25 04:00:00,44.73576
2024-12-25 05:00:00,44.09217
2024-12-25 06:00:00,43.75271
2024-12-25 07:00:00,42.87143
2024-12-25 08:00:00,37.7521
2024-12-25 09:00:00,36.78344
2024-12-25 10:00:00,34.86902
2024-12-25 11:00:00,35.20372
2024-12-25 12:00:00,37.28304
2024-12-25 13:00:00,39.92546
2024-12-25 14:00:00,42.85061
2024-12-25 15:00:00,41.56934
2024-12-25 16:00:00,35.33627
2024-12-25 17:00:00,35.30234
2024-12-25 18:00:00,35.41722
2024-12-25 19:00:00,33.3059
2024-12-25 20:00:00,32.04517
2024-12-25 21:00:00,32.76279
2024-12-25 22:00:00,35.84591
2024-12-25 23:00:00,41.81507
2024-12-26 00:00:00,44.33886
2024-12-26 01:00:00,44.87774
2024-12-26 02:00:00,44.19894
2024-12-26 03:00:00,42.37782
2024-12-26 04:00:00,42.90878
2024-12-26 05:00:00,43.72247
2024-12-26 06:00:00,43.46152
2024-12-26 07:00:00,42.33528
2024-12-26 08:00:00,40.79027
2024-12-26 09:00:00,37.83367
2024-12-26 10:00:00,36.1479
2024-12-26 11:00:00,36.09583
2024-12-26 12:00:00,37.45091
2024-12-26 13:00:00,41.71524
2024-12-26 14:00:00,42.6092
2024-12-26 15:00:00,43.21268
2024-12-26 16:00:00,41.4033
2024-12-26 17:00:00,36.28224
2024-12-26 18:00:00,38.11638
2024-12-26 19:00:00,36.58958
2024-12-26 20:00:00,34.63457
2024-12-26 21:00:00,34.32958
2024-12-26 22:00:00,36.67705
2024-12-26 23:00:00,40.91471
2024-12-27 00:00:00,47.96134
2024-12-27 01:00:00,48.3168
2024-12-27 02:00:00,47.59769
2024-12-27 03:00:00,47.83175
2024-12-27 04:00:00,47.4025
2024-12-27 05:00:00,46.84102
2024-12-27 06:00:00,45.21752
2024-12-27 07:00:00,41.87856
2024-12-27 08:00:00,33.70318
2024-12-27 09:00:00,31.71445
2024-12-27 10:00:00,32.25123
2024-12-27 11:00:00,31.92197
2024-12-27 12:00:00,33.51878
2024-12-27 13:00:00,36.59994
2024-12-27 14:00:00,36.49951
2024-12-27 15:00:00,36.53869
2024-12-27 16:00:00,34.46892
2024-12-27 17:00:00,32.14933
2024-12-27 18:00:00,31.7625
2024-12-27 19:00:00,30.92082
2024-12-27 20:00:00,30.5
2024-12-27 21:00:00,28.54
2024-12-27 22:00:00,30.82516
2024-12-27 23:00:00,31.54219
2024-12-28 00:00:00,40.76622
2024-12-28 01:00:00,40.00114
2024-12-28 02:00:00,39.94852
2024-12-28 03:00:00,40.89547
2024-12-28 04:00:00,40.69154
2024-12-28 05:00:00,40.1488
2024-12-28 06:00:00,39.50488
2024-12-28 07:00:00,36.91324
2024-12-28 08:00:00,32.67942
2024-12-28 09:00:00,32.65067
2024-12-28 10:00:00,31.32297
2024-12-28 11:00:00,30.63099
2024-12-28 12:00:00,33.94474
2024-12-28 13:00:00,34.68951
2024-12-28 14:00:00,34.8226
2024-12-28 15:00:00,33.00584
2024-12-28 16:00:00,28.08685
2024-12-28 17:00:00,27.03249
2024-12-28 18:00:00,26.84763
2024-12-28 19:00:00,26.52369
2024-12-28 20:00:00,24.4768
2024-12-28 21:00:00,22.87164
2024-12-28 22:00:00,25.87786
2024-12-28 23:00:00,28.96132
2024-12-29 00:00:00,38.24352
2024-12-29 01:00:00,39.48767
2024-12-29 02:00:00,38.2832
2024-12-29 03:00:00,38.47915
2024-12-29 04:00:00,37.79744
2024-12-29 05:00:00,37.7741
2024-12-29 06:00:00,37.49613
2024-12-29 07:00:00,37.56572
2024-12-29 08:00:00,33.78579
2024-12-29 09:00:00,30.94444
2024-12-29 10:00:00,31.88936
2024-12-29 11:00:00,32.50267
2024-12-29 12:00:00,32.92185
2024-12-29 13:00:00,35.8921
2024-12-29 14:00:00,35.22452
2024-12-29 15:00:00,33.04809
2024-12-29 16:00:00,29.11856
2024-12-29 17:00:00,30.1327
2024-12-29 18:00:00,30.30187
2024-12-29 19:00:00,28.455
2024-12-29 20:00:00,25.58604
2024-12-29 21:00:00,25.70443
2024-12-29 22:00:00,27.90648
2024-12-29 23:00:00,28.94791
2024-12-30 00:00:00,37.78234
2024-12-30 01:00:00,38.09471
2024-12-30 02:00:00,38.17418
2024-12-30 03:00:00,37.65683
2024-12-30 04:00:00,37.56798
2024-12-30 05:00:00,37.01773
2024-12-30 06:00:00,36.02017
2024-12-30 07:00:00,34.5902
2024-12-30 08:00:00,30.90816
2024-12-30 09:00:00,29.71643
2024-12-30 10:00:00,29.20702
2024-12-30 11:00:00,29.48624
2024-12-30 12:00:00,31.22365
2024-12-30 13:00:00,36.00275
2024-12-30 14:00:00,38.67367
2024-12-30 15:00:00,37.67772
2024-12-30 16:00:00,32.50609
2024-12-30 17:00:00,32.92834
2024-12-30 18:00:00,28.04915
2024-12-30 19:00:00,27.65087
2024-12-30 20:00:00,25.20661
2024-12-30 21:00:00,25.23689
2024-12-30 22:00:00,26.4093
2024-12-30 23:00:00,34.32325
2024-12-31 00:00:00,43.60508
2024-12-31 01:00:00,44.54417
2024-12-31 02:00:00,44.31414
2024-12-31 03:00:00,44.14502
2024-12-31 04:00:00,44.03553
2024-12-31 05:00:00,42.29565
2024-12-31 06:00:00,42.33635
2024-12-31 07:00:00,40.11549
2024-12-31 08:00:00,41.90122
2024-12-31 09:00:00,45.59429
2024-12-31 10:00:00,42.54859
2024-12-31 11:00:00,42.4786
2024-12-31 12:00:00,45.35985
2024-12-31 13:00:00,50.51761
2024-12-31 14:00:00,52.86571
2024-12-31 15:00:00,52.5496
2024-12-31 16:00:00,42.78754
2024-12-31 17:00:00,36.59911
2024-12-31 18:00:00,35.8705
2024-12-31 19:00:00,35.19092
2024-12-31 20:00:00,32.59764
2024-12-31 21:00:00,31.83858
2024-12-31 22:00:00,34.84406
2024-12-31 23:00:00,39.27828
2025-01-01 00:00:00,53.75269
2025-01-01 01:00:00,54.51587
2025-01-01 02:00:00,52.50115
2025-01-01 03:00:00,52.95726
2025-01-01 04:00:00,52.41941
2025-01-01 05:00:00,52.23158
2025-01-01 06:00:00,51.55114
2025-01-01 07:00:00,51.03593
2025-01-01 08:00:00,42.15472
2025-01-01 09:00:00,42.20734
2025-01-01 10:00:00,41.85056
2025-01-01 11:00:00,41.39496
2025-01-01 12:00:00,42.16713
2025-01-01 13:00:00,42.18
2025-01-01 14:00:00,42.43256
2025-01-01 15:00:00,38.18
2025-01-01 16:00:00,31.77
2025-01-01 17:00:00,31.87223
2025-01-01 18:00:00,30.50089
2025-01-01 19:00:00,27.46248
2025-01-01 20:00:00,24.94401
2025-01-01 21:00:00,23.28458
2025-01-01 22:00:00,28.06569
2025-01-01 23:00:00,32.39461
2025-01-02 00:00:00,46.95426
2025-01-02 01:00:00,47.02741
2025-01-02 02:00:00,46.31712
2025-01-02 03:00:00,46.10823
2025-01-02 04:00:00,46.10606
2025-01-02 05:00:00,45.56278
2025-01-02 06:00:00,46.09088
2025-01-02 07:00:00,45.09415
2025-01-02 08:00:00,43.05436
2025-01-02 09:00:00,42.04656
2025-01-02 10:00:00,40.86144
2025-01-02 11:00:00,40.54074
2025-01-02 12:00:00,43.04523
2025-01-02 13:00:00,47.30216
2025-01-02 14:00:00,52.78097
2025-01-02 15:00:00,50.66561
2025-01-02 16:00:00,38.92342
2025-01-02 17:00:00,34.61322
2025-01-02 18:00:00,32.46675
2025-01-02 19:00:00,32.24537
2025-01-02 20:00:00,31.0
2025-01-02 21:00:00,28.88526
2025-01-02 22:00:00,30.69754
2025-01-02 23:00:00,36.1678
2025-01-03 00:00:00,47.89324
2025-01-03 01:00:00,48.51429
2025-01-03 02:00:00,48.12516
2025-01-03 03:00:00,47.23462
2025-01-03 04:00:00,47.12023
2025-01-03 05:00:00,46.0422
2025-01-03 06:00:00,46.0031
2025-01-03 07:00:00,43.69754
2025-01-03 08:00:00,45.36549
2025-01-03 09:00:00,42.76993
2025-01-03 10:00:00,42.49404
2025-01-03 11:00:00,42.4662
2025-01-03 12:00:00,44.13404
2025-01-03 13:00:00,47.80737
2025-01-03 14:00:00,51.11171
2025-01-03 15:00:00,53.09216
2025-01-03 16:00:00,48.59677
2025-01-03 17:00:00,48.8314
2025-01-03 18:00:00,44.52956
2025-01-03 19:00:00,44.04707
2025-01-03 20:00:00,40.36987
2025-01-03 21:00:00,40.5
2025-01-03 22:00:00,40.85452
2025-01-03 23:00:00,44.20799
2025-01-04 00:00:00,47.75463
2025-01-04 01:00:00,47.8717
2025-01-04 02:00:00,44.93938
2025-01-04 03:00:00,44.09566
2025-01-04 04:00:00,43.26677
2025-01-04 05:00:00,42.47052
2025-01-04 06:00:00,41.28732
2025-01-04 07:00:00,39.58113
2025-01-04 08:00:00,38.81314
2025-01-04 09:00:00,40.09875
2025-01-04 10:00:00,39.54632
2025-01-04 11:00:00,38.20994
2025-01-04 12:00:00,40.2367
2025-01-04 13:00:00,40.47147
2025-01-04 14:00:00,41.25983
2025-01-04 15:00:00,41.2266
2025-01-04 16:00:00,27.0
2025-01-04 17:00:00,30.43695
2025-01-04 18:00:00,27.06465
2025-01-04 19:00:00,25.21
2025-01-04 20:00:00,22.6154
2025-01-04 21:00:00,22.60141
2025-01-04 22:00:00,26.4111
2025-01-04 23:00:00,31.30163
2025-01-05 00:00:00,43.5048
2025-01-05 01:00:00,47.46456
2025-01-05 02:00:00,46.7664
2025-01-05 03:00:00,46.49229
2025-01-05 04:00:00,46.42673
2025-01-05 05:00:00,46.4006
2025-01-05 06:00:00,45.75888
2025-01-05 07:00:00,44.43373
2025-01-05 08:00:00,42.48483
2025-01-05 09:00:00,42.23799
2025-01-05 10:00:00,41.54798
2025-01-05 11:00:00,40.90342
2025-01-05 12:00:00,42.53303
2025-01-05 13:00:00,42.59978
2025-01-05 14:00:00,43.87828
2025-01-05 15:00:00,42.08334
2025-01-05 16:00:00,28.17746
2025-01-05 17:00:00,31.44472
2025-01-05 18:00:00,30.16117
2025-01-05 19:00:00,26.52307
2025-01-05 20:00:00,23.22872
2025-01-05 21:00:00,20.56187
2025-01-05 22:00:00,29.89662
2025-01-05 23:00:00,33.14932
2025-01-06 00:00:00,46.67843
2025-01-06 01:00:00,48.32058
2025-01-06 02:00:00,46.71002
2025-01-06 03:00:00,48.65498
2025-01-06 04:00:00,48.47167
2025-01-06 05:00:00,48.10823
2025-01-06 06:00:00,47.2221
2025-01-06 07:00:00,45.92301
2025-01-06 08:00:00,43.96872
2025-01-06 09:00:00,43.86993
2025-01-06 10:00:00,43.46286
2025-01-06 11:00:00,42.22243
2025-01-06 12:00:00,45.0625
2025-01-06 13:00:00,48.30716
2025-01-06 14:00:00,50.19355
2025-01-06 15:00:00,52.72287
2025-01-06 16:00:00,40.7721
2025-01-06 17:00:00,38.46232
2025-01-06 18:00:00,35.45707
2025-01-06 19:00:00,33.63952
2025-01-06 20:00:00,31.74518
2025-01-06 21:00:00,31.35149
2025-01-06 22:00:00,32.78879
2025-01-06 23:00:00,37.1802
2025-01-07 00:00:00,47.53482
2025-01-07 01:00:00,49.27894
2025-01-07 02:00:00,49.20112
2025-01-07 03:00:00,48.93256
2025-01-07 04:00:00,48.93838
2025-01-07 05:00:00,48.43439
2025-01-07 06:00:00,46.60509
2025-01-07 07:00:00,45.67376
2025-01-07 08:00:00,48.17413
2025-01-07 09:00:00,48.9422
2025-01-07 10:00:00,48.0
2025-01-07 11:00:00,47.81192
2025-01-07 12:00:00,49.293
2025-01-07 13:00:00,54.90681
2025-01-07 14:00:00,57.05032
2025-01-07 15:00:00,57.36779
2025-01-07 16:00:00,43.31517
2025-01-07 17:00:00,43.75147
2025-01-07 18:00:00,36.19345
2025-01-07 19:00:00,33.07709
2025-01-07 20:00:00,30.4905
2025-01-07 21:00:00,29.79139
2025-01-07 22:00:00,31.07835
2025-01-07 23:00:00,34.35556
2025-01-08 00:00:00,52.16906
2025-01-08 01:00:00,53.45958
2025-01-08 02:00:00,54.26134
2025-01-08 03:00:00,53.33271
2025-01-08 04:00:00,53.48526
2025-01-08 05:00:00,53.0456
2025-01-08 06:00:00,52.30093
2025-01-08 07:00:00,51.32135
2025-01-08 08:00:00,43.85876
2025-01-08 09:00:00,42.9751
2025-01-08 10:00:00,42.44666
2025-01-08 11:00:00,42.39955
2025-01-08 12:00:00,43.71071
2025-01-08 13:00:00,48.69043
2025-01-08 14:00:00,53.26673
2025-01-08 15:00:00,54.51975
2025-01-08 16:00:00,44.80565
2025-01-08 17:00:00,38.08785
2025-01-08 18:00:00,34.63434
2025-01-08 19:00:00,32.68953
2025-01-08 20:00:00,31.31729
2025-01-08 21:00:00,28.6496
2025-01-08 22:00:00,31.66787
2025-01-08 23:00:00,40.19754
2025-01-09 00:00:00,51.264
2025-01-09 01:00:00,55.22214
2025-01-09 02:00:00,54.93787
2025-01-09 03:00:00,53.9293
2025-01-09 04:00:00,51.96898
2025-01-09 05:00:00,51.79283
2025-01-09 06:00:00,49.98548
2025-01-09 07:00:00,46.28668
2025-01-09 08:00:00,47.15777
2025-01-09 09:00:00,46.0716
2025-01-09 10:00:00,45.44528
2025-01-09 11:00:00,45.72487
2025-01-09 12:00:00,46.89169
2025-01-09 13:00:00,50.35874
2025-01-09 14:00:00,57.81791
2025-01-09 15:00:00,57.65285
2025-01-09 16:00:00,43.22527
2025-01-09 17:00:00,36.04755
2025-01-09 18:00:00,33.61797
2025-01-09 19:00:00,32.13566
2025-01-09 20:00:00,29.0884
2025-01-09 21:00:00,27.84784
2025-01-09 22:00:00,30.24156
2025-01-09 23:00:00,38.68493
2025-01-10 00:00:00,49.48354
2025-01-10 01:00:00,50.01961
2025-01-10 02:00:00,49.22358
2025-01-10 03:00:00,50.50019
2025-01-10 04:00:00,49.98789
2025-01-10 05:00:00,48.95418
2025-01-10 06:00:00,48.41221
2025-01-10 07:00:00,47.64
2025-01-10 08:00:00,42.56431
2025-01-10 09:00:00,42.28899
2025-01-10 10:00:00,42.65961
2025-01-10 11:00:00,42.78542
2025-01-10 12:00:00,42.8463
2025-01-10 13:00:00,45.28133
2025-01-10 14:00:00,50.76533
2025-01-10 15:00:00,48.12185
2025-01-10 16:00:00,37.39442
2025-01-10 17:00:00,30.39247
2025-01-10 18:00:00,28.61774
2025-01-10 19:00:00,25.61667
2025-01-10 20:00:00,24.00162
2025-01-10 21:00:00,23.72571
2025-01-10 22:00:00,25.48097
2025-01-10 23:00:00,30.91305
2025-01-11 00:00:00,43.55745
2025-01-11 01:00:00,45.74916
2025-01-11 02:00:00,45.0
2025-01-11 03:00:00,43.47363
2025-01-11 04:00:00,43.33749
2025-01-11 05:00:00,42.49563
2025-01-11 06:00:00,41.60667
2025-01-11 07:00:00,40.30881
2025-01-11 08:00:00,40.83455
2025-01-11 09:00:00,39.69506
2025-01-11 10:00:00,40.39324
2025-01-11 11:00:00,39.71506
2025-01-11 12:00:00,40.04738
2025-01-11 13:00:00,40.46507
2025-01-11 14:00:00,42.18994
2025-01-11 15:00:00,40.68969
2025-01-11 16:00:00,17.43507
2025-01-11 17:00:00,13.48402
2025-01-11 18:00:00,10.49531
2025-01-11 19:00:00,9.65483
2025-01-11 20:00:00,7.62207
2025-01-11 21:00:00,6.28255
2025-01-11 22:00:00,8.02827
2025-01-11 23:00:00,15.49974
2025-01-12 00:00:00,43.23186
2025-01-12 01:00:00,47.48842
2025-01-12 02:00:00,47.61386
2025-01-12 03:00:00,47.31991
2025-01-12 04:00:00,47.84489
2025-01-12 05:00:00,46.92724
2025-01-12 06:00:00,47.33251
2025-01-12 07:00:00,46.25239
2025-01-12 08:00:00,51.27762
2025-01-12 09:00:00,48.57112
2025-01-12 10:00:00,48.5411
2025-01-12 11:00:00,48.53049
2025-01-12 12:00:00,50.49111
2025-01-12 13:00:00,51.68274
2025-01-12 14:00:00,51.88636
2025-01-12 15:00:00,49.68648
2025-01-12 16:00:00,26.71975
2025-01-12 17:00:00,28.08152
2025-01-12 18:00:00,25.62709
2025-01-12 19:00:00,21.0133
2025-01-12 20:00:00,16.68
2025-01-12 21:00:00,15.9326
2025-01-12 22:00:00,24.26797
2025-01-12 23:00:00,34.95235
2025-01-13 00:00:00,54.58666
2025-01-13 01:00:00,56.29314
2025-01-13 02:00:00,56.09928
2025-01-13 03:00:00,55.47371
2025-01-13 04:00:00,54.95522
2025-01-13 05:00:00,54.62
2025-01-13 06:00:00,54.03625
2025-01-13 07:00:00,51.69123
2025-01-13 08:00:00,53.86235
2025-01-13 09:00:00,51.30183
2025-01-13 10:00:00,50.55477
2025-01-13 11:00:00,49.83992
2025-01-13 12:00:00,50.89404
2025-01-13 13:00:00,55.68638
2025-01-13 14:00:00,56.18624
2025-01-13 15:00:00,51.61436
2025-01-13 16:00:00,44.77959
2025-01-13 17:00:00,33.86364
2025-01-13 18:00:00,30.09491
2025-01-13 19:00:00,27.33588
2025-01-13 20:00:00,25.06911
2025-01-13 21:00:00,24.21591
2025-01-13 22:00:00,26.99887
2025-01-13 23:00:00,39.40272
2025-01-14 00:00:00,53.84997
2025-01-14 01:00:00,59.37471
2025-01-14 02:00:00,59.97941
2025-01-14 03:00:00,60.08904
2025-01-14 04:00:00,59.1631
2025-01-14 05:00:00,59.30556
2025-01-14 06:00:00,58.14227
2025-01-14 07:00:00,53.39188
2025-01-14 08:00:00,63.98444
2025-01-14 09:00:00,60.21979
2025-01-14 10:00:00,58.23037
2025-01-14 11:00:00,58.20321
2025-01-14 12:00:00,59.34774
2025-01-14 13:00:00,64.00367
2025-01-14 14:00:00,70.61232
2025-01-14 15:00:00,71.24148
2025-01-14 16:00:00,55.34378
2025-01-14 17:00:00,46.01458
2025-01-14 18:00:00,40.65764
2025-01-14 19:00:00,38.75381
2025-01-14 20:00:00,34.98942
2025-01-14 21:00:00,32.53337
2025-01-14 22:00:00,37.68126
2025-01-14 23:00:00,44.80078
2025-01-15 00:00:00,64.20372
2025-01-15 01:00:00,68.62708
2025-01-15 02:00:00,66.7273
2025-01-15 03:00:00,66.22681
2025-01-15 04:00:00,66.08067
2025-01-15 05:00:00,64.63946
2025-01-15 06:00:00,63.6396
2025-01-15 07:00:00,61.81708
2025-01-15 08:00:00,57.29339
2025-01-15 09:00:00,54.25156
2025-01-15 10:00:00,53.85652
2025-01-15 11:00:00,53.72694
2025-01-15 12:00:00,55.69936
2025-01-15 13:00:00,59.26459
2025-01-15 14:00:00,68.21927
2025-01-15 15:00:00,68.09706
2025-01-15 16:00:00,50.41908
2025-01-15 17:00:00,43.0843
2025-01-15 18:00:00,39.27
2025-01-15 19:00:00,36.96286
2025-01-15 20:00:00,34.04863
2025-01-15 21:00:00,33.07145
2025-01-15 22:00:00,33.96822
2025-01-15 23:00:00,43.18728
2025-01-16 00:00:00,62.16262
2025-01-16 01:00:00,68.65077
2025-01-16 02:00:00,67.17405
2025-01-16 03:00:00,64.75517
2025-01-16 04:00:00,64.7654
2025-01-16 05:00:00,64.15056
2025-01-16 06:00:00,59.06884
2025-01-16 07:00:00,57.63
2025-01-16 08:00:00,51.97
2025-01-16 09:00:00,51.60679
2025-01-16 10:00:00,51.66609
2025-01-16 11:00:00,51.7023
2025-01-16 12:00:00,54.26558
2025-01-16 13:00:00,59.18731
2025-01-16 14:00:00,65.28002
2025-01-16 15:00:00,65.64214
2025-01-16 16:00:00,52.0565
2025-01-16 17:00:00,43.17886
2025-01-16 18:00:00,37.15643
2025-01-16 19:00:00,31.33222
2025-01-16 20:00:00,27.32796
2025-01-16 21:00:00,25.33122
2025-01-16 22:00:00,27.92887
2025-01-16 23:00:00,37.56209
2025-01-17 00:00:00,58.66677
2025-01-17 01:00:00,63.44682
2025-01-17 02:00:00,64.0162
2025-01-17 03:00:00,62.42764
2025-01-17 04:00:00,59.50165
2025-01-17 05:00:00,58.55607
2025-01-17 06:00:00,56.3849
2025-01-17 07:00:00,53.2131
2025-01-17 08:00:00,51.79815
2025-01-17 09:00:00,50.96292
2025-01-17 10:00:00,49.52028
2025-01-17 11:00:00,49.66597
2025-01-17 12:00:00,50.53
2025-01-17 13:00:00,55.09748
2025-01-17 14:00:00,58.7979
2025-01-17 15:00:00,60.10218
2025-01-17 16:00:00,48.51317
2025-01-17 17:00:00,46.68413
2025-01-17 18:00:00,44.69112
2025-01-17 19:00:00,40.26545
2025-01-17 20:00:00,35.32716
2025-01-17 21:00:00,33.83169
2025-01-17 22:00:00,36.56147
2025-01-17 23:00:00,47.62172
2025-01-18 00:00:00,54.3036
2025-01-18 01:00:00,56.75473
2025-01-18 02:00:00,57.21313
2025-01-18 03:00:00,55.87362
2025-01-18 04:00:00,57.74568
2025-01-18 05:00:00,55.93358
2025-01-18 06:00:00,54.74514
2025-01-18 07:00:00,52.71675
2025-01-18 08:00:00,71.47746
2025-01-18 09:00:00,71.08931
2025-01-18 10:00:00,67.08018
2025-01-18 11:00:00,67.73106
2025-01-18 12:00:00,70.87589
2025-01-18 13:00:00,75.04835
2025-01-18 14:00:00,78.47882
2025-01-18 15:00:00,71.29262
2025-01-18 16:00:00,53.72214
2025-01-18 17:00:00,49.7827
2025-01-18 18:00:00,44.50076
2025-01-18 19:00:00,38.81118
2025-01-18 20:00:00,27.49934
2025-01-18 21:00:00,24.38197
2025-01-18 22:00:00,28.3891
2025-01-18 23:00:00,44.34512
2025-01-19 00:00:00,72.08739
2025-01-19 01:00:00,78.70356
2025-01-19 02:00:00,77.06701
2025-01-19 03:00:00,76.19907
2025-01-19 04:00:00,76.18092
2025-01-19 05:00:00,75.1771
2025-01-19 06:00:00,75.16445
2025-01-19 07:00:00,74.88925
2025-01-19 08:00:00,69.19434
2025-01-19 09:00:00,67.78405
2025-01-19 10:00:00,67.15345
2025-01-19 11:00:00,66.45173
2025-01-19 12:00:00,66.71518
2025-01-19 13:00:00,67.63488
2025-01-19 14:00:00,69.503
2025-01-19 15:00:00,65.99336
2025-01-19 16:00:00,46.58711
2025-01-19 17:00:00,45.47323
2025-01-19 18:00:00,43.83049
2025-01-19 19:00:00,39.69463
2025-01-19 20:00:00,33.53011
2025-01-19 21:00:00,22.58973
2025-01-19 22:00:00,32.611
2025-01-19 23:00:00,42.3459
2025-01-20 00:00:00,60.40191
2025-01-20 01:00:00,70.2132
2025-01-20 02:00:00,69.09816
2025-01-20 03:00:00,67.8672
2025-01-20 04:00:00,68.00818
2025-01-20 05:00:00,67.09572
2025-01-20 06:00:00,65.38077
2025-01-20 07:00:00,63.43392
2025-01-20 08:00:00,64.28883
2025-01-20 09:00:00,63.07347
2025-01-20 10:00:00,63.56815
2025-01-20 11:00:00,64.6842
2025-01-20 12:00:00,67.61237
2025-01-20 13:00:00,73.0
2025-01-20 14:00:00,81.11
2025-01-20 15:00:00,79.68403
2025-01-20 16:00:00,52.91777
2025-01-20 17:00:00,43.17038
2025-01-20 18:00:00,42.8204
2025-01-20 19:00:00,35.5874
2025-01-20 20:00:00,17.54806
2025-01-20 21:00:00,16.40457
2025-01-20 22:00:00,22.90744
2025-01-20 23:00:00,36.0
2025-01-21 00:00:00,70.17798
2025-01-21 01:00:00,75.68252
2025-01-21 02:00:00,74.90792
2025-01-21 03:00:00,73.6883
2025-01-21 04:00:00,72.94001
2025-01-21 05:00:00,72.40244
2025-01-21 06:00:00,72.44348
2025-01-21 07:00:00,68.69071
2025-01-21 08:00:00,77.15449
2025-01-21 09:00:00,75.22303
2025-01-21 10:00:00,74.49843
2025-01-21 11:00:00,74.5596
2025-01-21 12:00:00,74.51289
2025-01-21 13:00:00,86.12991
2025-01-21 14:00:00,91.71105
2025-01-21 15:00:00,86.0814
2025-01-21 16:00:00,62.1094
2025-01-21 17:00:00,47.04631
2025-01-21 18:00:00,45.36121
2025-01-21 19:00:00,40.0
2025-01-21 20:00:00,32.17576
2025-01-21 21:00:00,32.06167
2025-01-21 22:00:00,34.76775
2025-01-21 23:00:00,48.98842
2025-01-22 00:00:00,77.30201
2025-01-22 01:00:00,83.35607
2025-01-22 02:00:00,79.12678
2025-01-22 03:00:00,77.97851
2025-01-22 04:00:00,77.74815
2025-01-22 05:00:00,77.59572
2025-01-22 06:00:00,76.51788
2025-01-22 07:00:00,74.89556
2025-01-22 08:00:00,57.68561
2025-01-22 09:00:00,57.10249
2025-01-22 10:00:00,56.0241
2025-01-22 11:00:00,56.05075
2025-01-22 12:00:00,59.29867
2025-01-22 13:00:00,62.02552
2025-01-22 14:00:00,72.09701
2025-01-22 15:00:00,67.16808
2025-01-22 16:00:00,46.63507
2025-01-22 17:00:00,40.1688
2025-01-22 18:00:00,37.26567
2025-01-22 19:00:00,26.76239
2025-01-22 20:00:00,23.27876
2025-01-22 21:00:00,21.02713
2025-01-22 22:00:00,23.50813
2025-01-22 23:00:00,37.33413
2025-01-23 00:00:00,58.0452
2025-01-23 01:00:00,60.08001
2025-01-23 02:00:00,61.54669
2025-01-23 03:00:00,58.89106
2025-01-23 04:00:00,58.04548
2025-01-23 05:00:00,58.48795
2025-01-23 06:00:00,56.91602
2025-01-23 07:00:00,55.90204
2025-01-23 08:00:00,58.82294
2025-01-23 09:00:00,57.16226
2025-01-23 10:00:00,56.62372
2025-01-23 11:00:00,56.84059
2025-01-23 12:00:00,56.54804
2025-01-23 13:00:00,62.43796
2025-01-23 14:00:00,68.44015
2025-01-23 15:00:00,65.00953
2025-01-23 16:00:00,50.99752
2025-01-23 17:00:00,46.88149
2025-01-23 18:00:00,43.0796
2025-01-23 19:00:00,33.02395
2025-01-23 20:00:00,26.36183
2025-01-23 21:00:00,21.0
2025-01-23 22:00:00,28.91808
2025-01-23 23:00:00,39.82428
2025-01-24 00:00:00,56.55056
2025-01-24 01:00:00,63.0447
2025-01-24 02:00:00,63.32975
2025-01-24 03:00:00,62.34531
2025-01-24 04:00:00,59.53764
2025-01-24 05:00:00,58.49407
2025-01-24 06:00:00,57.32826
2025-01-24 07:00:00,55.87103
2025-01-24 08:00:00,50.44725
2025-01-24 09:00:00,49.63946
2025-01-24 10:00:00,49.41525
2025-01-24 11:00:00,49.56775
2025-01-24 12:00:00,50.89886
2025-01-24 13:00:00,58.08894
2025-01-24 14:00:00,64.10314
2025-01-24 15:00:00,61.7541
2025-01-24 16:00:00,46.78205
2025-01-24 17:00:00,42.21952
2025-01-24 18:00:00,37.0
2025-01-24 19:00:00,30.39865
2025-01-24 20:00:00,23.16213
2025-01-24 21:00:00,20.23923
2025-01-24 22:00:00,27.9102
2025-01-24 23:00:00,39.18352
2025-01-25 00:00:00,54.32237
2025-01-25 01:00:00,59.60396
2025-01-25 02:00:00,57.65943
2025-01-25 03:00:00,56.96297
2025-01-25 04:00:00,56.54702
2025-01-25 05:00:00,56.60329
2025-01-25 06:00:00,55.0951
2025-01-25 07:00:00,52.43728
2025-01-25 08:00:00,43.57616
2025-01-25 09:00:00,46.15745
2025-01-25 10:00:00,46.0118
2025-01-25 11:00:00,44.5684
2025-01-25 12:00:00,45.62429
2025-01-25 13:00:00,45.77823
2025-01-25 14:00:00,50.97504
2025-01-25 15:00:00,52.76978
2025-01-25 16:00:00,46.84465
2025-01-25 17:00:00,38.47755
2025-01-25 18:00:00,32.43328
2025-01-25 19:00:00,27.6875
2025-01-25 20:00:00,21.47023
2025-01-25 21:00:00,18.80483
2025-01-25 22:00:00,24.92253
2025-01-25 23:00:00,36.40406
2025-01-26 00:00:00,50.09233
2025-01-26 01:00:00,58.11194
2025-01-26 02:00:00,57.98142
2025-01-26 03:00:00,55.50928
2025-01-26 04:00:00,55.29237
2025-01-26 05:00:00,54.88129
2025-01-26 06:00:00,54.20977
2025-01-26 07:00:00,50.40772
2025-01-26 08:00:00,54.11537
2025-01-26 09:00:00,53.5192
2025-01-26 10:00:00,51.14774
2025-01-26 11:00:00,49.96179
2025-01-26 12:00:00,51.88038
2025-01-26 13:00:00,53.50703
2025-01-26 14:00:00,55.29354
2025-01-26 15:00:00,53.07664
2025-01-26 16:00:00,44.13719
2025-01-26 17:00:00,40.98422
2025-01-26 18:00:00,36.849
2025-01-26 19:00:00,34.1085
2025-01-26 20:00:00,31.1864
2025-01-26 21:00:00,29.62365
2025-01-26 22:00:00,34.78565
2025-01-26 23:00:00,46.08143
2025-01-27 00:00:00,58.90348
2025-01-27 01:00:00,65.19383
2025-01-27 02:00:00,63.77673
2025-01-27 03:00:00,62.85689
2025-01-27 04:00:00,62.76528
2025-01-27 05:00:00,62.85347
2025-01-27 06:00:00,56.86592
2025-01-27 07:00:00,51.42491
2025-01-27 08:00:00,54.89814
2025-01-27 09:00:00,54.42792
2025-01-27 10:00:00,54.03409
2025-01-27 11:00:00,54.40148
2025-01-27 12:00:00,59.50862
2025-01-27 13:00:00,65.77366
2025-01-27 14:00:00,67.55036
2025-01-27 15:00:00,72.49114
2025-01-27 16:00:00,61.28362
2025-01-27 17:00:00,48.83851
2025-01-27 18:00:00,43.91492
2025-01-27 19:00:00,40.50709
2025-01-27 20:00:00,37.50735
2025-01-27 21:00:00,32.72518
2025-01-27 22:00:00,36.05172
2025-01-27 23:00:00,45.18245
2025-01-28 00:00:00,60.95894
2025-01-28 01:00:00,65.89042
2025-01-28 02:00:00,67.87487
2025-01-28 03:00:00,67.39181
2025-01-28 04:00:00,66.67856
2025-01-28 05:00:00,65.73
2025-01-28 06:00:00,65.56219
2025-01-28 07:00:00,64.31694
2025-01-28 08:00:00,60.1127
2025-01-28 09:00:00,58.71493
2025-01-28 10:00:00,58.29835
2025-01-28 11:00:00,58.56969
2025-01-28 12:00:00,65.72509
2025-01-28 13:00:00,71.70084
2025-01-28 14:00:00,77.0151
2025-01-28 15:00:00,76.27718
2025-01-28 16:00:00,52.61461
2025-01-28 17:00:00,44.95714
2025-01-28 18:00:00,39.10542
2025-01-28 19:00:00,33.74371
2025-01-28 20:00:00,28.92201
2025-01-28 21:00:00,25.21315
2025-01-28 22:00:00,30.15995
2025-01-28 23:00:00,39.71426
2025-01-29 00:00:00,54.75317
2025-01-29 01:00:00,65.86921
2025-01-29 02:00:00,66.80975
2025-01-29 03:00:00,63.86536
2025-01-29 04:00:00,64.71498
2025-01-29 05:00:00,63.61899
2025-01-29 06:00:00,61.72818
2025-01-29 07:00:00,55.45619
2025-01-29 08:00:00,48.99741
2025-01-29 09:00:00,47.58983
2025-01-29 10:00:00,48.02088
2025-01-29 11:00:00,48.81385
2025-01-29 12:00:00,52.92239
2025-01-29 13:00:00,61.24781
2025-01-29 14:00:00,64.98374
2025-01-29 15:00:00,66.93788
2025-01-29 16:00:00,48.80759
2025-01-29 17:00:00,43.17291
2025-01-29 18:00:00,35.48735
2025-01-29 19:00:00,31.65511
2025-01-29 20:00:00,26.772
2025-01-29 21:00:00,23.0665
2025-01-29 22:00:00,28.48485
2025-01-29 23:00:00,35.76409
2025-01-30 00:00:00,46.95345
2025-01-30 01:00:00,60.84609
2025-01-30 02:00:00,61.80676
2025-01-30 03:00:00,57.82545
2025-01-30 04:00:00,58.77798
2025-01-30 05:00:00,57.37785
2025-01-30 06:00:00,54.4148
2025-01-30 07:00:00,49.39636
2025-01-30 08:00:00,43.17329
2025-01-30 09:00:00,41.98002
2025-01-30 10:00:00,41.82455
2025-01-30 11:00:00,41.96581
2025-01-30 12:00:00,43.86253
2025-01-30 13:00:00,50.3219
2025-01-30 14:00:00,60.52059
2025-01-30 15:00:00,61.43637
2025-01-30 16:00:00,45.20794
2025-01-30 17:00:00,40.53677
2025-01-30 18:00:00,36.48013
2025-01-30 19:00:00,30.33029
2025-01-30 20:00:00,23.33346
2025-01-30 21:00:00,20.99906
2025-01-30 22:00:00,25.21
2025-01-30 23:00:00,33.49195
2025-01-31 00:00:00,48.10739
2025-01-31 01:00:00,62.02
2025-01-31 02:00:00,61.31473
2025-01-31 03:00:00,58.48644
2025-01-31 04:00:00,58.52231
2025-01-31 05:00:00,57.77416
2025-01-31 06:00:00,55.6126
2025-01-31 07:00:00,49.24158
2025-01-31 08:00:00,46.02
2025-01-31 09:00:00,44.46093
2025-01-31 10:00:00,44.32834
2025-01-31 11:00:00,44.4386
2025-01-31 12:00:00,45.49797
2025-01-31 13:00:00,54.16465
2025-01-31 14:00:00,60.57555
2025-01-31 15:00:00,61.83005
2025-01-31 16:00:00,49.46632
2025-01-31 17:00:00,48.06737
2025-01-31 18:00:00,41.79523
2025-01-31 19:00:00,39.4504
2025-01-31 20:00:00,38.71885
2025-01-31 21:00:00,38.85345
2025-01-31 22:00:00,39.7
2025-01-31 23:00:00,43.98425
2025-02-01 00:00:00,51.86
2025-02-01 01:00:00,56.03971
2025-02-01 02:00:00,50.22533
2025-02-01 03:00:00,47.43405
2025-02-01 04:00:00,45.93381
2025-02-01 05:00:00,45.72041
2025-02-01 06:00:00,44.97786
2025-02-01 07:00:00,44.22651
2025-02-01 08:00:00,41.61148
2025-02-01 09:00:00,41.13333
2025-02-01 10:00:00,40.46647
2025-02-01 11:00:00,40.03087
2025-02-01 12:00:00,39.04582
2025-02-01 13:00:00,40.1434
2025-02-01 14:00:00,46.64435
2025-02-01 15:00:00,44.47046
2025-02-01 16:00:00,37.48513
2025-02-01 17:00:00,36.24
2025-02-01 18:00:00,35.3874
2025-02-01 19:00:00,34.0682
2025-02-01 20:00:00,33.55128
2025-02-01 21:00:00,33.4102
2025-02-01 22:00:00,33.94191
2025-02-01 23:00:00,38.3777
2025-02-02 00:00:00,42.65155
2025-02-02 01:00:00,55.0
2025-02-02 02:00:00,47.77326
2025-02-02 03:00:00,47.32451
2025-02-02 04:00:00,46.50637
2025-02-02 05:00:00,46.08485
2025-02-02 06:00:00,43.56466
2025-02-02 07:00:00,40.77285
2025-02-02 08:00:00,44.42818
2025-02-02 09:00:00,43.97197
2025-02-02 10:00:00,43.8719
2025-02-02 11:00:00,42.37239
2025-02-02 12:00:00,41.61001
2025-02-02 13:00:00,43.66438
2025-02-02 14:00:00,45.98834
2025-02-02 15:00:00,44.60441
2025-02-02 16:00:00,34.83407
2025-02-02 17:00:00,35.70054
2025-02-02 18:00:00,33.041
2025-02-02 19:00:00,31.40011
2025-02-02 20:00:00,30.89
2025-02-02 21:00:00,30.67398
2025-02-02 22:00:00,31.26818
2025-02-02 23:00:00,35.61913
2025-02-03 00:00:00,43.63311
2025-02-03 01:00:00,55.12
2025-02-03 02:00:00,51.80112
2025-02-03 03:00:00,50.54631
2025-02-03 04:00:00,49.95921
2025-02-03 05:00:00,49.29177
2025-02-03 06:00:00,47.19956
2025-02-03 07:00:00,45.8965
2025-02-03 08:00:00,42.80417
2025-02-03 09:00:00,42.42025
2025-02-03 10:00:00,42.34115
2025-02-03 11:00:00,42.37492
2025-02-03 12:00:00,41.90643
2025-02-03 13:00:00,45.54
2025-02-03 14:00:00,60.38201
2025-02-03 15:00:00,68.91558
2025-02-03 16:00:00,73.81531
2025-02-03 17:00:00,62.54
2025-02-03 18:00:00,57.3
2025-02-03 19:00:00,57.60547
2025-02-03 20:00:00,59.88
2025-02-03 21:00:00,61.23642
2025-02-03 22:00:00,57.49209
2025-02-03 23:00:00,65.03516
2025-02-04 00:00:00,70.24891
2025-02-04 01:00:00,71.78953
2025-02-04 02:00:00,67.75
2025-02-04 03:00:00,65.03
2025-02-04 04:00:00,60.98891
2025-02-04 05:00:00,55.75977
2025-02-04 06:00:00,47.41595
2025-02-04 07:00:00,46.35763
2025-02-04 08:00:00,56.117
2025-02-04 09:00:00,50.9295
2025-02-04 10:00:00,48.63897
2025-02-04 11:00:00,47.7
2025-02-04 12:00:00,48.07
2025-02-04 13:00:00,55.46544
2025-02-04 14:00:00,62.56
2025-02-04 15:00:00,65.45579
2025-02-04 16:00:00,72.07129
2025-02-04 17:00:00,63.74879
2025-02-04 18:00:00,60.38
2025-02-04 19:00:00,60.12
2025-02-04 20:00:00,59.51
2025-02-04 21:00:00,57.44177
2025-02-04 22:00:00,57.91334
2025-02-04 23:00:00,62.53429
2025-02-05 00:00:00,78.71185
2025-02-05 01:00:00,74.02
2025-02-05 02:00:00,72.36866
2025-02-05 03:00:00,70.44984
2025-02-05 04:00:00,67.38443
2025-02-05 05:00:00,60.16753
2025-02-05 06:00:00,57.40492
2025-02-05 07:00:00,52.66741
2025-02-05 08:00:00,43.7804
2025-02-05 09:00:00,41.39983
2025-02-05 10:00:00,41.38679
2025-02-05 11:00:00,41.47997
2025-02-05 12:00:00,42.61266
2025-02-05 13:00:00,52.97815
2025-02-05 14:00:00,64.81453
2025-02-05 15:00:00,74.02
2025-02-05 16:00:00,55.48009
2025-02-05 17:00:00,46.48396
2025-02-05 18:00:00,39.94669
2025-02-05 19:00:00,34.07198
2025-02-05 20:00:00,30.91806
2025-02-05 21:00:00,28.90449
2025-02-05 22:00:00,29.12809
2025-02-05 23:00:00,38.2803
2025-02-06 00:00:00,59.51
2025-02-06 01:00:00,75.42276
2025-02-06 02:00:00,77.39905
2025-02-06 03:00:00,71.96419
2025-02-06 04:00:00,69.44342
2025-02-06 05:00:00,64.64708
2025-02-06 06:00:00,55.66098
2025-02-06 07:00:00,51.21691
2025-02-06 08:00:00,43.22437
2025-02-06 09:00:00,41.67871
2025-02-06 10:00:00,41.39622
2025-02-06 11:00:00,41.64
2025-02-06 12:00:00,43.36928
2025-02-06 13:00:00,49.91319
2025-02-06 14:00:00,64.83784
2025-02-06 15:00:00,66.17022
2025-02-06 16:00:00,60.68479
2025-02-06 17:00:00,59.12
2025-02-06 18:00:00,53.92777
2025-02-06 19:00:00,51.82023
2025-02-06 20:00:00,49.57055
2025-02-06 21:00:00,48.85382
2025-02-06 22:00:00,55.0
2025-02-06 23:00:00,70.14415
2025-02-07 00:00:00,77.0
2025-02-07 01:00:00,73.18574
2025-02-07 02:00:00,68.93879
2025-02-07 03:00:00,64.38293
2025-02-07 04:00:00,55.27659
2025-02-07 05:00:00,55.02
2025-02-07 06:00:00,46.28577
2025-02-07 07:00:00,43.23442
2025-02-07 08:00:00,39.34177
2025-02-07 09:00:00,39.57
2025-02-07 10:00:00,39.60046
2025-02-07 11:00:00,39.47635
2025-02-07 12:00:00,43.24502
2025-02-07 13:00:00,47.00775
2025-02-07 14:00:00,53.56451
2025-02-07 15:00:00,54.74551
2025-02-07 16:00:00,48.92317
2025-02-07 17:00:00,39.69599
2025-02-07 18:00:00,31.77028
2025-02-07 19:00:00,25.4333
2025-02-07 20:00:00,15.80411
2025-02-07 21:00:00,12.21705
2025-02-07 22:00:00,16.54384
2025-02-07 23:00:00,28.17331
2025-02-08 00:00:00,43.80883
2025-02-08 01:00:00,54.65266
2025-02-08 02:00:00,60.9617
2025-02-08 03:00:00,55.03674
2025-02-08 04:00:00,49.7166
2025-02-08 05:00:00,47.0525
2025-02-08 06:00:00,45.6958
2025-02-08 07:00:00,41.76745
2025-02-08 08:00:00,41.3946
2025-02-08 09:00:00,41.26251
2025-02-08 10:00:00,39.87677
2025-02-08 11:00:00,39.89769
2025-02-08 12:00:00,41.23882
2025-02-08 13:00:00,41.13477
2025-02-08 14:00:00,48.64179
2025-02-08 15:00:00,45.62305
2025-02-08 16:00:00,36.4251
2025-02-08 17:00:00,30.39482
2025-02-08 18:00:00,19.72194
2025-02-08 19:00:00,9.9
2025-02-08 20:00:00,3.77727
2025-02-08 21:00:00,1.95241
2025-02-08 22:00:00,4.29811
2025-02-08 23:00:00,14.24793
2025-02-09 00:00:00,39.89806
2025-02-09 01:00:00,52.28337
2025-02-09 02:00:00,65.40172
2025-02-09 03:00:00,53.64
2025-02-09 04:00:00,49.55027
2025-02-09 05:00:00,48.67359
2025-02-09 06:00:00,48.06638
2025-02-09 07:00:00,46.6821
2025-02-09 08:00:00,48.93655
2025-02-09 09:00:00,47.71814
2025-02-09 10:00:00,44.33126
2025-02-09 11:00:00,43.34262
2025-02-09 12:00:00,48.31798
2025-02-09 13:00:00,52.53015
2025-02-09 14:00:00,54.28729
2025-02-09 15:00:00,47.3706
2025-02-09 16:00:00,35.16141
2025-02-09 17:00:00,23.15143
2025-02-09 18:00:00,15.75994
2025-02-09 19:00:00,3.8996
2025-02-09 20:00:00,0.42125
2025-02-09 21:00:00,0.69041
2025-02-09 22:00:00,2.33608
2025-02-09 23:00:00,13.41507
2025-02-10 00:00:00,45.72724
2025-02-10 01:00:00,58.97681
2025-02-10 02:00:00,66.63
2025-02-10 03:00:00,58.65958
2025-02-10 04:00:00,58.01006
2025-02-10 05:00:00,57.54084
2025-02-10 06:00:00,55.79863
2025-02-10 07:00:00,52.61261
2025-02-10 08:00:00,50.46
2025-02-10 09:00:00,50.15081
2025-02-10 10:00:00,49.74661
2025-02-10 11:00:00,50.11172
2025-02-10 12:00:00,56.50545
2025-02-10 13:00:00,61.84204
2025-02-10 14:00:00,73.02118
2025-02-10 15:00:00,73.89844
2025-02-10 16:00:00,51.97491
2025-02-10 17:00:00,43.33256
2025-02-10 18:00:00,40.32442
2025-02-10 19:00:00,29.95262
2025-02-10 20:00:00,22.86314
2025-02-10 21:00:00,22.82585
2025-02-10 22:00:00,28.72298
2025-02-10 23:00:00,40.45732
2025-02-11 00:00:00,49.13912
2025-02-11 01:00:00,71.50817
2025-02-11 02:00:00,72.30849
2025-02-11 03:00:00,66.44265
2025-02-11 04:00:00,66.15045
2025-02-11 05:00:00,61.3644
2025-02-11 06:00:00,52.50152
2025-02-11 07:00:00,47.90961
2025-02-11 08:00:00,48.85317
2025-02-11 09:00:00,48.06506
2025-02-11 10:00:00,46.54744
2025-02-11 11:00:00,46.83454
2025-02-11 12:00:00,49.96531
2025-02-11 13:00:00,59.17344
2025-02-11 14:00:00,81.37408
2025-02-11 15:00:00,81.42727
2025-02-11 16:00:00,51.92198
2025-02-11 17:00:00,40.40623
2025-02-11 18:00:00,33.72724
2025-02-11 19:00:00,27.08888
2025-02-11 20:00:00,17.89067
2025-02-11 21:00:00,16.73
2025-02-11 22:00:00,23.16402
2025-02-11 23:00:00,35.67326
2025-02-12 00:00:00,56.6355
2025-02-12 01:00:00,68.69524
2025-02-12 02:00:00,72.6
2025-02-12 03:00:00,66.96
2025-02-12 04:00:00,66.72
2025-02-12 05:00:00,61.22964
2025-02-12 06:00:00,51.95378
2025-02-12 07:00:00,47.65828
2025-02-12 08:00:00,48.06352
2025-02-12 09:00:00,47.04211
2025-02-12 10:00:00,46.70034
2025-02-12 11:00:00,47.1958
2025-02-12 12:00:00,49.37883
2025-02-12 13:00:00,57.63044
2025-02-12 14:00:00,69.1596
2025-02-12 15:00:00,75.96836
2025-02-12 16:00:00,60.12
2025-02-12 17:00:00,50.76915
2025-02-12 18:00:00,46.83
2025-02-12 19:00:00,43.87248
2025-02-12 20:00:00,41.01937
2025-02-12 21:00:00,41.9358
2025-02-12 22:00:00,44.75516
2025-02-12 23:00:00,47.13819
2025-02-13 00:00:00,65.72383
2025-02-13 01:00:00,70.76135
2025-02-13 02:00:00,70.20307
2025-02-13 03:00:00,67.32062
2025-02-13 04:00:00,66.75742
2025-02-13 05:00:00,62.97009
2025-02-13 06:00:00,57.8249
2025-02-13 07:00:00,50.52
2025-02-13 08:00:00,43.37642
2025-02-13 09:00:00,43.06993
2025-02-13 10:00:00,40.89055
2025-02-13 11:00:00,42.508
2025-02-13 12:00:00,42.91892
2025-02-13 13:00:00,45.27882
2025-02-13 14:00:00,57.35615
2025-02-13 15:00:00,64.9048
2025-02-13 16:00:00,56.16303
2025-02-13 17:00:00,52.90394
2025-02-13 18:00:00,47.49961
2025-02-13 19:00:00,46.01609
2025-02-13 20:00:00,44.16774
2025-02-13 21:00:00,41.88671
2025-02-13 22:00:00,42.98597
2025-02-13 23:00:00,46.66348
2025-02-14 00:00:00,56.45313
2025-02-14 01:00:00,62.3595
2025-02-14 02:00:00,61.50842
2025-02-14 03:00:00,57.2818
2025-02-14 04:00:00,54.344
2025-02-14 05:00:00,51.1979
2025-02-14 06:00:00,47.1893
2025-02-14 07:00:00,46.37199
2025-02-14 08:00:00,43.31233
2025-02-14 09:00:00,41.52525
2025-02-14 10:00:00,40.65341
2025-02-14 11:00:00,40.70477
2025-02-14 12:00:00,42.17037
2025-02-14 13:00:00,45.52959
2025-02-14 14:00:00,58.8627
2025-02-14 15:00:00,53.98493
2025-02-14 16:00:00,38.15195
2025-02-14 17:00:00,33.81483
2025-02-14 18:00:00,26.81227
2025-02-14 19:00:00,12.0
2025-02-14 20:00:00,8.51179
2025-02-14 21:00:00,7.9
2025-02-14 22:00:00,8.09279
2025-02-14 23:00:00,19.05413
2025-02-15 00:00:00,44.16885
2025-02-15 01:00:00,54.79336
2025-02-15 02:00:00,54.87
2025-02-15 03:00:00,54.07177
2025-02-15 04:00:00,52.21789
2025-02-15 05:00:00,51.63314
2025-02-15 06:00:00,50.46014
2025-02-15 07:00:00,44.27879
2025-02-15 08:00:00,45.27493
2025-02-15 09:00:00,45.07157
2025-02-15 10:00:00,44.55184
2025-02-15 11:00:00,44.86348
2025-02-15 12:00:00,45.69453
2025-02-15 13:00:00,48.56075
2025-02-15 14:00:00,58.6395
2025-02-15 15:00:00,46.14849
2025-02-15 16:00:00,19.01958
2025-02-15 17:00:00,23.78672
2025-02-15 18:00:00,10.20529
2025-02-15 19:00:00,1.73596
2025-02-15 20:00:00,-4.51002
2025-02-15 21:00:00,-5.0
2025-02-15 22:00:00,-1.51824
2025-02-15 23:00:00,8.19156
2025-02-16 00:00:00,50.91345
2025-02-16 01:00:00,60.41185
2025-02-16 02:00:00,60.08592
2025-02-16 03:00:00,58.60735
2025-02-16 04:00:00,58.11287
2025-02-16 05:00:00,56.82357
2025-02-16 06:00:00,52.69345
2025-02-16 07:00:00,49.52672
2025-02-16 08:00:00,50.08185
2025-02-16 09:00:00,49.92542
2025-02-16 10:00:00,49.16576
2025-02-16 11:00:00,48.04
2025-02-16 12:00:00,47.90446
2025-02-16 13:00:00,49.84585
2025-02-16 14:00:00,52.0
2025-02-16 15:00:00,45.27789
2025-02-16 16:00:00,26.94721
2025-02-16 17:00:00,27.91671
2025-02-16 18:00:00,17.93568
2025-02-16 19:00:00,5.50433
2025-02-16 20:00:00,5.04405
2025-02-16 21:00:00,7.05933
2025-02-16 22:00:00,5.13572
2025-02-16 23:00:00,18.78076
2025-02-17 00:00:00,46.03723
2025-02-17 01:00:00,57.42508
2025-02-17 02:00:00,60.14246
2025-02-17 03:00:00,55.0828
2025-02-17 04:00:00,53.73496
2025-02-17 05:00:00,51.84354
2025-02-17 06:00:00,47.31076
2025-02-17 07:00:00,46.29733
2025-02-17 08:00:00,39.28886
2025-02-17 09:00:00,39.75826
2025-02-17 10:00:00,38.82089
2025-02-17 11:00:00,39.35769
2025-02-17 12:00:00,44.66004
2025-02-17 13:00:00,44.97365
2025-02-17 14:00:00,55.09517
2025-02-17 15:00:00,47.55623
2025-02-17 16:00:00,22.11239
2025-02-17 17:00:00,27.42781
2025-02-17 18:00:00,20.0309
2025-02-17 19:00:00,11.72514
2025-02-17 20:00:00,4.68555
2025-02-17 21:00:00,3.0812
2025-02-17 22:00:00,3.44531
2025-02-17 23:00:00,11.92758
2025-02-18 00:00:00,39.01195
2025-02-18 01:00:00,56.18539
2025-02-18 02:00:00,58.27451
2025-02-18 03:00:00,56.07197
2025-02-18 04:00:00,54.09476
2025-02-18 05:00:00,52.06983
2025-02-18 06:00:00,47.12777
2025-02-18 07:00:00,44.43905
2025-02-18 08:00:00,41.40504
2025-02-18 09:00:00,41.58703
2025-02-18 10:00:00,40.94745
2025-02-18 11:00:00,41.54027
2025-02-18 12:00:00,46.96017
2025-02-18 13:00:00,48.43189
2025-02-18 14:00:00,64.72412
2025-02-18 15:00:00,57.46004
2025-02-18 16:00:00,45.20725
2025-02-18 17:00:00,45.20766
2025-02-18 18:00:00,36.93197
2025-02-18 19:00:00,33.1926
2025-02-18 20:00:00,27.0
2025-02-18 21:00:00,25.30863
2025-02-18 22:00:00,31.76686
2025-02-18 23:00:00,35.16338
2025-02-19 00:00:00,50.63224
2025-02-19 01:00:00,65.3479
2025-02-19 02:00:00,67.63816
2025-02-19 03:00:00,63.29236
2025-02-19 04:00:00,61.28613
2025-02-19 05:00:00,58.94733
2025-02-19 06:00:00,55.68394
2025-02-19 07:00:00,47.87788
2025-02-19 08:00:00,48.20145
2025-02-19 09:00:00,45.71112
2025-02-19 10:00:00,44.79795
2025-02-19 11:00:00,44.94845
2025-02-19 12:00:00,50.43878
2025-02-19 13:00:00,52.8735
2025-02-19 14:00:00,65.32767
2025-02-19 15:00:00,60.52918
2025-02-19 16:00:00,44.72593
2025-02-19 17:00:00,42.88
2025-02-19 18:00:00,40.07467
2025-02-19 19:00:00,37.08984
2025-02-19 20:00:00,33.36593
2025-02-19 21:00:00,33.76638
2025-02-19 22:00:00,34.18194
2025-02-19 23:00:00,35.21123
2025-02-20 00:00:00,45.36499
2025-02-20 01:00:00,59.02871
2025-02-20 02:00:00,60.47718
2025-02-20 03:00:00,54.8232
2025-02-20 04:00:00,53.77056
2025-02-20 05:00:00,52.40203
2025-02-20 06:00:00,46.02038
2025-02-20 07:00:00,43.92351
2025-02-20 08:00:00,44.63017
2025-02-20 09:00:00,41.64089
2025-02-20 10:00:00,41.63899
2025-02-20 11:00:00,41.72031
2025-02-20 12:00:00,45.49007
2025-02-20 13:00:00,52.63459
2025-02-20 14:00:00,63.75606
2025-02-20 15:00:00,58.20405
2025-02-20 16:00:00,32.39899
2025-02-20 17:00:00,21.97817
2025-02-20 18:00:00,16.77686
2025-02-20 19:00:00,5.50652
2025-02-20 20:00:00,3.12451
2025-02-20 21:00:00,2.40375
2025-02-20 22:00:00,4.32021
2025-02-20 23:00:00,6.92809
2025-02-21 00:00:00,45.46536
2025-02-21 01:00:00,68.25057
2025-02-21 02:00:00,68.79806
2025-02-21 03:00:00,62.80695
2025-02-21 04:00:00,63.0
2025-02-21 05:00:00,62.32961
2025-02-21 06:00:00,54.92709
2025-02-21 07:00:00,53.62184
2025-02-21 08:00:00,46.92562
2025-02-21 09:00:00,43.64
2025-02-21 10:00:00,43.51366
2025-02-21 11:00:00,43.78056
2025-02-21 12:00:00,44.81101
2025-02-21 13:00:00,52.0097
2025-02-21 14:00:00,63.07358
2025-02-21 15:00:00,47.73596
2025-02-21 16:00:00,37.33209
2025-02-21 17:00:00,32.8294
2025-02-21 18:00:00,30.41085
2025-02-21 19:00:00,22.35356
2025-02-21 20:00:00,21.08233
2025-02-21 21:00:00,20.26535
2025-02-21 22:00:00,21.56422
2025-02-21 23:00:00,23.49649
2025-02-22 00:00:00,42.87442
2025-02-22 01:00:00,56.17027
2025-02-22 02:00:00,58.33519
2025-02-22 03:00:00,55.17295
2025-02-22 04:00:00,53.93647
2025-02-22 05:00:00,54.02093
2025-02-22 06:00:00,53.11205
2025-02-22 07:00:00,49.80789
2025-02-22 08:00:00,44.96083
2025-02-22 09:00:00,44.64
2025-02-22 10:00:00,41.07597
2025-02-22 11:00:00,43.35727
2025-02-22 12:00:00,45.94395
2025-02-22 13:00:00,46.69359
2025-02-22 14:00:00,50.82492
2025-02-22 15:00:00,37.09052
2025-02-22 16:00:00,31.03641
2025-02-22 17:00:00,24.44885
2025-02-22 18:00:00,22.49244
2025-02-22 19:00:00,15.28
2025-02-22 20:00:00,9.59851
2025-02-22 21:00:00,10.54084
2025-02-22 22:00:00,14.41
2025-02-22 23:00:00,28.04257
2025-02-23 00:00:00,30.67243
2025-02-23 01:00:00,52.99144
2025-02-23 02:00:00,53.62789
2025-02-23 03:00:00,51.32854
2025-02-23 04:00:00,48.95569
2025-02-23 05:00:00,49.03589
2025-02-23 06:00:00,48.6567
2025-02-23 07:00:00,44.07079
2025-02-23 08:00:00,36.26287
2025-02-23 09:00:00,36.13955
2025-02-23 10:00:00,36.16933
2025-02-23 11:00:00,36.25418
2025-02-23 12:00:00,38.77812
2025-02-23 13:00:00,42.25706
2025-02-23 14:00:00,41.64722
2025-02-23 15:00:00,33.13333
2025-02-23 16:00:00,32.26
2025-02-23 17:00:00,28.69
2025-02-23 18:00:00,21.18428
2025-02-23 19:00:00,14.41353
2025-02-23 20:00:00,7.41769
2025-02-23 21:00:00,7.74624
2025-02-23 22:00:00,10.87574
2025-02-23 23:00:00,25.0
2025-02-24 00:00:00,31.75518
2025-02-24 01:00:00,42.95473
2025-02-24 02:00:00,43.62095
2025-02-24 03:00:00,41.58438
2025-02-24 04:00:00,41.25755
2025-02-24 05:00:00,41.24845
2025-02-24 06:00:00,39.8416
2025-02-24 07:00:00,37.74893
2025-02-24 08:00:00,40.42471
2025-02-24 09:00:00,41.27134
2025-02-24 10:00:00,41.05031
2025-02-24 11:00:00,43.9695
2025-02-24 12:00:00,46.54922
2025-02-24 13:00:00,47.16592
2025-02-24 14:00:00,52.10724
2025-02-24 15:00:00,43.58
2025-02-24 16:00:00,37.76706
2025-02-24 17:00:00,45.19418
2025-02-24 18:00:00,33.52614
2025-02-24 19:00:00,29.11215
2025-02-24 20:00:00,19.94422
2025-02-24 21:00:00,18.56818
2025-02-24 22:00:00,21.97
2025-02-24 23:00:00,29.58868
2025-02-25 00:00:00,39.08204
2025-02-25 01:00:00,48.7652
2025-02-25 02:00:00,48.69922
2025-02-25 03:00:00,45.76532
2025-02-25 04:00:00,43.59076
2025-02-25 05:00:00,42.50653
2025-02-25 06:00:00,38.81314
2025-02-25 07:00:00,35.55685
2025-02-25 08:00:00,30.72772
2025-02-25 09:00:00,30.4836
2025-02-25 10:00:00,30.8805
2025-02-25 11:00:00,30.95943
2025-02-25 12:00:00,33.77611
2025-02-25 13:00:00,41.85182
2025-02-25 14:00:00,48.86595
2025-02-25 15:00:00,34.6286
2025-02-25 16:00:00,23.79
2025-02-25 17:00:00,12.33918
2025-02-25 18:00:00,6.15741
2025-02-25 19:00:00,0.53556
2025-02-25 20:00:00,-8.8499
2025-02-25 21:00:00,-11.65318
2025-02-25 22:00:00,-10.61714
2025-02-25 23:00:00,-6.70737
2025-02-26 00:00:00,11.01218
2025-02-26 01:00:00,44.29339
2025-02-26 02:00:00,44.65891
2025-02-26 03:00:00,43.13616
2025-02-26 04:00:00,43.05239
2025-02-26 05:00:00,42.4525
2025-02-26 06:00:00,42.13669
2025-02-26 07:00:00,40.03717
2025-02-26 08:00:00,41.74247
2025-02-26 09:00:00,41.61161
2025-02-26 10:00:00,41.36171
2025-02-26 11:00:00,42.02267
2025-02-26 12:00:00,46.30188
2025-02-26 13:00:00,50.38553
2025-02-26 14:00:00,55.4315
2025-02-26 15:00:00,42.38
2025-02-26 16:00:00,28.9428
2025-02-26 17:00:00,24.52229
2025-02-26 18:00:00,18.10968
2025-02-26 19:00:00,17.2338
2025-02-26 20:00:00,8.83592
2025-02-26 21:00:00,8.80028
2025-02-26 22:00:00,12.13207
2025-02-26 23:00:00,13.57114
2025-02-27 00:00:00,32.43501
2025-02-27 01:00:00,53.02075
2025-02-27 02:00:00,57.28235
2025-02-27 03:00:00,52.22112
2025-02-27 04:00:00,49.84127
2025-02-27 05:00:00,48.76832
2025-02-27 06:00:00,46.89704
2025-02-27 07:00:00,45.72622
2025-02-27 08:00:00,44.43893
2025-02-27 09:00:00,44.12166
2025-02-27 10:00:00,43.96171
2025-02-27 11:00:00,44.00444
2025-02-27 12:00:00,45.97223
2025-02-27 13:00:00,51.44469
2025-02-27 14:00:00,57.41671
2025-02-27 15:00:00,43.43025
2025-02-27 16:00:00,30.89515
2025-02-27 17:00:00,26.94273
2025-02-27 18:00:00,20.13888
2025-02-27 19:00:00,13.23317
2025-02-27 20:00:00,8.17141
2025-02-27 21:00:00,7.72732
2025-02-27 22:00:00,9.6663
2025-02-27 23:00:00,17.96513
2025-02-28 00:00:00,40.6322
2025-02-28 01:00:00,54.81384
2025-02-28 02:00:00,60.05573
2025-02-28 03:00:00,53.39206
2025-02-28 04:00:00,53.18745
2025-02-28 05:00:00,53.12576
2025-02-28 06:00:00,47.65835
2025-02-28 07:00:00,45.73817
2025-02-28 08:00:00,41.6805
2025-02-28 09:00:00,41.86277
2025-02-28 10:00:00,40.23481
2025-02-28 11:00:00,41.98111
2025-02-28 12:00:00,43.36305
2025-02-28 13:00:00,47.63525
2025-02-28 14:00:00,56.20248
2025-02-28 15:00:00,42.10406
2025-02-28 16:00:00,32.84722
2025-02-28 17:00:00,25.6
2025-02-28 18:00:00,17.66785
2025-02-28 19:00:00,6.72572
2025-02-28 20:00:00,-1.59
2025-02-28 21:00:00,-2.80497
2025-02-28 22:00:00,2.44063
2025-02-28 23:00:00,18.3043
2025-03-01 00:00:00,38.6575
2025-03-01 01:00:00,54.36015
2025-03-01 02:00:00,59.0375
2025-03-01 03:00:00,50.20393
2025-03-01 04:00:00,49.76073
2025-03-01 05:00:00,49.54759
2025-03-01 06:00:00,45.50691
2025-03-01 07:00:00,43.05017
2025-03-01 08:00:00,45.58
2025-03-01 09:00:00,44.96924
2025-03-01 10:00:00,42.90043
2025-03-01 11:00:00,39.16129
2025-03-01 12:00:00,37.98346
2025-03-01 13:00:00,45.48913
2025-03-01 14:00:00,47.76229
2025-03-01 15:00:00,33.22
2025-03-01 16:00:00,11.98822
2025-03-01 17:00:00,8.73766
2025-03-01 18:00:00,2.57666
2025-03-01 19:00:00,-1.85925
2025-03-01 20:00:00,-11.26231
2025-03-01 21:00:00,-12.61945
2025-03-01 22:00:00,-12.53941
2025-03-01 23:00:00,-5.47919
2025-03-02 00:00:00,20.94245
2025-03-02 01:00:00,44.88511
2025-03-02 02:00:00,46.17358
2025-03-02 03:00:00,43.5876
2025-03-02 04:00:00,42.55895
2025-03-02 05:00:00,43.22727
2025-03-02 06:00:00,42.31086
2025-03-02 07:00:00,41.4957
2025-03-02 08:00:00,40.10084
2025-03-02 09:00:00,39.88422
2025-03-02 10:00:00,40.01173
2025-03-02 11:00:00,37.87129
2025-03-02 12:00:00,38.11994
2025-03-02 13:00:00,45.70415
2025-03-02 14:00:00,46.41828
2025-03-02 15:00:00,36.24727
2025-03-02 16:00:00,24.64061
2025-03-02 17:00:00,21.37052
2025-03-02 18:00:00,20.32384
2025-03-02 19:00:00,15.06141
2025-03-02 20:00:00,8.4842
2025-03-02 21:00:00,9.32281
2025-03-02 22:00:00,9.95949
2025-03-02 23:00:00,20.0
2025-03-03 00:00:00,33.54647
2025-03-03 01:00:00,49.92576
2025-03-03 02:00:00,51.45185
2025-03-03 03:00:00,49.75186
2025-03-03 04:00:00,48.8607
2025-03-03 05:00:00,48.47451
2025-03-03 06:00:00,46.39389
2025-03-03 07:00:00,43.51664
2025-03-03 08:00:00,36.90714
2025-03-03 09:00:00,36.74131
2025-03-03 10:00:00,37.30636
2025-03-03 11:00:00,37.26704
2025-03-03 12:00:00,38.85186
2025-03-03 13:00:00,44.63403
2025-03-03 14:00:00,52.80726
2025-03-03 15:00:00,45.28675
2025-03-03 16:00:00,33.03578
2025-03-03 17:00:00,31.42581
2025-03-03 18:00:00,25.0
2025-03-03 19:00:00,17.29736
2025-03-03 20:00:00,10.07178
2025-03-03 21:00:00,9.53767
2025-03-03 22:00:00,14.50167
2025-03-03 23:00:00,25.69016
2025-03-04 00:00:00,33.4685
2025-03-04 01:00:00,51.40518
2025-03-04 02:00:00,51.98758
2025-03-04 03:00:00,49.90535
2025-03-04 04:00:00,49.65559
2025-03-04 05:00:00,49.15632
2025-03-04 06:00:00,47.62991
2025-03-04 07:00:00,45.11546
2025-03-04 08:00:00,43.16673
2025-03-04 09:00:00,43.23479
2025-03-04 10:00:00,42.15693
2025-03-04 11:00:00,43.50235
2025-03-04 12:00:00,45.21978
2025-03-04 13:00:00,56.04924
2025-03-04 14:00:00,61.90046
2025-03-04 15:00:00,46.39369
2025-03-04 16:00:00,41.35209
2025-03-04 17:00:00,38.54599
2025-03-04 18:00:00,34.25187
2025-03-04 19:00:00,26.29477
2025-03-04 20:00:00,20.0
2025-03-04 21:00:00,17.56101
2025-03-04 22:00:00,20.0
2025-03-04 23:00:00,24.3623
2025-03-05 00:00:00,36.36864
2025-03-05 01:00:00,56.14504
2025-03-05 02:00:00,56.62242
2025-03-05 03:00:00,54.74712
2025-03-05 04:00:00,54.13431
2025-03-05 05:00:00,53.51988
2025-03-05 06:00:00,49.59341
2025-03-05 07:00:00,45.73593
2025-03-05 08:00:00,54.12513
2025-03-05 09:00:00,50.64
2025-03-05 10:00:00,51.68754
2025-03-05 11:00:00,54.07431
2025-03-05 12:00:00,61.10079
2025-03-05 13:00:00,68.39771
2025-03-05 14:00:00,68.99401
2025-03-05 15:00:00,67.21634
2025-03-05 16:00:00,55.42334
2025-03-05 17:00:00,49.47207
2025-03-05 18:00:00,49.12111
2025-03-05 19:00:00,46.81229
2025-03-05 20:00:00,42.84407
2025-03-05 21:00:00,42.85579
2025-03-05 22:00:00,42.98959
2025-03-05 23:00:00,47.30124
2025-03-06 00:00:00,60.28793
2025-03-06 01:00:00,61.05
2025-03-06 02:00:00,61.40414
2025-03-06 03:00:00,60.43903
2025-03-06 04:00:00,60.22897
2025-03-06 05:00:00,59.58674
2025-03-06 06:00:00,53.79474
2025-03-06 07:00:00,51.08606
2025-03-06 08:00:00,50.64421
2025-03-06 09:00:00,46.66189
2025-03-06 10:00:00,46.11703
2025-03-06 11:00:00,46.13231
2025-03-06 12:00:00,51.07967
2025-03-06 13:00:00,59.52947
2025-03-06 14:00:00,62.64
2025-03-06 15:00:00,48.5377
2025-03-06 16:00:00,41.15213
2025-03-06 17:00:00,42.07432
2025-03-06 18:00:00,38.74526
2025-03-06 19:00:00,31.37133
2025-03-06 20:00:00,17.85316
2025-03-06 21:00:00,15.17856
2025-03-06 22:00:00,17.98083
2025-03-06 23:00:00,23.72003
2025-03-07 00:00:00,41.22609
2025-03-07 01:00:00,64.32051
2025-03-07 02:00:00,66.85107
2025-03-07 03:00:00,64.04934
2025-03-07 04:00:00,63.3397
2025-03-07 05:00:00,62.58813
2025-03-07 06:00:00,56.74861
2025-03-07 07:00:00,52.48315
2025-03-07 08:00:00,43.67661
2025-03-07 09:00:00,43.92183
2025-03-07 10:00:00,43.17987
2025-03-07 11:00:00,43.61173
2025-03-07 12:00:00,46.8772
2025-03-07 13:00:00,53.50222
2025-03-07 14:00:00,61.65682
2025-03-07 15:00:00,44.52571
2025-03-07 16:00:00,30.34455
2025-03-07 17:00:00,19.45752
2025-03-07 18:00:00,9.9
2025-03-07 19:00:00,-0.97391
2025-03-07 20:00:00,-8.74594
2025-03-07 21:00:00,-11.21149
2025-03-07 22:00:00,-8.2425
2025-03-07 23:00:00,-0.20553
2025-03-08 00:00:00,19.5449
2025-03-08 01:00:00,55.916
2025-03-08 02:00:00,58.09937
2025-03-08 03:00:00,57.17198
2025-03-08 04:00:00,56.56941
2025-03-08 05:00:00,55.8265
2025-03-08 06:00:00,54.94211
2025-03-08 07:00:00,54.30742
2025-03-08 08:00:00,54.32715
2025-03-08 09:00:00,52.68372
2025-03-08 10:00:00,50.45925
2025-03-08 11:00:00,49.58634
2025-03-08 12:00:00,53.76161
2025-03-08 13:00:00,53.43
2025-03-08 14:00:00,58.0
2025-03-08 15:00:00,31.45637
2025-03-08 16:00:00,0.55407
2025-03-08 17:00:00,-3.89681
2025-03-08 18:00:00,-10.08625
2025-03-08 19:00:00,-16.94945
2025-03-08 20:00:00,-21.16664
2025-03-08 21:00:00,-21.40007
2025-03-08 22:00:00,-19.71738
2025-03-08 23:00:00,-10.46055
2025-03-09 00:00:00,10.64611
2025-03-09 01:00:00,55.05395
2025-03-09 02:00:00,58.04214
2025-03-09 03:00:00,56.69567
2025-03-09 04:00:00,55.74004
2025-03-09 05:00:00,55.05647
2025-03-09 06:00:00,53.70034
2025-03-09 07:00:00,52.57953
2025-03-09 08:00:00,46.12971
2025-03-09 09:00:00,45.74699
2025-03-09 10:00:00,40.64485
2025-03-09 11:00:00,42.73925
2025-03-09 12:00:00,46.24205
2025-03-09 13:00:00,53.65917
2025-03-09 14:00:00,55.50198
2025-03-09 15:00:00,1.62764
2025-03-09 16:00:00,-1.82672
2025-03-09 17:00:00,-5.04
2025-03-09 18:00:00,-20.49328
2025-03-09 19:00:00,-20.96603
2025-03-09 20:00:00,-20.91288
2025-03-09 21:00:00,-20.92419
2025-03-09 22:00:00,-19.37271
2025-03-09 23:00:00,-15.0
2025-03-10 00:00:00,0.24462
2025-03-10 01:00:00,42.42889
2025-03-10 02:00:00,54.83855
2025-03-10 03:00:00,55.71125
2025-03-10 04:00:00,53.6753
2025-03-10 05:00:00,53.47196
2025-03-10 06:00:00,53.05837
2025-03-10 07:00:00,47.32199
2025-03-10 08:00:00,43.4764
2025-03-10 09:00:00,45.88805
2025-03-10 10:00:00,48.68708
2025-03-10 11:00:00,50.0591
2025-03-10 12:00:00,58.96232
2025-03-10 13:00:00,69.87478
2025-03-10 14:00:00,68.29899
2025-03-10 15:00:00,42.34202
2025-03-10 16:00:00,37.38197
2025-03-10 17:00:00,30.98007
2025-03-10 18:00:00,29.40185
2025-03-10 19:00:00,15.55805
2025-03-10 20:00:00,12.64
2025-03-10 21:00:00,12.58
2025-03-10 22:00:00,19.28799
2025-03-10 23:00:00,16.99832
2025-03-11 00:00:00,38.38787
2025-03-11 01:00:00,57.35196
2025-03-11 02:00:00,61.46
2025-03-11 03:00:00,58.81024
2025-03-11 04:00:00,55.31192
2025-03-11 05:00:00,54.71137
2025-03-11 06:00:00,50.33029
2025-03-11 07:00:00,59.17684
2025-03-11 08:00:00,53.66981
2025-03-11 09:00:00,52.73184
2025-03-11 10:00:00,52.02137
2025-03-11 11:00:00,53.76642
2025-03-11 12:00:00,62.64397
2025-03-11 13:00:00,67.9533
2025-03-11 14:00:00,71.37142
2025-03-11 15:00:00,56.76562
2025-03-11 16:00:00,46.64
2025-03-11 17:00:00,38.60756
2025-03-11 18:00:00,34.27168
2025-03-11 19:00:00,28.2644
2025-03-11 20:00:00,27.16723
2025-03-11 21:00:00,25.0671
2025-03-11 22:00:00,33.47813
2025-03-11 23:00:00,36.4889
2025-03-12 00:00:00,51.16123
2025-03-12 01:00:00,62.5803
2025-03-12 02:00:00,65.08287
2025-03-12 03:00:00,66.64166
2025-03-12 04:00:00,63.44475
2025-03-12 05:00:00,62.60768
2025-03-12 06:00:00,55.71605
2025-03-12 07:00:00,50.22799
2025-03-12 08:00:00,48.08791
2025-03-12 09:00:00,47.2334
2025-03-12 10:00:00,47.44553
2025-03-12 11:00:00,47.81512
2025-03-12 12:00:00,52.98281
2025-03-12 13:00:00,63.68761
2025-03-12 14:00:00,63.95974
2025-03-12 15:00:00,52.18944
2025-03-12 16:00:00,47.79683
2025-03-12 17:00:00,46.72055
2025-03-12 18:00:00,45.80621
2025-03-12 19:00:00,41.39827
2025-03-12 20:00:00,39.5
2025-03-12 21:00:00,37.81255
2025-03-12 22:00:00,40.53957
2025-03-12 23:00:00,42.83944
2025-03-13 00:00:00,52.49954
2025-03-13 01:00:00,58.53137
2025-03-13 02:00:00,61.20351
2025-03-13 03:00:00,59.68667
2025-03-13 04:00:00,56.66588
2025-03-13 05:00:00,54.09817
2025-03-13 06:00:00,51.66898
2025-03-13 07:00:00,46.19043
2025-03-13 08:00:00,43.60835
2025-03-13 09:00:00,42.26365
2025-03-13 10:00:00,42.27092
2025-03-13 11:00:00,43.13459
2025-03-13 12:00:00,49.51795
2025-03-13 13:00:00,60.45553
2025-03-13 14:00:00,61.99167
2025-03-13 15:00:00,52.35037
2025-03-13 16:00:00,47.03947
2025-03-13 17:00:00,44.4186
2025-03-13 18:00:00,39.71957
2025-03-13 19:00:00,26.04248
2025-03-13 20:00:00,18.87
2025-03-13 21:00:00,8.93274
2025-03-13 22:00:00,9.60017
2025-03-13 23:00:00,16.29359
2025-03-14 00:00:00,32.78125
2025-03-14 01:00:00,53.5052
2025-03-14 02:00:00,57.33259
2025-03-14 03:00:00,56.90977
2025-03-14 04:00:00,56.32919
2025-03-14 05:00:00,52.52496
2025-03-14 06:00:00,48.35108
2025-03-14 07:00:00,51.77095
2025-03-14 08:00:00,48.74632
2025-03-14 09:00:00,47.33167
2025-03-14 10:00:00,47.41574
2025-03-14 11:00:00,47.8499
2025-03-14 12:00:00,59.3705
2025-03-14 13:00:00,67.15945
2025-03-14 14:00:00,71.96956
2025-03-14 15:00:00,68.6748
2025-03-14 16:00:00,56.19498
2025-03-14 17:00:00,49.89578
2025-03-14 18:00:00,45.73413
2025-03-14 19:00:00,41.30544
2025-03-14 20:00:00,36.63735
2025-03-14 21:00:00,32.3966
2025-03-14 22:00:00,33.19481
2025-03-14 23:00:00,36.94571
2025-03-15 00:00:00,42.49851
2025-03-15 01:00:00,55.51348
2025-03-15 02:00:00,60.50537
2025-03-15 03:00:00,57.78772
2025-03-15 04:00:00,55.70092
2025-03-15 05:00:00,50.17372
2025-03-15 06:00:00,48.50935
2025-03-15 07:00:00,44.53244
2025-03-15 08:00:00,42.48849
2025-03-15 09:00:00,38.96728
2025-03-15 10:00:00,37.75104
2025-03-15 11:00:00,38.95041
2025-03-15 12:00:00,44.26952
2025-03-15 13:00:00,51.46819
2025-03-15 14:00:00,44.11581
2025-03-15 15:00:00,20.26
2025-03-15 16:00:00,22.38296
2025-03-15 17:00:00,7.8078
2025-03-15 18:00:00,-5.64839
2025-03-15 19:00:00,-12.7
2025-03-15 20:00:00,-19.37147
2025-03-15 21:00:00,-12.81987
2025-03-15 22:00:00,-6.88
2025-03-15 23:00:00,0.65488
2025-03-16 00:00:00,21.98001
2025-03-16 01:00:00,41.65611
2025-03-16 02:00:00,49.94
2025-03-16 03:00:00,50.15098
2025-03-16 04:00:00,49.33339
2025-03-16 05:00:00,48.74314
2025-03-16 06:00:00,46.78964
2025-03-16 07:00:00,48.23512
2025-03-16 08:00:00,47.19507
2025-03-16 09:00:00,44.26
2025-03-16 10:00:00,44.94734
2025-03-16 11:00:00,43.6028
2025-03-16 12:00:00,47.81848
2025-03-16 13:00:00,52.18928
2025-03-16 14:00:00,48.44099
2025-03-16 15:00:00,30.20059
2025-03-16 16:00:00,29.21072
2025-03-16 17:00:00,17.28724
2025-03-16 18:00:00,13.71
2025-03-16 19:00:00,1.85062
2025-03-16 20:00:00,-0.96412
2025-03-16 21:00:00,-0.47
2025-03-16 22:00:00,6.08899
2025-03-16 23:00:00,12.33624
2025-03-17 00:00:00,29.72486
2025-03-17 01:00:00,47.1444
2025-03-17 02:00:00,48.29258
2025-03-17 03:00:00,47.63791
2025-03-17 04:00:00,45.91601
2025-03-17 05:00:00,45.64858
2025-03-17 06:00:00,39.53618
2025-03-17 07:00:00,56.10722
2025-03-17 08:00:00,46.66807
2025-03-17 09:00:00,46.24013
2025-03-17 10:00:00,46.35703
2025-03-17 11:00:00,48.25224
2025-03-17 12:00:00,59.90614
2025-03-17 13:00:00,65.0621
2025-03-17 14:00:00,66.23748
2025-03-17 15:00:00,54.60655
2025-03-17 16:00:00,48.3055
2025-03-17 17:00:00,43.27
2025-03-17 18:00:00,41.27699
2025-03-17 19:00:00,33.94
2025-03-17 20:00:00,25.32444
2025-03-17 21:00:00,20.96263
2025-03-17 22:00:00,22.96192
2025-03-17 23:00:00,25.89339
2025-03-18 00:00:00,34.75371
2025-03-18 01:00:00,46.8405
2025-03-18 02:00:00,50.81
2025-03-18 03:00:00,51.38554
2025-03-18 04:00:00,47.99846
2025-03-18 05:00:00,47.03068
2025-03-18 06:00:00,45.07599
2025-03-18 07:00:00,41.38584
2025-03-18 08:00:00,43.32345
2025-03-18 09:00:00,40.28824
2025-03-18 10:00:00,40.79633
2025-03-18 11:00:00,44.94228
2025-03-18 12:00:00,50.02753
2025-03-18 13:00:00,62.76
2025-03-18 14:00:00,63.93173
2025-03-18 15:00:00,50.00803
2025-03-18 16:00:00,41.13039
2025-03-18 17:00:00,36.76216
2025-03-18 18:00:00,33.25874
2025-03-18 19:00:00,23.23747
2025-03-18 20:00:00,13.8374
2025-03-18 21:00:00,14.03531
2025-03-18 22:00:00,20.0
2025-03-18 23:00:00,29.11908
2025-03-19 00:00:00,33.69179
2025-03-19 01:00:00,47.21374
2025-03-19 02:00:00,59.73878
2025-03-19 03:00:00,55.10256
2025-03-19 04:00:00,52.15225
2025-03-19 05:00:00,49.95275
2025-03-19 06:00:00,47.77564
2025-03-19 07:00:00,45.5
2025-03-19 08:00:00,45.00618
2025-03-19 09:00:00,45.07216
2025-03-19 10:00:00,46.35596
2025-03-19 11:00:00,50.24383
2025-03-19 12:00:00,60.89994
2025-03-19 13:00:00,71.41139
2025-03-19 14:00:00,68.02
2025-03-19 15:00:00,51.4319
2025-03-19 16:00:00,44.2033
2025-03-19 17:00:00,40.02639
2025-03-19 18:00:00,35.56076
2025-03-19 19:00:00,30.05006
2025-03-19 20:00:00,25.98655
2025-03-19 21:00:00,24.75704
2025-03-19 22:00:00,26.85029
2025-03-19 23:00:00,25.86932
2025-03-20 00:00:00,38.80861
2025-03-20 01:00:00,59.12945
2025-03-20 02:00:00,62.07119
2025-03-20 03:00:00,60.35334
2025-03-20 04:00:00,57.79741
2025-03-20 05:00:00,55.51702
2025-03-20 06:00:00,52.26514
2025-03-20 07:00:00,46.53096
2025-03-20 08:00:00,42.94201
2025-03-20 09:00:00,40.6848
2025-03-20 10:00:00,40.79662
2025-03-20 11:00:00,44.00825
2025-03-20 12:00:00,53.10185
2025-03-20 13:00:00,65.07278
2025-03-20 14:00:00,59.83798
2025-03-20 15:00:00,43.24698
2025-03-20 16:00:00,35.5928
2025-03-20 17:00:00,26.73
2025-03-20 18:00:00,15.89108
2025-03-20 19:00:00,2.55895
2025-03-20 20:00:00,0.01
2025-03-20 21:00:00,-5.85053
2025-03-20 22:00:00,-0.92961
2025-03-20 23:00:00,2.97842
2025-03-21 00:00:00,18.3488
2025-03-21 01:00:00,50.48494
2025-03-21 02:00:00,56.40041
2025-03-21 03:00:00,51.47877
2025-03-21 04:00:00,45.33446
2025-03-21 05:00:00,43.67894
2025-03-21 06:00:00,43.95836
2025-03-21 07:00:00,33.08153
2025-03-21 08:00:00,32.74358
2025-03-21 09:00:00,32.65058
2025-03-21 10:00:00,32.38866
2025-03-21 11:00:00,34.05139
2025-03-21 12:00:00,42.10368
2025-03-21 13:00:00,61.34515
2025-03-21 14:00:00,62.01839
2025-03-21 15:00:00,40.74639
2025-03-21 16:00:00,30.8216
2025-03-21 17:00:00,18.95877
2025-03-21 18:00:00,6.68192
2025-03-21 19:00:00,-0.45276
2025-03-21 20:00:00,-4.5
2025-03-21 21:00:00,-5.01614
2025-03-21 22:00:00,-4.88375
2025-03-21 23:00:00,2.60209
2025-03-22 00:00:00,10.74287
2025-03-22 01:00:00,45.98135
2025-03-22 02:00:00,48.64
2025-03-22 03:00:00,45.84065
2025-03-22 04:00:00,42.19949
2025-03-22 05:00:00,39.1422
2025-03-22 06:00:00,38.23379
2025-03-22 07:00:00,33.35895
2025-03-22 08:00:00,32.29394
2025-03-22 09:00:00,30.41259
2025-03-22 10:00:00,35.08231
2025-03-22 11:00:00,35.56171
2025-03-22 12:00:00,36.85696
2025-03-22 13:00:00,44.52135
2025-03-22 14:00:00,47.30452
2025-03-22 15:00:00,21.8937
2025-03-22 16:00:00,1.52358
2025-03-22 17:00:00,-5.59646
2025-03-22 18:00:00,-19.43
2025-03-22 19:00:00,-28.76323
2025-03-22 20:00:00,-30.11954
2025-03-22 21:00:00,-29.26614
2025-03-22 22:00:00,-24.88258
2025-03-22 23:00:00,-13.4932
2025-03-23 00:00:00,4.44325
2025-03-23 01:00:00,37.04929
2025-03-23 02:00:00,40.83137
2025-03-23 03:00:00,38.23114
2025-03-23 04:00:00,37.13402
2025-03-23 05:00:00,35.49537
2025-03-23 06:00:00,34.48879
2025-03-23 07:00:00,35.44387
2025-03-23 08:00:00,35.56189
2025-03-23 09:00:00,35.43332
2025-03-23 10:00:00,35.56179
2025-03-23 11:00:00,37.93865
2025-03-23 12:00:00,39.37257
2025-03-23 13:00:00,46.61978
2025-03-23 14:00:00,36.53738
2025-03-23 15:00:00,0.16677
2025-03-23 16:00:00,1.24629
2025-03-23 17:00:00,-23.80945
2025-03-23 18:00:00,-30.9317
2025-03-23 19:00:00,-35.02
2025-03-23 20:00:00,-35.97362
2025-03-23 21:00:00,-36.6196
2025-03-23 22:00:00,-31.53077
2025-03-23 23:00:00,-28.32629
2025-03-24 00:00:00,-2.51165
2025-03-24 01:00:00,46.1792
2025-03-24 02:00:00,51.42815
2025-03-24 03:00:00,49.3776
2025-03-24 04:00:00,48.53066
2025-03-24 05:00:00,47.21636
2025-03-24 06:00:00,46.08189
2025-03-24 07:00:00,37.77843
2025-03-24 08:00:00,37.52796
2025-03-24 09:00:00,36.95035
2025-03-24 10:00:00,37.066
2025-03-24 11:00:00,37.78355
2025-03-24 12:00:00,46.5561
2025-03-24 13:00:00,54.72282
2025-03-24 14:00:00,51.67287
2025-03-24 15:00:00,24.66299
2025-03-24 16:00:00,13.93
2025-03-24 17:00:00,5.98515
2025-03-24 18:00:00,-1.1909
2025-03-24 19:00:00,-8.39435
2025-03-24 20:00:00,-6.2173
2025-03-24 21:00:00,-4.45343
2025-03-24 22:00:00,9.93176
2025-03-24 23:00:00,4.98
2025-03-25 00:00:00,29.91779
2025-03-25 01:00:00,54.22113
2025-03-25 02:00:00,63.64516
2025-03-25 03:00:00,56.93198
2025-03-25 04:00:00,50.63978
2025-03-25 05:00:00,48.53076
2025-03-25 06:00:00,41.15425
2025-03-25 07:00:00,40.38023
2025-03-25 08:00:00,39.34668
2025-03-25 09:00:00,36.48922
2025-03-25 10:00:00,34.37267
2025-03-25 11:00:00,34.78756
2025-03-25 12:00:00,44.33308
2025-03-25 13:00:00,52.42047
2025-03-25 14:00:00,46.42275
2025-03-25 15:00:00,25.78827
2025-03-25 16:00:00,14.0
2025-03-25 17:00:00,6.44858
2025-03-25 18:00:00,3.34651
2025-03-25 19:00:00,0.0
2025-03-25 20:00:00,3.58796
2025-03-25 21:00:00,6.83571
2025-03-25 22:00:00,12.54479
2025-03-25 23:00:00,19.53266
2025-03-26 00:00:00,41.66773
2025-03-26 01:00:00,59.24739
2025-03-26 02:00:00,62.64007
2025-03-26 03:00:00,52.35433
2025-03-26 04:00:00,45.08659
2025-03-26 05:00:00,39.54351
2025-03-26 06:00:00,37.84872
2025-03-26 07:00:00,29.85723
2025-03-26 08:00:00,29.79134
2025-03-26 09:00:00,29.67415
2025-03-26 10:00:00,29.51326
2025-03-26 11:00:00,29.98171
2025-03-26 12:00:00,34.66894
2025-03-26 13:00:00,44.43041
2025-03-26 14:00:00,41.48586
2025-03-26 15:00:00,21.151
2025-03-26 16:00:00,2.14708
2025-03-26 17:00:00,-2.54322
2025-03-26 18:00:00,-7.76551
2025-03-26 19:00:00,-9.58307
2025-03-26 20:00:00,-11.96162
2025-03-26 21:00:00,-11.0
2025-03-26 22:00:00,-8.01205
2025-03-26 23:00:00,-0.72204
2025-03-27 00:00:00,11.04805
2025-03-27 01:00:00,36.24227
2025-03-27 02:00:00,40.11728
2025-03-27 03:00:00,38.02849
2025-03-27 04:00:00,34.69063
2025-03-27 05:00:00,30.0
2025-03-27 06:00:00,28.75174
2025-03-27 07:00:00,21.3628
2025-03-27 08:00:00,20.3515
2025-03-27 09:00:00,20.16762
2025-03-27 10:00:00,19.98875
2025-03-27 11:00:00,20.37483
2025-03-27 12:00:00,24.08144
2025-03-27 13:00:00,35.62576
2025-03-27 14:00:00,31.7427
2025-03-27 15:00:00,21.3035
2025-03-27 16:00:00,6.6155
2025-03-27 17:00:00,1.47216
2025-03-27 18:00:00,-2.55148
2025-03-27 19:00:00,-4.75296
2025-03-27 20:00:00,-8.52536
2025-03-27 21:00:00,-5.22998
2025-03-27 22:00:00,-4.97663
2025-03-27 23:00:00,-5.99804
2025-03-28 00:00:00,5.46175
2025-03-28 01:00:00,25.86166
2025-03-28 02:00:00,28.34126
2025-03-28 03:00:00,27.55678
2025-03-28 04:00:00,25.85637
2025-03-28 05:00:00,24.2907
2025-03-28 06:00:00,23.39058
2025-03-28 07:00:00,16.3431
2025-03-28 08:00:00,14.98489
2025-03-28 09:00:00,14.172
2025-03-28 10:00:00,14.43715
2025-03-28 11:00:00,14.49055
2025-03-28 12:00:00,18.41469
2025-03-28 13:00:00,28.40024
2025-03-28 14:00:00,28.08
2025-03-28 15:00:00,19.22629
2025-03-28 16:00:00,4.67385
2025-03-28 17:00:00,0.0
2025-03-28 18:00:00,-7.70948
2025-03-28 19:00:00,-11.44049
2025-03-28 20:00:00,-13.75185
2025-03-28 21:00:00,-15.46189
2025-03-28 22:00:00,-13.76556
2025-03-28 23:00:00,-12.04881
2025-03-29 00:00:00,-0.01038
2025-03-29 01:00:00,19.73426
2025-03-29 02:00:00,22.47151
2025-03-29 03:00:00,22.34232
2025-03-29 04:00:00,20.59574
2025-03-29 05:00:00,19.3348
2025-03-29 06:00:00,18.10377
2025-03-29 07:00:00,14.67057
2025-03-29 08:00:00,15.18832
2025-03-29 09:00:00,13.61978
2025-03-29 10:00:00,13.36296
2025-03-29 11:00:00,13.4531
2025-03-29 12:00:00,13.73274
2025-03-29 13:00:00,19.95199
2025-03-29 14:00:00,12.56198
2025-03-29 15:00:00,-4.3967
2025-03-29 16:00:00,-16.18398
2025-03-29 17:00:00,-30.0
2025-03-29 18:00:00,-34.01054
2025-03-29 19:00:00,-36.72541
2025-03-29 20:00:00,-38.38557
2025-03-29 21:00:00,-38.47122
2025-03-29 22:00:00,-35.45544
2025-03-29 23:00:00,-27.93765
2025-03-30 00:00:00,-11.21
2025-03-30 01:00:00,19.46091
2025-03-30 02:00:00,20.12078
2025-03-30 03:00:00,20.01036
2025-03-30 04:00:00,19.79223
2025-03-30 05:00:00,19.4102
2025-03-30 06:00:00,18.78524
2025-03-30 07:00:00,25.39604
2025-03-30 08:00:00,24.74986
2025-03-30 09:00:00,23.99808
2025-03-30 10:00:00,21.53778
2025-03-30 11:00:00,20.92693
2025-03-30 12:00:00,21.48755
2025-03-30 13:00:00,25.1091
2025-03-30 14:00:00,17.87174
2025-03-30 15:00:00,10.52083
2025-03-30 16:00:00,1.00478
2025-03-30 17:00:00,-0.67105
2025-03-30 18:00:00,-2.63121
2025-03-30 19:00:00,-9.12971
2025-03-30 20:00:00,-14.01208
2025-03-30 21:00:00,-16.24017
2025-03-30 22:00:00,-15.42689
2025-03-30 23:00:00,-8.98981
2025-03-31 00:00:00,0.20161
2025-03-31 01:00:00,22.77675
2025-03-31 02:00:00,25.77067
2025-03-31 03:00:00,25.62804
2025-03-31 04:00:00,23.03394
2025-03-31 05:00:00,21.58
2025-03-31 06:00:00,20.68832
2025-03-31 07:00:00,27.35039
2025-03-31 08:00:00,26.59715
2025-03-31 09:00:00,27.02465
2025-03-31 10:00:00,26.26133
2025-03-31 11:00:00,27.06747
2025-03-31 12:00:00,31.8486
2025-03-31 13:00:00,36.79162
2025-03-31 14:00:00,36.49964
2025-03-31 15:00:00,28.27928
2025-03-31 16:00:00,18.04753
2025-03-31 17:00:00,7.22021
2025-03-31 18:00:00,0.77812
2025-03-31 19:00:00,-1.52982
2025-03-31 20:00:00,-3.17462
2025-03-31 21:00:00,-5.72233
2025-03-31 22:00:00,-3.34191
2025-03-31 23:00:00,-1.04311
2025-04-01 00:00:00,9.59378
2025-04-01 01:00:00,29.32437
2025-04-01 02:00:00,30.80267
2025-04-01 03:00:00,30.50817
2025-04-01 04:00:00,30.04874
2025-04-01 05:00:00,29.71017
2025-04-01 06:00:00,28.96692
2025-04-01 07:00:00,24.87411
2025-04-01 08:00:00,24.21639
2025-04-01 09:00:00,24.4935
2025-04-01 10:00:00,25.07271
2025-04-01 11:00:00,25.46161
2025-04-01 12:00:00,28.52815
2025-04-01 13:00:00,35.45906
2025-04-01 14:00:00,30.47121
2025-04-01 15:00:00,18.47662
2025-04-01 16:00:00,10.67876
2025-04-01 17:00:00,4.7108
2025-04-01 18:00:00,0.07522
2025-04-01 19:00:00,-1.2879
2025-04-01 20:00:00,-4.53484
2025-04-01 21:00:00,-6.49796
2025-04-01 22:00:00,-8.15461
2025-04-01 23:00:00,-3.22152
2025-04-02 00:00:00,4.79617
2025-04-02 01:00:00,21.65405
2025-04-02 02:00:00,25.34616
2025-04-02 03:00:00,26.46229
2025-04-02 04:00:00,25.23838
2025-04-02 05:00:00,23.75998
2025-04-02 06:00:00,22.9311
2025-04-02 07:00:00,32.80618
2025-04-02 08:00:00,33.32648
2025-04-02 09:00:00,31.45372
2025-04-02 10:00:00,31.16365
2025-04-02 11:00:00,31.09156
2025-04-02 12:00:00,34.76624
2025-04-02 13:00:00,39.57478
2025-04-02 14:00:00,37.18925
2025-04-02 15:00:00,21.25063
2025-04-02 16:00:00,5.1628
2025-04-02 17:00:00,-7.22205
2025-04-02 18:00:00,-10.847
2025-04-02 19:00:00,-12.54944
2025-04-02 20:00:00,-13.78762
2025-04-02 21:00:00,-16.84908
2025-04-02 22:00:00,-14.5778
2025-04-02 23:00:00,-10.52143
2025-04-03 00:00:00,2.62448
2025-04-03 01:00:00,34.89936
2025-04-03 02:00:00,38.30372
2025-04-03 03:00:00,38.17453
2025-04-03 04:00:00,36.89363
2025-04-03 05:00:00,34.50829
2025-04-03 06:00:00,34.06374
2025-04-03 07:00:00,33.68766
2025-04-03 08:00:00,31.84065
2025-04-03 09:00:00,31.73992
2025-04-03 10:00:00,31.49724
2025-04-03 11:00:00,32.05496
2025-04-03 12:00:00,34.56184
2025-04-03 13:00:00,48.77103
2025-04-03 14:00:00,42.32395
2025-04-03 15:00:00,19.58631
2025-04-03 16:00:00,11.56258
2025-04-03 17:00:00,1.98146
2025-04-03 18:00:00,-2.73879
2025-04-03 19:00:00,-5.28273
2025-04-03 20:00:00,-8.00519
2025-04-03 21:00:00,-8.33362
2025-04-03 22:00:00,-9.46643
2025-04-03 23:00:00,-3.23806
2025-04-04 00:00:00,7.36242
2025-04-04 01:00:00,36.28326
2025-04-04 02:00:00,40.82931
2025-04-04 03:00:00,41.82146
2025-04-04 04:00:00,40.47314
2025-04-04 05:00:00,36.06026
2025-04-04 06:00:00,35.43555
2025-04-04 07:00:00,38.47661
2025-04-04 08:00:00,37.41126
2025-04-04 09:00:00,37.78527
2025-04-04 10:00:00,37.19821
2025-04-04 11:00:00,37.36681
2025-04-04 12:00:00,43.45734
2025-04-04 13:00:00,56.48496
2025-04-04 14:00:00,48.04709
2025-04-04 15:00:00,22.85782
2025-04-04 16:00:00,8.70387
2025-04-04 17:00:00,0.47599
2025-04-04 18:00:00,-6.34
2025-04-04 19:00:00,-7.44373
2025-04-04 20:00:00,-8.44932
2025-04-04 21:00:00,-8.39023
2025-04-04 22:00:00,-7.94862
2025-04-04 23:00:00,-3.62064
2025-04-05 00:00:00,6.6576
2025-04-05 01:00:00,40.08713
2025-04-05 02:00:00,42.76387
2025-04-05 03:00:00,42.06411
2025-04-05 04:00:00,40.95308
2025-04-05 05:00:00,40.16583
2025-04-05 06:00:00,39.20841
2025-04-05 07:00:00,44.25669
2025-04-05 08:00:00,39.92344
2025-04-05 09:00:00,40.33443
2025-04-05 10:00:00,37.85655
2025-04-05 11:00:00,38.0051
2025-04-05 12:00:00,38.55737
2025-04-05 13:00:00,47.06118
2025-04-05 14:00:00,33.15752
2025-04-05 15:00:00,15.17815
2025-04-05 16:00:00,7.63301
2025-04-05 17:00:00,-6.4395
2025-04-05 18:00:00,-14.8436
2025-04-05 19:00:00,-17.93707
2025-04-05 20:00:00,-20.23607
2025-04-05 21:00:00,-19.47589
2025-04-05 22:00:00,-16.41929
2025-04-05 23:00:00,-9.04632
2025-04-06 00:00:00,2.4281
2025-04-06 01:00:00,37.70615
2025-04-06 02:00:00,41.04457
2025-04-06 03:00:00,40.14501
2025-04-06 04:00:00,39.07276
2025-04-06 05:00:00,37.95543
2025-04-06 06:00:00,37.02463
2025-04-06 07:00:00,33.92464
2025-04-06 08:00:00,33.30538
2025-04-06 09:00:00,33.29288
2025-04-06 10:00:00,34.14
2025-04-06 11:00:00,33.53754
2025-04-06 12:00:00,35.38234
2025-04-06 13:00:00,41.84397
2025-04-06 14:00:00,27.13322
2025-04-06 15:00:00,12.45759
2025-04-06 16:00:00,-0.51268
2025-04-06 17:00:00,-10.56312
2025-04-06 18:00:00,-11.68157
2025-04-06 19:00:00,-11.53244
2025-04-06 20:00:00,-11.12001
2025-04-06 21:00:00,-12.06611
2025-04-06 22:00:00,-10.46373
2025-04-06 23:00:00,-3.56162
2025-04-07 00:00:00,10.52293
2025-04-07 01:00:00,38.27989
2025-04-07 02:00:00,43.87744
2025-04-07 03:00:00,42.06395
2025-04-07 04:00:00,39.25309
2025-04-07 05:00:00,37.0057
2025-04-07 06:00:00,35.44564
2025-04-07 07:00:00,28.99593
2025-04-07 08:00:00,28.85078
2025-04-07 09:00:00,28.97986
2025-04-07 10:00:00,28.81887
2025-04-07 11:00:00,31.1662
2025-04-07 12:00:00,33.06028
2025-04-07 13:00:00,43.93152
2025-04-07 14:00:00,38.5216
2025-04-07 15:00:00,28.67916
2025-04-07 16:00:00,24.79067
2025-04-07 17:00:00,16.53306
2025-04-07 18:00:00,13.39328
2025-04-07 19:00:00,8.32504
2025-04-07 20:00:00,3.38243
2025-04-07 21:00:00,3.48639
2025-04-07 22:00:00,2.53781
2025-04-07 23:00:00,7.4103
2025-04-08 00:00:00,16.64405
2025-04-08 01:00:00,36.07132
2025-04-08 02:00:00,44.81391
2025-04-08 03:00:00,38.98163
2025-04-08 04:00:00,34.28071
2025-04-08 05:00:00,33.07538
2025-04-08 06:00:00,31.68692
2025-04-08 07:00:00,33.67406
2025-04-08 08:00:00,32.66542
2025-04-08 09:00:00,32.76854
2025-04-08 10:00:00,32.27079
2025-04-08 11:00:00,32.8492
2025-04-08 12:00:00,35.96254
2025-04-08 13:00:00,42.96277
2025-04-08 14:00:00,34.70694
2025-04-08 15:00:00,21.87299
2025-04-08 16:00:00,7.97011
2025-04-08 17:00:00,-1.07208
2025-04-08 18:00:00,-6.57822
2025-04-08 19:00:00,-9.19973
2025-04-08 20:00:00,-11.11114
2025-04-08 21:00:00,-11.49022
2025-04-08 22:00:00,-11.32002
2025-04-08 23:00:00,-9.14903
2025-04-09 00:00:00,4.64
2025-04-09 01:00:00,37.59543
2025-04-09 02:00:00,46.37151
2025-04-09 03:00:00,39.72839
2025-04-09 04:00:00,35.94656
2025-04-09 05:00:00,34.86299
2025-04-09 06:00:00,34.20794
2025-04-09 07:00:00,33.69691
2025-04-09 08:00:00,31.74178
2025-04-09 09:00:00,31.54663
2025-04-09 10:00:00,31.71435
2025-04-09 11:00:00,31.60616
2025-04-09 12:00:00,38.82077
2025-04-09 13:00:00,49.72701
2025-04-09 14:00:00,36.4468
2025-04-09 15:00:00,21.16238
2025-04-09 16:00:00,12.0
2025-04-09 17:00:00,1.81518
2025-04-09 18:00:00,-3.44097
2025-04-09 19:00:00,-5.48496
2025-04-09 20:00:00,-5.83606
2025-04-09 21:00:00,-6.32807
2025-04-09 22:00:00,-5.17329
2025-04-09 23:00:00,2.94541
2025-04-10 00:00:00,17.19882
2025-04-10 01:00:00,46.15213
2025-04-10 02:00:00,51.34645
2025-04-10 03:00:00,46.49295
2025-04-10 04:00:00,45.23731
2025-04-10 05:00:00,41.92827
2025-04-10 06:00:00,38.49797
2025-04-10 07:00:00,36.89833
2025-04-10 08:00:00,36.23791
2025-04-10 09:00:00,32.83585
2025-04-10 10:00:00,29.96631
2025-04-10 11:00:00,33.19599
2025-04-10 12:00:00,37.61
2025-04-10 13:00:00,46.75721
2025-04-10 14:00:00,33.54408
2025-04-10 15:00:00,17.67717
2025-04-10 16:00:00,10.209
2025-04-10 17:00:00,3.73039
2025-04-10 18:00:00,0.38411
2025-04-10 19:00:00,1.7798
2025-04-10 20:00:00,1.15844
2025-04-10 21:00:00,2.7
2025-04-10 22:00:00,1.36791
2025-04-10 23:00:00,7.28384
2025-04-11 00:00:00,23.75418
2025-04-11 01:00:00,40.9687
2025-04-11 02:00:00,45.03932
2025-04-11 03:00:00,42.57675
2025-04-11 04:00:00,40.35937
2025-04-11 05:00:00,38.65078
2025-04-11 06:00:00,35.34839
2025-04-11 07:00:00,27.85584
2025-04-11 08:00:00,27.76445
2025-04-11 09:00:00,26.77167
2025-04-11 10:00:00,26.81357
2025-04-11 11:00:00,27.52747
2025-04-11 12:00:00,32.52334
2025-04-11 13:00:00,46.41461
2025-04-11 14:00:00,32.89035
2025-04-11 15:00:00,23.38875
2025-04-11 16:00:00,17.03868
2025-04-11 17:00:00,8.74042
2025-04-11 18:00:00,1.04199
2025-04-11 19:00:00,-0.95614
2025-04-11 20:00:00,-1.40787
2025-04-11 21:00:00,-0.84937
2025-04-11 22:00:00,-0.14284
2025-04-11 23:00:00,3.76079
2025-04-12 00:00:00,16.57598
2025-04-12 01:00:00,36.8506
2025-04-12 02:00:00,40.47129
2025-04-12 03:00:00,38.10837
2025-04-12 04:00:00,36.24608
2025-04-12 05:00:00,33.61424
2025-04-12 06:00:00,32.38716
2025-04-12 07:00:00,27.25674
2025-04-12 08:00:00,25.83651
2025-04-12 09:00:00,22.99306
2025-04-12 10:00:00,22.15612
2025-04-12 11:00:00,22.70057
2025-04-12 12:00:00,23.13706
2025-04-12 13:00:00,25.486
2025-04-12 14:00:00,15.01321
2025-04-12 15:00:00,2.17118
2025-04-12 16:00:00,-4.18439
2025-04-12 17:00:00,-8.07299
2025-04-12 18:00:00,-10.0293
2025-04-12 19:00:00,-11.6657
2025-04-12 20:00:00,-10.50066
2025-04-12 21:00:00,-10.53438
2025-04-12 22:00:00,-9.01626
2025-04-12 23:00:00,-5.56566
2025-04-13 00:00:00,2.7802
2025-04-13 01:00:00,33.41815
2025-04-13 02:00:00,37.34066
2025-04-13 03:00:00,36.84192
2025-04-13 04:00:00,36.45759
2025-04-13 05:00:00,34.38032
2025-04-13 06:00:00,33.90037
2025-04-13 07:00:00,35.86722
2025-04-13 08:00:00,34.24208
2025-04-13 09:00:00,29.70407
2025-04-13 10:00:00,29.14548
2025-04-13 11:00:00,28.92892
2025-04-13 12:00:00,31.64174
2025-04-13 13:00:00,35.60352
2025-04-13 14:00:00,15.175
2025-04-13 15:00:00,2.36268
2025-04-13 16:00:00,-4.39847
2025-04-13 17:00:00,-10.21777
2025-04-13 18:00:00,-10.52937
2025-04-13 19:00:00,-10.74243
2025-04-13 20:00:00,-11.21919
2025-04-13 21:00:00,-10.44151
2025-04-13 22:00:00,-10.23957
2025-04-13 23:00:00,-4.83534
2025-04-14 00:00:00,9.03493
2025-04-14 01:00:00,40.53743
2025-04-14 02:00:00,43.90646
2025-04-14 03:00:00,43.91346
2025-04-14 04:00:00,39.83817
2025-04-14 05:00:00,39.16732
2025-04-14 06:00:00,37.8662
2025-04-14 07:00:00,38.4463
2025-04-14 08:00:00,36.90324
2025-04-14 09:00:00,36.91745
2025-04-14 10:00:00,37.03648
2025-04-14 11:00:00,37.16953
2025-04-14 12:00:00,44.37131
2025-04-14 13:00:00,52.10446
2025-04-14 14:00:00,44.39483
2025-04-14 15:00:00,27.68827
2025-04-14 16:00:00,22.80083
2025-04-14 17:00:00,14.5914
2025-04-14 18:00:00,12.25314
2025-04-14 19:00:00,12.67556
2025-04-14 20:00:00,11.3806
2025-04-14 21:00:00,14.84154
2025-04-14 22:00:00,17.25
2025-04-14 23:00:00,24.53081
2025-04-15 00:00:00,37.85074
2025-04-15 01:00:00,49.18604
2025-04-15 02:00:00,58.18775
2025-04-15 03:00:00,48.18717
2025-04-15 04:00:00,42.96697
2025-04-15 05:00:00,40.41324
2025-04-15 06:00:00,38.13211
2025-04-15 07:00:00,33.32021
2025-04-15 08:00:00,31.42632
2025-04-15 09:00:00,31.23496
2025-04-15 10:00:00,31.07841
2025-04-15 11:00:00,31.63644
2025-04-15 12:00:00,35.58
2025-04-15 13:00:00,43.66617
2025-04-15 14:00:00,38.14119
2025-04-15 15:00:00,22.35486
2025-04-15 16:00:00,19.03604
2025-04-15 17:00:00,13.57961
2025-04-15 18:00:00,10.24681
2025-04-15 19:00:00,9.14856
2025-04-15 20:00:00,9.4948
2025-04-15 21:00:00,9.27304
2025-04-15 22:00:00,9.9678
2025-04-15 23:00:00,13.31798
2025-04-16 00:00:00,25.62402
2025-04-16 01:00:00,40.43035
2025-04-16 02:00:00,43.43911
2025-04-16 03:00:00,39.0526
2025-04-16 04:00:00,37.42995
2025-04-16 05:00:00,35.48629
2025-04-16 06:00:00,33.96185
2025-04-16 07:00:00,29.11819
2025-04-16 08:00:00,29.72505
2025-04-16 09:00:00,29.39575
2025-04-16 10:00:00,29.10207
2025-04-16 11:00:00,29.55519
2025-04-16 12:00:00,31.10745
2025-04-16 13:00:00,39.18614
2025-04-16 14:00:00,30.03137
2025-04-16 15:00:00,20.72939
2025-04-16 16:00:00,17.32099
2025-04-16 17:00:00,8.10585
2025-04-16 18:00:00,4.12586
2025-04-16 19:00:00,1.80351
2025-04-16 20:00:00,-0.69383
2025-04-16 21:00:00,-1.6469
2025-04-16 22:00:00,-1.11561
2025-04-16 23:00:00,3.92496
2025-04-17 00:00:00,10.84697
2025-04-17 01:00:00,32.4536
2025-04-17 02:00:00,35.62065
2025-04-17 03:00:00,34.13244
2025-04-17 04:00:00,33.35871
2025-04-17 05:00:00,31.5312
2025-04-17 06:00:00,29.93252
2025-04-17 07:00:00,26.08937
2025-04-17 08:00:00,26.47238
2025-04-17 09:00:00,27.53993
2025-04-17 10:00:00,28.06985
2025-04-17 11:00:00,28.50524
2025-04-17 12:00:00,32.47991
2025-04-17 13:00:00,37.95595
2025-04-17 14:00:00,35.70248
2025-04-17 15:00:00,25.46416
2025-04-17 16:00:00,19.66715
2025-04-17 17:00:00,9.94575
2025-04-17 18:00:00,6.92557
2025-04-17 19:00:00,3.07548
2025-04-17 20:00:00,1.3531
2025-04-17 21:00:00,0.31708
2025-04-17 22:00:00,1.15302
2025-04-17 23:00:00,5.24896
2025-04-18 00:00:00,10.39706
2025-04-18 01:00:00,31.86345
2025-04-18 02:00:00,37.1982
2025-04-18 03:00:00,34.4093
2025-04-18 04:00:00,34.21453
2025-04-18 05:00:00,30.79256
2025-04-18 06:00:00,27.88605
2025-04-18 07:00:00,28.1007
2025-04-18 08:00:00,25.94233
2025-04-18 09:00:00,25.59423
2025-04-18 10:00:00,25.07232
2025-04-18 11:00:00,25.22617
2025-04-18 12:00:00,29.51523
2025-04-18 13:00:00,35.94455
2025-04-18 14:00:00,29.02304
2025-04-18 15:00:00,15.14393
2025-04-18 16:00:00,8.25544
2025-04-18 17:00:00,-1.18219
2025-04-18 18:00:00,-4.05063
2025-04-18 19:00:00,-6.95199
2025-04-18 20:00:00,-8.98549
2025-04-18 21:00:00,-9.18094
2025-04-18 22:00:00,-8.0224
2025-04-18 23:00:00,-6.81389
2025-04-19 00:00:00,0.62143
2025-04-19 01:00:00,28.93959
2025-04-19 02:00:00,33.02
2025-04-19 03:00:00,33.71705
2025-04-19 04:00:00,33.43879
2025-04-19 05:00:00,32.4818
2025-04-19 06:00:00,32.02976
2025-04-19 07:00:00,31.54719
2025-04-19 08:00:00,30.49202
2025-04-19 09:00:00,28.9253
2025-04-19 10:00:00,28.89204
2025-04-19 11:00:00,30.64604
2025-04-19 12:00:00,32.17653
2025-04-19 13:00:00,35.47967
2025-04-19 14:00:00,15.77513
2025-04-19 15:00:00,1.8119
2025-04-19 16:00:00,-4.19683
2025-04-19 17:00:00,-13.79892
2025-04-19 18:00:00,-23.63435
2025-04-19 19:00:00,-24.1225
2025-04-19 20:00:00,-25.94502
2025-04-19 21:00:00,-25.32769
2025-04-19 22:00:00,-24.34441
2025-04-19 23:00:00,-20.18253
2025-04-20 00:00:00,-0.64317
2025-04-20 01:00:00,17.55084
2025-04-20 02:00:00,30.28547
2025-04-20 03:00:00,29.67576
2025-04-20 04:00:00,29.23976
2025-04-20 05:00:00,28.20367
2025-04-20 06:00:00,25.27783
2025-04-20 07:00:00,28.7761
2025-04-20 08:00:00,27.51442
2025-04-20 09:00:00,27.88758
2025-04-20 10:00:00,27.4191
2025-04-20 11:00:00,27.75521
2025-04-20 12:00:00,30.70861
2025-04-20 13:00:00,31.49714
2025-04-20 14:00:00,11.56219
2025-04-20 15:00:00,1.11551
2025-04-20 16:00:00,-5.03046
2025-04-20 17:00:00,-14.59158
2025-04-20 18:00:00,-23.9493
2025-04-20 19:00:00,-24.54704
2025-04-20 20:00:00,-25.59626
2025-04-20 21:00:00,-25.47706
2025-04-20 22:00:00,-24.36107
2025-04-20 23:00:00,-17.99919
2025-04-21 00:00:00,3.01426
2025-04-21 01:00:00,28.86317
2025-04-21 02:00:00,37.77484
2025-04-21 03:00:00,41.21611
2025-04-21 04:00:00,32.37
2025-04-21 05:00:00,30.33333
2025-04-21 06:00:00,29.47011
2025-04-21 07:00:00,27.64156
2025-04-21 08:00:00,28.13347
2025-04-21 09:00:00,28.04535
2025-04-21 10:00:00,27.88852
2025-04-21 11:00:00,28.73393
2025-04-21 12:00:00,34.6689
2025-04-21 13:00:00,42.32203
2025-04-21 14:00:00,29.42304
2025-04-21 15:00:00,14.82592
2025-04-21 16:00:00,8.18752
2025-04-21 17:00:00,0.87792
2025-04-21 18:00:00,-2.95
2025-04-21 19:00:00,-3.55
2025-04-21 20:00:00,-4.22571
2025-04-21 21:00:00,-3.89899
2025-04-21 22:00:00,-2.9188
2025-04-21 23:00:00,-0.41484
2025-04-22 00:00:00,12.20901
2025-04-22 01:00:00,36.04298
2025-04-22 02:00:00,46.77138
2025-04-22 03:00:00,44.09838
2025-04-22 04:00:00,38.65748
2025-04-22 05:00:00,35.85322
2025-04-22 06:00:00,34.94807
2025-04-22 07:00:00,43.0928
2025-04-22 08:00:00,36.53212
2025-04-22 09:00:00,36.45839
2025-04-22 10:00:00,36.08493
2025-04-22 11:00:00,37.14256
2025-04-22 12:00:00,43.40897
2025-04-22 13:00:00,47.59119
2025-04-22 14:00:00,27.55
2025-04-22 15:00:00,20.27045
2025-04-22 16:00:00,9.61612
2025-04-22 17:00:00,1.53852
2025-04-22 18:00:00,3.54664
2025-04-22 19:00:00,1.11253
2025-04-22 20:00:00,-0.80436
2025-04-22 21:00:00,0.80697
2025-04-22 22:00:00,1.49158
2025-04-22 23:00:00,3.78484
2025-04-23 00:00:00,14.19663
2025-04-23 01:00:00,41.05253
2025-04-23 02:00:00,47.1103
2025-04-23 03:00:00,43.52188
2025-04-23 04:00:00,40.88
2025-04-23 05:00:00,38.32478
2025-04-23 06:00:00,36.62664
2025-04-23 07:00:00,39.98589
2025-04-23 08:00:00,38.30638
2025-04-23 09:00:00,36.27357
2025-04-23 10:00:00,35.70373
2025-04-23 11:00:00,36.37691
2025-04-23 12:00:00,41.4717
2025-04-23 13:00:00,47.52782
2025-04-23 14:00:00,32.94952
2025-04-23 15:00:00,22.29527
2025-04-23 16:00:00,14.72122
2025-04-23 17:00:00,3.37155
2025-04-23 18:00:00,-1.07529
2025-04-23 19:00:00,-2.20903
2025-04-23 20:00:00,-4.47619
2025-04-23 21:00:00,-3.44378
2025-04-23 22:00:00,-1.0805
2025-04-23 23:00:00,-0.27199
2025-04-24 00:00:00,11.38221
2025-04-24 01:00:00,41.59024
2025-04-24 02:00:00,48.04946
2025-04-24 03:00:00,46.87895
2025-04-24 04:00:00,41.98296
2025-04-24 05:00:00,38.64309
2025-04-24 06:00:00,37.6475
2025-04-24 07:00:00,36.882
2025-04-24 08:00:00,36.16594
2025-04-24 09:00:00,33.7529
2025-04-24 10:00:00,33.70938
2025-04-24 11:00:00,34.56983
2025-04-24 12:00:00,39.581
2025-04-24 13:00:00,45.25416
2025-04-24 14:00:00,34.0
2025-04-24 15:00:00,21.40159
2025-04-24 16:00:00,15.08059
2025-04-24 17:00:00,7.33634
2025-04-24 18:00:00,4.38831
2025-04-24 19:00:00,1.4248
2025-04-24 20:00:00,1.2316
2025-04-24 21:00:00,1.88968
2025-04-24 22:00:00,4.22975
2025-04-24 23:00:00,9.37
2025-04-25 00:00:00,19.26
2025-04-25 01:00:00,40.19451
2025-04-25 02:00:00,42.83348
2025-04-25 03:00:00,42.877
2025-04-25 04:00:00,40.7306
2025-04-25 05:00:00,37.86636
2025-04-25 06:00:00,36.57723
2025-04-25 07:00:00,33.91491
2025-04-25 08:00:00,33.99732
2025-04-25 09:00:00,31.95756
2025-04-25 10:00:00,31.84538
2025-04-25 11:00:00,31.85283
2025-04-25 12:00:00,34.54191
2025-04-25 13:00:00,40.48886
2025-04-25 14:00:00,29.49847
2025-04-25 15:00:00,18.20643
2025-04-25 16:00:00,13.23894
2025-04-25 17:00:00,7.36688
2025-04-25 18:00:00,4.78707
2025-04-25 19:00:00,3.12562
2025-04-25 20:00:00,0.48754
2025-04-25 21:00:00,0.30365
2025-04-25 22:00:00,1.3
2025-04-25 23:00:00,6.63985
2025-04-26 00:00:00,11.05661
2025-04-26 01:00:00,39.24904
2025-04-26 02:00:00,41.7281
2025-04-26 03:00:00,41.96903
2025-04-26 04:00:00,40.32772
2025-04-26 05:00:00,39.00368
2025-04-26 06:00:00,37.86643
2025-04-26 07:00:00,37.00372
2025-04-26 08:00:00,37.68436
2025-04-26 09:00:00,32.97493
2025-04-26 10:00:00,32.50023
2025-04-26 11:00:00,32.55249
2025-04-26 12:00:00,34.26494
2025-04-26 13:00:00,40.06594
2025-04-26 14:00:00,31.36278
2025-04-26 15:00:00,26.34
2025-04-26 16:00:00,26.99367
2025-04-26 17:00:00,23.04712
2025-04-26 18:00:00,15.25238
2025-04-26 19:00:00,11.14388
2025-04-26 20:00:00,9.09231
2025-04-26 21:00:00,8.08
2025-04-26 22:00:00,12.96027
2025-04-26 23:00:00,22.47963
2025-04-27 00:00:00,29.69101
2025-04-27 01:00:00,37.33683
2025-04-27 02:00:00,39.80792
2025-04-27 03:00:00,39.64916
2025-04-27 04:00:00,38.24939
2025-04-27 05:00:00,37.63473
2025-04-27 06:00:00,36.48574
2025-04-27 07:00:00,33.05052
2025-04-27 08:00:00,33.02533
2025-04-27 09:00:00,32.50851
2025-04-27 10:00:00,32.77183
2025-04-27 11:00:00,32.07638
2025-04-27 12:00:00,33.07603
2025-04-27 13:00:00,31.33734
2025-04-27 14:00:00,28.48141
2025-04-27 15:00:00,23.94865
2025-04-27 16:00:00,23.4656
2025-04-27 17:00:00,21.44851
2025-04-27 18:00:00,12.0
2025-04-27 19:00:00,7.52
2025-04-27 20:00:00,6.48724
2025-04-27 21:00:00,5.13033
2025-04-27 22:00:00,8.67532
2025-04-27 23:00:00,17.43522
2025-04-28 00:00:00,21.16092
2025-04-28 01:00:00,33.59245
2025-04-28 02:00:00,39.6
2025-04-28 03:00:00,41.18215
2025-04-28 04:00:00,37.35
2025-04-28 05:00:00,34.25659
2025-04-28 06:00:00,33.93774
2025-04-28 07:00:00,30.0274
2025-04-28 08:00:00,30.24635
2025-04-28 09:00:00,30.29958
2025-04-28 10:00:00,30.28543
2025-04-28 11:00:00,34.72426
2025-04-28 12:00:00,37.21026
2025-04-28 13:00:00,40.0
2025-04-28 14:00:00,36.57588
2025-04-28 15:00:00,22.15978
2025-04-28 16:00:00,13.04242
2025-04-28 17:00:00,4.0
2025-04-28 18:00:00,1.30576
2025-04-28 19:00:00,-0.5
2025-04-28 20:00:00,-1.27537
2025-04-28 21:00:00,-3.19333
2025-04-28 22:00:00,-1.13801
2025-04-28 23:00:00,0.58489
2025-04-29 00:00:00,4.92035
2025-04-29 01:00:00,33.40042
2025-04-29 02:00:00,44.30496
2025-04-29 03:00:00,42.06504
2025-04-29 04:00:00,40.02272
2025-04-29 05:00:00,38.83303
2025-04-29 06:00:00,38.02547
2025-04-29 07:00:00,41.18037
2025-04-29 08:00:00,38.86224
2025-04-29 09:00:00,36.9208
2025-04-29 10:00:00,37.1822
2025-04-29 11:00:00,40.00994
2025-04-29 12:00:00,43.78074
2025-04-29 13:00:00,47.67824
2025-04-29 14:00:00,28.79542
2025-04-29 15:00:00,18.05679
2025-04-29 16:00:00,7.33825
2025-04-29 17:00:00,2.71141
2025-04-29 18:00:00,-0.90765
2025-04-29 19:00:00,-2.22834
2025-04-29 20:00:00,-1.62783
2025-04-29 21:00:00,-1.10587
2025-04-29 22:00:00,1.55536
2025-04-29 23:00:00,6.39375
2025-04-30 00:00:00,18.08178
2025-04-30 01:00:00,37.73159
2025-04-30 02:00:00,44.40341
2025-04-30 03:00:00,44.64414
2025-04-30 04:00:00,38.7267
2025-04-30 05:00:00,36.32345
2025-04-30 06:00:00,35.21306
2025-04-30 07:00:00,33.38511
2025-04-30 08:00:00,33.5082
2025-04-30 09:00:00,33.17002
2025-04-30 10:00:00,33.29761
2025-04-30 11:00:00,36.32163
2025-04-30 12:00:00,39.3709
2025-04-30 13:00:00,42.00682
2025-04-30 14:00:00,32.64518
2025-04-30 15:00:00,22.0
2025-04-30 16:00:00,14.98
2025-04-30 17:00:00,7.15865
2025-04-30 18:00:00,7.28
2025-04-30 19:00:00,4.55276
2025-04-30 20:00:00,4.46633
2025-04-30 21:00:00,7.01606
2025-04-30 22:00:00,10.20199
2025-04-30 23:00:00,15.46941
2025-05-01 00:00:00,28.85
2025-05-01 01:00:00,41.45812
2025-05-01 02:00:00,46.19364
2025-05-01 03:00:00,44.90117
2025-05-01 04:00:00,41.5285
2025-05-01 05:00:00,39.22101
2025-05-01 06:00:00,36.08209
2025-05-01 07:00:00,34.63438
2025-05-01 08:00:00,30.69271
2025-05-01 09:00:00,30.1944
2025-05-01 10:00:00,30.50084
2025-05-01 11:00:00,30.64216
2025-05-01 12:00:00,36.21209
2025-05-01 13:00:00,38.17067
2025-05-01 14:00:00,29.41763
2025-05-01 15:00:00,15.29192
2025-05-01 16:00:00,10.89751
2025-05-01 17:00:00,8.1137
2025-05-01 18:00:00,7.10426
2025-05-01 19:00:00,6.65366
2025-05-01 20:00:00,7.04355
2025-05-01 21:00:00,7.57222
2025-05-01 22:00:00,8.48116
2025-05-01 23:00:00,12.44191
2025-05-02 00:00:00,23.63522
2025-05-02 01:00:00,39.63099
2025-05-02 02:00:00,43.00752
2025-05-02 03:00:00,43.0696
2025-05-02 04:00:00,39.88869
2025-05-02 05:00:00,36.62781
2025-05-02 06:00:00,34.87205
2025-05-02 07:00:00,34.0282
2025-05-02 08:00:00,32.82195
2025-05-02 09:00:00,30.1524
2025-05-02 10:00:00,29.72826
2025-05-02 11:00:00,29.23064
2025-05-02 12:00:00,34.99042
2025-05-02 13:00:00,37.41662
2025-05-02 14:00:00,25.25439
2025-05-02 15:00:00,11.78808
2025-05-02 16:00:00,6.45708
2025-05-02 17:00:00,0.80674
2025-05-02 18:00:00,-0.09292
2025-05-02 19:00:00,-1.93909
2025-05-02 20:00:00,-2.55574
2025-05-02 21:00:00,-1.43174
2025-05-02 22:00:00,0.2157
2025-05-02 23:00:00,0.96336
2025-05-03 00:00:00,10.12811
2025-05-03 01:00:00,34.47902
2025-05-03 02:00:00,37.38494
2025-05-03 03:00:00,38.67539
2025-05-03 04:00:00,36.32556
2025-05-03 05:00:00,33.73549
2025-05-03 06:00:00,31.97985
2025-05-03 07:00:00,29.88175
2025-05-03 08:00:00,30.42436
2025-05-03 09:00:00,30.2895
2025-05-03 10:00:00,29.14388
2025-05-03 11:00:00,30.35208
2025-05-03 12:00:00,32.63652
2025-05-03 13:00:00,31.0623
2025-05-03 14:00:00,25.59251
2025-05-03 15:00:00,16.5978
2025-05-03 16:00:00,11.96918
2025-05-03 17:00:00,4.54123
2025-05-03 18:00:00,-1.29805
2025-05-03 19:00:00,-3.52859
2025-05-03 20:00:00,-7.38966
2025-05-03 21:00:00,-7.42258
2025-05-03 22:00:00,-3.97725
2025-05-03 23:00:00,-0.34205
2025-05-04 00:00:00,9.7921
2025-05-04 01:00:00,31.68999
2025-05-04 02:00:00,37.85962
2025-05-04 03:00:00,40.19484
2025-05-04 04:00:00,37.02674
2025-05-04 05:00:00,35.50078
2025-05-04 06:00:00,32.30105
2025-05-04 07:00:00,29.46293
2025-05-04 08:00:00,29.72546
2025-05-04 09:00:00,29.13108
2025-05-04 10:00:00,29.15378
2025-05-04 11:00:00,28.64762
2025-05-04 12:00:00,30.4367
2025-05-04 13:00:00,27.15481
2025-05-04 14:00:00,15.73739
2025-05-04 15:00:00,6.93683
2025-05-04 16:00:00,-0.15859
2025-05-04 17:00:00,-6.71256
2025-05-04 18:00:00,-6.97359
2025-05-04 19:00:00,-6.93613
2025-05-04 20:00:00,-7.05657
2025-05-04 21:00:00,-7.03373
2025-05-04 22:00:00,-6.63482
2025-05-04 23:00:00,-1.00544
2025-05-05 00:00:00,12.09055
2025-05-05 01:00:00,30.37796
2025-05-05 02:00:00,38.71171
2025-05-05 03:00:00,41.45657
2025-05-05 04:00:00,36.54508
2025-05-05 05:00:00,34.42494
2025-05-05 06:00:00,34.07997
2025-05-05 07:00:00,31.52733
2025-05-05 08:00:00,30.30297
2025-05-05 09:00:00,30.14101
2025-05-05 10:00:00,29.68595
2025-05-05 11:00:00,28.76304
2025-05-05 12:00:00,36.5421
2025-05-05 13:00:00,38.11084
2025-05-05 14:00:00,36.0056
2025-05-05 15:00:00,26.52243
2025-05-05 16:00:00,18.36249
2025-05-05 17:00:00,13.79036
2025-05-05 18:00:00,13.12526
2025-05-05 19:00:00,11.64
2025-05-05 20:00:00,12.80493
2025-05-05 21:00:00,12.94085
2025-05-05 22:00:00,16.47512
2025-05-05 23:00:00,17.75793
2025-05-06 00:00:00,26.56191
2025-05-06 01:00:00,40.12978
2025-05-06 02:00:00,44.21747
2025-05-06 03:00:00,45.18727
2025-05-06 04:00:00,41.75221
2025-05-06 05:00:00,38.84775
2025-05-06 06:00:00,36.38
2025-05-06 07:00:00,38.26651
2025-05-06 08:00:00,35.5696
2025-05-06 09:00:00,35.74274
2025-05-06 10:00:00,35.3738
2025-05-06 11:00:00,36.18804
2025-05-06 12:00:00,43.06465
2025-05-06 13:00:00,42.39638
2025-05-06 14:00:00,36.21859
2025-05-06 15:00:00,20.46565
2025-05-06 16:00:00,13.52698
2025-05-06 17:00:00,9.14047
2025-05-06 18:00:00,8.66185
2025-05-06 19:00:00,8.11589
2025-05-06 20:00:00,7.90907
2025-05-06 21:00:00,9.58124
2025-05-06 22:00:00,10.61928
2025-05-06 23:00:00,12.18196
2025-05-07 00:00:00,20.97428
2025-05-07 01:00:00,37.63298
2025-05-07 02:00:00,44.56053
2025-05-07 03:00:00,45.59947
2025-05-07 04:00:00,40.58748
2025-05-07 05:00:00,37.97402
2025-05-07 06:00:00,36.355
2025-05-07 07:00:00,35.5725
2025-05-07 08:00:00,34.07
2025-05-07 09:00:00,33.66812
2025-05-07 10:00:00,34.35067
2025-05-07 11:00:00,35.64104
2025-05-07 12:00:00,39.8467
2025-05-07 13:00:00,42.74711
2025-05-07 14:00:00,36.85827
2025-05-07 15:00:00,23.0197
2025-05-07 16:00:00,16.75748
2025-05-07 17:00:00,9.16611
2025-05-07 18:00:00,8.13615
2025-05-07 19:00:00,6.8897
2025-05-07 20:00:00,7.13111
2025-05-07 21:00:00,8.20422
2025-05-07 22:00:00,9.75211
2025-05-07 23:00:00,10.44273
2025-05-08 00:00:00,20.85498
2025-05-08 01:00:00,39.83895
2025-05-08 02:00:00,47.42153
2025-05-08 03:00:00,48.69781
2025-05-08 04:00:00,41.46557
2025-05-08 05:00:00,37.97564
2025-05-08 06:00:00,36.56772
2025-05-08 07:00:00,40.16265
2025-05-08 08:00:00,38.87736
2025-05-08 09:00:00,38.58044
2025-05-08 10:00:00,38.27747
2025-05-08 11:00:00,38.77741
2025-05-08 12:00:00,46.02405
2025-05-08 13:00:00,48.15836
2025-05-08 14:00:00,33.4934
2025-05-08 15:00:00,25.10827
2025-05-08 16:00:00,20.0
2025-05-08 17:00:00,14.67926
2025-05-08 18:00:00,14.30503
2025-05-08 19:00:00,11.85231
2025-05-08 20:00:00,14.42018
2025-05-08 21:00:00,15.7
2025-05-08 22:00:00,18.40584
2025-05-08 23:00:00,21.94729
2025-05-09 00:00:00,35.02446
2025-05-09 01:00:00,50.1765
2025-05-09 02:00:00,61.78592
2025-05-09 03:00:00,59.5253
2025-05-09 04:00:00,50.05787
2025-05-09 05:00:00,46.24731
2025-05-09 06:00:00,41.45164
2025-05-09 07:00:00,53.23471
2025-05-09 08:00:00,48.81495
2025-05-09 09:00:00,45.5306
2025-05-09 10:00:00,44.39614
2025-05-09 11:00:00,47.62405
2025-05-09 12:00:00,51.2759
2025-05-09 13:00:00,50.35159
2025-05-09 14:00:00,34.0776
2025-05-09 15:00:00,25.34768
2025-05-09 16:00:00,24.21986
2025-05-09 17:00:00,20.60572
2025-05-09 18:00:00,19.48728
2025-05-09 19:00:00,18.79184
2025-05-09 20:00:00,22.06516
2025-05-09 21:00:00,23.56535
2025-05-09 22:00:00,26.54599
2025-05-09 23:00:00,36.25636
2025-05-10 00:00:00,48.97084
2025-05-10 01:00:00,63.69727
2025-05-10 02:00:00,77.5974
2025-05-10 03:00:00,67.36676
2025-05-10 04:00:00,61.50881
2025-05-10 05:00:00,55.99857
2025-05-10 06:00:00,54.15294
2025-05-10 07:00:00,46.64
2025-05-10 08:00:00,45.45982
2025-05-10 09:00:00,43.70867
2025-05-10 10:00:00,41.504
2025-05-10 11:00:00,43.22797
2025-05-10 12:00:00,45.09578
2025-05-10 13:00:00,44.78052
2025-05-10 14:00:00,24.61013
2025-05-10 15:00:00,20.29906
2025-05-10 16:00:00,19.8763
2025-05-10 17:00:00,18.0
2025-05-10 18:00:00,18.32272
2025-05-10 19:00:00,16.75492
2025-05-10 20:00:00,18.47835
2025-05-10 21:00:00,19.63464
2025-05-10 22:00:00,22.16097
2025-05-10 23:00:00,28.70026
2025-05-11 00:00:00,45.31317
2025-05-11 01:00:00,53.9875
2025-05-11 02:00:00,70.11142
2025-05-11 03:00:00,62.37422
2025-05-11 04:00:00,56.12335
2025-05-11 05:00:00,48.60435
2025-05-11 06:00:00,43.53483
2025-05-11 07:00:00,37.63483
2025-05-11 08:00:00,35.06634
2025-05-11 09:00:00,34.0327
2025-05-11 10:00:00,34.48874
2025-05-11 11:00:00,33.09554
2025-05-11 12:00:00,35.99947
2025-05-11 13:00:00,32.78326
2025-05-11 14:00:00,15.871
2025-05-11 15:00:00,6.44925
2025-05-11 16:00:00,6.194
2025-05-11 17:00:00,2.13637
2025-05-11 18:00:00,2.50145
2025-05-11 19:00:00,1.39487
2025-05-11 20:00:00,1.10108
2025-05-11 21:00:00,0.96813
2025-05-11 22:00:00,3.0
2025-05-11 23:00:00,3.97012
2025-05-12 00:00:00,18.21822
2025-05-12 01:00:00,35.90699
2025-05-12 02:00:00,49.72858
2025-05-12 03:00:00,51.37476
2025-05-12 04:00:00,46.93774
2025-05-12 05:00:00,39.89178
2025-05-12 06:00:00,38.3941
2025-05-12 07:00:00,39.51313
2025-05-12 08:00:00,37.31412
2025-05-12 09:00:00,34.75575
2025-05-12 10:00:00,34.08724
2025-05-12 11:00:00,36.35015
2025-05-12 12:00:00,40.09371
2025-05-12 13:00:00,42.52512
2025-05-12 14:00:00,30.26382
2025-05-12 15:00:00,22.64404
2025-05-12 16:00:00,21.36169
2025-05-12 17:00:00,16.41137
2025-05-12 18:00:00,16.29548
2025-05-12 19:00:00,14.1381
2025-05-12 20:00:00,12.92073
2025-05-12 21:00:00,14.96165
2025-05-12 22:00:00,15.54418
2025-05-12 23:00:00,16.52274
2025-05-13 00:00:00,25.81274
2025-05-13 01:00:00,40.0
2025-05-13 02:00:00,44.69164
2025-05-13 03:00:00,42.47457
2025-05-13 04:00:00,37.80378
2025-05-13 05:00:00,41.30012
2025-05-13 06:00:00,40.0
2025-05-13 07:00:00,29.82623
2025-05-13 08:00:00,29.62644
2025-05-13 09:00:00,31.92257
2025-05-13 10:00:00,30.59111
2025-05-13 11:00:00,33.4378
2025-05-13 12:00:00,36.46784
2025-05-13 13:00:00,38.79367
2025-05-13 14:00:00,30.61373
2025-05-13 15:00:00,22.43674
2025-05-13 16:00:00,20.0
2025-05-13 17:00:00,12.33247
2025-05-13 18:00:00,8.39681
2025-05-13 19:00:00,4.16947
2025-05-13 20:00:00,5.99056
2025-05-13 21:00:00,3.79017
2025-05-13 22:00:00,5.36734
2025-05-13 23:00:00,8.18504
2025-05-14 00:00:00,17.65113
2025-05-14 01:00:00,29.82517
2025-05-14 02:00:00,38.086
2025-05-14 03:00:00,40.0295
2025-05-14 04:00:00,36.29378
2025-05-14 05:00:00,32.45479
2025-05-14 06:00:00,31.41415
2025-05-14 07:00:00,29.41875
2025-05-14 08:00:00,28.6919
2025-05-14 09:00:00,26.54168
2025-05-14 10:00:00,24.96014
2025-05-14 11:00:00,26.17745
2025-05-14 12:00:00,30.98416
2025-05-14 13:00:00,33.02368
2025-05-14 14:00:00,16.82919
2025-05-14 15:00:00,11.11854
2025-05-14 16:00:00,7.08207
2025-05-14 17:00:00,0.03236
2025-05-14 18:00:00,-1.86974
2025-05-14 19:00:00,-4.83775
2025-05-14 20:00:00,-3.36306
2025-05-14 21:00:00,-3.6319
2025-05-14 22:00:00,-2.75123
2025-05-14 23:00:00,-0.07899
2025-05-15 00:00:00,9.25712
2025-05-15 01:00:00,22.81385
2025-05-15 02:00:00,38.45
2025-05-15 03:00:00,44.50062
2025-05-15 04:00:00,37.3344
2025-05-15 05:00:00,35.57717
2025-05-15 06:00:00,34.69793
2025-05-15 07:00:00,38.4837
2025-05-15 08:00:00,36.60934
2025-05-15 09:00:00,35.82548
2025-05-15 10:00:00,35.83686
2025-05-15 11:00:00,36.08706
2025-05-15 12:00:00,41.83812
2025-05-15 13:00:00,44.14624
2025-05-15 14:00:00,25.83389
2025-05-15 15:00:00,21.98337
2025-05-15 16:00:00,14.01616
2025-05-15 17:00:00,7.34037
2025-05-15 18:00:00,5.58463
2025-05-15 19:00:00,3.49
2025-05-15 20:00:00,5.74015
2025-05-15 21:00:00,5.84935
2025-05-15 22:00:00,6.56409
2025-05-15 23:00:00,10.07
2025-05-16 00:00:00,17.91182
2025-05-16 01:00:00,33.24097
2025-05-16 02:00:00,42.80752
2025-05-16 03:00:00,45.16601
2025-05-16 04:00:00,39.30973
2025-05-16 05:00:00,35.95589
2025-05-16 06:00:00,34.9206
2025-05-16 07:00:00,33.65592
2025-05-16 08:00:00,33.72416
2025-05-16 09:00:00,33.30838
2025-05-16 10:00:00,31.89825
2025-05-16 11:00:00,33.31534
2025-05-16 12:00:00,34.67449
2025-05-16 13:00:00,37.23306
2025-05-16 14:00:00,32.75555
2025-05-16 15:00:00,25.07724
2025-05-16 16:00:00,22.96566
2025-05-16 17:00:00,15.61864
2025-05-16 18:00:00,17.34648
2025-05-16 19:00:00,17.0768
2025-05-16 20:00:00,16.99075
2025-05-16 21:00:00,20.46599
2025-05-16 22:00:00,19.80513
2025-05-16 23:00:00,20.27717
2025-05-17 00:00:00,28.15734
2025-05-17 01:00:00,34.07976
2025-05-17 02:00:00,37.64883
2025-05-17 03:00:00,41.3358
2025-05-17 04:00:00,38.67134
2025-05-17 05:00:00,32.75328
2025-05-17 06:00:00,30.96986
2025-05-17 07:00:00,28.98836
2025-05-17 08:00:00,28.21414
2025-05-17 09:00:00,25.35004
2025-05-17 10:00:00,24.93086
2025-05-17 11:00:00,24.32799
2025-05-17 12:00:00,27.4787
2025-05-17 13:00:00,29.85583
2025-05-17 14:00:00,17.82643
2025-05-17 15:00:00,20.21277
2025-05-17 16:00:00,17.19748
2025-05-17 17:00:00,9.21028
2025-05-17 18:00:00,0.11797
2025-05-17 19:00:00,-1.96431
2025-05-17 20:00:00,-3.47679
2025-05-17 21:00:00,-5.94942
2025-05-17 22:00:00,-5.47151
2025-05-17 23:00:00,-1.8566
2025-05-18 00:00:00,6.92915
2025-05-18 01:00:00,20.00064
2025-05-18 02:00:00,26.387
2025-05-18 03:00:00,30.57968
2025-05-18 04:00:00,30.76476
2025-05-18 05:00:00,24.2264
2025-05-18 06:00:00,23.68268
2025-05-18 07:00:00,22.76023
2025-05-18 08:00:00,22.87677
2025-05-18 09:00:00,22.95233
2025-05-18 10:00:00,22.63256
2025-05-18 11:00:00,22.70156
2025-05-18 12:00:00,22.9
2025-05-18 13:00:00,15.0
2025-05-18 14:00:00,-0.92809
2025-05-18 15:00:00,-4.83408
2025-05-18 16:00:00,-12.49792
2025-05-18 17:00:00,-26.44596
2025-05-18 18:00:00,-26.47938
2025-05-18 19:00:00,-26.68222
2025-05-18 20:00:00,-26.90072
2025-05-18 21:00:00,-25.01997
2025-05-18 22:00:00,-26.64462
2025-05-18 23:00:00,-15.90699
2025-05-19 00:00:00,-7.97871
2025-05-19 01:00:00,10.5879
2025-05-19 02:00:00,26.10591
2025-05-19 03:00:00,28.92559
2025-05-19 04:00:00,28.96675
2025-05-19 05:00:00,24.62724
2025-05-19 06:00:00,25.22469
2025-05-19 07:00:00,25.12647
2025-05-19 08:00:00,23.55966
2025-05-19 09:00:00,23.17852
2025-05-19 10:00:00,23.23962
2025-05-19 11:00:00,24.52707
2025-05-19 12:00:00,28.37324
2025-05-19 13:00:00,28.31287
2025-05-19 14:00:00,12.1
2025-05-19 15:00:00,9.1666
2025-05-19 16:00:00,6.36207
2025-05-19 17:00:00,0.61809
2025-05-19 18:00:00,0.00522
2025-05-19 19:00:00,-0.59867
2025-05-19 20:00:00,-0.86565
2025-05-19 21:00:00,0.57518
2025-05-19 22:00:00,2.94529
2025-05-19 23:00:00,3.3
2025-05-20 00:00:00,6.43221
2025-05-20 01:00:00,27.86733
2025-05-20 02:00:00,32.37912
2025-05-20 03:00:00,33.85182
2025-05-20 04:00:00,32.47999
2025-05-20 05:00:00,32.81899
2025-05-20 06:00:00,32.16598
2025-05-20 07:00:00,27.78
2025-05-20 08:00:00,26.65464
2025-05-20 09:00:00,25.74001
2025-05-20 10:00:00,25.66685
2025-05-20 11:00:00,28.09397
2025-05-20 12:00:00,29.9229
2025-05-20 13:00:00,28.13462
2025-05-20 14:00:00,21.44
2025-05-20 15:00:00,14.60621
2025-05-20 16:00:00,8.84941
2025-05-20 17:00:00,1.91532
2025-05-20 18:00:00,1.63437
2025-05-20 19:00:00,1.19195
2025-05-20 20:00:00,4.12385
2025-05-20 21:00:00,4.34446
2025-05-20 22:00:00,8.80736
2025-05-20 23:00:00,12.93194
2025-05-21 00:00:00,23.1498
2025-05-21 01:00:00,35.48477
2025-05-21 02:00:00,47.6942
2025-05-21 03:00:00,47.82973
2025-05-21 04:00:00,43.62276
2025-05-21 05:00:00,34.36067
2025-05-21 06:00:00,33.01449
2025-05-21 07:00:00,42.72264
2025-05-21 08:00:00,40.26619
2025-05-21 09:00:00,38.6007
2025-05-21 10:00:00,38.10646
2025-05-21 11:00:00,40.82
2025-05-21 12:00:00,42.73657
2025-05-21 13:00:00,38.8177
2025-05-21 14:00:00,26.96947
2025-05-21 15:00:00,19.79398
2025-05-21 16:00:00,16.31143
2025-05-21 17:00:00,14.16904
2025-05-21 18:00:00,13.2465
2025-05-21 19:00:00,13.58656
2025-05-21 20:00:00,16.24555
2025-05-21 21:00:00,16.85273
2025-05-21 22:00:00,20.22296
2025-05-21 23:00:00,24.50119
2025-05-22 00:00:00,31.77887
2025-05-22 01:00:00,46.26827
2025-05-22 02:00:00,57.39681
2025-05-22 03:00:00,57.74256
2025-05-22 04:00:00,50.81816
2025-05-22 05:00:00,40.19656
2025-05-22 06:00:00,37.71846
2025-05-22 07:00:00,35.5499
2025-05-22 08:00:00,32.07855
2025-05-22 09:00:00,31.45273
2025-05-22 10:00:00,31.07088
2025-05-22 11:00:00,31.76099
2025-05-22 12:00:00,34.92332
2025-05-22 13:00:00,34.17728
2025-05-22 14:00:00,24.6728
2025-05-22 15:00:00,18.92473
2025-05-22 16:00:00,15.1692
2025-05-22 17:00:00,7.91328
2025-05-22 18:00:00,6.94738
2025-05-22 19:00:00,8.66767
2025-05-22 20:00:00,6.96758
2025-05-22 21:00:00,7.81971
2025-05-22 22:00:00,10.0
2025-05-22 23:00:00,15.71007
2025-05-23 00:00:00,25.64
2025-05-23 01:00:00,36.38437
2025-05-23 02:00:00,44.41543
2025-05-23 03:00:00,46.42983
2025-05-23 04:00:00,42.65939
2025-05-23 05:00:00,37.0159
2025-05-23 06:00:00,34.69774
2025-05-23 07:00:00,30.63393
2025-05-23 08:00:00,28.1229
2025-05-23 09:00:00,29.00987
2025-05-23 10:00:00,28.91694
2025-05-23 11:00:00,29.46714
2025-05-23 12:00:00,30.82091
2025-05-23 13:00:00,30.7562
2025-05-23 14:00:00,18.18522
2025-05-23 15:00:00,14.95741
2025-05-23 16:00:00,11.44771
2025-05-23 17:00:00,6.27387
2025-05-23 18:00:00,3.98533
2025-05-23 19:00:00,0.08382
2025-05-23 20:00:00,0.2774
2025-05-23 21:00:00,-0.09484
2025-05-23 22:00:00,4.27339
2025-05-23 23:00:00,9.22881
2025-05-24 00:00:00,15.719
2025-05-24 01:00:00,34.41638
2025-05-24 02:00:00,39.19631
2025-05-24 03:00:00,42.44177
2025-05-24 04:00:00,41.06842
2025-05-24 05:00:00,37.50083
2025-05-24 06:00:00,35.65201
2025-05-24 07:00:00,31.9837
2025-05-24 08:00:00,29.38786
2025-05-24 09:00:00,26.33657
2025-05-24 10:00:00,26.79253
2025-05-24 11:00:00,27.03038
2025-05-24 12:00:00,28.33774
2025-05-24 13:00:00,24.0336
2025-05-24 14:00:00,7.90526
2025-05-24 15:00:00,10.40145
2025-05-24 16:00:00,10.38508
2025-05-24 17:00:00,-0.24005
2025-05-24 18:00:00,-1.58716
2025-05-24 19:00:00,-3.15218
2025-05-24 20:00:00,-4.41423
2025-05-24 21:00:00,-1.64351
2025-05-24 22:00:00,1.26823
2025-05-24 23:00:00,7.31485
2025-05-25 00:00:00,4.70542
2025-05-25 01:00:00,24.96755
2025-05-25 02:00:00,30.82645
2025-05-25 03:00:00,31.79737
2025-05-25 04:00:00,30.80037
2025-05-25 05:00:00,28.96547
2025-05-25 06:00:00,28.64029
2025-05-25 07:00:00,33.21761
2025-05-25 08:00:00,32.28869
2025-05-25 09:00:00,28.98974
2025-05-25 10:00:00,28.20666
2025-05-25 11:00:00,28.11254
2025-05-25 12:00:00,28.82452
2025-05-25 13:00:00,19.77232
2025-05-25 14:00:00,5.82513
2025-05-25 15:00:00,6.9115
2025-05-25 16:00:00,4.71932
2025-05-25 17:00:00,-1.54207
2025-05-25 18:00:00,-1.39561
2025-05-25 19:00:00,-3.32818
2025-05-25 20:00:00,-3.21165
2025-05-25 21:00:00,-1.62616
2025-05-25 22:00:00,0.32751
2025-05-25 23:00:00,3.35474
2025-05-26 00:00:00,17.62577
2025-05-26 01:00:00,23.45309
2025-05-26 02:00:00,30.67264
2025-05-26 03:00:00,30.14179
2025-05-26 04:00:00,27.77906
2025-05-26 05:00:00,26.66099
2025-05-26 06:00:00,26.45935
2025-05-26 07:00:00,29.36009
2025-05-26 08:00:00,26.74651
2025-05-26 09:00:00,26.0
2025-05-26 10:00:00,25.05204
2025-05-26 11:00:00,25.34042
2025-05-26 12:00:00,24.43497
2025-05-26 13:00:00,18.56129
2025-05-26 14:00:00,10.58633
2025-05-26 15:00:00,15.0
2025-05-26 16:00:00,14.62231
2025-05-26 17:00:00,8.76191
2025-05-26 18:00:00,8.81809
2025-05-26 19:00:00,7.98353
2025-05-26 20:00:00,7.69757
2025-05-26 21:00:00,7.72
2025-05-26 22:00:00,9.4401
2025-05-26 23:00:00,15.23267
2025-05-27 00:00:00,16.00854
2025-05-27 01:00:00,28.09
2025-05-27 02:00:00,35.15338
2025-05-27 03:00:00,37.90396
2025-05-27 04:00:00,34.85406
2025-05-27 05:00:00,32.96
2025-05-27 06:00:00,31.50691
2025-05-27 07:00:00,35.32961
2025-05-27 08:00:00,35.02565
2025-05-27 09:00:00,33.52467
2025-05-27 10:00:00,33.0
2025-05-27 11:00:00,34.98832
2025-05-27 12:00:00,37.29708
2025-05-27 13:00:00,37.92643
2025-05-27 14:00:00,25.68854
2025-05-27 15:00:00,18.1559
2025-05-27 16:00:00,19.28272
2025-05-27 17:00:00,14.50756
2025-05-27 18:00:00,15.54497
2025-05-27 19:00:00,13.0
2025-05-27 20:00:00,17.54
2025-05-27 21:00:00,16.60061
2025-05-27 22:00:00,19.40844
2025-05-27 23:00:00,21.88756
2025-05-28 00:00:00,28.86287
2025-05-28 01:00:00,42.0809
2025-05-28 02:00:00,52.68222
2025-05-28 03:00:00,52.16634
2025-05-28 04:00:00,46.44413
2025-05-28 05:00:00,36.92682
2025-05-28 06:00:00,36.04919
2025-05-28 07:00:00,39.52476
2025-05-28 08:00:00,38.74585
2025-05-28 09:00:00,38.24267
2025-05-28 10:00:00,36.6854
2025-05-28 11:00:00,38.97377
2025-05-28 12:00:00,40.15682
2025-05-28 13:00:00,43.45927
2025-05-28 14:00:00,29.08201
2025-05-28 15:00:00,22.64
2025-05-28 16:00:00,22.64
2025-05-28 17:00:00,20.55739
2025-05-28 18:00:00,20.02406
2025-05-28 19:00:00,16.88
2025-05-28 20:00:00,18.58882
2025-05-28 21:00:00,18.12609
2025-05-28 22:00:00,21.73377
2025-05-28 23:00:00,26.34385
2025-05-29 00:00:00,32.99848
2025-05-29 01:00:00,42.51705
2025-05-29 02:00:00,48.81941
2025-05-29 03:00:00,49.30282
2025-05-29 04:00:00,42.95329
2025-05-29 05:00:00,35.07918
2025-05-29 06:00:00,34.86043
2025-05-29 07:00:00,33.27445
2025-05-29 08:00:00,33.36623
2025-05-29 09:00:00,32.14867
2025-05-29 10:00:00,32.03202
2025-05-29 11:00:00,33.63014
2025-05-29 12:00:00,36.23721
2025-05-29 13:00:00,36.25
2025-05-29 14:00:00,27.34
2025-05-29 15:00:00,21.87921
2025-05-29 16:00:00,21.60065
2025-05-29 17:00:00,18.86983
2025-05-29 18:00:00,18.16043
2025-05-29 19:00:00,17.25895
2025-05-29 20:00:00,18.60069
2025-05-29 21:00:00,19.27957
2025-05-29 22:00:00,25.59543
2025-05-29 23:00:00,27.33685
2025-05-30 00:00:00,35.81759
2025-05-30 01:00:00,46.53588
2025-05-30 02:00:00,55.94259
2025-05-30 03:00:00,57.3934
2025-05-30 04:00:00,51.0075
2025-05-30 05:00:00,44.77722
2025-05-30 06:00:00,43.34795
2025-05-30 07:00:00,44.55269
2025-05-30 08:00:00,41.42721
2025-05-30 09:00:00,41.5457
2025-05-30 10:00:00,43.47171
2025-05-30 11:00:00,45.82782
2025-05-30 12:00:00,49.9473
2025-05-30 13:00:00,41.92888
2025-05-30 14:00:00,30.44075
2025-05-30 15:00:00,25.99668
2025-05-30 16:00:00,26.37878
2025-05-30 17:00:00,25.02618
2025-05-30 18:00:00,23.55257
2025-05-30 19:00:00,26.1928
2025-05-30 20:00:00,26.87953
2025-05-30 21:00:00,27.69
2025-05-30 22:00:00,34.32491
2025-05-30 23:00:00,38.65953
2025-05-31 00:00:00,50.72307
2025-05-31 01:00:00,61.52652
2025-05-31 02:00:00,84.21341
2025-05-31 03:00:00,85.14468
2025-05-31 04:00:00,69.25086
2025-05-31 05:00:00,58.0358
2025-05-31 06:00:00,53.86754
2025-05-31 07:00:00,45.47057
2025-05-31 08:00:00,42.60444
2025-05-31 09:00:00,41.33303
2025-05-31 10:00:00,38.61314
2025-05-31 11:00:00,41.89259
2025-05-31 12:00:00,43.78549
2025-05-31 13:00:00,37.6722
2025-05-31 14:00:00,28.48106
2025-05-31 15:00:00,27.00091
2025-05-31 16:00:00,27.30972
2025-05-31 17:00:00,25.65473
2025-05-31 18:00:00,25.4234
2025-05-31 19:00:00,26.25384
2025-05-31 20:00:00,27.72
2025-05-31 21:00:00,29.01033
2025-05-31 22:00:00,35.36139
2025-05-31 23:00:00,41.3977
2025-06-01 00:00:00,46.08654
2025-06-01 01:00:00,52.42335
2025-06-01 02:00:00,63.05035
2025-06-01 03:00:00,57.86327
2025-06-01 04:00:00,49.98335
2025-06-01 05:00:00,44.2865
2025-06-01 06:00:00,40.7282
2025-06-01 07:00:00,34.10791
2025-06-01 08:00:00,33.76879
2025-06-01 09:00:00,33.3276
2025-06-01 10:00:00,33.39201
2025-06-01 11:00:00,31.5423
2025-06-01 12:00:00,30.45876
2025-06-01 13:00:00,30.41749
2025-06-01 14:00:00,27.59262
2025-06-01 15:00:00,27.21581
2025-06-01 16:00:00,28.35986
2025-06-01 17:00:00,24.71768
2025-06-01 18:00:00,24.13912
2025-06-01 19:00:00,25.95987
2025-06-01 20:00:00,26.06796
2025-06-01 21:00:00,26.31521
2025-06-01 22:00:00,29.82983
2025-06-01 23:00:00,32.32084
2025-06-02 00:00:00,37.86336
2025-06-02 01:00:00,44.38042
2025-06-02 02:00:00,44.83121
2025-06-02 03:00:00,44.29157
2025-06-02 04:00:00,42.75434
2025-06-02 05:00:00,39.78918
2025-06-02 06:00:00,38.47407
2025-06-02 07:00:00,32.632
2025-06-02 08:00:00,35.23543
2025-06-02 09:00:00,32.08216
2025-06-02 10:00:00,31.4103
2025-06-02 11:00:00,35.34785
2025-06-02 12:00:00,36.17766
2025-06-02 13:00:00,38.52417
2025-06-02 14:00:00,25.18306
2025-06-02 15:00:00,19.80004
2025-06-02 16:00:00,19.1806
2025-06-02 17:00:00,16.22406
2025-06-02 18:00:00,17.86333
2025-06-02 19:00:00,13.08528
2025-06-02 20:00:00,17.2703
2025-06-02 21:00:00,19.7949
2025-06-02 22:00:00,20.50843
2025-06-02 23:00:00,20.37229
2025-06-03 00:00:00,26.60277
2025-06-03 01:00:00,38.16794
2025-06-03 02:00:00,49.05177
2025-06-03 03:00:00,50.42942
2025-06-03 04:00:00,43.13932
2025-06-03 05:00:00,34.71567
2025-06-03 06:00:00,32.83291
2025-06-03 07:00:00,35.24679
2025-06-03 08:00:00,35.54862
2025-06-03 09:00:00,35.00715
2025-06-03 10:00:00,31.94244
2025-06-03 11:00:00,35.11564
2025-06-03 12:00:00,34.48918
2025-06-03 13:00:00,38.31503
2025-06-03 14:00:00,26.43254
2025-06-03 15:00:00,23.29761
2025-06-03 16:00:00,23.13896
2025-06-03 17:00:00,20.12294
2025-06-03 18:00:00,18.05658
2025-06-03 19:00:00,18.80458
2025-06-03 20:00:00,20.0683
2025-06-03 21:00:00,20.3292
2025-06-03 22:00:00,22.49025
2025-06-03 23:00:00,25.30146
2025-06-04 00:00:00,31.13855
2025-06-04 01:00:00,41.49767
2025-06-04 02:00:00,51.50385
2025-06-04 03:00:00,50.34013
2025-06-04 04:00:00,45.31249
2025-06-04 05:00:00,39.17427
2025-06-04 06:00:00,37.98201
2025-06-04 07:00:00,34.02964
2025-06-04 08:00:00,34.386
2025-06-04 09:00:00,32.30291
2025-06-04 10:00:00,31.79532
2025-06-04 11:00:00,32.27705
2025-06-04 12:00:00,35.20225
2025-06-04 13:00:00,37.28631
2025-06-04 14:00:00,25.14985
2025-06-04 15:00:00,22.3765
2025-06-04 16:00:00,26.52524
2025-06-04 17:00:00,23.67
2025-06-04 18:00:00,25.89705
2025-06-04 19:00:00,23.09238
2025-06-04 20:00:00,24.56804
2025-06-04 21:00:00,25.0
2025-06-04 22:00:00,23.25947
2025-06-04 23:00:00,25.51
2025-06-05 00:00:00,26.61625
2025-06-05 01:00:00,40.83321
2025-06-05 02:00:00,50.27324
2025-06-05 03:00:00,50.34949
2025-06-05 04:00:00,44.60559
2025-06-05 05:00:00,39.34262
2025-06-05 06:00:00,37.9576
2025-06-05 07:00:00,41.63759
2025-06-05 08:00:00,39.96941
2025-06-05 09:00:00,36.74997
2025-06-05 10:00:00,36.6789
2025-06-05 11:00:00,40.66466
2025-06-05 12:00:00,41.7205
2025-06-05 13:00:00,42.30844
2025-06-05 14:00:00,27.25818
2025-06-05 15:00:00,23.4438
2025-06-05 16:00:00,23.06704
2025-06-05 17:00:00,21.94571
2025-06-05 18:00:00,22.67961
2025-06-05 19:00:00,23.48923
2025-06-05 20:00:00,22.15098
2025-06-05 21:00:00,23.03825
2025-06-05 22:00:00,23.64328
2025-06-05 23:00:00,23.93708
2025-06-06 00:00:00,31.87426
2025-06-06 01:00:00,42.66256
2025-06-06 02:00:00,51.85851
2025-06-06 03:00:00,51.8618
2025-06-06 04:00:00,47.53706
2025-06-06 05:00:00,41.87208
2025-06-06 06:00:00,41.38167
2025-06-06 07:00:00,35.19962
2025-06-06 08:00:00,35.04377
2025-06-06 09:00:00,34.62308
2025-06-06 10:00:00,34.43992
2025-06-06 11:00:00,34.55968
2025-06-06 12:00:00,35.80438
2025-06-06 13:00:00,37.59525
2025-06-06 14:00:00,25.47752
2025-06-06 15:00:00,21.54325
2025-06-06 16:00:00,24.86504
2025-06-06 17:00:00,20.88117
2025-06-06 18:00:00,20.63893
2025-06-06 19:00:00,20.0
2025-06-06 20:00:00,23.51385
2025-06-06 21:00:00,25.34558
2025-06-06 22:00:00,26.90862
2025-06-06 23:00:00,29.04168
2025-06-07 00:00:00,32.0
2025-06-07 01:00:00,41.39537
2025-06-07 02:00:00,49.03773
2025-06-07 03:00:00,49.71024
2025-06-07 04:00:00,44.36605
2025-06-07 05:00:00,39.14137
2025-06-07 06:00:00,38.54446
2025-06-07 07:00:00,35.95521
2025-06-07 08:00:00,34.79919
2025-06-07 09:00:00,34.40742
2025-06-07 10:00:00,34.18596
2025-06-07 11:00:00,35.41947
2025-06-07 12:00:00,35.81664
2025-06-07 13:00:00,32.19149
2025-06-07 14:00:00,9.70706
2025-06-07 15:00:00,7.49461
2025-06-07 16:00:00,8.90861
2025-06-07 17:00:00,8.6592
2025-06-07 18:00:00,8.53166
2025-06-07 19:00:00,9.7883
2025-06-07 20:00:00,13.06162
2025-06-07 21:00:00,12.96894
2025-06-07 22:00:00,17.58154
2025-06-07 23:00:00,21.35929
2025-06-08 00:00:00,28.09321
2025-06-08 01:00:00,40.15405
2025-06-08 02:00:00,49.15978
2025-06-08 03:00:00,50.34339
2025-06-08 04:00:00,45.51414
2025-06-08 05:00:00,39.39401
2025-06-08 06:00:00,38.68989
2025-06-08 07:00:00,39.17455
2025-06-08 08:00:00,38.69628
2025-06-08 09:00:00,37.66158
2025-06-08 10:00:00,36.35024
2025-06-08 11:00:00,36.03018
2025-06-08 12:00:00,36.27626
2025-06-08 13:00:00,27.7312
2025-06-08 14:00:00,8.31718
2025-06-08 15:00:00,10.39843
2025-06-08 16:00:00,12.59373
2025-06-08 17:00:00,14.62376
2025-06-08 18:00:00,17.75403
2025-06-08 19:00:00,14.30588
2025-06-08 20:00:00,23.00434
2025-06-08 21:00:00,21.12204
2025-06-08 22:00:00,32.05619
2025-06-08 23:00:00,33.04193
2025-06-09 00:00:00,35.03733
2025-06-09 01:00:00,45.02355
2025-06-09 02:00:00,49.07319
2025-06-09 03:00:00,48.47048
2025-06-09 04:00:00,44.8382
2025-06-09 05:00:00,41.92581
2025-06-09 06:00:00,40.59835
2025-06-09 07:00:00,38.04283
2025-06-09 08:00:00,37.17948
2025-06-09 09:00:00,37.83865
2025-06-09 10:00:00,37.26829
2025-06-09 11:00:00,37.91114
2025-06-09 12:00:00,38.09732
2025-06-09 13:00:00,38.18327
2025-06-09 14:00:00,26.80419
2025-06-09 15:00:00,25.38914
2025-06-09 16:00:00,25.95335
2025-06-09 17:00:00,25.58311
2025-06-09 18:00:00,25.69634
2025-06-09 19:00:00,25.86788
2025-06-09 20:00:00,29.19432
2025-06-09 21:00:00,32.38711
2025-06-09 22:00:00,34.82566
2025-06-09 23:00:00,36.56
2025-06-10 00:00:00,40.0563
2025-06-10 01:00:00,49.13482
2025-06-10 02:00:00,61.29153
2025-06-10 03:00:00,61.42902
2025-06-10 04:00:00,51.58287
2025-06-10 05:00:00,45.89708
2025-06-10 06:00:00,40.81404
2025-06-10 07:00:00,36.00286
2025-06-10 08:00:00,34.77848
2025-06-10 09:00:00,33.53627
2025-06-10 10:00:00,32.90407
2025-06-10 11:00:00,33.98716
2025-06-10 12:00:00,38.18611
2025-06-10 13:00:00,39.74685
2025-06-10 14:00:00,28.3611
2025-06-10 15:00:00,25.23814
2025-06-10 16:00:00,27.10232
2025-06-10 17:00:00,25.27267
2025-06-10 18:00:00,25.65575
2025-06-10 19:00:00,25.70266
2025-06-10 20:00:00,26.58829
2025-06-10 21:00:00,27.41407
2025-06-10 22:00:00,30.82462
2025-06-10 23:00:00,33.04063
2025-06-11 00:00:00,38.92784
2025-06-11 01:00:00,46.59316
2025-06-11 02:00:00,58.88
2025-06-11 03:00:00,59.26959
2025-06-11 04:00:00,49.23382
2025-06-11 05:00:00,40.45656
2025-06-11 06:00:00,38.27454
2025-06-11 07:00:00,34.73564
2025-06-11 08:00:00,36.06978
2025-06-11 09:00:00,36.06017
2025-06-11 10:00:00,35.88723
2025-06-11 11:00:00,36.85498
2025-06-11 12:00:00,38.22978
2025-06-11 13:00:00,36.60077
2025-06-11 14:00:00,20.54
2025-06-11 15:00:00,21.04074
2025-06-11 16:00:00,22.62581
2025-06-11 17:00:00,18.88341
2025-06-11 18:00:00,17.24545
2025-06-11 19:00:00,16.80119
2025-06-11 20:00:00,16.48834
2025-06-11 21:00:00,17.2473
2025-06-11 22:00:00,20.94908
2025-06-11 23:00:00,26.39388
2025-06-12 00:00:00,30.74793
2025-06-12 01:00:00,38.91064
2025-06-12 02:00:00,53.57
2025-06-12 03:00:00,56.57803
2025-06-12 04:00:00,47.92808
2025-06-12 05:00:00,38.21179
2025-06-12 06:00:00,37.90857
2025-06-12 07:00:00,36.73791
2025-06-12 08:00:00,35.18603
2025-06-12 09:00:00,33.9183
2025-06-12 10:00:00,32.39462
2025-06-12 11:00:00,33.66464
2025-06-12 12:00:00,34.72327
2025-06-12 13:00:00,31.85884
2025-06-12 14:00:00,16.58965
2025-06-12 15:00:00,14.4909
2025-06-12 16:00:00,15.66498
2025-06-12 17:00:00,12.96055
2025-06-12 18:00:00,13.66774
2025-06-12 19:00:00,11.88838
2025-06-12 20:00:00,16.0918
2025-06-12 21:00:00,17.01076
2025-06-12 22:00:00,16.97371
2025-06-12 23:00:00,19.91
2025-06-13 00:00:00,27.54435
2025-06-13 01:00:00,37.89812
2025-06-13 02:00:00,48.8814
2025-06-13 03:00:00,49.9773
2025-06-13 04:00:00,44.91365
2025-06-13 05:00:00,37.92585
2025-06-13 06:00:00,37.71916
2025-06-13 07:00:00,34.63606
2025-06-13 08:00:00,34.46873
2025-06-13 09:00:00,33.54204
2025-06-13 10:00:00,33.5579
2025-06-13 11:00:00,34.16431
2025-06-13 12:00:00,35.67305
2025-06-13 13:00:00,34.7929
2025-06-13 14:00:00,17.2
2025-06-13 15:00:00,18.38933
2025-06-13 16:00:00,20.46748
2025-06-13 17:00:00,15.05592
2025-06-13 18:00:00,12.8342
2025-06-13 19:00:00,12.31836
2025-06-13 20:00:00,14.30474
2025-06-13 21:00:00,13.4035
2025-06-13 22:00:00,15.19459
2025-06-13 23:00:00,17.11936
2025-06-14 00:00:00,27.26616
2025-06-14 01:00:00,35.5068
2025-06-14 02:00:00,41.24426
2025-06-14 03:00:00,42.47483
2025-06-14 04:00:00,39.92716
2025-06-14 05:00:00,38.11439
2025-06-14 06:00:00,37.70592
2025-06-14 07:00:00,32.81313
2025-06-14 08:00:00,32.30651
2025-06-14 09:00:00,30.62233
2025-06-14 10:00:00,29.86716
2025-06-14 11:00:00,30.05423
2025-06-14 12:00:00,30.11428
2025-06-14 13:00:00,23.71292
2025-06-14 14:00:00,13.65024
2025-06-14 15:00:00,14.7817
2025-06-14 16:00:00,14.21889
2025-06-14 17:00:00,5.97905
2025-06-14 18:00:00,5.10331
2025-06-14 19:00:00,3.93778
2025-06-14 20:00:00,5.71718
2025-06-14 21:00:00,5.07842
2025-06-14 22:00:00,8.57908
2025-06-14 23:00:00,9.3908
2025-06-15 00:00:00,19.16986
2025-06-15 01:00:00,35.09465
2025-06-15 02:00:00,43.18257
2025-06-15 03:00:00,47.20732
2025-06-15 04:00:00,40.3275
2025-06-15 05:00:00,36.37442
2025-06-15 06:00:00,35.65557
2025-06-15 07:00:00,34.31778
2025-06-15 08:00:00,33.94125
2025-06-15 09:00:00,30.85741
2025-06-15 10:00:00,29.46079
2025-06-15 11:00:00,30.7111
2025-06-15 12:00:00,30.85326
2025-06-15 13:00:00,21.59465
2025-06-15 14:00:00,10.65116
2025-06-15 15:00:00,16.04834
2025-06-15 16:00:00,18.0
2025-06-15 17:00:00,14.40085
2025-06-15 18:00:00,9.0
2025-06-15 19:00:00,8.40992
2025-06-15 20:00:00,17.21378
2025-06-15 21:00:00,18.0
2025-06-15 22:00:00,23.4554
2025-06-15 23:00:00,24.98904
2025-06-16 00:00:00,32.54889
2025-06-16 01:00:00,39.14299
2025-06-16 02:00:00,48.66461
2025-06-16 03:00:00,50.61378
2025-06-16 04:00:00,45.42586
2025-06-16 05:00:00,38.00896
2025-06-16 06:00:00,36.6248
2025-06-16 07:00:00,34.24344
2025-06-16 08:00:00,32.89617
2025-06-16 09:00:00,31.58335
2025-06-16 10:00:00,30.39841
2025-06-16 11:00:00,31.44909
2025-06-16 12:00:00,33.24203
2025-06-16 13:00:00,30.801
2025-06-16 14:00:00,25.97801
2025-06-16 15:00:00,26.03738
2025-06-16 16:00:00,24.0903
2025-06-16 17:00:00,16.74137
2025-06-16 18:00:00,15.89221
2025-06-16 19:00:00,16.64153
2025-06-16 20:00:00,17.96477
2025-06-16 21:00:00,18.60654
2025-06-16 22:00:00,23.46063
2025-06-16 23:00:00,23.33023
2025-06-17 00:00:00,32.15435
2025-06-17 01:00:00,38.40122
2025-06-17 02:00:00,49.14302
2025-06-17 03:00:00,55.20415
2025-06-17 04:00:00,47.13778
2025-06-17 05:00:00,39.59948
2025-06-17 06:00:00,38.97845
2025-06-17 07:00:00,36.04806
2025-06-17 08:00:00,34.8992
2025-06-17 09:00:00,30.45035
2025-06-17 10:00:00,29.18184
2025-06-17 11:00:00,30.90459
2025-06-17 12:00:00,33.76189
2025-06-17 13:00:00,31.42761
2025-06-17 14:00:00,23.78016
2025-06-17 15:00:00,26.10283
2025-06-17 16:00:00,25.18096
2025-06-17 17:00:00,17.62
2025-06-17 18:00:00,18.6219
2025-06-17 19:00:00,18.47132
2025-06-17 20:00:00,19.88343
2025-06-17 21:00:00,22.13229
2025-06-17 22:00:00,25.49532
2025-06-17 23:00:00,28.9294
2025-06-18 00:00:00,34.54746
2025-06-18 01:00:00,41.94081
2025-06-18 02:00:00,57.30378
2025-06-18 03:00:00,58.98689
2025-06-18 04:00:00,47.802
2025-06-18 05:00:00,40.20371
2025-06-18 06:00:00,38.36108
2025-06-18 07:00:00,38.96149
2025-06-18 08:00:00,37.54451
2025-06-18 09:00:00,34.72784
2025-06-18 10:00:00,34.17143
2025-06-18 11:00:00,34.12537
2025-06-18 12:00:00,37.10364
2025-06-18 13:00:00,32.48533
2025-06-18 14:00:00,23.09555
2025-06-18 15:00:00,24.10883
2025-06-18 16:00:00,25.19904
2025-06-18 17:00:00,22.43623
2025-06-18 18:00:00,23.26817
2025-06-18 19:00:00,23.19803
2025-06-18 20:00:00,25.0
2025-06-18 21:00:00,28.92041
2025-06-18 22:00:00,33.11062
2025-06-18 23:00:00,37.28778
2025-06-19 00:00:00,43.52852
2025-06-19 01:00:00,47.5564
2025-06-19 02:00:00,62.41729
2025-06-19 03:00:00,60.36797
2025-06-19 04:00:00,50.0281
2025-06-19 05:00:00,40.16704
2025-06-19 06:00:00,37.52765
2025-06-19 07:00:00,37.67906
2025-06-19 08:00:00,37.94654
2025-06-19 09:00:00,36.14006
2025-06-19 10:00:00,34.75123
2025-06-19 11:00:00,35.09818
2025-06-19 12:00:00,37.48165
2025-06-19 13:00:00,34.01289
2025-06-19 14:00:00,22.803
2025-06-19 15:00:00,24.84002
2025-06-19 16:00:00,24.72318
2025-06-19 17:00:00,21.0561
2025-06-19 18:00:00,21.25938
2025-06-19 19:00:00,21.30279
2025-06-19 20:00:00,22.9318
2025-06-19 21:00:00,25.65027
2025-06-19 22:00:00,25.55944
2025-06-19 23:00:00,29.30013
2025-06-20 00:00:00,33.27878
2025-06-20 01:00:00,40.40097
2025-06-20 02:00:00,54.59919
2025-06-20 03:00:00,51.86915
2025-06-20 04:00:00,44.88519
2025-06-20 05:00:00,38.46403
2025-06-20 06:00:00,37.39474
2025-06-20 07:00:00,33.50244
2025-06-20 08:00:00,33.30612
2025-06-20 09:00:00,33.87194
2025-06-20 10:00:00,33.03549
2025-06-20 11:00:00,33.43543
2025-06-20 12:00:00,34.1888
2025-06-20 13:00:00,33.10191
2025-06-20 14:00:00,19.16565
2025-06-20 15:00:00,24.89495
2025-06-20 16:00:00,20.63741
2025-06-20 17:00:00,10.34421
2025-06-20 18:00:00,8.7651
2025-06-20 19:00:00,8.18596
2025-06-20 20:00:00,10.30734
2025-06-20 21:00:00,11.87127
2025-06-20 22:00:00,13.71955
2025-06-20 23:00:00,15.6733
2025-06-21 00:00:00,18.67636
2025-06-21 01:00:00,31.86989
2025-06-21 02:00:00,39.77201
2025-06-21 03:00:00,44.47641
2025-06-21 04:00:00,40.33893
2025-06-21 05:00:00,38.2825
2025-06-21 06:00:00,38.45121
2025-06-21 07:00:00,35.72954
2025-06-21 08:00:00,35.58799
2025-06-21 09:00:00,33.3269
2025-06-21 10:00:00,34.07747
2025-06-21 11:00:00,33.65709
2025-06-21 12:00:00,31.95951
2025-06-21 13:00:00,22.16316
2025-06-21 14:00:00,8.76238
2025-06-21 15:00:00,5.50681
2025-06-21 16:00:00,1.03165
2025-06-21 17:00:00,-7.08022
2025-06-21 18:00:00,-7.52192
2025-06-21 19:00:00,-8.19819
2025-06-21 20:00:00,-8.43722
2025-06-21 21:00:00,-8.13071
2025-06-21 22:00:00,-4.63649
2025-06-21 23:00:00,-2.63718
2025-06-22 00:00:00,0.51809
2025-06-22 01:00:00,22.41584
2025-06-22 02:00:00,38.33586
2025-06-22 03:00:00,40.40182
2025-06-22 04:00:00,40.10895
2025-06-22 05:00:00,37.1859
2025-06-22 06:00:00,36.6554
2025-06-22 07:00:00,40.68499
2025-06-22 08:00:00,38.95704
2025-06-22 09:00:00,37.27096
2025-06-22 10:00:00,36.31609
2025-06-22 11:00:00,37.73247
2025-06-22 12:00:00,36.20299
2025-06-22 13:00:00,21.57468
2025-06-22 14:00:00,7.98457
2025-06-22 15:00:00,7.95988
2025-06-22 16:00:00,7.08168
2025-06-22 17:00:00,0.06299
2025-06-22 18:00:00,0.66854
2025-06-22 19:00:00,1.0
2025-06-22 20:00:00,5.04341
2025-06-22 21:00:00,11.26549
2025-06-22 22:00:00,21.27683
2025-06-22 23:00:00,20.07454
2025-06-23 00:00:00,24.30608
2025-06-23 01:00:00,35.35152
2025-06-23 02:00:00,44.00996
2025-06-23 03:00:00,48.66442
2025-06-23 04:00:00,46.18356
2025-06-23 05:00:00,39.86304
2025-06-23 06:00:00,38.95309
2025-06-23 07:00:00,39.18545
2025-06-23 08:00:00,39.84939
2025-06-23 09:00:00,39.5586
2025-06-23 10:00:00,39.22901
2025-06-23 11:00:00,40.85238
2025-06-23 12:00:00,43.56088
2025-06-23 13:00:00,38.49254
2025-06-23 14:00:00,23.16108
2025-06-23 15:00:00,27.73688
2025-06-23 16:00:00,28.69567
2025-06-23 17:00:00,24.12157
2025-06-23 18:00:00,23.83996
2025-06-23 19:00:00,23.01262
2025-06-23 20:00:00,29.60828
2025-06-23 21:00:00,31.09113
2025-06-23 22:00:00,34.73253
2025-06-23 23:00:00,35.93508
2025-06-24 00:00:00,35.01285
2025-06-24 01:00:00,39.66072
2025-06-24 02:00:00,48.76456
2025-06-24 03:00:00,53.06931
2025-06-24 04:00:00,48.64044
2025-06-24 05:00:00,43.14311
2025-06-24 06:00:00,41.50938
2025-06-24 07:00:00,40.5757
2025-06-24 08:00:00,41.0
2025-06-24 09:00:00,38.62373
2025-06-24 10:00:00,37.3087
2025-06-24 11:00:00,38.03758
2025-06-24 12:00:00,41.63443
2025-06-24 13:00:00,36.27918
2025-06-24 14:00:00,27.03247
2025-06-24 15:00:00,29.2923
2025-06-24 16:00:00,27.53969
2025-06-24 17:00:00,22.82311
2025-06-24 18:00:00,21.3461
2025-06-24 19:00:00,21.16344
2025-06-24 20:00:00,21.46089
2025-06-24 21:00:00,22.58253
2025-06-24 22:00:00,27.35331
2025-06-24 23:00:00,27.1334
2025-06-25 00:00:00,29.31855
2025-06-25 01:00:00,37.3576
2025-06-25 02:00:00,46.19411
2025-06-25 03:00:00,49.12189
2025-06-25 04:00:00,45.84632
2025-06-25 05:00:00,39.13933
2025-06-25 06:00:00,39.01978
2025-06-25 07:00:00,39.72482
2025-06-25 08:00:00,39.21007
2025-06-25 09:00:00,36.1391
2025-06-25 10:00:00,34.54577
2025-06-25 11:00:00,36.08863
2025-06-25 12:00:00,40.06775
2025-06-25 13:00:00,38.24766
2025-06-25 14:00:00,26.04068
2025-06-25 15:00:00,24.18796
2025-06-25 16:00:00,26.26096
2025-06-25 17:00:00,21.111
2025-06-25 18:00:00,20.55247
2025-06-25 19:00:00,20.0994
2025-06-25 20:00:00,21.3808
2025-06-25 21:00:00,22.20426
2025-06-25 22:00:00,25.44039
2025-06-25 23:00:00,28.80712
2025-06-26 00:00:00,32.02759
2025-06-26 01:00:00,41.3457
2025-06-26 02:00:00,54.28222
2025-06-26 03:00:00,56.06279
2025-06-26 04:00:00,48.14006
2025-06-26 05:00:00,40.95927
2025-06-26 06:00:00,38.81334
2025-06-26 07:00:00,39.23091
2025-06-26 08:00:00,37.14074
2025-06-26 09:00:00,35.44966
2025-06-26 10:00:00,34.53326
2025-06-26 11:00:00,36.85858
2025-06-26 12:00:00,41.15828
2025-06-26 13:00:00,36.20895
2025-06-26 14:00:00,26.49712
2025-06-26 15:00:00,28.5093
2025-06-26 16:00:00,28.69965
2025-06-26 17:00:00,24.0455
2025-06-26 18:00:00,23.95107
2025-06-26 19:00:00,23.81957
2025-06-26 20:00:00,24.6072
2025-06-26 21:00:00,27.5
2025-06-26 22:00:00,28.05553
2025-06-26 23:00:00,29.16768
2025-06-27 00:00:00,36.84342
2025-06-27 01:00:00,42.08935
2025-06-27 02:00:00,53.83232
2025-06-27 03:00:00,53.85705
2025-06-27 04:00:00,48.58242
2025-06-27 05:00:00,43.6903
2025-06-27 06:00:00,41.7381
2025-06-27 07:00:00,42.69991
2025-06-27 08:00:00,41.91
2025-06-27 09:00:00,41.37528
2025-06-27 10:00:00,40.22026
2025-06-27 11:00:00,41.34103
2025-06-27 12:00:00,44.47115
2025-06-27 13:00:00,38.60639
2025-06-27 14:00:00,29.63012
2025-06-27 15:00:00,26.54904
2025-06-27 16:00:00,27.30011
2025-06-27 17:00:00,24.81085
2025-06-27 18:00:00,23.86996
2025-06-27 19:00:00,24.72376
2025-06-27 20:00:00,25.80641
2025-06-27 21:00:00,26.70393
2025-06-27 22:00:00,30.40791
2025-06-27 23:00:00,32.69192
2025-06-28 00:00:00,38.26687
2025-06-28 01:00:00,45.32455
2025-06-28 02:00:00,59.64865
2025-06-28 03:00:00,57.92283
2025-06-28 04:00:00,50.70265
2025-06-28 05:00:00,43.94433
2025-06-28 06:00:00,43.22253
2025-06-28 07:00:00,44.29221
2025-06-28 08:00:00,42.16941
2025-06-28 09:00:00,39.43267
2025-06-28 10:00:00,40.54976
2025-06-28 11:00:00,40.36644
2025-06-28 12:00:00,38.80474
2025-06-28 13:00:00,35.25599
2025-06-28 14:00:00,19.97531
2025-06-28 15:00:00,22.40918
2025-06-28 16:00:00,23.36
2025-06-28 17:00:00,19.42253
2025-06-28 18:00:00,20.54739
2025-06-28 19:00:00,22.14194
2025-06-28 20:00:00,26.53612
2025-06-28 21:00:00,27.08209
2025-06-28 22:00:00,32.25863
2025-06-28 23:00:00,32.64568
2025-06-29 00:00:00,38.97615
2025-06-29 01:00:00,47.04862
2025-06-29 02:00:00,58.43449
2025-06-29 03:00:00,58.26517
2025-06-29 04:00:00,49.4928
2025-06-29 05:00:00,45.12799
2025-06-29 06:00:00,43.92352
2025-06-29 07:00:00,53.34965
2025-06-29 08:00:00,47.79438
2025-06-29 09:00:00,44.7807
2025-06-29 10:00:00,43.08157
2025-06-29 11:00:00,42.16
2025-06-29 12:00:00,43.0
2025-06-29 13:00:00,34.98689
2025-06-29 14:00:00,23.95884
2025-06-29 15:00:00,23.79518
2025-06-29 16:00:00,27.70044
2025-06-29 17:00:00,26.21618
2025-06-29 18:00:00,27.3901
2025-06-29 19:00:00,26.4808
2025-06-29 20:00:00,31.1362
2025-06-29 21:00:00,31.96794
2025-06-29 22:00:00,32.50901
2025-06-29 23:00:00,37.63
2025-06-30 00:00:00,44.20414
2025-06-30 01:00:00,55.88745
2025-06-30 02:00:00,65.67734
2025-06-30 03:00:00,63.45105
2025-06-30 04:00:00,57.19648
2025-06-30 05:00:00,51.64974
2025-06-30 06:00:00,44.72887
2025-06-30 07:00:00,45.1803
2025-06-30 08:00:00,44.45878
2025-06-30 09:00:00,43.34708
2025-06-30 10:00:00,40.22967
2025-06-30 11:00:00,39.1849
2025-06-30 12:00:00,41.99606
2025-06-30 13:00:00,41.0665
2025-06-30 14:00:00,31.20076
2025-06-30 15:00:00,30.19421
2025-06-30 16:00:00,22.83364
2025-06-30 17:00:00,32.61
2025-06-30 18:00:00,33.12565
2025-06-30 19:00:00,32.7927
2025-06-30 20:00:00,33.05538
2025-06-30 21:00:00,34.57883
2025-06-30 22:00:00,37.0754
2025-06-30 23:00:00,43.16556
2025-07-01 00:00:00,50.10767
2025-07-01 01:00:00,63.36329
2025-07-01 02:00:00,72.22412
2025-07-01 03:00:00,71.76675
2025-07-01 04:00:00,62.7926
2025-07-01 05:00:00,55.62769
2025-07-01 06:00:00,49.7446
2025-07-01 07:00:00,46.49253
2025-07-01 08:00:00,46.12857
2025-07-01 09:00:00,44.68519
2025-07-01 10:00:00,41.49239
2025-07-01 11:00:00,44.24591
2025-07-01 12:00:00,46.28079
2025-07-01 13:00:00,47.48478
2025-07-01 14:00:00,34.85871
2025-07-01 15:00:00,34.71849
2025-07-01 16:00:00,35.004
2025-07-01 17:00:00,32.48
2025-07-01 18:00:00,31.69183
2025-07-01 19:00:00,32.37442
2025-07-01 20:00:00,33.94031
2025-07-01 21:00:00,34.86438
2025-07-01 22:00:00,34.67897
2025-07-01 23:00:00,39.74261
2025-07-02 00:00:00,48.26798
2025-07-02 01:00:00,54.42
2025-07-02 02:00:00,70.67709
2025-07-02 03:00:00,69.90754
2025-07-02 04:00:00,57.14045
2025-07-02 05:00:00,48.82044
2025-07-02 06:00:00,43.82628
2025-07-02 07:00:00,40.3057
2025-07-02 08:00:00,40.32641
2025-07-02 09:00:00,37.87021
2025-07-02 10:00:00,36.55971
2025-07-02 11:00:00,35.78681
2025-07-02 12:00:00,42.82006
2025-07-02 13:00:00,40.69806
2025-07-02 14:00:00,31.6286
2025-07-02 15:00:00,32.38532
2025-07-02 16:00:00,31.91834
2025-07-02 17:00:00,28.35325
2025-07-02 18:00:00,28.20108
2025-07-02 19:00:00,27.72451
2025-07-02 20:00:00,28.59552
2025-07-02 21:00:00,30.08204
2025-07-02 22:00:00,33.00356
2025-07-02 23:00:00,34.95021
2025-07-03 00:00:00,43.41066
2025-07-03 01:00:00,49.0828
2025-07-03 02:00:00,61.62137
2025-07-03 03:00:00,60.81595
2025-07-03 04:00:00,50.77994
2025-07-03 05:00:00,44.82254
2025-07-03 06:00:00,43.8943
2025-07-03 07:00:00,39.78
2025-07-03 08:00:00,37.53563
2025-07-03 09:00:00,36.82403
2025-07-03 10:00:00,36.66843
2025-07-03 11:00:00,37.69618
2025-07-03 12:00:00,39.46041
2025-07-03 13:00:00,38.81754
2025-07-03 14:00:00,29.40148
2025-07-03 15:00:00,29.49423
2025-07-03 16:00:00,30.12822
2025-07-03 17:00:00,27.01654
2025-07-03 18:00:00,26.1966
2025-07-03 19:00:00,26.83224
2025-07-03 20:00:00,27.58892
2025-07-03 21:00:00,30.02323
2025-07-03 22:00:00,33.6182
2025-07-03 23:00:00,32.36184
2025-07-04 00:00:00,38.60479
2025-07-04 01:00:00,45.17337
2025-07-04 02:00:00,51.93346
2025-07-04 03:00:00,51.62518
2025-07-04 04:00:00,46.62203
2025-07-04 05:00:00,42.01337
2025-07-04 06:00:00,39.39455
2025-07-04 07:00:00,40.37763
2025-07-04 08:00:00,38.56271
2025-07-04 09:00:00,39.36083
2025-07-04 10:00:00,36.05052
2025-07-04 11:00:00,33.99151
2025-07-04 12:00:00,37.0
2025-07-04 13:00:00,31.56213
2025-07-04 14:00:00,17.78595
2025-07-04 15:00:00,22.41172
2025-07-04 16:00:00,23.51893
2025-07-04 17:00:00,13.90114
2025-07-04 18:00:00,13.5
2025-07-04 19:00:00,13.18506
2025-07-04 20:00:00,14.33268
2025-07-04 21:00:00,16.97391
2025-07-04 22:00:00,20.45448
2025-07-04 23:00:00,22.68886
2025-07-05 00:00:00,29.69205
2025-07-05 01:00:00,39.98004
2025-07-05 02:00:00,44.44747
2025-07-05 03:00:00,46.22132
2025-07-05 04:00:00,42.83499
2025-07-05 05:00:00,40.67239
2025-07-05 06:00:00,39.55381
2025-07-05 07:00:00,41.37378
2025-07-05 08:00:00,38.59338
2025-07-05 09:00:00,35.95444
2025-07-05 10:00:00,34.48262
2025-07-05 11:00:00,34.4882
2025-07-05 12:00:00,35.75239
2025-07-05 13:00:00,34.77137
2025-07-05 14:00:00,18.42159
2025-07-05 15:00:00,15.74432
2025-07-05 16:00:00,15.89098
2025-07-05 17:00:00,10.10079
2025-07-05 18:00:00,10.56043
2025-07-05 19:00:00,11.00704
2025-07-05 20:00:00,12.34156
2025-07-05 21:00:00,13.51252
2025-07-05 22:00:00,21.05522
2025-07-05 23:00:00,24.51563
2025-07-06 00:00:00,31.93104
2025-07-06 01:00:00,39.11416
2025-07-06 02:00:00,46.94428
2025-07-06 03:00:00,48.12713
2025-07-06 04:00:00,46.12237
2025-07-06 05:00:00,45.3647
2025-07-06 06:00:00,42.51792
2025-07-06 07:00:00,42.97348
2025-07-06 08:00:00,41.75183
2025-07-06 09:00:00,39.43751
2025-07-06 10:00:00,38.50908
2025-07-06 11:00:00,36.40329
2025-07-06 12:00:00,36.17439
2025-07-06 13:00:00,33.80261
2025-07-06 14:00:00,18.70081
2025-07-06 15:00:00,21.69661
2025-07-06 16:00:00,22.82747
2025-07-06 17:00:00,15.9572
2025-07-06 18:00:00,16.6286
2025-07-06 19:00:00,16.74725
2025-07-06 20:00:00,19.51864
2025-07-06 21:00:00,24.25736
2025-07-06 22:00:00,31.42188
2025-07-06 23:00:00,31.14263
2025-07-07 00:00:00,38.26694
2025-07-07 01:00:00,48.60574
2025-07-07 02:00:00,55.30461
2025-07-07 03:00:00,53.85242
2025-07-07 04:00:00,48.96591
2025-07-07 05:00:00,45.12261
2025-07-07 06:00:00,43.69617
2025-07-07 07:00:00,43.9874
2025-07-07 08:00:00,38.77866
2025-07-07 09:00:00,39.08582
2025-07-07 10:00:00,38.53361
2025-07-07 11:00:00,39.01055
2025-07-07 12:00:00,44.73902
2025-07-07 13:00:00,47.056
2025-07-07 14:00:00,36.92469
2025-07-07 15:00:00,36.32417
2025-07-07 16:00:00,39.17338
2025-07-07 17:00:00,33.98716
2025-07-07 18:00:00,35.2709
2025-07-07 19:00:00,35.44072
2025-07-07 20:00:00,37.03731
2025-07-07 21:00:00,40.27896
2025-07-07 22:00:00,38.66
2025-07-07 23:00:00,42.00995
2025-07-08 00:00:00,45.06896
2025-07-08 01:00:00,56.21219
2025-07-08 02:00:00,67.33377
2025-07-08 03:00:00,66.13255
2025-07-08 04:00:00,57.30791
2025-07-08 05:00:00,48.54775
2025-07-08 06:00:00,43.29058
2025-07-08 07:00:00,45.10355
2025-07-08 08:00:00,43.54706
2025-07-08 09:00:00,40.48227
2025-07-08 10:00:00,40.32153
2025-07-08 11:00:00,39.00827
2025-07-08 12:00:00,40.75696
2025-07-08 13:00:00,43.05
2025-07-08 14:00:00,34.66588
2025-07-08 15:00:00,34.49057
2025-07-08 16:00:00,36.39956
2025-07-08 17:00:00,32.32438
2025-07-08 18:00:00,34.63385
2025-07-08 19:00:00,34.24922
2025-07-08 20:00:00,36.65
2025-07-08 21:00:00,41.63634
2025-07-08 22:00:00,41.91432
2025-07-08 23:00:00,42.73315
2025-07-09 00:00:00,42.68123
2025-07-09 01:00:00,49.85
2025-07-09 02:00:00,63.08332
2025-07-09 03:00:00,63.70029
2025-07-09 04:00:00,56.99955
2025-07-09 05:00:00,45.85947
2025-07-09 06:00:00,45.85622
2025-07-09 07:00:00,39.98481
2025-07-09 08:00:00,44.45846
2025-07-09 09:00:00,40.76678
2025-07-09 10:00:00,40.0668
2025-07-09 11:00:00,38.94563
2025-07-09 12:00:00,41.20463
2025-07-09 13:00:00,38.63835
2025-07-09 14:00:00,36.03834
2025-07-09 15:00:00,33.92757
2025-07-09 16:00:00,33.92999
2025-07-09 17:00:00,29.98348
2025-07-09 18:00:00,29.83059
2025-07-09 19:00:00,28.14
2025-07-09 20:00:00,28.7368
2025-07-09 21:00:00,32.73291
2025-07-09 22:00:00,37.59075
2025-07-09 23:00:00,37.30807
2025-07-10 00:00:00,38.96
2025-07-10 01:00:00,47.04849
2025-07-10 02:00:00,62.35556
2025-07-10 03:00:00,66.86115
2025-07-10 04:00:00,56.0283
2025-07-10 05:00:00,42.0
2025-07-10 06:00:00,43.38329
2025-07-10 07:00:00,39.87652
2025-07-10 08:00:00,37.01303
2025-07-10 09:00:00,39.95937
2025-07-10 10:00:00,37.9956
2025-07-10 11:00:00,37.78244
2025-07-10 12:00:00,39.77324
2025-07-10 13:00:00,38.68047
2025-07-10 14:00:00,31.22037
2025-07-10 15:00:00,28.05805
2025-07-10 16:00:00,31.55646
2025-07-10 17:00:00,29.3857
2025-07-10 18:00:00,30.61399
2025-07-10 19:00:00,31.57303
2025-07-10 20:00:00,33.22416
2025-07-10 21:00:00,40.03
2025-07-10 22:00:00,40.11874
2025-07-10 23:00:00,38.63546
2025-07-11 00:00:00,49.30021
2025-07-11 01:00:00,54.33703
2025-07-11 02:00:00,74.30229
2025-07-11 03:00:00,67.01264
2025-07-11 04:00:00,56.28534
2025-07-11 05:00:00,45.60909
2025-07-11 06:00:00,44.64917
2025-07-11 07:00:00,43.72623
2025-07-11 08:00:00,43.56376
2025-07-11 09:00:00,40.00406
2025-07-11 10:00:00,40.7978
2025-07-11 11:00:00,41.43908
2025-07-11 12:00:00,43.58789
2025-07-11 13:00:00,41.40323
2025-07-11 14:00:00,30.94674
2025-07-11 15:00:00,30.96231
2025-07-11 16:00:00,34.13326
2025-07-11 17:00:00,31.18089
2025-07-11 18:00:00,32.31311
2025-07-11 19:00:00,32.87772
2025-07-11 20:00:00,34.38371
2025-07-11 21:00:00,36.61644
2025-07-11 22:00:00,41.51
2025-07-11 23:00:00,39.08219
2025-07-12 00:00:00,43.07566
2025-07-12 01:00:00,51.77321
2025-07-12 02:00:00,67.00944
2025-07-12 03:00:00,62.86098
2025-07-12 04:00:00,53.12259
2025-07-12 05:00:00,46.5706
2025-07-12 06:00:00,44.9546
2025-07-12 07:00:00,43.46553
2025-07-12 08:00:00,41.09144
2025-07-12 09:00:00,40.71416
2025-07-12 10:00:00,40.2679
2025-07-12 11:00:00,38.50373
2025-07-12 12:00:00,39.25904
2025-07-12 13:00:00,37.2001
2025-07-12 14:00:00,23.07496
2025-07-12 15:00:00,25.84119
2025-07-12 16:00:00,27.2652
2025-07-12 17:00:00,24.07554
2025-07-12 18:00:00,25.23491
2025-07-12 19:00:00,26.62337
2025-07-12 20:00:00,30.0
2025-07-12 21:00:00,30.72644
2025-07-12 22:00:00,35.3793
2025-07-12 23:00:00,38.94
2025-07-13 00:00:00,43.74394
2025-07-13 01:00:00,48.47121
2025-07-13 02:00:00,56.86411
2025-07-13 03:00:00,55.0
2025-07-13 04:00:00,48.98294
2025-07-13 05:00:00,44.77191
2025-07-13 06:00:00,42.71311
2025-07-13 07:00:00,44.26978
2025-07-13 08:00:00,43.36666
2025-07-13 09:00:00,41.23986
2025-07-13 10:00:00,40.16282
2025-07-13 11:00:00,39.63755
2025-07-13 12:00:00,38.06576
2025-07-13 13:00:00,35.54945
2025-07-13 14:00:00,24.86858
2025-07-13 15:00:00,27.48106
2025-07-13 16:00:00,30.88
2025-07-13 17:00:00,28.12492
2025-07-13 18:00:00,31.10862
2025-07-13 19:00:00,31.20228
2025-07-13 20:00:00,34.10138
2025-07-13 21:00:00,38.17244
2025-07-13 22:00:00,41.00567
2025-07-13 23:00:00,42.49562
2025-07-14 00:00:00,46.07707
2025-07-14 01:00:00,56.44786
2025-07-14 02:00:00,68.27758
2025-07-14 03:00:00,64.41749
2025-07-14 04:00:00,56.46792
2025-07-14 05:00:00,46.26178
2025-07-14 06:00:00,42.57052
2025-07-14 07:00:00,42.74901
2025-07-14 08:00:00,41.19022
2025-07-14 09:00:00,40.17751
2025-07-14 10:00:00,39.69867
2025-07-14 11:00:00,38.88028
2025-07-14 12:00:00,42.63445
2025-07-14 13:00:00,45.68274
2025-07-14 14:00:00,33.23538
2025-07-14 15:00:00,33.13687
2025-07-14 16:00:00,35.70761
2025-07-14 17:00:00,32.62647
2025-07-14 18:00:00,32.29776
2025-07-14 19:00:00,34.85566
2025-07-14 20:00:00,36.57005
2025-07-14 21:00:00,38.73423
2025-07-14 22:00:00,40.91505
2025-07-14 23:00:00,45.89131
2025-07-15 00:00:00,50.97626
2025-07-15 01:00:00,59.54233
2025-07-15 02:00:00,70.66
2025-07-15 03:00:00,63.5055
2025-07-15 04:00:00,56.02366
2025-07-15 05:00:00,49.73128
2025-07-15 06:00:00,44.53908
2025-07-15 07:00:00,46.14387
2025-07-15 08:00:00,43.8937
2025-07-15 09:00:00,43.05388
2025-07-15 10:00:00,43.21639
2025-07-15 11:00:00,42.33626
2025-07-15 12:00:00,47.73869
2025-07-15 13:00:00,46.39019
2025-07-15 14:00:00,35.50709
2025-07-15 15:00:00,33.37479
2025-07-15 16:00:00,34.92236
2025-07-15 17:00:00,32.59732
2025-07-15 18:00:00,32.72333
2025-07-15 19:00:00,33.16111
2025-07-15 20:00:00,32.76562
2025-07-15 21:00:00,34.84353
2025-07-15 22:00:00,37.39865
2025-07-15 23:00:00,36.34801
2025-07-16 00:00:00,43.3285
2025-07-16 01:00:00,50.66991
2025-07-16 02:00:00,61.64519
2025-07-16 03:00:00,57.24894
2025-07-16 04:00:00,53.36
2025-07-16 05:00:00,48.07337
2025-07-16 06:00:00,45.85408
2025-07-16 07:00:00,42.05955
2025-07-16 08:00:00,41.60626
2025-07-16 09:00:00,39.79072
2025-07-16 10:00:00,40.224
2025-07-16 11:00:00,40.12397
2025-07-16 12:00:00,43.84933
2025-07-16 13:00:00,44.35
2025-07-16 14:00:00,36.086
2025-07-16 15:00:00,34.15304
2025-07-16 16:00:00,35.51633
2025-07-16 17:00:00,31.98035
2025-07-16 18:00:00,32.46482
2025-07-16 19:00:00,32.90733
2025-07-16 20:00:00,33.73819
2025-07-16 21:00:00,35.99814
2025-07-16 22:00:00,37.67322
2025-07-16 23:00:00,38.84002
2025-07-17 00:00:00,41.97
2025-07-17 01:00:00,47.61651
2025-07-17 02:00:00,56.57877
2025-07-17 03:00:00,56.02868
2025-07-17 04:00:00,53.97495
2025-07-17 05:00:00,45.39855
2025-07-17 06:00:00,43.36212
2025-07-17 07:00:00,39.8953
2025-07-17 08:00:00,39.94332
2025-07-17 09:00:00,37.98053
2025-07-17 10:00:00,37.00764
2025-07-17 11:00:00,41.38079
2025-07-17 12:00:00,43.5403
2025-07-17 13:00:00,43.23589
2025-07-17 14:00:00,34.65289
2025-07-17 15:00:00,33.66562
2025-07-17 16:00:00,33.45043
2025-07-17 17:00:00,32.48859
2025-07-17 18:00:00,32.4175
2025-07-17 19:00:00,32.02198
2025-07-17 20:00:00,34.39731
2025-07-17 21:00:00,36.76
2025-07-17 22:00:00,36.76877
2025-07-17 23:00:00,34.21923
2025-07-18 00:00:00,37.08478
2025-07-18 01:00:00,45.85363
2025-07-18 02:00:00,52.37401
2025-07-18 03:00:00,51.30116
2025-07-18 04:00:00,47.79261
2025-07-18 05:00:00,43.59572
2025-07-18 06:00:00,41.58973
2025-07-18 07:00:00,43.09156
2025-07-18 08:00:00,41.9193
2025-07-18 09:00:00,41.67633
2025-07-18 10:00:00,40.96496
2025-07-18 11:00:00,42.23918
2025-07-18 12:00:00,42.5663
2025-07-18 13:00:00,42.85966
2025-07-18 14:00:00,34.36042
2025-07-18 15:00:00,34.2115
2025-07-18 16:00:00,37.47484
2025-07-18 17:00:00,33.11
2025-07-18 18:00:00,33.643
2025-07-18 19:00:00,33.17148
2025-07-18 20:00:00,34.30227
2025-07-18 21:00:00,36.18806
2025-07-18 22:00:00,34.54758
2025-07-18 23:00:00,33.70896
2025-07-19 00:00:00,37.4145
2025-07-19 01:00:00,45.3476
2025-07-19 02:00:00,43.0
2025-07-19 03:00:00,48.84269
2025-07-19 04:00:00,46.73658
2025-07-19 05:00:00,44.04502
2025-07-19 06:00:00,43.76059
2025-07-19 07:00:00,43.68828
2025-07-19 08:00:00,40.69168
2025-07-19 09:00:00,40.12339
2025-07-19 10:00:00,37.94318
2025-07-19 11:00:00,39.69269
2025-07-19 12:00:00,43.22087
2025-07-19 13:00:00,39.69445
2025-07-19 14:00:00,24.28615
2025-07-19 15:00:00,24.12876
2025-07-19 16:00:00,25.67982
2025-07-19 17:00:00,22.18147
2025-07-19 18:00:00,22.98506
2025-07-19 19:00:00,22.55589
2025-07-19 20:00:00,23.88682
2025-07-19 21:00:00,29.84633
2025-07-19 22:00:00,34.43415
2025-07-19 23:00:00,33.81772
2025-07-20 00:00:00,35.18702
2025-07-20 01:00:00,43.30376
2025-07-20 02:00:00,47.53613
2025-07-20 03:00:00,48.50607
2025-07-20 04:00:00,46.68719
2025-07-20 05:00:00,44.39017
2025-07-20 06:00:00,42.81372
2025-07-20 07:00:00,43.36271
2025-07-20 08:00:00,41.94632
2025-07-20 09:00:00,41.52272
2025-07-20 10:00:00,39.714
2025-07-20 11:00:00,39.95321
2025-07-20 12:00:00,40.7045
2025-07-20 13:00:00,37.42786
2025-07-20 14:00:00,23.58285
2025-07-20 15:00:00,25.37787
2025-07-20 16:00:00,27.20253
2025-07-20 17:00:00,22.30719
2025-07-20 18:00:00,24.64679
2025-07-20 19:00:00,23.7816
2025-07-20 20:00:00,24.5623
2025-07-20 21:00:00,35.81099
2025-07-20 22:00:00,34.85198
2025-07-20 23:00:00,34.56799
2025-07-21 00:00:00,36.45607
2025-07-21 01:00:00,43.80817
2025-07-21 02:00:00,46.3893
2025-07-21 03:00:00,47.24921
2025-07-21 04:00:00,45.7196
2025-07-21 05:00:00,43.51179
2025-07-21 06:00:00,42.34455
2025-07-21 07:00:00,41.35341
2025-07-21 08:00:00,39.48043
2025-07-21 09:00:00,42.47384
2025-07-21 10:00:00,42.55264
2025-07-21 11:00:00,43.59
2025-07-21 12:00:00,45.98623
2025-07-21 13:00:00,45.62425
2025-07-21 14:00:00,31.52577
2025-07-21 15:00:00,33.35118
2025-07-21 16:00:00,33.53028
2025-07-21 17:00:00,29.8794
2025-07-21 18:00:00,31.96365
2025-07-21 19:00:00,31.12741
2025-07-21 20:00:00,31.56376
2025-07-21 21:00:00,33.37157
2025-07-21 22:00:00,36.76754
2025-07-21 23:00:00,30.95317
2025-07-22 00:00:00,36.46808
2025-07-22 01:00:00,44.07319
2025-07-22 02:00:00,50.37402
2025-07-22 03:00:00,49.57939
2025-07-22 04:00:00,48.23219
2025-07-22 05:00:00,42.75669
2025-07-22 06:00:00,40.947
2025-07-22 07:00:00,40.99001
2025-07-22 08:00:00,41.04784
2025-07-22 09:00:00,40.3127
2025-07-22 10:00:00,39.6329
2025-07-22 11:00:00,41.67401
2025-07-22 12:00:00,41.60726
2025-07-22 13:00:00,41.2
2025-07-22 14:00:00,30.86049
2025-07-22 15:00:00,30.60624
2025-07-22 16:00:00,30.96227
2025-07-22 17:00:00,26.42543
2025-07-22 18:00:00,27.94677
2025-07-22 19:00:00,25.408
2025-07-22 20:00:00,27.50501
2025-07-22 21:00:00,29.04349
2025-07-22 22:00:00,30.57577
2025-07-22 23:00:00,27.21757
2025-07-23 00:00:00,28.65676
2025-07-23 01:00:00,40.61204
2025-07-23 02:00:00,45.70457
2025-07-23 03:00:00,45.2502
2025-07-23 04:00:00,43.80859
2025-07-23 05:00:00,42.40523
2025-07-23 06:00:00,41.24364
2025-07-23 07:00:00,41.51822
2025-07-23 08:00:00,40.15945
2025-07-23 09:00:00,37.25421
2025-07-23 10:00:00,37.47817
2025-07-23 11:00:00,40.40461
2025-07-23 12:00:00,41.69066
2025-07-23 13:00:00,41.30006
2025-07-23 14:00:00,29.68348
2025-07-23 15:00:00,33.88908
2025-07-23 16:00:00,33.90351
2025-07-23 17:00:00,29.66727
2025-07-23 18:00:00,29.76192
2025-07-23 19:00:00,27.18697
2025-07-23 20:00:00,29.90364
2025-07-23 21:00:00,32.37725
2025-07-23 22:00:00,30.83358
2025-07-23 23:00:00,27.65703
2025-07-24 00:00:00,31.1073
2025-07-24 01:00:00,41.72359
2025-07-24 02:00:00,45.29516
2025-07-24 03:00:00,44.85553
2025-07-24 04:00:00,43.38511
2025-07-24 05:00:00,40.70331
2025-07-24 06:00:00,40.28521
2025-07-24 07:00:00,42.56448
2025-07-24 08:00:00,41.14371
2025-07-24 09:00:00,39.53525
2025-07-24 10:00:00,39.07898
2025-07-24 11:00:00,39.96576
2025-07-24 12:00:00,40.80831
2025-07-24 13:00:00,40.2383
2025-07-24 14:00:00,30.20672
2025-07-24 15:00:00,31.65577
2025-07-24 16:00:00,31.04843
2025-07-24 17:00:00,26.93517
2025-07-24 18:00:00,29.81002
2025-07-24 19:00:00,29.59339
2025-07-24 20:00:00,31.05309
2025-07-24 21:00:00,30.26223
2025-07-24 22:00:00,30.0
2025-07-24 23:00:00,29.21572
2025-07-25 00:00:00,30.6324
2025-07-25 01:00:00,39.43202
2025-07-25 02:00:00,43.80704
2025-07-25 03:00:00,43.25
2025-07-25 04:00:00,42.51
2025-07-25 05:00:00,40.17562
2025-07-25 06:00:00,39.03927
2025-07-25 07:00:00,37.98402
2025-07-25 08:00:00,36.41319
2025-07-25 09:00:00,35.86552
2025-07-25 10:00:00,35.13495
2025-07-25 11:00:00,36.00178
2025-07-25 12:00:00,36.82097
2025-07-25 13:00:00,37.62275
2025-07-25 14:00:00,27.0386
2025-07-25 15:00:00,27.88716
2025-07-25 16:00:00,30.22052
2025-07-25 17:00:00,24.72084
2025-07-25 18:00:00,27.93773
2025-07-25 19:00:00,26.07029
2025-07-25 20:00:00,26.37125
2025-07-25 21:00:00,29.19122
2025-07-25 22:00:00,29.86664
2025-07-25 23:00:00,24.271
2025-07-26 00:00:00,25.80488
2025-07-26 01:00:00,36.81479
2025-07-26 02:00:00,42.28922
2025-07-26 03:00:00,40.83441
2025-07-26 04:00:00,39.169
2025-07-26 05:00:00,37.97222
2025-07-26 06:00:00,37.31104
2025-07-26 07:00:00,37.26216
2025-07-26 08:00:00,35.40115
2025-07-26 09:00:00,35.96507
2025-07-26 10:00:00,33.60546
2025-07-26 11:00:00,35.23322
2025-07-26 12:00:00,35.67858
2025-07-26 13:00:00,34.19511
2025-07-26 14:00:00,12.86869
2025-07-26 15:00:00,11.53812
2025-07-26 16:00:00,14.79515
2025-07-26 17:00:00,6.77365
2025-07-26 18:00:00,7.97154
2025-07-26 19:00:00,6.39753
2025-07-26 20:00:00,8.73395
2025-07-26 21:00:00,12.0
2025-07-26 22:00:00,13.68195
2025-07-26 23:00:00,12.89877
2025-07-27 00:00:00,15.48337
2025-07-27 01:00:00,35.02897
2025-07-27 02:00:00,39.67009
2025-07-27 03:00:00,39.69775
2025-07-27 04:00:00,37.74408
2025-07-27 05:00:00,36.48698
2025-07-27 06:00:00,35.33247
2025-07-27 07:00:00,36.88343
2025-07-27 08:00:00,36.33808
2025-07-27 09:00:00,35.48259
2025-07-27 10:00:00,34.50515
2025-07-27 11:00:00,35.20524
2025-07-27 12:00:00,34.27672
2025-07-27 13:00:00,30.87464
2025-07-27 14:00:00,12.65341
2025-07-27 15:00:00,18.91091
2025-07-27 16:00:00,21.97848
2025-07-27 17:00:00,10.6789
2025-07-27 18:00:00,10.98634
2025-07-27 19:00:00,10.46552
2025-07-27 20:00:00,13.61959
2025-07-27 21:00:00,16.14437
2025-07-27 22:00:00,22.31931
2025-07-27 23:00:00,23.19818
2025-07-28 00:00:00,30.65353
2025-07-28 01:00:00,39.13116
2025-07-28 02:00:00,42.94412
2025-07-28 03:00:00,42.39056
2025-07-28 04:00:00,39.44066
2025-07-28 05:00:00,38.18901
2025-07-28 06:00:00,37.56753
2025-07-28 07:00:00,38.48375
2025-07-28 08:00:00,37.10906
2025-07-28 09:00:00,36.24471
2025-07-28 10:00:00,37.33212
2025-07-28 11:00:00,37.54778
2025-07-28 12:00:00,38.65402
2025-07-28 13:00:00,45.77791
2025-07-28 14:00:00,31.53732
2025-07-28 15:00:00,32.26453
2025-07-28 16:00:00,33.49891
2025-07-28 17:00:00,29.02882
2025-07-28 18:00:00,28.55
2025-07-28 19:00:00,28.99973
2025-07-28 20:00:00,29.96212
2025-07-28 21:00:00,34.23888
2025-07-28 22:00:00,37.46724
2025-07-28 23:00:00,36.44553
2025-07-29 00:00:00,38.34283
2025-07-29 01:00:00,44.18005
2025-07-29 02:00:00,55.49259
2025-07-29 03:00:00,52.46449
2025-07-29 04:00:00,48.5
2025-07-29 05:00:00,42.75111
2025-07-29 06:00:00,39.9472
2025-07-29 07:00:00,41.07542
2025-07-29 08:00:00,39.29905
2025-07-29 09:00:00,37.03376
2025-07-29 10:00:00,36.91511
2025-07-29 11:00:00,37.70856
2025-07-29 12:00:00,37.05301
2025-07-29 13:00:00,42.24235
2025-07-29 14:00:00,30.90383
2025-07-29 15:00:00,30.29
2025-07-29 16:00:00,31.85499
2025-07-29 17:00:00,29.50403
2025-07-29 18:00:00,30.78608
2025-07-29 19:00:00,31.44485
2025-07-29 20:00:00,33.24311
2025-07-29 21:00:00,34.84848
2025-07-29 22:00:00,37.8652
2025-07-29 23:00:00,33.74524
2025-07-30 00:00:00,38.25325
2025-07-30 01:00:00,45.09
2025-07-30 02:00:00,56.63979
2025-07-30 03:00:00,54.48648
2025-07-30 04:00:00,45.09465
2025-07-30 05:00:00,40.50952
2025-07-30 06:00:00,40.08448
2025-07-30 07:00:00,42.99193
2025-07-30 08:00:00,40.39478
2025-07-30 09:00:00,38.70301
2025-07-30 10:00:00,38.43807
2025-07-30 11:00:00,39.31244
2025-07-30 12:00:00,40.14987
2025-07-30 13:00:00,42.60715
2025-07-30 14:00:00,32.4633
2025-07-30 15:00:00,31.95196
2025-07-30 16:00:00,33.06223
2025-07-30 17:00:00,29.31104
2025-07-30 18:00:00,30.50361
2025-07-30 19:00:00,30.3561
2025-07-30 20:00:00,31.42748
2025-07-30 21:00:00,33.99506
2025-07-30 22:00:00,35.29
2025-07-30 23:00:00,36.46023
2025-07-31 00:00:00,39.13097
2025-07-31 01:00:00,45.27175
2025-07-31 02:00:00,54.59818
2025-07-31 03:00:00,52.76485
2025-07-31 04:00:00,46.222
2025-07-31 05:00:00,44.56183
2025-07-31 06:00:00,42.68513
2025-07-31 07:00:00,39.9661
2025-07-31 08:00:00,38.89499
2025-07-31 09:00:00,37.50914
2025-07-31 10:00:00,37.08776
2025-07-31 11:00:00,37.99727
2025-07-31 12:00:00,38.93236
2025-07-31 13:00:00,39.22959
2025-07-31 14:00:00,30.51829
2025-07-31 15:00:00,34.05074
2025-07-31 16:00:00,35.47716
2025-07-31 17:00:00,28.09889
2025-07-31 18:00:00,29.01199
2025-07-31 19:00:00,28.7234
2025-07-31 20:00:00,30.57755
2025-07-31 21:00:00,34.62272
2025-07-31 22:00:00,31.33645
2025-07-31 23:00:00,31.55278
2025-08-01 00:00:00,34.19726
2025-08-01 01:00:00,42.78465
2025-08-01 02:00:00,50.38916
2025-08-01 03:00:00,47.12311
2025-08-01 04:00:00,44.19089
2025-08-01 05:00:00,41.07981
2025-08-01 06:00:00,39.8317
2025-08-01 07:00:00,40.47642
2025-08-01 08:00:00,39.04482
2025-08-01 09:00:00,37.89634
2025-08-01 10:00:00,37.39184
2025-08-01 11:00:00,37.80165
2025-08-01 12:00:00,38.12105
2025-08-01 13:00:00,41.29225
2025-08-01 14:00:00,29.87632
2025-08-01 15:00:00,29.55398
2025-08-01 16:00:00,29.7833
2025-08-01 17:00:00,26.84303
2025-08-01 18:00:00,27.39985
2025-08-01 19:00:00,27.41547
2025-08-01 20:00:00,28.87124
2025-08-01 21:00:00,30.32682
2025-08-01 22:00:00,31.8847
2025-08-01 23:00:00,31.88298
2025-08-02 00:00:00,34.6413
2025-08-02 01:00:00,41.30273
2025-08-02 02:00:00,46.15284
2025-08-02 03:00:00,46.36129
2025-08-02 04:00:00,42.85428
2025-08-02 05:00:00,41.58817
2025-08-02 06:00:00,40.50878
2025-08-02 07:00:00,40.52413
2025-08-02 08:00:00,38.37093
2025-08-02 09:00:00,38.85463
2025-08-02 10:00:00,37.74176
2025-08-02 11:00:00,37.86327
2025-08-02 12:00:00,37.90583
2025-08-02 13:00:00,35.32422
2025-08-02 14:00:00,15.38066
2025-08-02 15:00:00,22.0826
2025-08-02 16:00:00,25.33484
2025-08-02 17:00:00,18.41111
2025-08-02 18:00:00,19.56792
2025-08-02 19:00:00,20.14809
2025-08-02 20:00:00,22.82704
2025-08-02 21:00:00,25.2
2025-08-02 22:00:00,30.73088
2025-08-02 23:00:00,36.18921
2025-08-03 00:00:00,33.34646
2025-08-03 01:00:00,39.80334
2025-08-03 02:00:00,45.09682
2025-08-03 03:00:00,46.16327
2025-08-03 04:00:00,41.47222
2025-08-03 05:00:00,39.43622
2025-08-03 06:00:00,39.04176
2025-08-03 07:00:00,39.33045
2025-08-03 08:00:00,38.57366
2025-08-03 09:00:00,35.97027
2025-08-03 10:00:00,35.28948
2025-08-03 11:00:00,34.25622
2025-08-03 12:00:00,32.29124
2025-08-03 13:00:00,29.38819
2025-08-03 14:00:00,12.69067
2025-08-03 15:00:00,16.27808
2025-08-03 16:00:00,23.49
2025-08-03 17:00:00,9.95595
2025-08-03 18:00:00,13.24136
2025-08-03 19:00:00,13.46669
2025-08-03 20:00:00,17.33
2025-08-03 21:00:00,21.42938
2025-08-03 22:00:00,27.84684
2025-08-03 23:00:00,31.85182
2025-08-04 00:00:00,34.36969
2025-08-04 01:00:00,38.81539
2025-08-04 02:00:00,45.0016
2025-08-04 03:00:00,44.4275
2025-08-04 04:00:00,41.8808
2025-08-04 05:00:00,39.07626
2025-08-04 06:00:00,38.24557
2025-08-04 07:00:00,35.8905
2025-08-04 08:00:00,35.78495
2025-08-04 09:00:00,34.32776
2025-08-04 10:00:00,34.28962
2025-08-04 11:00:00,36.12209
2025-08-04 12:00:00,38.07382
2025-08-04 13:00:00,38.97854
2025-08-04 14:00:00,27.8091
2025-08-04 15:00:00,26.9826
2025-08-04 16:00:00,25.83872
2025-08-04 17:00:00,23.90925
2025-08-04 18:00:00,23.48844
2025-08-04 19:00:00,21.0538
2025-08-04 20:00:00,24.76503
2025-08-04 21:00:00,25.52688
2025-08-04 22:00:00,28.8728
2025-08-04 23:00:00,30.43151
2025-08-05 00:00:00,35.06705
2025-08-05 01:00:00,42.14136
2025-08-05 02:00:00,27.01073
2025-08-05 03:00:00,48.25784
2025-08-05 04:00:00,43.04516
2025-08-05 05:00:00,41.8126
2025-08-05 06:00:00,40.68265
2025-08-05 07:00:00,42.39081
2025-08-05 08:00:00,39.91487
2025-08-05 09:00:00,39.29821
2025-08-05 10:00:00,38.41378
2025-08-05 11:00:00,38.89063
2025-08-05 12:00:00,40.21694
2025-08-05 13:00:00,41.51098
2025-08-05 14:00:00,30.59493
2025-08-05 15:00:00,26.88525
2025-08-05 16:00:00,27.54349
2025-08-05 17:00:00,24.89122
2025-08-05 18:00:00,25.82201
2025-08-05 19:00:00,25.7787
2025-08-05 20:00:00,26.52266
2025-08-05 21:00:00,27.22285
2025-08-05 22:00:00,31.42112
2025-08-05 23:00:00,31.42193
2025-08-06 00:00:00,34.45544
2025-08-06 01:00:00,41.73279
2025-08-06 02:00:00,46.44274
2025-08-06 03:00:00,48.02
2025-08-06 04:00:00,45.1579
2025-08-06 05:00:00,44.30489
2025-08-06 06:00:00,40.2462
2025-08-06 07:00:00,40.45238
2025-08-06 08:00:00,40.77083
2025-08-06 09:00:00,38.08727
2025-08-06 10:00:00,36.7637
2025-08-06 11:00:00,39.9932
2025-08-06 12:00:00,40.27924
2025-08-06 13:00:00,42.46144
2025-08-06 14:00:00,33.06599
2025-08-06 15:00:00,31.13393
2025-08-06 16:00:00,30.37675
2025-08-06 17:00:00,30.10321
2025-08-06 18:00:00,30.77963
2025-08-06 19:00:00,30.80344
2025-08-06 20:00:00,31.96652
2025-08-06 21:00:00,34.96457
2025-08-06 22:00:00,37.7367
2025-08-06 23:00:00,38.95343
2025-08-07 00:00:00,42.47984
2025-08-07 01:00:00,53.44142
2025-08-07 02:00:00,66.59982
2025-08-07 03:00:00,60.68377
2025-08-07 04:00:00,49.14478
2025-08-07 05:00:00,43.48831
2025-08-07 06:00:00,41.56175
2025-08-07 07:00:00,40.67478
2025-08-07 08:00:00,37.63748
2025-08-07 09:00:00,37.02442
2025-08-07 10:00:00,36.98235
2025-08-07 11:00:00,36.61876
2025-08-07 12:00:00,36.6879
2025-08-07 13:00:00,41.8579
2025-08-07 14:00:00,35.12678
2025-08-07 15:00:00,31.82829
2025-08-07 16:00:00,31.51882
2025-08-07 17:00:00,29.49791
2025-08-07 18:00:00,31.17871
2025-08-07 19:00:00,30.95837
2025-08-07 20:00:00,32.62198
2025-08-07 21:00:00,36.56578
2025-08-07 22:00:00,37.96504
2025-08-07 23:00:00,40.6346
2025-08-08 00:00:00,43.82181
2025-08-08 01:00:00,55.90602
2025-08-08 02:00:00,68.59779
2025-08-08 03:00:00,57.88765
2025-08-08 04:00:00,47.3507
2025-08-08 05:00:00,45.98636
2025-08-08 06:00:00,41.62898
2025-08-08 07:00:00,39.95829
2025-08-08 08:00:00,39.48
2025-08-08 09:00:00,39.40863
2025-08-08 10:00:00,38.62528
2025-08-08 11:00:00,39.04329
2025-08-08 12:00:00,40.33558
2025-08-08 13:00:00,41.50003
2025-08-08 14:00:00,34.33201
2025-08-08 15:00:00,32.12175
2025-08-08 16:00:00,31.65085
2025-08-08 17:00:00,31.17136
2025-08-08 18:00:00,31.66926
2025-08-08 19:00:00,32.70594
2025-08-08 20:00:00,32.41014
2025-08-08 21:00:00,35.19
2025-08-08 22:00:00,37.82225
2025-08-08 23:00:00,38.90523
2025-08-09 00:00:00,44.65578
2025-08-09 01:00:00,53.07096
2025-08-09 02:00:00,65.58728
2025-08-09 03:00:00,56.89062
2025-08-09 04:00:00,50.90485
2025-08-09 05:00:00,44.56096
2025-08-09 06:00:00,41.75689
2025-08-09 07:00:00,42.9878
2025-08-09 08:00:00,41.19654
2025-08-09 09:00:00,40.61916
2025-08-09 10:00:00,40.11144
2025-08-09 11:00:00,40.07761
2025-08-09 12:00:00,41.14822
2025-08-09 13:00:00,39.097
2025-08-09 14:00:00,28.08217
2025-08-09 15:00:00,27.09385
2025-08-09 16:00:00,27.81611
2025-08-09 17:00:00,26.00301
2025-08-09 18:00:00,27.92546
2025-08-09 19:00:00,27.99045
2025-08-09 20:00:00,29.53675
2025-08-09 21:00:00,31.90439
2025-08-09 22:00:00,35.8451
2025-08-09 23:00:00,39.4385
2025-08-10 00:00:00,41.04441
2025-08-10 01:00:00,44.96808
2025-08-10 02:00:00,53.4316
2025-08-10 03:00:00,48.84361
2025-08-10 04:00:00,43.81503
2025-08-10 05:00:00,42.13527
2025-08-10 06:00:00,41.81125
2025-08-10 07:00:00,42.71639
2025-08-10 08:00:00,42.70299
2025-08-10 09:00:00,40.79961
2025-08-10 10:00:00,40.74747
2025-08-10 11:00:00,39.56076
2025-08-10 12:00:00,39.53959
2025-08-10 13:00:00,37.9315
2025-08-10 14:00:00,25.66388
2025-08-10 15:00:00,28.85511
2025-08-10 16:00:00,29.46305
2025-08-10 17:00:00,27.49256
2025-08-10 18:00:00,28.64562
2025-08-10 19:00:00,28.06399
2025-08-10 20:00:00,29.5568
2025-08-10 21:00:00,32.47379
2025-08-10 22:00:00,34.24644
2025-08-10 23:00:00,37.04635
2025-08-11 00:00:00,45.16741
2025-08-11 01:00:00,51.3426
2025-08-11 02:00:00,58.8344
2025-08-11 03:00:00,53.78655
2025-08-11 04:00:00,49.70554
2025-08-11 05:00:00,46.18935
2025-08-11 06:00:00,43.66141
2025-08-11 07:00:00,39.97015
2025-08-11 08:00:00,39.99426
2025-08-11 09:00:00,38.30406
2025-08-11 10:00:00,37.12832
2025-08-11 11:00:00,38.80299
2025-08-11 12:00:00,41.60616
2025-08-11 13:00:00,41.50426
2025-08-11 14:00:00,33.03251
2025-08-11 15:00:00,29.93846
2025-08-11 16:00:00,31.44085
2025-08-11 17:00:00,30.25787
2025-08-11 18:00:00,30.89768
2025-08-11 19:00:00,31.9966
2025-08-11 20:00:00,33.44448
2025-08-11 21:00:00,36.7642
2025-08-11 22:00:00,40.82462
2025-08-11 23:00:00,38.34527
2025-08-12 00:00:00,43.03755
2025-08-12 01:00:00,53.02177
2025-08-12 02:00:00,66.59179
2025-08-12 03:00:00,60.75144
2025-08-12 04:00:00,52.88586
2025-08-12 05:00:00,45.96029
2025-08-12 06:00:00,43.07373
2025-08-12 07:00:00,40.70327
2025-08-12 08:00:00,40.35785
2025-08-12 09:00:00,37.99247
2025-08-12 10:00:00,37.59791
2025-08-12 11:00:00,38.24581
2025-08-12 12:00:00,40.90154
2025-08-12 13:00:00,43.83714
2025-08-12 14:00:00,35.46004
2025-08-12 15:00:00,32.66231
2025-08-12 16:00:00,32.9551
2025-08-12 17:00:00,31.35537
2025-08-12 18:00:00,31.64
2025-08-12 19:00:00,32.50666
2025-08-12 20:00:00,33.55572
2025-08-12 21:00:00,36.42953
2025-08-12 22:00:00,40.34541
2025-08-12 23:00:00,42.35945
2025-08-13 00:00:00,43.10844
2025-08-13 01:00:00,51.71163
2025-08-13 02:00:00,59.76705
2025-08-13 03:00:00,53.28303
2025-08-13 04:00:00,48.30187
2025-08-13 05:00:00,42.03589
2025-08-13 06:00:00,41.70474
2025-08-13 07:00:00,38.2071
2025-08-13 08:00:00,36.94485
2025-08-13 09:00:00,36.75376
2025-08-13 10:00:00,36.50108
2025-08-13 11:00:00,37.23665
2025-08-13 12:00:00,40.48568
2025-08-13 13:00:00,41.58714
2025-08-13 14:00:00,34.10511
2025-08-13 15:00:00,30.64
2025-08-13 16:00:00,31.21241
2025-08-13 17:00:00,25.90652
2025-08-13 18:00:00,26.15729
2025-08-13 19:00:00,26.55487
2025-08-13 20:00:00,27.5092
2025-08-13 21:00:00,30.89656
2025-08-13 22:00:00,31.29459
2025-08-13 23:00:00,31.1679
2025-08-14 00:00:00,35.0264
2025-08-14 01:00:00,43.22407
2025-08-14 02:00:00,49.57227
2025-08-14 03:00:00,45.93087
2025-08-14 04:00:00,44.35121
2025-08-14 05:00:00,42.07998
2025-08-14 06:00:00,40.19388
2025-08-14 07:00:00,40.61719
2025-08-14 08:00:00,39.3178
2025-08-14 09:00:00,39.56358
2025-08-14 10:00:00,38.8197
2025-08-14 11:00:00,42.05655
2025-08-14 12:00:00,43.78704
2025-08-14 13:00:00,43.57101
2025-08-14 14:00:00,33.49232
2025-08-14 15:00:00,29.74071
2025-08-14 16:00:00,30.27909
2025-08-14 17:00:00,27.45168
2025-08-14 18:00:00,26.22069
2025-08-14 19:00:00,26.96347
2025-08-14 20:00:00,27.42495
2025-08-14 21:00:00,30.41726
2025-08-14 22:00:00,33.15809
2025-08-14 23:00:00,33.17646
2025-08-15 00:00:00,35.94844
2025-08-15 01:00:00,45.97719
2025-08-15 02:00:00,50.97231
2025-08-15 03:00:00,49.27651
2025-08-15 04:00:00,46.64148
2025-08-15 05:00:00,44.72258
2025-08-15 06:00:00,43.96776
2025-08-15 07:00:00,40.5282
2025-08-15 08:00:00,37.28225
2025-08-15 09:00:00,36.48308
2025-08-15 10:00:00,36.37399
2025-08-15 11:00:00,37.72021
2025-08-15 12:00:00,41.98572
2025-08-15 13:00:00,42.28682
2025-08-15 14:00:00,33.86255
2025-08-15 15:00:00,29.7913
2025-08-15 16:00:00,30.30889
2025-08-15 17:00:00,28.8224
2025-08-15 18:00:00,29.01108
2025-08-15 19:00:00,29.57921
2025-08-15 20:00:00,30.15204
2025-08-15 21:00:00,31.13807
2025-08-15 22:00:00,33.64
2025-08-15 23:00:00,35.591
2025-08-16 00:00:00,38.94299
2025-08-16 01:00:00,42.66157
2025-08-16 02:00:00,46.33104
2025-08-16 03:00:00,45.35984
2025-08-16 04:00:00,42.89312
2025-08-16 05:00:00,41.7715
2025-08-16 06:00:00,40.88724
2025-08-16 07:00:00,40.52996
2025-08-16 08:00:00,40.4603
2025-08-16 09:00:00,39.6401
2025-08-16 10:00:00,39.57949
2025-08-16 11:00:00,39.65736
2025-08-16 12:00:00,41.36771
2025-08-16 13:00:00,39.54404
2025-08-16 14:00:00,27.88257
2025-08-16 15:00:00,23.13854
2025-08-16 16:00:00,22.55622
2025-08-16 17:00:00,20.92936
2025-08-16 18:00:00,21.70599
2025-08-16 19:00:00,21.14677
2025-08-16 20:00:00,21.51356
2025-08-16 21:00:00,22.1926
2025-08-16 22:00:00,23.28198
2025-08-16 23:00:00,24.32408
2025-08-17 00:00:00,32.16181
2025-08-17 01:00:00,38.94358
2025-08-17 02:00:00,41.01394
2025-08-17 03:00:00,41.10405
2025-08-17 04:00:00,39.87582
2025-08-17 05:00:00,39.62045
2025-08-17 06:00:00,39.11712
2025-08-17 07:00:00,41.18622
2025-08-17 08:00:00,42.75383
2025-08-17 09:00:00,41.00051
2025-08-17 10:00:00,39.81547
2025-08-17 11:00:00,40.8275
2025-08-17 12:00:00,40.37362
2025-08-17 13:00:00,37.3789
2025-08-17 14:00:00,23.30758
2025-08-17 15:00:00,23.40869
2025-08-17 16:00:00,24.92571
2025-08-17 17:00:00,21.10626
2025-08-17 18:00:00,21.17707
2025-08-17 19:00:00,20.48156
2025-08-17 20:00:00,20.42723
2025-08-17 21:00:00,23.15819
2025-08-17 22:00:00,24.74998
2025-08-17 23:00:00,26.62004
2025-08-18 00:00:00,33.97661
2025-08-18 01:00:00,44.15852
2025-08-18 02:00:00,45.73603
2025-08-18 03:00:00,45.61528
2025-08-18 04:00:00,44.63922
2025-08-18 05:00:00,44.53871
2025-08-18 06:00:00,43.48555
2025-08-18 07:00:00,44.01538
2025-08-18 08:00:00,43.07404
2025-08-18 09:00:00,42.05339
2025-08-18 10:00:00,41.80973
2025-08-18 11:00:00,42.14888
2025-08-18 12:00:00,43.04044
2025-08-18 13:00:00,45.19485
2025-08-18 14:00:00,33.3315
2025-08-18 15:00:00,29.35433
2025-08-18 16:00:00,29.73913
2025-08-18 17:00:00,26.96132
2025-08-18 18:00:00,26.8541
2025-08-18 19:00:00,26.99837
2025-08-18 20:00:00,27.79088
2025-08-18 21:00:00,28.22541
2025-08-18 22:00:00,30.53127
2025-08-18 23:00:00,30.3114
2025-08-19 00:00:00,37.0632
2025-08-19 01:00:00,44.01669
2025-08-19 02:00:00,49.69593
2025-08-19 03:00:00,47.85906
2025-08-19 04:00:00,44.48789
2025-08-19 05:00:00,43.96297
2025-08-19 06:00:00,43.12558
2025-08-19 07:00:00,45.88273
2025-08-19 08:00:00,42.35116
2025-08-19 09:00:00,40.28145
2025-08-19 10:00:00,39.8093
2025-08-19 11:00:00,40.16534
2025-08-19 12:00:00,42.99473
2025-08-19 13:00:00,45.92547
2025-08-19 14:00:00,36.72381
2025-08-19 15:00:00,30.90268
2025-08-19 16:00:00,30.0763
2025-08-19 17:00:00,27.0305
2025-08-19 18:00:00,28.0
2025-08-19 19:00:00,28.59572
2025-08-19 20:00:00,29.66341
2025-08-19 21:00:00,30.78836
2025-08-19 22:00:00,34.6484
2025-08-19 23:00:00,34.70281
2025-08-20 00:00:00,40.11515
2025-08-20 01:00:00,50.17071
2025-08-20 02:00:00,56.63
2025-08-20 03:00:00,52.13546
2025-08-20 04:00:00,50.28568
2025-08-20 05:00:00,48.59707
2025-08-20 06:00:00,43.1835
2025-08-20 07:00:00,41.98215
2025-08-20 08:00:00,39.79956
2025-08-20 09:00:00,39.64
2025-08-20 10:00:00,38.35725
2025-08-20 11:00:00,39.70118
2025-08-20 12:00:00,42.94813
2025-08-20 13:00:00,47.42855
2025-08-20 14:00:00,37.94747
2025-08-20 15:00:00,34.18537
2025-08-20 16:00:00,34.13846
2025-08-20 17:00:00,30.77185
2025-08-20 18:00:00,31.60098
2025-08-20 19:00:00,32.77024
2025-08-20 20:00:00,34.61296
2025-08-20 21:00:00,36.41249
2025-08-20 22:00:00,37.46455
2025-08-20 23:00:00,42.38316
2025-08-21 00:00:00,46.58901
2025-08-21 01:00:00,53.14904
2025-08-21 02:00:00,61.56559
2025-08-21 03:00:00,57.65046
2025-08-21 04:00:00,50.64893
2025-08-21 05:00:00,49.86745
2025-08-21 06:00:00,44.87515
2025-08-21 07:00:00,47.04168
2025-08-21 08:00:00,45.51726
2025-08-21 09:00:00,43.74766
2025-08-21 10:00:00,43.71083
2025-08-21 11:00:00,43.6669
2025-08-21 12:00:00,48.01132
2025-08-21 13:00:00,50.8453
2025-08-21 14:00:00,42.78533
2025-08-21 15:00:00,37.32171
2025-08-21 16:00:00,39.50392
2025-08-21 17:00:00,37.78881
2025-08-21 18:00:00,40.50863
2025-08-21 19:00:00,42.21477
2025-08-21 20:00:00,47.21396
2025-08-21 21:00:00,49.51718
2025-08-21 22:00:00,58.39558
2025-08-21 23:00:00,62.33314
2025-08-22 00:00:00,65.70753
2025-08-22 01:00:00,94.09
2025-08-22 02:00:00,101.3256
2025-08-22 03:00:00,82.23038
2025-08-22 04:00:00,62.4889
2025-08-22 05:00:00,57.84475
2025-08-22 06:00:00,51.29502
2025-08-22 07:00:00,47.914
2025-08-22 08:00:00,48.09261
2025-08-22 09:00:00,47.44176
2025-08-22 10:00:00,44.88138
2025-08-22 11:00:00,45.49398
2025-08-22 12:00:00,49.81162
2025-08-22 13:00:00,54.82908
2025-08-22 14:00:00,47.43586
2025-08-22 15:00:00,42.30978
2025-08-22 16:00:00,42.51244
2025-08-22 17:00:00,42.57304
2025-08-22 18:00:00,39.79
2025-08-22 19:00:00,44.84114
2025-08-22 20:00:00,47.33516
2025-08-22 21:00:00,50.40128
2025-08-22 22:00:00,57.84442
2025-08-22 23:00:00,58.92786
2025-08-23 00:00:00,63.01049
2025-08-23 01:00:00,89.55
2025-08-23 02:00:00,106.40957
2025-08-23 03:00:00,82.55192
2025-08-23 04:00:00,63.02022
2025-08-23 05:00:00,54.6593
2025-08-23 06:00:00,50.06506
2025-08-23 07:00:00,52.48455
2025-08-23 08:00:00,50.46485
2025-08-23 09:00:00,46.54756
2025-08-23 10:00:00,45.12186
2025-08-23 11:00:00,45.71727
2025-08-23 12:00:00,46.07401
2025-08-23 13:00:00,45.49448
2025-08-23 14:00:00,44.76958
2025-08-23 15:00:00,40.68577
2025-08-23 16:00:00,43.93739
2025-08-23 17:00:00,44.28796
2025-08-23 18:00:00,44.41045
2025-08-23 19:00:00,44.6967
2025-08-23 20:00:00,45.64171
2025-08-23 21:00:00,45.64511
2025-08-23 22:00:00,48.66452
2025-08-23 23:00:00,51.25602
2025-08-24 00:00:00,58.38745
2025-08-24 01:00:00,71.52914
2025-08-24 02:00:00,82.09831
2025-08-24 03:00:00,66.33423
2025-08-24 04:00:00,60.0
2025-08-24 05:00:00,55.39784
2025-08-24 06:00:00,45.52094
2025-08-24 07:00:00,47.13457
2025-08-24 08:00:00,49.28657
2025-08-24 09:00:00,47.35752
2025-08-24 10:00:00,45.12
2025-08-24 11:00:00,45.23081
2025-08-24 12:00:00,43.68434
2025-08-24 13:00:00,43.3238
2025-08-24 14:00:00,38.15709
2025-08-24 15:00:00,34.54407
2025-08-24 16:00:00,35.20986
2025-08-24 17:00:00,34.09044
2025-08-24 18:00:00,36.69439
2025-08-24 19:00:00,40.26879
2025-08-24 20:00:00,43.26631
2025-08-24 21:00:00,47.54219
2025-08-24 22:00:00,49.47812
2025-08-24 23:00:00,52.04924
2025-08-25 00:00:00,57.92507
2025-08-25 01:00:00,76.30584
2025-08-25 02:00:00,78.66595
2025-08-25 03:00:00,67.38697
2025-08-25 04:00:00,63.18137
2025-08-25 05:00:00,58.09461
2025-08-25 06:00:00,54.28465
2025-08-25 07:00:00,48.82159
2025-08-25 08:00:00,45.82877
2025-08-25 09:00:00,45.23276
2025-08-25 10:00:00,45.97198
2025-08-25 11:00:00,46.70051
2025-08-25 12:00:00,46.79565
2025-08-25 13:00:00,56.82218
2025-08-25 14:00:00,47.04989
2025-08-25 15:00:00,41.94491
2025-08-25 16:00:00,41.53461
2025-08-25 17:00:00,41.62002
2025-08-25 18:00:00,42.13662
2025-08-25 19:00:00,43.04062
2025-08-25 20:00:00,45.86973
2025-08-25 21:00:00,50.8593
2025-08-25 22:00:00,55.62428
2025-08-25 23:00:00,59.96652
2025-08-26 00:00:00,63.34
2025-08-26 01:00:00,77.94174
2025-08-26 02:00:00,78.13753
2025-08-26 03:00:00,68.64
2025-08-26 04:00:00,62.68315
2025-08-26 05:00:00,54.42509
2025-08-26 06:00:00,50.8943
2025-08-26 07:00:00,45.81981
2025-08-26 08:00:00,44.27863
2025-08-26 09:00:00,42.84574
2025-08-26 10:00:00,42.77166
2025-08-26 11:00:00,42.27211
2025-08-26 12:00:00,43.57342
2025-08-26 13:00:00,52.12691
2025-08-26 14:00:00,44.78305
2025-08-26 15:00:00,42.42231
2025-08-26 16:00:00,41.38968
2025-08-26 17:00:00,39.91362
2025-08-26 18:00:00,40.5166
2025-08-26 19:00:00,41.32674
2025-08-26 20:00:00,42.57063
2025-08-26 21:00:00,45.96279
2025-08-26 22:00:00,49.22601
2025-08-26 23:00:00,46.04303
2025-08-27 00:00:00,51.17991
2025-08-27 01:00:00,57.90921
2025-08-27 02:00:00,64.38058
2025-08-27 03:00:00,59.50692
2025-08-27 04:00:00,54.18968
2025-08-27 05:00:00,47.15121
2025-08-27 06:00:00,46.54432
2025-08-27 07:00:00,46.0652
2025-08-27 08:00:00,44.31962
2025-08-27 09:00:00,44.73817
2025-08-27 10:00:00,43.67
2025-08-27 11:00:00,44.71255
2025-08-27 12:00:00,46.44
2025-08-27 13:00:00,48.04966
2025-08-27 14:00:00,42.45683
2025-08-27 15:00:00,32.85646
2025-08-27 16:00:00,31.05394
2025-08-27 17:00:00,30.15091
2025-08-27 18:00:00,30.26349
2025-08-27 19:00:00,31.43276
2025-08-27 20:00:00,33.10637
2025-08-27 21:00:00,35.58942
2025-08-27 22:00:00,40.00166
2025-08-27 23:00:00,41.77957
2025-08-28 00:00:00,48.61512
2025-08-28 01:00:00,53.56417
2025-08-28 02:00:00,57.02364
2025-08-28 03:00:00,54.5789
2025-08-28 04:00:00,52.99201
2025-08-28 05:00:00,51.09478
2025-08-28 06:00:00,48.2465
2025-08-28 07:00:00,44.27013
2025-08-28 08:00:00,42.8499
2025-08-28 09:00:00,42.86037
2025-08-28 10:00:00,43.01046
2025-08-28 11:00:00,43.13854
2025-08-28 12:00:00,44.33335
2025-08-28 13:00:00,47.46734
2025-08-28 14:00:00,44.11365
2025-08-28 15:00:00,39.60093
2025-08-28 16:00:00,34.17663
2025-08-28 17:00:00,33.10019
2025-08-28 18:00:00,33.15613
2025-08-28 19:00:00,32.85875
2025-08-28 20:00:00,34.30201
2025-08-28 21:00:00,36.42924
2025-08-28 22:00:00,38.10789
2025-08-28 23:00:00,39.56656
2025-08-29 00:00:00,49.16154
2025-08-29 01:00:00,55.32453
2025-08-29 02:00:00,55.87548
2025-08-29 03:00:00,54.47984
2025-08-29 04:00:00,51.81117
2025-08-29 05:00:00,52.05147
2025-08-29 06:00:00,46.18186
2025-08-29 07:00:00,43.80915
2025-08-29 08:00:00,41.99387
2025-08-29 09:00:00,41.63984
2025-08-29 10:00:00,40.7364
2025-08-29 11:00:00,42.29599
2025-08-29 12:00:00,42.68349
2025-08-29 13:00:00,42.7775
2025-08-29 14:00:00,37.64344
2025-08-29 15:00:00,25.19536
2025-08-29 16:00:00,25.25358
2025-08-29 17:00:00,24.5021
2025-08-29 18:00:00,24.55507
2025-08-29 19:00:00,26.63606
2025-08-29 20:00:00,27.49398
2025-08-29 21:00:00,28.46467
2025-08-29 22:00:00,30.51818
2025-08-29 23:00:00,33.93939
2025-08-30 00:00:00,42.6903
2025-08-30 01:00:00,55.45607
2025-08-30 02:00:00,57.40278
2025-08-30 03:00:00,53.83225
2025-08-30 04:00:00,52.28738
2025-08-30 05:00:00,51.85266
2025-08-30 06:00:00,48.02461
2025-08-30 07:00:00,43.35919
2025-08-30 08:00:00,42.72002
2025-08-30 09:00:00,40.49243
2025-08-30 10:00:00,41.57413
2025-08-30 11:00:00,42.37177
2025-08-30 12:00:00,42.73498
2025-08-30 13:00:00,43.50617
2025-08-30 14:00:00,33.27877
2025-08-30 15:00:00,26.84026
2025-08-30 16:00:00,27.96694
2025-08-30 17:00:00,25.81989
2025-08-30 18:00:00,29.01968
2025-08-30 19:00:00,29.02
2025-08-30 20:00:00,29.38941
2025-08-30 21:00:00,31.90192
2025-08-30 22:00:00,36.93072
2025-08-30 23:00:00,38.64607
2025-08-31 00:00:00,47.51306
2025-08-31 01:00:00,54.63607
2025-08-31 02:00:00,65.02645
2025-08-31 03:00:00,53.9162
2025-08-31 04:00:00,50.99872
2025-08-31 05:00:00,49.30451
2025-08-31 06:00:00,49.00127
2025-08-31 07:00:00,45.68105
2025-08-31 08:00:00,44.94526
2025-08-31 09:00:00,43.46398
2025-08-31 10:00:00,41.62352
2025-08-31 11:00:00,41.28047
2025-08-31 12:00:00,40.52843
2025-08-31 13:00:00,42.48493
2025-08-31 14:00:00,32.2936
2025-08-31 15:00:00,27.8341
2025-08-31 16:00:00,28.55638
2025-08-31 17:00:00,26.99108
2025-08-31 18:00:00,29.69382
2025-08-31 19:00:00,31.19024
2025-08-31 20:00:00,32.27365
2025-08-31 21:00:00,36.89504
2025-08-31 22:00:00,41.90095
2025-08-31 23:00:00,45.50013
2025-09-01 00:00:00,49.35738
2025-09-01 01:00:00,59.35111
2025-09-01 02:00:00,68.1129
2025-09-01 03:00:00,55.81027
2025-09-01 04:00:00,51.9647
2025-09-01 05:00:00,52.44315
2025-09-01 06:00:00,47.60977
2025-09-01 07:00:00,44.93664
2025-09-01 08:00:00,41.7015
2025-09-01 09:00:00,40.60714
2025-09-01 10:00:00,41.08
2025-09-01 11:00:00,41.42401
2025-09-01 12:00:00,41.5769
2025-09-01 13:00:00,41.65986
2025-09-01 14:00:00,34.72566
2025-09-01 15:00:00,31.95372
2025-09-01 16:00:00,33.11841
2025-09-01 17:00:00,33.04348
2025-09-01 18:00:00,35.67551
2025-09-01 19:00:00,37.4489
2025-09-01 20:00:00,40.37534
2025-09-01 21:00:00,43.13565
2025-09-01 22:00:00,44.42637
2025-09-01 23:00:00,52.29182
2025-09-02 00:00:00,60.61482
2025-09-02 01:00:00,71.94816
2025-09-02 02:00:00,72.02682
2025-09-02 03:00:00,63.40295
2025-09-02 04:00:00,56.59343
2025-09-02 05:00:00,55.26734
2025-09-02 06:00:00,51.01901
2025-09-02 07:00:00,61.06009
2025-09-02 08:00:00,53.34052
2025-09-02 09:00:00,53.49319
2025-09-02 10:00:00,52.88593
2025-09-02 11:00:00,53.55938
2025-09-02 12:00:00,55.61331
2025-09-02 13:00:00,60.72932
2025-09-02 14:00:00,55.4226
2025-09-02 15:00:00,47.16693
2025-09-02 16:00:00,43.95983
2025-09-02 17:00:00,43.32421
2025-09-02 18:00:00,44.14922
2025-09-02 19:00:00,46.62792
2025-09-02 20:00:00,47.38
2025-09-02 21:00:00,53.49227
2025-09-02 22:00:00,59.92099
2025-09-02 23:00:00,62.22878
2025-09-03 00:00:00,72.36043
2025-09-03 01:00:00,92.96666
2025-09-03 02:00:00,92.29051
2025-09-03 03:00:00,69.95831
2025-09-03 04:00:00,57.03652
2025-09-03 05:00:00,52.28965
2025-09-03 06:00:00,47.1503
2025-09-03 07:00:00,64.67033
2025-09-03 08:00:00,62.37146
2025-09-03 09:00:00,57.21372
2025-09-03 10:00:00,53.7318
2025-09-03 11:00:00,54.06082
2025-09-03 12:00:00,54.60532
2025-09-03 13:00:00,64.96568
2025-09-03 14:00:00,56.19117
2025-09-03 15:00:00,47.16031
2025-09-03 16:00:00,46.96882
2025-09-03 17:00:00,48.08493
2025-09-03 18:00:00,45.89533
2025-09-03 19:00:00,48.66
2025-09-03 20:00:00,48.84771
2025-09-03 21:00:00,53.7536
2025-09-03 22:00:00,59.6436
2025-09-03 23:00:00,60.82414
2025-09-04 00:00:00,69.63847
2025-09-04 01:00:00,92.74377
2025-09-04 02:00:00,99.0
2025-09-04 03:00:00,81.07495
2025-09-04 04:00:00,70.44586
2025-09-04 05:00:00,63.27847
2025-09-04 06:00:00,59.48021
2025-09-04 07:00:00,52.40893
2025-09-04 08:00:00,47.4424
2025-09-04 09:00:00,46.63868
2025-09-04 10:00:00,46.36366
2025-09-04 11:00:00,46.7044
2025-09-04 12:00:00,46.43606
2025-09-04 13:00:00,56.7244
2025-09-04 14:00:00,48.04698
2025-09-04 15:00:00,41.1888
2025-09-04 16:00:00,40.7737
2025-09-04 17:00:00,39.00204
2025-09-04 18:00:00,39.32892
2025-09-04 19:00:00,40.6666
2025-09-04 20:00:00,41.69015
2025-09-04 21:00:00,45.24816
2025-09-04 22:00:00,49.24121
2025-09-04 23:00:00,50.77372
2025-09-05 00:00:00,60.71756
2025-09-05 01:00:00,77.37617
2025-09-05 02:00:00,79.66205
2025-09-05 03:00:00,72.8738
2025-09-05 04:00:00,59.46923
2025-09-05 05:00:00,52.84135
2025-09-05 06:00:00,48.40441
2025-09-05 07:00:00,44.30738
2025-09-05 08:00:00,43.40566
2025-09-05 09:00:00,42.1989
2025-09-05 10:00:00,41.76389
2025-09-05 11:00:00,42.54514
2025-09-05 12:00:00,46.28673
2025-09-05 13:00:00,52.74067
2025-09-05 14:00:00,44.21439
2025-09-05 15:00:00,37.72402
2025-09-05 16:00:00,39.19807
2025-09-05 17:00:00,35.59228
2025-09-05 18:00:00,36.64543
2025-09-05 19:00:00,37.52838
2025-09-05 20:00:00,38.73691
2025-09-05 21:00:00,40.0499
2025-09-05 22:00:00,41.58117
2025-09-05 23:00:00,42.52984
2025-09-06 00:00:00,51.24163
2025-09-06 01:00:00,65.55903
2025-09-06 02:00:00,66.21176
2025-09-06 03:00:00,57.74
2025-09-06 04:00:00,52.87796
2025-09-06 05:00:00,50.7245
2025-09-06 06:00:00,50.32235
2025-09-06 07:00:00,48.85733
2025-09-06 08:00:00,46.98614
2025-09-06 09:00:00,45.63664
2025-09-06 10:00:00,45.03122
2025-09-06 11:00:00,45.69707
2025-09-06 12:00:00,45.2853
2025-09-06 13:00:00,50.09039
2025-09-06 14:00:00,39.82787
2025-09-06 15:00:00,29.4847
2025-09-06 16:00:00,28.80608
2025-09-06 17:00:00,27.94246
2025-09-06 18:00:00,28.29972
2025-09-06 19:00:00,27.3566
2025-09-06 20:00:00,28.89782
2025-09-06 21:00:00,30.0
2025-09-06 22:00:00,31.60709
2025-09-06 23:00:00,38.10863
2025-09-07 00:00:00,48.25246
2025-09-07 01:00:00,59.66606
2025-09-07 02:00:00,66.92224
2025-09-07 03:00:00,60.19431
2025-09-07 04:00:00,53.36
2025-09-07 05:00:00,49.05044
2025-09-07 06:00:00,48.87778
2025-09-07 07:00:00,46.50179
2025-09-07 08:00:00,45.70279
2025-09-07 09:00:00,44.8666
2025-09-07 10:00:00,43.74248
2025-09-07 11:00:00,41.11748
2025-09-07 12:00:00,45.11009
2025-09-07 13:00:00,45.24
2025-09-07 14:00:00,30.44683
2025-09-07 15:00:00,30.85204
2025-09-07 16:00:00,32.21
2025-09-07 17:00:00,32.57839
2025-09-07 18:00:00,33.38659
2025-09-07 19:00:00,32.54767
2025-09-07 20:00:00,34.20134
2025-09-07 21:00:00,36.90393
2025-09-07 22:00:00,38.87279
2025-09-07 23:00:00,40.67281
2025-09-08 00:00:00,46.22487
2025-09-08 01:00:00,53.70836
2025-09-08 02:00:00,57.71482
2025-09-08 03:00:00,54.5775
2025-09-08 04:00:00,49.8641
2025-09-08 05:00:00,49.26674
2025-09-08 06:00:00,47.12535
2025-09-08 07:00:00,44.21092
2025-09-08 08:00:00,42.84675
2025-09-08 09:00:00,41.76669
2025-09-08 10:00:00,41.6931
2025-09-08 11:00:00,42.54334
2025-09-08 12:00:00,44.31976
2025-09-08 13:00:00,49.71269
2025-09-08 14:00:00,43.14659
2025-09-08 15:00:00,35.59597
2025-09-08 16:00:00,35.02561
2025-09-08 17:00:00,33.19883
2025-09-08 18:00:00,32.65228
2025-09-08 19:00:00,32.68471
2025-09-08 20:00:00,33.78836
2025-09-08 21:00:00,34.69821
2025-09-08 22:00:00,36.43496
2025-09-08 23:00:00,36.91543
2025-09-09 00:00:00,45.30185
2025-09-09 01:00:00,53.19685
2025-09-09 02:00:00,62.84927
2025-09-09 03:00:00,57.03951
2025-09-09 04:00:00,51.92718
2025-09-09 05:00:00,51.52066
2025-09-09 06:00:00,48.73313
2025-09-09 07:00:00,46.31256
2025-09-09 08:00:00,45.48228
2025-09-09 09:00:00,43.26964
2025-09-09 10:00:00,42.76557
2025-09-09 11:00:00,44.2044
2025-09-09 12:00:00,44.43484
2025-09-09 13:00:00,51.41323
2025-09-09 14:00:00,44.80435
2025-09-09 15:00:00,37.29887
2025-09-09 16:00:00,39.62603
2025-09-09 17:00:00,35.39113
2025-09-09 18:00:00,33.54692
2025-09-09 19:00:00,33.66983
2025-09-09 20:00:00,37.93037
2025-09-09 21:00:00,37.51714
2025-09-09 22:00:00,38.09876
2025-09-09 23:00:00,34.26267
2025-09-10 00:00:00,46.07165
2025-09-10 01:00:00,51.73237
2025-09-10 02:00:00,51.93757
2025-09-10 03:00:00,49.92762
2025-09-10 04:00:00,46.4209
2025-09-10 05:00:00,46.08326
2025-09-10 06:00:00,45.63964
2025-09-10 07:00:00,44.23103
2025-09-10 08:00:00,42.70729
2025-09-10 09:00:00,41.4583
2025-09-10 10:00:00,41.36794
2025-09-10 11:00:00,43.62249
2025-09-10 12:00:00,43.04778
2025-09-10 13:00:00,49.05863
2025-09-10 14:00:00,44.43898
2025-09-10 15:00:00,39.8552
2025-09-10 16:00:00,40.1494
2025-09-10 17:00:00,38.96392
2025-09-10 18:00:00,38.54457
2025-09-10 19:00:00,34.00174
2025-09-10 20:00:00,33.9215
2025-09-10 21:00:00,38.40332
2025-09-10 22:00:00,33.8569
2025-09-10 23:00:00,33.59261
2025-09-11 00:00:00,41.74141
2025-09-11 01:00:00,49.23037
2025-09-11 02:00:00,52.2913
2025-09-11 03:00:00,49.98012
2025-09-11 04:00:00,48.69416
2025-09-11 05:00:00,47.4685
2025-09-11 06:00:00,46.17606
2025-09-11 07:00:00,44.57304
2025-09-11 08:00:00,43.46356
2025-09-11 09:00:00,41.84447
2025-09-11 10:00:00,41.85112
2025-09-11 11:00:00,44.03055
2025-09-11 12:00:00,44.64442
2025-09-11 13:00:00,50.48129
2025-09-11 14:00:00,44.94371
2025-09-11 15:00:00,36.67569
2025-09-11 16:00:00,38.92473
2025-09-11 17:00:00,35.24502
2025-09-11 18:00:00,30.19572
2025-09-11 19:00:00,30.59288
2025-09-11 20:00:00,31.18157
2025-09-11 21:00:00,32.27244
2025-09-11 22:00:00,33.76452
2025-09-11 23:00:00,34.42
2025-09-12 00:00:00,41.55123
2025-09-12 01:00:00,50.2796
2025-09-12 02:00:00,51.21698
2025-09-12 03:00:00,50.04214
2025-09-12 04:00:00,49.11398
2025-09-12 05:00:00,48.01447
2025-09-12 06:00:00,45.71538
2025-09-12 07:00:00,45.14882
2025-09-12 08:00:00,41.91942
2025-09-12 09:00:00,41.2078
2025-09-12 10:00:00,41.28411
2025-09-12 11:00:00,42.08785
2025-09-12 12:00:00,44.60533
2025-09-12 13:00:00,49.28243
2025-09-12 14:00:00,44.31417
2025-09-12 15:00:00,35.68745
2025-09-12 16:00:00,33.79189
2025-09-12 17:00:00,29.03938
2025-09-12 18:00:00,28.41769
2025-09-12 19:00:00,28.08782
2025-09-12 20:00:00,28.42343
2025-09-12 21:00:00,30.60158
2025-09-12 22:00:00,33.36267
2025-09-12 23:00:00,33.25913
2025-09-13 00:00:00,43.63486
2025-09-13 01:00:00,50.57469
2025-09-13 02:00:00,52.94169
2025-09-13 03:00:00,52.02
2025-09-13 04:00:00,48.84196
2025-09-13 05:00:00,45.83938
2025-09-13 06:00:00,42.90723
2025-09-13 07:00:00,43.37149
2025-09-13 08:00:00,41.94486
2025-09-13 09:00:00,41.61208
2025-09-13 10:00:00,40.9326
2025-09-13 11:00:00,42.32126
2025-09-13 12:00:00,42.92398
2025-09-13 13:00:00,44.58436
2025-09-13 14:00:00,34.99892
2025-09-13 15:00:00,29.50725
2025-09-13 16:00:00,29.87134
2025-09-13 17:00:00,25.0246
2025-09-13 18:00:00,24.72448
2025-09-13 19:00:00,23.91155
2025-09-13 20:00:00,23.09918
2025-09-13 21:00:00,26.6
2025-09-13 22:00:00,27.56
2025-09-13 23:00:00,32.45783
2025-09-14 00:00:00,41.57865
2025-09-14 01:00:00,48.60799
2025-09-14 02:00:00,49.1
2025-09-14 03:00:00,47.95687
2025-09-14 04:00:00,47.09936
2025-09-14 05:00:00,45.57938
2025-09-14 06:00:00,44.45147
2025-09-14 07:00:00,43.79451
2025-09-14 08:00:00,41.08014
2025-09-14 09:00:00,40.48797
2025-09-14 10:00:00,39.38113
2025-09-14 11:00:00,42.67745
2025-09-14 12:00:00,41.20027
2025-09-14 13:00:00,41.35669
2025-09-14 14:00:00,34.71072
2025-09-14 15:00:00,29.84011
2025-09-14 16:00:00,30.66642
2025-09-14 17:00:00,23.59054
2025-09-14 18:00:00,25.10649
2025-09-14 19:00:00,25.2443
2025-09-14 20:00:00,26.31147
2025-09-14 21:00:00,28.55457
2025-09-14 22:00:00,32.73
2025-09-14 23:00:00,35.6375
2025-09-15 00:00:00,41.18551
2025-09-15 01:00:00,50.15818
2025-09-15 02:00:00,51.85223
2025-09-15 03:00:00,50.57692
2025-09-15 04:00:00,48.48856
2025-09-15 05:00:00,47.80823
2025-09-15 06:00:00,46.83404
2025-09-15 07:00:00,47.26095
2025-09-15 08:00:00,43.16863
2025-09-15 09:00:00,43.45483
2025-09-15 10:00:00,43.49021
2025-09-15 11:00:00,48.06912
2025-09-15 12:00:00,49.69942
2025-09-15 13:00:00,53.65116
2025-09-15 14:00:00,45.65474
2025-09-15 15:00:00,37.02067
2025-09-15 16:00:00,35.92644
2025-09-15 17:00:00,32.43672
2025-09-15 18:00:00,32.53693
2025-09-15 19:00:00,32.5
2025-09-15 20:00:00,33.53879
2025-09-15 21:00:00,37.33997
2025-09-15 22:00:00,40.85168
2025-09-15 23:00:00,42.85349
2025-09-16 00:00:00,54.22096
2025-09-16 01:00:00,68.58961
2025-09-16 02:00:00,70.75998
2025-09-16 03:00:00,67.0547
2025-09-16 04:00:00,57.48467
2025-09-16 05:00:00,55.43658
2025-09-16 06:00:00,51.22473
2025-09-16 07:00:00,52.43424
2025-09-16 08:00:00,50.06859
2025-09-16 09:00:00,47.87266
2025-09-16 10:00:00,47.74449
2025-09-16 11:00:00,49.2921
2025-09-16 12:00:00,51.16
2025-09-16 13:00:00,58.69919
2025-09-16 14:00:00,49.71211
2025-09-16 15:00:00,39.85396
2025-09-16 16:00:00,38.64978
2025-09-16 17:00:00,37.54331
2025-09-16 18:00:00,38.01362
2025-09-16 19:00:00,37.77566
2025-09-16 20:00:00,42.73882
2025-09-16 21:00:00,47.7
2025-09-16 22:00:00,49.20723
2025-09-16 23:00:00,55.09208
2025-09-17 00:00:00,72.88774
2025-09-17 01:00:00,97.2491
2025-09-17 02:00:00,95.75317
2025-09-17 03:00:00,81.11956
2025-09-17 04:00:00,68.37274
2025-09-17 05:00:00,62.56285
2025-09-17 06:00:00,53.59642
2025-09-17 07:00:00,51.13903
2025-09-17 08:00:00,49.39793
2025-09-17 09:00:00,46.6766
2025-09-17 10:00:00,46.30286
2025-09-17 11:00:00,46.77071
2025-09-17 12:00:00,48.5114
2025-09-17 13:00:00,54.14696
2025-09-17 14:00:00,51.31378
2025-09-17 15:00:00,42.1213
2025-09-17 16:00:00,42.08899
2025-09-17 17:00:00,37.61353
2025-09-17 18:00:00,38.76714
2025-09-17 19:00:00,39.92205
2025-09-17 20:00:00,42.38
2025-09-17 21:00:00,47.93249
2025-09-17 22:00:00,54.88178
2025-09-17 23:00:00,62.94313
2025-09-18 00:00:00,75.38384
2025-09-18 01:00:00,82.39205
2025-09-18 02:00:00,77.95156
2025-09-18 03:00:00,71.41552
2025-09-18 04:00:00,62.18081
2025-09-18 05:00:00,57.44421
2025-09-18 06:00:00,49.85923
2025-09-18 07:00:00,57.07741
2025-09-18 08:00:00,53.10253
2025-09-18 09:00:00,51.93202
2025-09-18 10:00:00,51.80535
2025-09-18 11:00:00,52.30221
2025-09-18 12:00:00,52.37753
2025-09-18 13:00:00,58.94755
2025-09-18 14:00:00,61.55564
2025-09-18 15:00:00,54.67268
2025-09-18 16:00:00,54.22157
2025-09-18 17:00:00,53.12499
2025-09-18 18:00:00,52.04472
2025-09-18 19:00:00,50.33639
2025-09-18 20:00:00,51.41929
2025-09-18 21:00:00,55.84049
2025-09-18 22:00:00,56.81361
2025-09-18 23:00:00,59.12431
2025-09-19 00:00:00,61.31683
2025-09-19 01:00:00,59.28795
2025-09-19 02:00:00,59.57278
2025-09-19 03:00:00,59.79463
2025-09-19 04:00:00,59.17435
2025-09-19 05:00:00,57.71597
2025-09-19 06:00:00,54.05888
2025-09-19 07:00:00,50.69279
2025-09-19 08:00:00,48.95039
2025-09-19 09:00:00,48.84495
2025-09-19 10:00:00,48.55141
2025-09-19 11:00:00,47.59792
2025-09-19 12:00:00,48.59091
2025-09-19 13:00:00,53.77842
2025-09-19 14:00:00,49.05455
2025-09-19 15:00:00,44.61743
2025-09-19 16:00:00,40.87656
2025-09-19 17:00:00,37.64
2025-09-19 18:00:00,36.92905
2025-09-19 19:00:00,36.48518
2025-09-19 20:00:00,37.6351
2025-09-19 21:00:00,38.44747
2025-09-19 22:00:00,40.30671
2025-09-19 23:00:00,42.5666
2025-09-20 00:00:00,51.43202
2025-09-20 01:00:00,55.05679
2025-09-20 02:00:00,55.64
2025-09-20 03:00:00,54.81033
2025-09-20 04:00:00,50.59931
2025-09-20 05:00:00,50.75322
2025-09-20 06:00:00,49.58007
2025-09-20 07:00:00,47.65372
2025-09-20 08:00:00,47.62607
2025-09-20 09:00:00,46.94438
2025-09-20 10:00:00,46.3735
2025-09-20 11:00:00,46.79612
2025-09-20 12:00:00,46.88036
2025-09-20 13:00:00,47.23731
2025-09-20 14:00:00,41.89516
2025-09-20 15:00:00,32.3123
2025-09-20 16:00:00,31.95278
2025-09-20 17:00:00,29.19877
2025-09-20 18:00:00,28.42011
2025-09-20 19:00:00,27.41281
2025-09-20 20:00:00,28.47061
2025-09-20 21:00:00,31.29408
2025-09-20 22:00:00,35.47943
2025-09-20 23:00:00,37.556
2025-09-21 00:00:00,48.42043
2025-09-21 01:00:00,52.45166
2025-09-21 02:00:00,52.80481
2025-09-21 03:00:00,50.17983
2025-09-21 04:00:00,48.41283
2025-09-21 05:00:00,49.13212
2025-09-21 06:00:00,48.45038
2025-09-21 07:00:00,50.40469
2025-09-21 08:00:00,49.51757
2025-09-21 09:00:00,47.47138
2025-09-21 10:00:00,45.72122
2025-09-21 11:00:00,46.30206
2025-09-21 12:00:00,43.71403
2025-09-21 13:00:00,45.35855
2025-09-21 14:00:00,38.65906
2025-09-21 15:00:00,36.29584
2025-09-21 16:00:00,36.39631
2025-09-21 17:00:00,34.4688
2025-09-21 18:00:00,34.14342
2025-09-21 19:00:00,34.57517
2025-09-21 20:00:00,34.88318
2025-09-21 21:00:00,37.60475
2025-09-21 22:00:00,40.70987
2025-09-21 23:00:00,45.56549
2025-09-22 00:00:00,52.8184
2025-09-22 01:00:00,51.57103
2025-09-22 02:00:00,52.36949
2025-09-22 03:00:00,51.1998
2025-09-22 04:00:00,49.54818
2025-09-22 05:00:00,49.94119
2025-09-22 06:00:00,48.72359
2025-09-22 07:00:00,45.9174
2025-09-22 08:00:00,45.31088
2025-09-22 09:00:00,42.3715
2025-09-22 10:00:00,42.18756
2025-09-22 11:00:00,43.21191
2025-09-22 12:00:00,44.85624
2025-09-22 13:00:00,52.0717
2025-09-22 14:00:00,46.61121
2025-09-22 15:00:00,30.26303
2025-09-22 16:00:00,26.966
2025-09-22 17:00:00,22.98611
2025-09-22 18:00:00,36.7984
2025-09-22 19:00:00,36.81255
2025-09-22 20:00:00,38.11406
2025-09-22 21:00:00,42.04514
2025-09-22 22:00:00,43.24747
2025-09-22 23:00:00,43.32484
2025-09-23 00:00:00,56.60909
2025-09-23 01:00:00,62.10878
2025-09-23 02:00:00,64.91445
2025-09-23 03:00:00,59.02726
2025-09-23 04:00:00,54.95655
2025-09-23 05:00:00,53.53833
2025-09-23 06:00:00,48.42014
2025-09-23 07:00:00,49.04758
2025-09-23 08:00:00,49.64302
2025-09-23 09:00:00,45.33905
2025-09-23 10:00:00,45.18694
2025-09-23 11:00:00,46.1779
2025-09-23 12:00:00,49.98503
2025-09-23 13:00:00,56.16425
2025-09-23 14:00:00,50.20947
2025-09-23 15:00:00,39.35071
2025-09-23 16:00:00,39.99997
2025-09-23 17:00:00,36.04099
2025-09-23 18:00:00,35.9757
2025-09-23 19:00:00,37.48016
2025-09-23 20:00:00,39.5
2025-09-23 21:00:00,42.09274
2025-09-23 22:00:00,46.96514
2025-09-23 23:00:00,53.9736
2025-09-24 00:00:00,72.36862
2025-09-24 01:00:00,82.56729
2025-09-24 02:00:00,74.09024
2025-09-24 03:00:00,69.75686
2025-09-24 04:00:00,64.43888
2025-09-24 05:00:00,63.76155
2025-09-24 06:00:00,58.84602
2025-09-24 07:00:00,48.37404
2025-09-24 08:00:00,48.35007
2025-09-24 09:00:00,44.43693
2025-09-24 10:00:00,43.58221
2025-09-24 11:00:00,45.02713
2025-09-24 12:00:00,48.46563
2025-09-24 13:00:00,53.1757
2025-09-24 14:00:00,49.96114
2025-09-24 15:00:00,42.0031
2025-09-24 16:00:00,40.5364
2025-09-24 17:00:00,39.90628
2025-09-24 18:00:00,39.2294
2025-09-24 19:00:00,38.4251
2025-09-24 20:00:00,39.6147
2025-09-24 21:00:00,41.93971
2025-09-24 22:00:00,41.46012
2025-09-24 23:00:00,45.45794
2025-09-25 00:00:00,56.29356
2025-09-25 01:00:00,58.12432
2025-09-25 02:00:00,56.05448
2025-09-25 03:00:00,54.97046
2025-09-25 04:00:00,54.216
2025-09-25 05:00:00,53.951
2025-09-25 06:00:00,52.37197
2025-09-25 07:00:00,49.20149
2025-09-25 08:00:00,48.51204
2025-09-25 09:00:00,46.8576
2025-09-25 10:00:00,45.01769
2025-09-25 11:00:00,46.24969
2025-09-25 12:00:00,49.47844
2025-09-25 13:00:00,52.07
2025-09-25 14:00:00,48.36748
2025-09-25 15:00:00,44.50719
2025-09-25 16:00:00,40.95276
2025-09-25 17:00:00,37.62475
2025-09-25 18:00:00,36.14752
2025-09-25 19:00:00,35.11098
2025-09-25 20:00:00,35.66489
2025-09-25 21:00:00,38.38731
2025-09-25 22:00:00,41.71528
2025-09-25 23:00:00,39.65313
2025-09-26 00:00:00,48.54106
2025-09-26 01:00:00,50.47808
2025-09-26 02:00:00,49.48963
2025-09-26 03:00:00,47.43468
2025-09-26 04:00:00,46.18518
2025-09-26 05:00:00,46.62708
2025-09-26 06:00:00,45.54622
2025-09-26 07:00:00,40.8702
2025-09-26 08:00:00,39.97778
2025-09-26 09:00:00,40.10716
2025-09-26 10:00:00,39.8443
2025-09-26 11:00:00,40.67282
2025-09-26 12:00:00,42.82284
2025-09-26 13:00:00,50.05184
2025-09-26 14:00:00,48.52451
2025-09-26 15:00:00,39.07439
2025-09-26 16:00:00,34.50595
2025-09-26 17:00:00,31.4604
2025-09-26 18:00:00,30.59695
2025-09-26 19:00:00,31.31827
2025-09-26 20:00:00,32.63292
2025-09-26 21:00:00,38.36895
2025-09-26 22:00:00,44.01159
2025-09-26 23:00:00,42.6581
2025-09-27 00:00:00,48.99758
2025-09-27 01:00:00,52.29108
2025-09-27 02:00:00,52.89445
2025-09-27 03:00:00,49.96416
2025-09-27 04:00:00,47.78224
2025-09-27 05:00:00,46.8021
2025-09-27 06:00:00,45.68372
2025-09-27 07:00:00,47.42186
2025-09-27 08:00:00,46.50486
2025-09-27 09:00:00,44.7531
2025-09-27 10:00:00,44.62194
2025-09-27 11:00:00,45.01233
2025-09-27 12:00:00,46.63004
2025-09-27 13:00:00,47.99853
2025-09-27 14:00:00,42.63673
2025-09-27 15:00:00,31.40322
2025-09-27 16:00:00,31.93574
2025-09-27 17:00:00,29.23863
2025-09-27 18:00:00,26.74845
2025-09-27 19:00:00,28.8971
2025-09-27 20:00:00,27.93
2025-09-27 21:00:00,29.98061
2025-09-27 22:00:00,32.0343
2025-09-27 23:00:00,36.83057
2025-09-28 00:00:00,46.72478
2025-09-28 01:00:00,47.31292
2025-09-28 02:00:00,47.31382
2025-09-28 03:00:00,44.1073
2025-09-28 04:00:00,45.33592
2025-09-28 05:00:00,44.79473
2025-09-28 06:00:00,43.70686
2025-09-28 07:00:00,45.91139
2025-09-28 08:00:00,45.194
2025-09-28 09:00:00,42.68791
2025-09-28 10:00:00,42.17717
2025-09-28 11:00:00,43.42341
2025-09-28 12:00:00,42.36693
2025-09-28 13:00:00,41.62507
2025-09-28 14:00:00,40.65463
2025-09-28 15:00:00,33.80594
2025-09-28 16:00:00,33.8429
2025-09-28 17:00:00,31.91528
2025-09-28 18:00:00,29.90714
2025-09-28 19:00:00,30.33462
2025-09-28 20:00:00,30.78311
2025-09-28 21:00:00,31.57187
2025-09-28 22:00:00,35.33515
2025-09-28 23:00:00,34.61995
2025-09-29 00:00:00,44.81352
2025-09-29 01:00:00,45.91639
2025-09-29 02:00:00,46.14402
2025-09-29 03:00:00,45.53406
2025-09-29 04:00:00,45.05856
2025-09-29 05:00:00,45.13738
2025-09-29 06:00:00,44.19425
2025-09-29 07:00:00,46.08388
2025-09-29 08:00:00,45.39131
2025-09-29 09:00:00,43.09951
2025-09-29 10:00:00,42.76737
2025-09-29 11:00:00,45.26895
2025-09-29 12:00:00,47.70479
2025-09-29 13:00:00,53.55
2025-09-29 14:00:00,54.47825
2025-09-29 15:00:00,52.52424
2025-09-29 16:00:00,45.52541
2025-09-29 17:00:00,42.78728
2025-09-29 18:00:00,40.85515
2025-09-29 19:00:00,42.69616
2025-09-29 20:00:00,41.57652
2025-09-29 21:00:00,44.71834
2025-09-29 22:00:00,46.0
2025-09-29 23:00:00,43.42204
2025-09-30 00:00:00,46.43931
2025-09-30 01:00:00,47.4084
2025-09-30 02:00:00,46.89997
2025-09-30 03:00:00,46.5915
2025-09-30 04:00:00,46.64995
2025-09-30 05:00:00,45.72625
2025-09-30 06:00:00,45.39487
2025-09-30 07:00:00,42.09119
2025-09-30 08:00:00,41.55911
2025-09-30 09:00:00,39.77638
2025-09-30 10:00:00,39.76673
2025-09-30 11:00:00,40.38903
2025-09-30 12:00:00,43.6766
2025-09-30 13:00:00,48.0223
2025-09-30 14:00:00,48.75196
2025-09-30 15:00:00,45.89745
2025-09-30 16:00:00,41.20305
2025-09-30 17:00:00,38.42335
2025-09-30 18:00:00,34.67329
2025-09-30 19:00:00,35.40603
2025-09-30 20:00:00,33.89898
2025-09-30 21:00:00,36.75704
2025-09-30 22:00:00,37.60472
2025-09-30 23:00:00,37.29611
2025-10-01 00:00:00,46.04015
2025-10-01 01:00:00,44.13701
2025-10-01 02:00:00,45.61727
2025-10-01 03:00:00,42.37869
2025-10-01 04:00:00,42.41192
2025-10-01 05:00:00,41.61201
2025-10-01 06:00:00,40.28451
2025-10-01 07:00:00,40.51216
2025-10-01 08:00:00,40.30715
2025-10-01 09:00:00,40.01201
2025-10-01 10:00:00,40.80325
2025-10-01 11:00:00,40.87753
2025-10-01 12:00:00,41.07302
2025-10-01 13:00:00,47.07768
2025-10-01 14:00:00,48.75686
2025-10-01 15:00:00,45.52932
2025-10-01 16:00:00,47.82568
2025-10-01 17:00:00,44.00953
2025-10-01 18:00:00,41.95988
2025-10-01 19:00:00,44.00189
2025-10-01 20:00:00,47.96535
2025-10-01 21:00:00,46.97406
2025-10-01 22:00:00,49.70803
2025-10-01 23:00:00,46.59309
2025-10-02 00:00:00,53.59194
2025-10-02 01:00:00,47.26237
2025-10-02 02:00:00,50.74308
2025-10-02 03:00:00,47.56733
2025-10-02 04:00:00,45.05976
2025-10-02 05:00:00,43.89769
2025-10-02 06:00:00,42.34306
2025-10-02 07:00:00,49.24005
2025-10-02 08:00:00,48.12339
2025-10-02 09:00:00,44.83857
2025-10-02 10:00:00,44.31203
2025-10-02 11:00:00,45.0
2025-10-02 12:00:00,47.0927
2025-10-02 13:00:00,53.2921
2025-10-02 14:00:00,55.40269
2025-10-02 15:00:00,45.16066
2025-10-02 16:00:00,45.06699
2025-10-02 17:00:00,41.11848
2025-10-02 18:00:00,41.90776
2025-10-02 19:00:00,43.0
2025-10-02 20:00:00,46.31836
2025-10-02 21:00:00,46.87
2025-10-02 22:00:00,50.17014
2025-10-02 23:00:00,47.26763
2025-10-03 00:00:00,48.19001
2025-10-03 01:00:00,48.81263
2025-10-03 02:00:00,48.79896
2025-10-03 03:00:00,46.36128
2025-10-03 04:00:00,45.06787
2025-10-03 05:00:00,44.2964
2025-10-03 06:00:00,42.27392
2025-10-03 07:00:00,42.90833
2025-10-03 08:00:00,41.29521
2025-10-03 09:00:00,39.18521
2025-10-03 10:00:00,39.19462
2025-10-03 11:00:00,41.71297
2025-10-03 12:00:00,42.514
2025-10-03 13:00:00,47.44092
2025-10-03 14:00:00,48.67878
2025-10-03 15:00:00,47.32884
2025-10-03 16:00:00,46.44083
2025-10-03 17:00:00,43.19546
2025-10-03 18:00:00,42.63
2025-10-03 19:00:00,38.1217
2025-10-03 20:00:00,37.95553
2025-10-03 21:00:00,39.40966
2025-10-03 22:00:00,41.96371
2025-10-03 23:00:00,36.49404
2025-10-04 00:00:00,40.55551
2025-10-04 01:00:00,43.26106
2025-10-04 02:00:00,45.10474
2025-10-04 03:00:00,44.19302
2025-10-04 04:00:00,41.77168
2025-10-04 05:00:00,37.52199
2025-10-04 06:00:00,38.77343
2025-10-04 07:00:00,37.64742
2025-10-04 08:00:00,34.83
2025-10-04 09:00:00,37.18155
2025-10-04 10:00:00,34.4675
2025-10-04 11:00:00,40.83268
2025-10-04 12:00:00,38.58959
2025-10-04 13:00:00,42.6533
2025-10-04 14:00:00,43.29855
2025-10-04 15:00:00,38.13459
2025-10-04 16:00:00,39.33059
2025-10-04 17:00:00,31.25404
2025-10-04 18:00:00,29.36454
2025-10-04 19:00:00,27.4192
2025-10-04 20:00:00,28.44355
2025-10-04 21:00:00,30.58505
2025-10-04 22:00:00,34.75241
2025-10-04 23:00:00,36.08659
2025-10-05 00:00:00,41.99678
2025-10-05 01:00:00,42.56
2025-10-05 02:00:00,44.51154
2025-10-05 03:00:00,41.419
2025-10-05 04:00:00,40.57166
2025-10-05 05:00:00,39.81278
2025-10-05 06:00:00,39.52599
2025-10-05 07:00:00,46.36633
2025-10-05 08:00:00,46.37773
2025-10-05 09:00:00,45.8874
2025-10-05 10:00:00,45.2861
2025-10-05 11:00:00,45.03821
2025-10-05 12:00:00,46.04611
2025-10-05 13:00:00,46.79369
2025-10-05 14:00:00,41.91323
2025-10-05 15:00:00,40.43444
2025-10-05 16:00:00,44.53
2025-10-05 17:00:00,31.08467
2025-10-05 18:00:00,27.12574
2025-10-05 19:00:00,26.62884
2025-10-05 20:00:00,27.91115
2025-10-05 21:00:00,30.89
2025-10-05 22:00:00,36.05
2025-10-05 23:00:00,33.48277
2025-10-06 00:00:00,45.56987
2025-10-06 01:00:00,51.44999
2025-10-06 02:00:00,52.1875
2025-10-06 03:00:00,48.90612
2025-10-06 04:00:00,48.78782
2025-10-06 05:00:00,47.35139
2025-10-06 06:00:00,46.71079
2025-10-06 07:00:00,50.13704
2025-10-06 08:00:00,48.7211
2025-10-06 09:00:00,46.37237
2025-10-06 10:00:00,45.49834
2025-10-06 11:00:00,45.35555
2025-10-06 12:00:00,49.07215
2025-10-06 13:00:00,52.90348
2025-10-06 14:00:00,50.64108
2025-10-06 15:00:00,39.33166
2025-10-06 16:00:00,37.44433
2025-10-06 17:00:00,32.26668
2025-10-06 18:00:00,32.60625
2025-10-06 19:00:00,31.68351
2025-10-06 20:00:00,31.98733
2025-10-06 21:00:00,33.61388
2025-10-06 22:00:00,35.9216
2025-10-06 23:00:00,40.22665
2025-10-07 00:00:00,48.32921
2025-10-07 01:00:00,55.8383
2025-10-07 02:00:00,54.81038
2025-10-07 03:00:00,51.50099
2025-10-07 04:00:00,49.78213
2025-10-07 05:00:00,49.36076
2025-10-07 06:00:00,47.61367
2025-10-07 07:00:00,47.44296
2025-10-07 08:00:00,46.50883
2025-10-07 09:00:00,44.50592
2025-10-07 10:00:00,44.97153
2025-10-07 11:00:00,45.45934
2025-10-07 12:00:00,49.21322
2025-10-07 13:00:00,55.22091
2025-10-07 14:00:00,53.85349
2025-10-07 15:00:00,48.47615
2025-10-07 16:00:00,43.45457
2025-10-07 17:00:00,39.62017
2025-10-07 18:00:00,40.07049
2025-10-07 19:00:00,39.23792
2025-10-07 20:00:00,41.37805
2025-10-07 21:00:00,40.46
2025-10-07 22:00:00,48.94886
2025-10-07 23:00:00,47.62699
2025-10-08 00:00:00,55.95192
2025-10-08 01:00:00,59.12879
2025-10-08 02:00:00,57.7378
2025-10-08 03:00:00,55.00007
2025-10-08 04:00:00,53.97745
2025-10-08 05:00:00,52.29186
2025-10-08 06:00:00,49.23511
2025-10-08 07:00:00,46.77253
2025-10-08 08:00:00,43.10899
2025-10-08 09:00:00,42.78693
2025-10-08 10:00:00,42.17024
2025-10-08 11:00:00,42.25589
2025-10-08 12:00:00,44.79549
2025-10-08 13:00:00,53.38725
2025-10-08 14:00:00,52.33949
2025-10-08 15:00:00,40.93552
2025-10-08 16:00:00,37.67345
2025-10-08 17:00:00,32.27309
2025-10-08 18:00:00,31.14269
2025-10-08 19:00:00,30.87132
2025-10-08 20:00:00,32.06413
2025-10-08 21:00:00,33.21506
2025-10-08 22:00:00,34.94759
2025-10-08 23:00:00,36.45434
2025-10-09 00:00:00,51.14043
2025-10-09 01:00:00,53.8257
2025-10-09 02:00:00,53.42107
2025-10-09 03:00:00,51.81367
2025-10-09 04:00:00,51.02887
2025-10-09 05:00:00,50.09006
2025-10-09 06:00:00,49.58916
2025-10-09 07:00:00,50.83597
2025-10-09 08:00:00,46.5
2025-10-09 09:00:00,46.5256
2025-10-09 10:00:00,46.62568
2025-10-09 11:00:00,46.50352
2025-10-09 12:00:00,49.1799
2025-10-09 13:00:00,57.56291
2025-10-09 14:00:00,56.54514
2025-10-09 15:00:00,45.21538
2025-10-09 16:00:00,44.87671
2025-10-09 17:00:00,38.80819
2025-10-09 18:00:00,37.78672
2025-10-09 19:00:00,37.51515
2025-10-09 20:00:00,38.03824
2025-10-09 21:00:00,38.74821
2025-10-09 22:00:00,40.56299
2025-10-09 23:00:00,46.00054
2025-10-10 00:00:00,52.24268
2025-10-10 01:00:00,55.39937
2025-10-10 02:00:00,54.94259
2025-10-10 03:00:00,54.14767
2025-10-10 04:00:00,53.48679
2025-10-10 05:00:00,52.40777
2025-10-10 06:00:00,50.8364
2025-10-10 07:00:00,47.99667
2025-10-10 08:00:00,47.40438
2025-10-10 09:00:00,45.72308
2025-10-10 10:00:00,44.26027
2025-10-10 11:00:00,43.55816
2025-10-10 12:00:00,44.93737
2025-10-10 13:00:00,53.22611
2025-10-10 14:00:00,53.43678
2025-10-10 15:00:00,46.5902
2025-10-10 16:00:00,48.72071
2025-10-10 17:00:00,39.28493
2025-10-10 18:00:00,38.0387
2025-10-10 19:00:00,38.37429
2025-10-10 20:00:00,39.17346
2025-10-10 21:00:00,38.43319
2025-10-10 22:00:00,39.07995
2025-10-10 23:00:00,42.37705
2025-10-11 00:00:00,49.57154
2025-10-11 01:00:00,51.29663
2025-10-11 02:00:00,51.72694
2025-10-11 03:00:00,49.8291
2025-10-11 04:00:00,49.06087
2025-10-11 05:00:00,49.84982
2025-10-11 06:00:00,47.70865
2025-10-11 07:00:00,41.942
2025-10-11 08:00:00,38.54444
2025-10-11 09:00:00,38.9239
2025-10-11 10:00:00,38.42174
2025-10-11 11:00:00,36.76158
2025-10-11 12:00:00,36.96035
2025-10-11 13:00:00,45.25818
2025-10-11 14:00:00,43.21766
2025-10-11 15:00:00,36.26605
2025-10-11 16:00:00,38.22325
2025-10-11 17:00:00,24.14026
2025-10-11 18:00:00,18.8417
2025-10-11 19:00:00,17.38999
2025-10-11 20:00:00,16.794
2025-10-11 21:00:00,21.23436
2025-10-11 22:00:00,23.90975
2025-10-11 23:00:00,29.47331
2025-10-12 00:00:00,41.55236
2025-10-12 01:00:00,46.2944
2025-10-12 02:00:00,47.78561
2025-10-12 03:00:00,46.33799
2025-10-12 04:00:00,44.30973
2025-10-12 05:00:00,43.51308
2025-10-12 06:00:00,41.86629
2025-10-12 07:00:00,41.73933
2025-10-12 08:00:00,39.69085
2025-10-12 09:00:00,39.12589
2025-10-12 10:00:00,37.56068
2025-10-12 11:00:00,36.98914
2025-10-12 12:00:00,37.68922
2025-10-12 13:00:00,41.61152
2025-10-12 14:00:00,40.47694
2025-10-12 15:00:00,32.29105
2025-10-12 16:00:00,31.34426
2025-10-12 17:00:00,16.58322
2025-10-12 18:00:00,10.37667
2025-10-12 19:00:00,10.38959
2025-10-12 20:00:00,11.17146
2025-10-12 21:00:00,15.63491
2025-10-12 22:00:00,22.50638
2025-10-12 23:00:00,26.53
2025-10-13 00:00:00,48.12112
2025-10-13 01:00:00,51.19289
2025-10-13 02:00:00,51.07517
2025-10-13 03:00:00,50.23195
2025-10-13 04:00:00,49.14931
2025-10-13 05:00:00,48.29238
2025-10-13 06:00:00,46.69871
2025-10-13 07:00:00,46.43436
2025-10-13 08:00:00,43.95654
2025-10-13 09:00:00,43.58858
2025-10-13 10:00:00,43.37321
2025-10-13 11:00:00,43.14277
2025-10-13 12:00:00,44.88007
2025-10-13 13:00:00,50.90844
2025-10-13 14:00:00,54.91183
2025-10-13 15:00:00,49.21217
2025-10-13 16:00:00,43.92687
2025-10-13 17:00:00,41.39076
2025-10-13 18:00:00,41.44628
2025-10-13 19:00:00,41.16941
2025-10-13 20:00:00,42.12443
2025-10-13 21:00:00,48.18516
2025-10-13 22:00:00,47.16854
2025-10-13 23:00:00,45.91542
2025-10-14 00:00:00,54.07304
2025-10-14 01:00:00,55.08657
2025-10-14 02:00:00,58.98877
2025-10-14 03:00:00,49.52503
2025-10-14 04:00:00,50.5911
2025-10-14 05:00:00,46.66674
2025-10-14 06:00:00,45.74653
2025-10-14 07:00:00,49.11545
2025-10-14 08:00:00,47.01028
2025-10-14 09:00:00,45.05131
2025-10-14 10:00:00,45.0
2025-10-14 11:00:00,46.9417
2025-10-14 12:00:00,50.03246
2025-10-14 13:00:00,56.58721
2025-10-14 14:00:00,62.7
2025-10-14 15:00:00,54.16704
2025-10-14 16:00:00,47.08
2025-10-14 17:00:00,44.34
2025-10-14 18:00:00,42.32134
2025-10-14 19:00:00,39.79023
2025-10-14 20:00:00,37.95534
2025-10-14 21:00:00,39.4345
2025-10-14 22:00:00,40.28102
2025-10-14 23:00:00,42.46928
2025-10-15 00:00:00,50.58972
2025-10-15 01:00:00,55.21156
2025-10-15 02:00:00,55.69017
2025-10-15 03:00:00,50.74124
2025-10-15 04:00:00,49.71185
2025-10-15 05:00:00,49.36372
2025-10-15 06:00:00,48.23904
2025-10-15 07:00:00,48.16222
2025-10-15 08:00:00,45.18616
2025-10-15 09:00:00,45.44004
2025-10-15 10:00:00,45.56584
2025-10-15 11:00:00,45.55179
2025-10-15 12:00:00,49.8161
2025-10-15 13:00:00,57.66292
2025-10-15 14:00:00,60.09897
2025-10-15 15:00:00,49.31324
2025-10-15 16:00:00,43.54487
2025-10-15 17:00:00,37.954
2025-10-15 18:00:00,36.99399
2025-10-15 19:00:00,34.33091
2025-10-15 20:00:00,33.24632
2025-10-15 21:00:00,35.18249
2025-10-15 22:00:00,36.10331
2025-10-15 23:00:00,37.7045
2025-10-16 00:00:00,51.43157
2025-10-16 01:00:00,56.24394
2025-10-16 02:00:00,54.94498
2025-10-16 03:00:00,49.69589
2025-10-16 04:00:00,47.15111
2025-10-16 05:00:00,46.52631
2025-10-16 06:00:00,45.70904
2025-10-16 07:00:00,46.59558
2025-10-16 08:00:00,45.82598
2025-10-16 09:00:00,45.89486
2025-10-16 10:00:00,45.82899
2025-10-16 11:00:00,44.0147
2025-10-16 12:00:00,46.33052
2025-10-16 13:00:00,53.92497
2025-10-16 14:00:00,53.33876
2025-10-16 15:00:00,41.94277
2025-10-16 16:00:00,38.07483
2025-10-16 17:00:00,32.79983
2025-10-16 18:00:00,29.8445
2025-10-16 19:00:00,26.88834
2025-10-16 20:00:00,25.71439
2025-10-16 21:00:00,29.51273
2025-10-16 22:00:00,32.19619
2025-10-16 23:00:00,35.77153
2025-10-17 00:00:00,50.34409
2025-10-17 01:00:00,50.45715
2025-10-17 02:00:00,51.37627
2025-10-17 03:00:00,49.68012
2025-10-17 04:00:00,48.71187
2025-10-17 05:00:00,47.64753
2025-10-17 06:00:00,46.68787
2025-10-17 07:00:00,50.03724
2025-10-17 08:00:00,45.47373
2025-10-17 09:00:00,44.29718
2025-10-17 10:00:00,43.92579
2025-10-17 11:00:00,44.19658
2025-10-17 12:00:00,49.93676
2025-10-17 13:00:00,56.79402
2025-10-17 14:00:00,56.46271
2025-10-17 15:00:00,48.87467
2025-10-17 16:00:00,42.72661
2025-10-17 17:00:00,34.97376
2025-10-17 18:00:00,29.90344
2025-10-17 19:00:00,23.9732
2025-10-17 20:00:00,24.97321
2025-10-17 21:00:00,27.4777
2025-10-17 22:00:00,33.05084
2025-10-17 23:00:00,37.18602
2025-10-18 00:00:00,50.81873
2025-10-18 01:00:00,56.51075
2025-10-18 02:00:00,53.08528
2025-10-18 03:00:00,51.01445
2025-10-18 04:00:00,50.25464
2025-10-18 05:00:00,49.68967
2025-10-18 06:00:00,48.32104
2025-10-18 07:00:00,46.90271
2025-10-18 08:00:00,45.7782
2025-10-18 09:00:00,45.21238
2025-10-18 10:00:00,43.85026
2025-10-18 11:00:00,43.8014
2025-10-18 12:00:00,44.8847
2025-10-18 13:00:00,47.22145
2025-10-18 14:00:00,44.34188
2025-10-18 15:00:00,29.54418
2025-10-18 16:00:00,24.22187
2025-10-18 17:00:00,15.7927
2025-10-18 18:00:00,9.95977
2025-10-18 19:00:00,6.41102
2025-10-18 20:00:00,5.36214
2025-10-18 21:00:00,10.57
2025-10-18 22:00:00,12.29467
2025-10-18 23:00:00,27.48471
2025-10-19 00:00:00,49.49036
2025-10-19 01:00:00,51.82708
2025-10-19 02:00:00,50.18193
2025-10-19 03:00:00,46.40032
2025-10-19 04:00:00,46.51216
2025-10-19 05:00:00,46.49694
2025-10-19 06:00:00,45.35622
2025-10-19 07:00:00,45.52639
2025-10-19 08:00:00,41.74051
2025-10-19 09:00:00,39.8644
2025-10-19 10:00:00,38.9392
2025-10-19 11:00:00,38.2655
2025-10-19 12:00:00,38.59803
2025-10-19 13:00:00,43.4457
2025-10-19 14:00:00,35.95374
2025-10-19 15:00:00,28.73539
2025-10-19 16:00:00,26.60162
2025-10-19 17:00:00,16.5651
2025-10-19 18:00:00,7.62696
2025-10-19 19:00:00,5.55923
2025-10-19 20:00:00,6.63697
2025-10-19 21:00:00,8.64591
2025-10-19 22:00:00,16.87927
2025-10-19 23:00:00,26.15039
2025-10-20 00:00:00,43.14674
2025-10-20 01:00:00,45.20635
2025-10-20 02:00:00,43.92563
2025-10-20 03:00:00,42.09817
2025-10-20 04:00:00,41.37949
2025-10-20 05:00:00,40.36237
2025-10-20 06:00:00,39.51647
2025-10-20 07:00:00,36.85
2025-10-20 08:00:00,35.9145
2025-10-20 09:00:00,35.77824
2025-10-20 10:00:00,35.44525
2025-10-20 11:00:00,35.71707
2025-10-20 12:00:00,41.01061
2025-10-20 13:00:00,54.41613
2025-10-20 14:00:00,54.94075
2025-10-20 15:00:00,36.42707
2025-10-20 16:00:00,34.01731
2025-10-20 17:00:00,28.0449
2025-10-20 18:00:00,25.27896
2025-10-20 19:00:00,24.15959
2025-10-20 20:00:00,25.08837
2025-10-20 21:00:00,25.84169
2025-10-20 22:00:00,29.99857
2025-10-20 23:00:00,34.96909
2025-10-21 00:00:00,54.24159
2025-10-21 01:00:00,58.92388
2025-10-21 02:00:00,54.87591
2025-10-21 03:00:00,52.9128
2025-10-21 04:00:00,52.00368
2025-10-21 05:00:00,50.40399
2025-10-21 06:00:00,49.0496
2025-10-21 07:00:00,47.35088
2025-10-21 08:00:00,44.92271
2025-10-21 09:00:00,44.61778
2025-10-21 10:00:00,44.32831
2025-10-21 11:00:00,44.5111
2025-10-21 12:00:00,49.17816
2025-10-21 13:00:00,56.93958
2025-10-21 14:00:00,57.10919
2025-10-21 15:00:00,39.69467
2025-10-21 16:00:00,29.66302
2025-10-21 17:00:00,28.42764
2025-10-21 18:00:00,27.57851
2025-10-21 19:00:00,27.1915
2025-10-21 20:00:00,29.09966
2025-10-21 21:00:00,28.88382
2025-10-21 22:00:00,31.28418
2025-10-21 23:00:00,44.24324
2025-10-22 00:00:00,57.99375
2025-10-22 01:00:00,56.58486
2025-10-22 02:00:00,53.41019
2025-10-22 03:00:00,51.61406
2025-10-22 04:00:00,50.82574
2025-10-22 05:00:00,49.78077
2025-10-22 06:00:00,47.15097
2025-10-22 07:00:00,45.9289
2025-10-22 08:00:00,41.55052
2025-10-22 09:00:00,40.85503
2025-10-22 10:00:00,40.90934
2025-10-22 11:00:00,41.02665
2025-10-22 12:00:00,43.66259
2025-10-22 13:00:00,50.05005
2025-10-22 14:00:00,56.52905
2025-10-22 15:00:00,45.86807
2025-10-22 16:00:00,41.33735
2025-10-22 17:00:00,35.70334
2025-10-22 18:00:00,31.64
2025-10-22 19:00:00,27.43521
2025-10-22 20:00:00,27.74237
2025-10-22 21:00:00,24.75859
2025-10-22 22:00:00,30.94418
2025-10-22 23:00:00,33.73992
2025-10-23 00:00:00,49.01812
2025-10-23 01:00:00,51.48308
2025-10-23 02:00:00,50.37177
2025-10-23 03:00:00,46.49727
2025-10-23 04:00:00,46.19201
2025-10-23 05:00:00,45.27328
2025-10-23 06:00:00,44.45934
2025-10-23 07:00:00,44.57232
2025-10-23 08:00:00,42.94855
2025-10-23 09:00:00,43.00706
2025-10-23 10:00:00,42.62311
2025-10-23 11:00:00,43.12481
2025-10-23 12:00:00,47.17078
2025-10-23 13:00:00,56.05652
2025-10-23 14:00:00,57.52388
2025-10-23 15:00:00,49.07302
2025-10-23 16:00:00,41.5912
2025-10-23 17:00:00,34.79411
2025-10-23 18:00:00,30.0
2025-10-23 19:00:00,23.31592
2025-10-23 20:00:00,22.80492
2025-10-23 21:00:00,23.12023
2025-10-23 22:00:00,29.88831
2025-10-23 23:00:00,35.68399
2025-10-24 00:00:00,53.23
2025-10-24 01:00:00,53.79765
2025-10-24 02:00:00,52.171
2025-10-24 03:00:00,51.26786
2025-10-24 04:00:00,50.81557
2025-10-24 05:00:00,49.70751
2025-10-24 06:00:00,49.02689
2025-10-24 07:00:00,54.46401
2025-10-24 08:00:00,49.1
2025-10-24 09:00:00,48.20423
2025-10-24 10:00:00,47.89721
2025-10-24 11:00:00,47.39427
2025-10-24 12:00:00,50.80231
2025-10-24 13:00:00,58.2624
2025-10-24 14:00:00,58.27855
2025-10-24 15:00:00,41.9354
2025-10-24 16:00:00,40.18179
2025-10-24 17:00:00,35.85153
2025-10-24 18:00:00,31.20603
2025-10-24 19:00:00,30.58451
2025-10-24 20:00:00,28.69491
2025-10-24 21:00:00,30.0
2025-10-24 22:00:00,32.12708
2025-10-24 23:00:00,40.58326
2025-10-25 00:00:00,51.61699
2025-10-25 01:00:00,50.8064
2025-10-25 02:00:00,48.01956
2025-10-25 03:00:00,46.03229
2025-10-25 04:00:00,46.90625
2025-10-25 05:00:00,46.29435
2025-10-25 06:00:00,45.88116
2025-10-25 07:00:00,44.39855
2025-10-25 08:00:00,42.014
2025-10-25 09:00:00,42.39549
2025-10-25 10:00:00,41.98221
2025-10-25 11:00:00,42.63978
2025-10-25 12:00:00,44.49837
2025-10-25 13:00:00,50.34843
2025-10-25 14:00:00,46.5536
2025-10-25 15:00:00,41.21954
2025-10-25 16:00:00,44.39739
2025-10-25 17:00:00,37.29445
2025-10-25 18:00:00,35.83323
2025-10-25 19:00:00,34.74351
2025-10-25 20:00:00,31.01023
2025-10-25 21:00:00,30.4537
2025-10-25 22:00:00,31.01375
2025-10-25 23:00:00,30.77615
2025-10-26 00:00:00,41.78654
2025-10-26 01:00:00,42.74943
2025-10-26 02:00:00,42.00617
2025-10-26 03:00:00,41.92028
2025-10-26 04:00:00,40.80492
2025-10-26 05:00:00,39.72543
2025-10-26 06:00:00,36.00721
2025-10-26 07:00:00,37.55997
2025-10-26 08:00:00,37.1103
2025-10-26 09:00:00,37.28607
2025-10-26 10:00:00,37.46164
2025-10-26 11:00:00,36.94914
2025-10-26 12:00:00,37.4751
2025-10-26 13:00:00,42.46199
2025-10-26 14:00:00,40.96483
2025-10-26 15:00:00,39.28104
2025-10-26 16:00:00,40.69332
2025-10-26 17:00:00,35.95194
2025-10-26 18:00:00,36.78477
2025-10-26 19:00:00,31.04031
2025-10-26 20:00:00,29.93218
2025-10-26 21:00:00,30.50178
2025-10-26 22:00:00,38.71272
2025-10-26 23:00:00,33.83261
2025-10-27 00:00:00,44.40249
2025-10-27 01:00:00,46.06077
2025-10-27 02:00:00,45.1709
2025-10-27 03:00:00,44.66201
2025-10-27 04:00:00,44.17402
2025-10-27 05:00:00,43.11463
2025-10-27 06:00:00,42.17764
2025-10-27 07:00:00,40.17427
2025-10-27 08:00:00,39.70151
2025-10-27 09:00:00,39.71788
2025-10-27 10:00:00,39.27987
2025-10-27 11:00:00,39.21227
2025-10-27 12:00:00,41.62284
2025-10-27 13:00:00,51.09
2025-10-27 14:00:00,53.07152
2025-10-27 15:00:00,52.02
2025-10-27 16:00:00,43.4814
2025-10-27 17:00:00,35.96676
2025-10-27 18:00:00,31.33117
2025-10-27 19:00:00,28.00115
2025-10-27 20:00:00,22.46709
2025-10-27 21:00:00,23.31601
2025-10-27 22:00:00,27.80773
2025-10-27 23:00:00,36.49676
2025-10-28 00:00:00,50.69497
2025-10-28 01:00:00,51.65549
2025-10-28 02:00:00,51.21859
2025-10-28 03:00:00,48.25303
2025-10-28 04:00:00,49.14949
2025-10-28 05:00:00,48.04817
2025-10-28 06:00:00,45.58723
2025-10-28 07:00:00,50.6018
2025-10-28 08:00:00,46.41431
2025-10-28 09:00:00,46.62547
2025-10-28 10:00:00,46.52678
2025-10-28 11:00:00,46.06928
2025-10-28 12:00:00,47.36767
2025-10-28 13:00:00,58.23947
2025-10-28 14:00:00,61.50521
2025-10-28 15:00:00,50.14583
2025-10-28 16:00:00,38.35524
2025-10-28 17:00:00,34.57919
2025-10-28 18:00:00,30.36494
2025-10-28 19:00:00,28.15962
2025-10-28 20:00:00,28.02716
2025-10-28 21:00:00,29.01615
2025-10-28 22:00:00,33.19071
2025-10-28 23:00:00,43.69493
2025-10-29 00:00:00,56.5216
2025-10-29 01:00:00,57.44648
2025-10-29 02:00:00,56.28599
2025-10-29 03:00:00,54.42602
2025-10-29 04:00:00,53.14644
2025-10-29 05:00:00,52.83306
2025-10-29 06:00:00,50.83299
2025-10-29 07:00:00,50.6828
2025-10-29 08:00:00,47.49286
2025-10-29 09:00:00,46.56989
2025-10-29 10:00:00,46.25951
2025-10-29 11:00:00,45.38518
2025-10-29 12:00:00,46.21548
2025-10-29 13:00:00,55.13842
2025-10-29 14:00:00,57.85132
2025-10-29 15:00:00,47.49399
2025-10-29 16:00:00,40.59224
2025-10-29 17:00:00,34.36144
2025-10-29 18:00:00,32.66032
2025-10-29 19:00:00,31.1115
2025-10-29 20:00:00,32.35408
2025-10-29 21:00:00,34.1012
2025-10-29 22:00:00,35.73804
2025-10-29 23:00:00,46.93575
2025-10-30 00:00:00,59.67
2025-10-30 01:00:00,62.39329
2025-10-30 02:00:00,58.26859
2025-10-30 03:00:00,56.91833
2025-10-30 04:00:00,55.74156
2025-10-30 05:00:00,52.06109
2025-10-30 06:00:00,50.52726
2025-10-30 07:00:00,49.99793
2025-10-30 08:00:00,48.4897
2025-10-30 09:00:00,47.13768
2025-10-30 10:00:00,47.08355
2025-10-30 11:00:00,46.42995
2025-10-30 12:00:00,51.69712
2025-10-30 13:00:00,54.9128
2025-10-30 14:00:00,57.16498
2025-10-30 15:00:00,49.24028
2025-10-30 16:00:00,39.17364
2025-10-30 17:00:00,37.08455
2025-10-30 18:00:00,32.32149
2025-10-30 19:00:00,32.68862
2025-10-30 20:00:00,32.61211
2025-10-30 21:00:00,33.11817
2025-10-30 22:00:00,35.67145
2025-10-30 23:00:00,47.02779
2025-10-31 00:00:00,57.20146
2025-10-31 01:00:00,55.78778
2025-10-31 02:00:00,53.74581
2025-10-31 03:00:00,52.61128
2025-10-31 04:00:00,52.0
2025-10-31 05:00:00,52.53537
2025-10-31 06:00:00,50.90777
2025-10-31 07:00:00,43.48917
2025-10-31 08:00:00,42.98916
2025-10-31 09:00:00,43.38106
2025-10-31 10:00:00,43.48877
2025-10-31 11:00:00,44.24512
2025-10-31 12:00:00,48.27782
2025-10-31 13:00:00,50.42447
2025-10-31 14:00:00,53.27148
2025-10-31 15:00:00,51.60198
2025-10-31 16:00:00,41.21
2025-10-31 17:00:00,33.02
2025-10-31 18:00:00,27.0
2025-10-31 19:00:00,25.39112
2025-10-31 20:00:00,25.31781
2025-10-31 21:00:00,27.0
2025-10-31 22:00:00,29.86294
2025-10-31 23:00:00,39.44907
2025-11-01 00:00:00,51.63337
2025-11-01 01:00:00,51.99586
2025-11-01 02:00:00,51.01568
2025-11-01 03:00:00,50.3596
2025-11-01 04:00:00,49.91288
2025-11-01 05:00:00,50.63099
2025-11-01 06:00:00,50.09015
2025-11-01 07:00:00,52.5882
2025-11-01 08:00:00,49.39306
2025-11-01 09:00:00,47.23799
2025-11-01 10:00:00,45.83917
2025-11-01 11:00:00,45.67998
2025-11-01 12:00:00,46.10538
2025-11-01 13:00:00,49.65373
2025-11-01 14:00:00,47.90435
2025-11-01 15:00:00,42.79
2025-11-01 16:00:00,32.20332
2025-11-01 17:00:00,37.94
2025-11-01 18:00:00,25.5707
2025-11-01 19:00:00,24.2716
2025-11-01 20:00:00,24.67613
2025-11-01 21:00:00,38.32
2025-11-01 22:00:00,45.5
2025-11-01 23:00:00,36.88998
2025-11-02 00:00:00,50.53633
2025-11-02 01:00:00,51.83817
2025-11-02 02:00:00,50.34962
2025-11-02 03:00:00,49.54486
2025-11-02 04:00:00,49.2594
2025-11-02 05:00:00,48.61826
2025-11-02 06:00:00,47.11111
2025-11-02 07:00:00,49.6
2025-11-02 08:00:00,50.58216
2025-11-02 09:00:00,49.19089
2025-11-02 10:00:00,43.8336
2025-11-02 11:00:00,42.0467
2025-11-02 12:00:00,43.0206
2025-11-02 13:00:00,42.03853
2025-11-02 14:00:00,40.90256
2025-11-02 15:00:00,37.52833
2025-11-02 16:00:00,35.70436
2025-11-02 17:00:00,27.79189
2025-11-02 18:00:00,23.85347
2025-11-02 19:00:00,18.75504
2025-11-02 20:00:00,17.0673
2025-11-02 21:00:00,21.56816
2025-11-02 22:00:00,25.54829
2025-11-02 23:00:00,39.60315
2025-11-03 00:00:00,57.23822
2025-11-03 01:00:00,56.98008
2025-11-03 02:00:00,54.20549
2025-11-03 03:00:00,53.28357
2025-11-03 04:00:00,51.86506
2025-11-03 05:00:00,52.98954
2025-11-03 06:00:00,51.73355
2025-11-03 07:00:00,48.02416
2025-11-03 08:00:00,50.10306
2025-11-03 09:00:00,50.09818
2025-11-03 10:00:00,50.03094
2025-11-03 11:00:00,50.05643
2025-11-03 12:00:00,51.95942
2025-11-03 13:00:00,56.16277
2025-11-03 14:00:00,62.08137
2025-11-03 15:00:00,49.58014
2025-11-03 16:00:00,44.64
2025-11-03 17:00:00,35.64
2025-11-03 18:00:00,33.77595
2025-11-03 19:00:00,36.11824
2025-11-03 20:00:00,34.55017
2025-11-03 21:00:00,34.11656
2025-11-03 22:00:00,35.86391
2025-11-03 23:00:00,46.80931
2025-11-04 00:00:00,57.80842
2025-11-04 01:00:00,60.79312
2025-11-04 02:00:00,57.62133
2025-11-04 03:00:00,56.17137
2025-11-04 04:00:00,54.54092
2025-11-04 05:00:00,55.71516
2025-11-04 06:00:00,52.17914
2025-11-04 07:00:00,49.88971
2025-11-04 08:00:00,50.17366
2025-11-04 09:00:00,50.1158
2025-11-04 10:00:00,49.32207
2025-11-04 11:00:00,49.65937
2025-11-04 12:00:00,52.99886
2025-11-04 13:00:00,54.79402
2025-11-04 14:00:00,60.7386
2025-11-04 15:00:00,59.101
2025-11-04 16:00:00,54.32431
2025-11-04 17:00:00,50.82922
2025-11-04 18:00:00,50.10534
2025-11-04 19:00:00,43.84521
2025-11-04 20:00:00,42.88089
2025-11-04 21:00:00,46.07677
2025-11-04 22:00:00,47.44308
2025-11-04 23:00:00,55.43441
2025-11-05 00:00:00,61.33568
2025-11-05 01:00:00,63.09601
2025-11-05 02:00:00,60.87854
2025-11-05 03:00:00,59.36579
2025-11-05 04:00:00,58.16822
2025-11-05 05:00:00,56.74872
2025-11-05 06:00:00,53.90233
2025-11-05 07:00:00,51.94621
2025-11-05 08:00:00,46.86352
2025-11-05 09:00:00,46.66647
2025-11-05 10:00:00,45.95323
2025-11-05 11:00:00,46.42584
2025-11-05 12:00:00,47.06
2025-11-05 13:00:00,49.40438
2025-11-05 14:00:00,57.33438
2025-11-05 15:00:00,64.02
2025-11-05 16:00:00,63.44961
2025-11-05 17:00:00,67.89327
2025-11-05 18:00:00,64.47477
2025-11-05 19:00:00,59.89
2025-11-05 20:00:00,60.31243
2025-11-05 21:00:00,59.55184
2025-11-05 22:00:00,59.63138
2025-11-05 23:00:00,63.81779
2025-11-06 00:00:00,60.52389
2025-11-06 01:00:00,58.13159
2025-11-06 02:00:00,55.03
2025-11-06 03:00:00,52.85915
2025-11-06 04:00:00,51.81338
2025-11-06 05:00:00,50.8037
2025-11-06 06:00:00,49.27878
2025-11-06 07:00:00,46.64161
2025-11-06 08:00:00,44.44904
2025-11-06 09:00:00,43.14548
2025-11-06 10:00:00,40.45331
2025-11-06 11:00:00,40.27301
2025-11-06 12:00:00,41.58222
2025-11-06 13:00:00,44.22711
2025-11-06 14:00:00,51.01277
2025-11-06 15:00:00,50.65212
2025-11-06 16:00:00,46.98304
2025-11-06 17:00:00,48.46262
2025-11-06 18:00:00,42.33631
2025-11-06 19:00:00,37.98532
2025-11-06 20:00:00,36.49493
2025-11-06 21:00:00,35.96
2025-11-06 22:00:00,40.34504
2025-11-06 23:00:00,52.12124
2025-11-07 00:00:00,55.6054
2025-11-07 01:00:00,54.16457
2025-11-07 02:00:00,49.43488
2025-11-07 03:00:00,45.93968
2025-11-07 04:00:00,44.84186
2025-11-07 05:00:00,45.42471
2025-11-07 06:00:00,44.24693
2025-11-07 07:00:00,44.3365
2025-11-07 08:00:00,41.47571
2025-11-07 09:00:00,41.80972
2025-11-07 10:00:00,39.62
2025-11-07 11:00:00,39.41001
2025-11-07 12:00:00,41.30273
2025-11-07 13:00:00,43.91453
2025-11-07 14:00:00,48.15213
2025-11-07 15:00:00,40.84684
2025-11-07 16:00:00,38.47351
2025-11-07 17:00:00,36.93332
2025-11-07 18:00:00,31.25055
2025-11-07 19:00:00,29.0
2025-11-07 20:00:00,29.24995
2025-11-07 21:00:00,29.18027
2025-11-07 22:00:00,30.84319
2025-11-07 23:00:00,39.3925
2025-11-08 00:00:00,49.60452
2025-11-08 01:00:00,47.55256
2025-11-08 02:00:00,47.5802
2025-11-08 03:00:00,47.06435
2025-11-08 04:00:00,46.87512
2025-11-08 05:00:00,47.8
2025-11-08 06:00:00,47.13361
2025-11-08 07:00:00,46.49032
2025-11-08 08:00:00,46.20597
2025-11-08 09:00:00,46.40233
2025-11-08 10:00:00,45.9112
2025-11-08 11:00:00,45.90804
2025-11-08 12:00:00,46.67367
2025-11-08 13:00:00,46.76205
2025-11-08 14:00:00,47.63258
2025-11-08 15:00:00,40.61075
2025-11-08 16:00:00,39.42849
2025-11-08 17:00:00,35.65207
2025-11-08 18:00:00,30.14368
2025-11-08 19:00:00,27.17324
2025-11-08 20:00:00,25.64927
2025-11-08 21:00:00,28.21208
2025-11-08 22:00:00,34.8992
2025-11-08 23:00:00,45.79153
2025-11-09 00:00:00,49.77448
2025-11-09 01:00:00,50.42359
2025-11-09 02:00:00,49.70503
2025-11-09 03:00:00,48.83182
2025-11-09 04:00:00,48.81903
2025-11-09 05:00:00,49.17675
2025-11-09 06:00:00,48.62695
2025-11-09 07:00:00,48.07368
2025-11-09 08:00:00,45.11447
2025-11-09 09:00:00,45.33623
2025-11-09 10:00:00,42.99923
2025-11-09 11:00:00,45.70547
2025-11-09 12:00:00,41.12401
2025-11-09 13:00:00,43.89787
2025-11-09 14:00:00,38.84651
2025-11-09 15:00:00,33.85074
2025-11-09 16:00:00,24.59433
2025-11-09 17:00:00,18.77007
2025-11-09 18:00:00,16.24
2025-11-09 19:00:00,14.77883
2025-11-09 20:00:00,14.04233
2025-11-09 21:00:00,16.28582
2025-11-09 22:00:00,20.0
2025-11-09 23:00:00,41.00806
2025-11-10 00:00:00,54.09888
2025-11-10 01:00:00,51.42956
2025-11-10 02:00:00,50.95981
2025-11-10 03:00:00,48.85968
2025-11-10 04:00:00,48.92571
2025-11-10 05:00:00,48.72146
2025-11-10 06:00:00,48.38504
2025-11-10 07:00:00,45.04828
2025-11-10 08:00:00,47.50851
2025-11-10 09:00:00,47.44305
2025-11-10 10:00:00,46.06725
2025-11-10 11:00:00,46.44319
2025-11-10 12:00:00,45.87802
2025-11-10 13:00:00,47.71531
2025-11-10 14:00:00,55.26109
2025-11-10 15:00:00,41.01678
2025-11-10 16:00:00,34.84578
2025-11-10 17:00:00,31.96331
2025-11-10 18:00:00,28.96959
2025-11-10 19:00:00,29.6298
2025-11-10 20:00:00,29.81942
2025-11-10 21:00:00,30.61958
2025-11-10 22:00:00,32.5
2025-11-10 23:00:00,53.06657
2025-11-11 00:00:00,60.08776
2025-11-11 01:00:00,57.26828
2025-11-11 02:00:00,54.28498
2025-11-11 03:00:00,52.42882
2025-11-11 04:00:00,51.27652
2025-11-11 05:00:00,51.11803
2025-11-11 06:00:00,49.34052
2025-11-11 07:00:00,47.86916
2025-11-11 08:00:00,47.05403
2025-11-11 09:00:00,46.22481
2025-11-11 10:00:00,45.02179
2025-11-11 11:00:00,45.65634
2025-11-11 12:00:00,45.90764
2025-11-11 13:00:00,49.06
2025-11-11 14:00:00,56.60417
2025-11-11 15:00:00,47.3958
2025-11-11 16:00:00,44.7421
2025-11-11 17:00:00,46.87256
2025-11-11 18:00:00,46.27231
2025-11-11 19:00:00,42.75576
2025-11-11 20:00:00,44.4368
2025-11-11 21:00:00,47.43552
2025-11-11 22:00:00,54.02589
2025-11-11 23:00:00,61.77001
2025-11-12 00:00:00,62.82924
2025-11-12 01:00:00,59.82092
2025-11-12 02:00:00,59.43216
2025-11-12 03:00:00,57.70226
2025-11-12 04:00:00,56.89445
2025-11-12 05:00:00,56.09579
2025-11-12 06:00:00,52.33
2025-11-12 07:00:00,50.69475
2025-11-12 08:00:00,51.31082
2025-11-12 09:00:00,47.45012
2025-11-12 10:00:00,46.63107
2025-11-12 11:00:00,47.12645
2025-11-12 12:00:00,47.93348
2025-11-12 13:00:00,50.18187
2025-11-12 14:00:00,58.31166
2025-11-12 15:00:00,54.33696
2025-11-12 16:00:00,52.51888
2025-11-12 17:00:00,52.73534
2025-11-12 18:00:00,50.46592
2025-11-12 19:00:00,47.67
2025-11-12 20:00:00,48.30437
2025-11-12 21:00:00,48.314
2025-11-12 22:00:00,50.22055
2025-11-12 23:00:00,59.00235
2025-11-13 00:00:00,62.6
2025-11-13 01:00:00,57.61457
2025-11-13 02:00:00,57.85054
2025-11-13 03:00:00,56.05212
2025-11-13 04:00:00,51.68353
2025-11-13 05:00:00,53.70441
2025-11-13 06:00:00,49.5089
2025-11-13 07:00:00,47.36787
2025-11-13 08:00:00,48.31148
2025-11-13 09:00:00,47.25648
2025-11-13 10:00:00,43.41216
2025-11-13 11:00:00,42.93739
2025-11-13 12:00:00,43.30364
2025-11-13 13:00:00,46.52129
2025-11-13 14:00:00,49.37843
2025-11-13 15:00:00,43.07907
2025-11-13 16:00:00,50.23417
2025-11-13 17:00:00,57.76155
2025-11-13 18:00:00,57.31388
2025-11-13 19:00:00,57.14635
2025-11-13 20:00:00,57.47704
2025-11-13 21:00:00,58.01644
2025-11-13 22:00:00,58.88112
2025-11-13 23:00:00,60.0
2025-11-14 00:00:00,56.29542
2025-11-14 01:00:00,55.53693
2025-11-14 02:00:00,52.77151
2025-11-14 03:00:00,51.95958
2025-11-14 04:00:00,50.97189
2025-11-14 05:00:00,50.39495
2025-11-14 06:00:00,48.04629
2025-11-14 07:00:00,46.34745
2025-11-14 08:00:00,43.42009
2025-11-14 09:00:00,43.11188
2025-11-14 10:00:00,42.96551
2025-11-14 11:00:00,42.86913
2025-11-14 12:00:00,43.09542
2025-11-14 13:00:00,43.65153
2025-11-14 14:00:00,52.78971
2025-11-14 15:00:00,48.68802
2025-11-14 16:00:00,50.99964
2025-11-14 17:00:00,54.02717
2025-11-14 18:00:00,50.94056
2025-11-14 19:00:00,47.53958
2025-11-14 20:00:00,47.30284
2025-11-14 21:00:00,49.8875
2025-11-14 22:00:00,51.90329
2025-11-14 23:00:00,57.33748
2025-11-15 00:00:00,58.40952
2025-11-15 01:00:00,58.76683
2025-11-15 02:00:00,56.88392
2025-11-15 03:00:00,54.93515
2025-11-15 04:00:00,54.35313
2025-11-15 05:00:00,53.22082
2025-11-15 06:00:00,48.02644
2025-11-15 07:00:00,46.07495
2025-11-15 08:00:00,45.78596
2025-11-15 09:00:00,44.24357
2025-11-15 10:00:00,42.66988
2025-11-15 11:00:00,41.99275
2025-11-15 12:00:00,41.80163
2025-11-15 13:00:00,42.31698
2025-11-15 14:00:00,43.81237
2025-11-15 15:00:00,45.24948
2025-11-15 16:00:00,47.20168
2025-11-15 17:00:00,47.28
2025-11-15 18:00:00,44.68429
2025-11-15 19:00:00,45.15813
2025-11-15 20:00:00,45.60158
2025-11-15 21:00:00,48.36463
2025-11-15 22:00:00,51.47675
2025-11-15 23:00:00,54.07516
2025-11-16 00:00:00,54.37916
2025-11-16 01:00:00,54.04017
2025-11-16 02:00:00,52.50483
2025-11-16 03:00:00,51.34967
2025-11-16 04:00:00,50.65904
2025-11-16 05:00:00,48.34799
2025-11-16 06:00:00,46.83082
2025-11-16 07:00:00,44.57652
2025-11-16 08:00:00,47.03
2025-11-16 09:00:00,45.08
2025-11-16 10:00:00,40.42461
2025-11-16 11:00:00,38.41124
2025-11-16 12:00:00,40.11916
2025-11-16 13:00:00,40.95245
2025-11-16 14:00:00,44.22564
2025-11-16 15:00:00,46.636
2025-11-16 16:00:00,46.27052
2025-11-16 17:00:00,42.2238
2025-11-16 18:00:00,45.86914
2025-11-16 19:00:00,41.57699
2025-11-16 20:00:00,40.0
2025-11-16 21:00:00,44.7712
2025-11-16 22:00:00,44.94431
2025-11-16 23:00:00,49.40995
2025-11-17 00:00:00,47.86098
2025-11-17 01:00:00,51.11036
2025-11-17 02:00:00,50.45849
2025-11-17 03:00:00,50.00077
2025-11-17 04:00:00,48.71972
2025-11-17 05:00:00,48.45184
2025-11-17 06:00:00,46.81341
2025-11-17 07:00:00,42.45795
2025-11-17 08:00:00,42.34077
2025-11-17 09:00:00,41.84519
2025-11-17 10:00:00,42.55578
2025-11-17 11:00:00,43.05835
2025-11-17 12:00:00,43.47492
2025-11-17 13:00:00,46.1732
2025-11-17 14:00:00,51.73833
2025-11-17 15:00:00,55.16571
2025-11-17 16:00:00,54.05204
2025-11-17 17:00:00,52.63785
2025-11-17 18:00:00,53.29865
2025-11-17 19:00:00,49.04932
2025-11-17 20:00:00,48.0
2025-11-17 21:00:00,49.95809
2025-11-17 22:00:00,53.7623
2025-11-17 23:00:00,56.14457
2025-11-18 00:00:00,57.28892
2025-11-18 01:00:00,57.05694
2025-11-18 02:00:00,55.46122
2025-11-18 03:00:00,54.24006
2025-11-18 04:00:00,53.83068
2025-11-18 05:00:00,52.72105
2025-11-18 06:00:00,49.19374
2025-11-18 07:00:00,46.26315
2025-11-18 08:00:00,48.17831
2025-11-18 09:00:00,46.73401
2025-11-18 10:00:00,45.86112
2025-11-18 11:00:00,46.17721
2025-11-18 12:00:00,49.37773
2025-11-18 13:00:00,52.08629
2025-11-18 14:00:00,57.89747
2025-11-18 15:00:00,57.89497
2025-11-18 16:00:00,54.19201
2025-11-18 17:00:00,48.68
2025-11-18 18:00:00,45.92207
2025-11-18 19:00:00,44.15
2025-11-18 20:00:00,43.16423
2025-11-18 21:00:00,43.81304
2025-11-18 22:00:00,47.22823
2025-11-18 23:00:00,56.39927
2025-11-19 00:00:00,60.44487
2025-11-19 01:00:00,60.42774
2025-11-19 02:00:00,59.59673
2025-11-19 03:00:00,58.28588
2025-11-19 04:00:00,57.41596
2025-11-19 05:00:00,56.85321
2025-11-19 06:00:00,55.56928
2025-11-19 07:00:00,52.64863
2025-11-19 08:00:00,49.58423
2025-11-19 09:00:00,49.08536
2025-11-19 10:00:00,47.55971
2025-11-19 11:00:00,48.24417
2025-11-19 12:00:00,50.57371
2025-11-19 13:00:00,54.57616
2025-11-19 14:00:00,59.51604
2025-11-19 15:00:00,58.49728
2025-11-19 16:00:00,54.30299
2025-11-19 17:00:00,50.15249
2025-11-19 18:00:00,47.26076
2025-11-19 19:00:00,46.2472
2025-11-19 20:00:00,44.54761
2025-11-19 21:00:00,46.94
2025-11-19 22:00:00,51.15088
2025-11-19 23:00:00,58.43442
2025-11-20 00:00:00,62.94
2025-11-20 01:00:00,62.17279
2025-11-20 02:00:00,59.82948
2025-11-20 03:00:00,58.90557
2025-11-20 04:00:00,58.07056
2025-11-20 05:00:00,57.21174
2025-11-20 06:00:00,56.09588
2025-11-20 07:00:00,51.85384
2025-11-20 08:00:00,52.359
2025-11-20 09:00:00,52.50461
2025-11-20 10:00:00,49.52406
2025-11-20 11:00:00,49.71867
2025-11-20 12:00:00,49.89
2025-11-20 13:00:00,52.63851
2025-11-20 14:00:00,60.13218
2025-11-20 15:00:00,62.7766
2025-11-20 16:00:00,63.95056
2025-11-20 17:00:00,65.9
2025-11-20 18:00:00,62.09932
2025-11-20 19:00:00,59.16379
2025-11-20 20:00:00,57.38
2025-11-20 21:00:00,58.74567
2025-11-20 22:00:00,60.21157
2025-11-20 23:00:00,65.61912
2025-11-21 00:00:00,66.84292
2025-11-21 01:00:00,65.90741
2025-11-21 02:00:00,61.25552
2025-11-21 03:00:00,57.83472
2025-11-21 04:00:00,56.8231
2025-11-21 05:00:00,55.45004
2025-11-21 06:00:00,54.31121
2025-11-21 07:00:00,50.86189
2025-11-21 08:00:00,51.30194
2025-11-21 09:00:00,50.78835
2025-11-21 10:00:00,49.37191
2025-11-21 11:00:00,48.65015
2025-11-21 12:00:00,49.63564
2025-11-21 13:00:00,55.43743
2025-11-21 14:00:00,59.73428
2025-11-21 15:00:00,59.42287
2025-11-21 16:00:00,54.94874
2025-11-21 17:00:00,51.13616
2025-11-21 18:00:00,48.08815
2025-11-21 19:00:00,46.26029
2025-11-21 20:00:00,44.91484
2025-11-21 21:00:00,45.75263
2025-11-21 22:00:00,48.22045
2025-11-21 23:00:00,53.69904
2025-11-22 00:00:00,59.48281
2025-11-22 01:00:00,61.12579
2025-11-22 02:00:00,59.94158
2025-11-22 03:00:00,58.43218
2025-11-22 04:00:00,57.50706
2025-11-22 05:00:00,56.9004
2025-11-22 06:00:00,55.04148
2025-11-22 07:00:00,51.43164
2025-11-22 08:00:00,50.66537
2025-11-22 09:00:00,49.07674
2025-11-22 10:00:00,48.36605
2025-11-22 11:00:00,48.6538
2025-11-22 12:00:00,47.37205
2025-11-22 13:00:00,49.50205
2025-11-22 14:00:00,51.5892
2025-11-22 15:00:00,50.58544
2025-11-22 16:00:00,43.21861
2025-11-22 17:00:00,41.63794
2025-11-22 18:00:00,38.64138
2025-11-22 19:00:00,35.99969
2025-11-22 20:00:00,35.79444
2025-11-22 21:00:00,36.39221
2025-11-22 22:00:00,39.74644
2025-11-22 23:00:00,46.66822
2025-11-23 00:00:00,54.38918
2025-11-23 01:00:00,61.24035
2025-11-23 02:00:00,57.88783
2025-11-23 03:00:00,53.61254
2025-11-23 04:00:00,54.14581
2025-11-23 05:00:00,53.83727
2025-11-23 06:00:00,53.37397
2025-11-23 07:00:00,51.0261
2025-11-23 08:00:00,49.49375
2025-11-23 09:00:00,49.83481
2025-11-23 10:00:00,49.20071
2025-11-23 11:00:00,47.81135
2025-11-23 12:00:00,48.80065
2025-11-23 13:00:00,45.67697
2025-11-23 14:00:00,49.5915
2025-11-23 15:00:00,46.9968
2025-11-23 16:00:00,37.72726
2025-11-23 17:00:00,41.85227
2025-11-23 18:00:00,36.23312
2025-11-23 19:00:00,33.37756
2025-11-23 20:00:00,28.36
2025-11-23 21:00:00,31.28873
2025-11-23 22:00:00,36.50494
2025-11-23 23:00:00,46.94382
2025-11-24 00:00:00,52.03855
2025-11-24 01:00:00,60.96591
2025-11-24 02:00:00,60.66917
2025-11-24 03:00:00,50.85235
2025-11-24 04:00:00,50.34481
2025-11-24 05:00:00,50.08
2025-11-24 06:00:00,49.02521
2025-11-24 07:00:00,47.86761
2025-11-24 08:00:00,45.77568
2025-11-24 09:00:00,45.81743
2025-11-24 10:00:00,45.2373
2025-11-24 11:00:00,45.07089
2025-11-24 12:00:00,45.59901
2025-11-24 13:00:00,46.35434
2025-11-24 14:00:00,54.67679
2025-11-24 15:00:00,60.27802
2025-11-24 16:00:00,52.27389
2025-11-24 17:00:00,48.64
2025-11-24 18:00:00,43.20641
2025-11-24 19:00:00,39.87551
2025-11-24 20:00:00,35.81687
2025-11-24 21:00:00,37.0755
2025-11-24 22:00:00,40.17638
2025-11-24 23:00:00,52.01177
2025-11-25 00:00:00,58.02
2025-11-25 01:00:00,59.23
2025-11-25 02:00:00,56.02519
2025-11-25 03:00:00,55.07967
2025-11-25 04:00:00,54.53237
2025-11-25 05:00:00,54.39831
2025-11-25 06:00:00,53.46305
2025-11-25 07:00:00,50.67333
2025-11-25 08:00:00,51.10011
2025-11-25 09:00:00,51.22855
2025-11-25 10:00:00,49.95211
2025-11-25 11:00:00,50.23078
2025-11-25 12:00:00,50.5499
2025-11-25 13:00:00,57.82475
2025-11-25 14:00:00,62.56313
2025-11-25 15:00:00,62.43562
2025-11-25 16:00:00,51.46219
2025-11-25 17:00:00,50.60066
2025-11-25 18:00:00,46.03116
2025-11-25 19:00:00,40.73
2025-11-25 20:00:00,38.0935
2025-11-25 21:00:00,38.86392
2025-11-25 22:00:00,40.14293
2025-11-25 23:00:00,55.26582
2025-11-26 00:00:00,62.61513
2025-11-26 01:00:00,64.30213
2025-11-26 02:00:00,62.98764
2025-11-26 03:00:00,61.39735
2025-11-26 04:00:00,61.81908
2025-11-26 05:00:00,61.00399
2025-11-26 06:00:00,59.19556
2025-11-26 07:00:00,57.97785
2025-11-26 08:00:00,57.75239
2025-11-26 09:00:00,55.31438
2025-11-26 10:00:00,52.49295
2025-11-26 11:00:00,52.66633
2025-11-26 12:00:00,52.6802
2025-11-26 13:00:00,59.37159
2025-11-26 14:00:00,64.00103
2025-11-26 15:00:00,58.20675
2025-11-26 16:00:00,54.54771
2025-11-26 17:00:00,50.0252
2025-11-26 18:00:00,47.65529
2025-11-26 19:00:00,43.24
2025-11-26 20:00:00,39.4
2025-11-26 21:00:00,40.48672
2025-11-26 22:00:00,43.19476
2025-11-26 23:00:00,53.15883
2025-11-27 00:00:00,61.59936
2025-11-27 01:00:00,60.58744
2025-11-27 02:00:00,59.56589
2025-11-27 03:00:00,59.01314
2025-11-27 04:00:00,59.10367
2025-11-27 05:00:00,58.91662
2025-11-27 06:00:00,57.77052
2025-11-27 07:00:00,54.89443
2025-11-27 08:00:00,59.53944
2025-11-27 09:00:00,56.88443
2025-11-27 10:00:00,54.16077
2025-11-27 11:00:00,52.82313
2025-11-27 12:00:00,52.06173
2025-11-27 13:00:00,49.48464
2025-11-27 14:00:00,54.10218
2025-11-27 15:00:00,50.52215
2025-11-27 16:00:00,49.16917
2025-11-27 17:00:00,54.85658
2025-11-27 18:00:00,53.5068
2025-11-27 19:00:00,50.14803
2025-11-27 20:00:00,47.51646
2025-11-27 21:00:00,46.94467
2025-11-27 22:00:00,49.4031
2025-11-27 23:00:00,55.38451
2025-11-28 00:00:00,57.02664
2025-11-28 01:00:00,55.62295
2025-11-28 02:00:00,54.48965
2025-11-28 03:00:00,54.20209
2025-11-28 04:00:00,53.68867
2025-11-28 05:00:00,53.78907
2025-11-28 06:00:00,52.14424
2025-11-28 07:00:00,49.86663
2025-11-28 08:00:00,57.69334
2025-11-28 09:00:00,56.82389
2025-11-28 10:00:00,55.03585
2025-11-28 11:00:00,51.19621
2025-11-28 12:00:00,51.2707
2025-11-28 13:00:00,51.3562
2025-11-28 14:00:00,57.49542
2025-11-28 15:00:00,52.51591
2025-11-28 16:00:00,48.58541
2025-11-28 17:00:00,50.67689
2025-11-28 18:00:00,48.80074
2025-11-28 19:00:00,41.49965
2025-11-28 20:00:00,41.14533
2025-11-28 21:00:00,40.11769
2025-11-28 22:00:00,47.25791
2025-11-28 23:00:00,52.77702
2025-11-29 00:00:00,55.53819
2025-11-29 01:00:00,53.49295
2025-11-29 02:00:00,53.39873
2025-11-29 03:00:00,53.25657
2025-11-29 04:00:00,52.81922
2025-11-29 05:00:00,51.4996
2025-11-29 06:00:00,52.12982
2025-11-29 07:00:00,50.82
2025-11-29 08:00:00,50.32702
2025-11-29 09:00:00,48.30257
2025-11-29 10:00:00,49.09487
2025-11-29 11:00:00,49.49691
2025-11-29 12:00:00,49.87671
2025-11-29 13:00:00,47.88629
2025-11-29 14:00:00,50.47307
2025-11-29 15:00:00,50.55053
2025-11-29 16:00:00,51.06801
2025-11-29 17:00:00,51.46245
2025-11-29 18:00:00,48.64
2025-11-29 19:00:00,43.71511
2025-11-29 20:00:00,39.86565
2025-11-29 21:00:00,39.86053
2025-11-29 22:00:00,42.93762
2025-11-29 23:00:00,53.45538
2025-11-30 00:00:00,56.19517
2025-11-30 01:00:00,56.50569
2025-11-30 02:00:00,56.37318
2025-11-30 03:00:00,55.77222
2025-11-30 04:00:00,54.92344
2025-11-30 05:00:00,55.3232
2025-11-30 06:00:00,54.55281
2025-11-30 07:00:00,53.72004
2025-11-30 08:00:00,53.60579
2025-11-30 09:00:00,51.90404
2025-11-30 10:00:00,48.60148
2025-11-30 11:00:00,48.94935
2025-11-30 12:00:00,49.17309
2025-11-30 13:00:00,49.01287
2025-11-30 14:00:00,50.82464
2025-11-30 15:00:00,50.29264
2025-11-30 16:00:00,52.25016
2025-11-30 17:00:00,54.12584
2025-11-30 18:00:00,51.44143
2025-11-30 19:00:00,48.09
2025-11-30 20:00:00,44.49113
2025-11-30 21:00:00,46.0
2025-11-30 22:00:00,47.70799
2025-11-30 23:00:00,54.48854
2025-12-01 00:00:00,61.89777
2025-12-01 01:00:00,64.75052
2025-12-01 02:00:00,64.79987
2025-12-01 03:00:00,59.71932
2025-12-01 04:00:00,54.0721
2025-12-01 05:00:00,54.00181
2025-12-01 06:00:00,52.36359
2025-12-01 07:00:00,51.33113
2025-12-01 08:00:00,59.42551
2025-12-01 09:00:00,55.9609
2025-12-01 10:00:00,55.77412
2025-12-01 11:00:00,55.37375
2025-12-01 12:00:00,55.86456
2025-12-01 13:00:00,57.03629
2025-12-01 14:00:00,65.5
2025-12-01 15:00:00,69.79558
2025-12-01 16:00:00,65.3654
2025-12-01 17:00:00,63.53
2025-12-01 18:00:00,58.59756
2025-12-01 19:00:00,54.2246
2025-12-01 20:00:00,49.67371
2025-12-01 21:00:00,49.5781
2025-12-01 22:00:00,53.1361
2025-12-01 23:00:00,61.0
2025-12-02 00:00:00,62.84178
2025-12-02 01:00:00,64.61362
2025-12-02 02:00:00,62.31532
2025-12-02 03:00:00,61.93232
2025-12-02 04:00:00,61.50676
2025-12-02 05:00:00,61.16729
2025-12-02 06:00:00,58.81275
2025-12-02 07:00:00,57.59148
2025-12-02 08:00:00,59.32463
2025-12-02 09:00:00,56.40532
2025-12-02 10:00:00,54.76214
2025-12-02 11:00:00,54.63937
2025-12-02 12:00:00,55.22436
2025-12-02 13:00:00,61.70318
2025-12-02 14:00:00,66.26691
2025-12-02 15:00:00,64.4946
2025-12-02 16:00:00,66.56313
2025-12-02 17:00:00,69.28
2025-12-02 18:00:00,65.3032
2025-12-02 19:00:00,60.00919
2025-12-02 20:00:00,56.25
2025-12-02 21:00:00,55.22347
2025-12-02 22:00:00,57.64216
2025-12-02 23:00:00,65.47883
2025-12-03 00:00:00,66.18712
2025-12-03 01:00:00,65.43877
2025-12-03 02:00:00,65.55368
2025-12-03 03:00:00,61.93385
2025-12-03 04:00:00,61.86473
2025-12-03 05:00:00,61.48101
2025-12-03 06:00:00,60.01998
2025-12-03 07:00:00,56.62509
2025-12-03 08:00:00,53.81641
2025-12-03 09:00:00,53.49942
2025-12-03 10:00:00,52.43003
2025-12-03 11:00:00,53.08781
2025-12-03 12:00:00,53.22927
2025-12-03 13:00:00,58.50845
2025-12-03 14:00:00,64.82745
2025-12-03 15:00:00,62.72453
2025-12-03 16:00:00,52.12099
2025-12-03 17:00:00,56.56925
2025-12-03 18:00:00,56.72116
2025-12-03 19:00:00,54.02604
2025-12-03 20:00:00,52.44879
2025-12-03 21:00:00,51.64
2025-12-03 22:00:00,51.75
2025-12-03 23:00:00,60.15716
2025-12-04 00:00:00,61.617
2025-12-04 01:00:00,61.27822
2025-12-04 02:00:00,63.96152
2025-12-04 03:00:00,61.99947
2025-12-04 04:00:00,61.7847
2025-12-04 05:00:00,59.34564
2025-12-04 06:00:00,60.8756
2025-12-04 07:00:00,58.66385
2025-12-04 08:00:00,55.31935
2025-12-04 09:00:00,51.47775
2025-12-04 10:00:00,50.97593
2025-12-04 11:00:00,50.88364
2025-12-04 12:00:00,52.19768
2025-12-04 13:00:00,55.87642
2025-12-04 14:00:00,60.48659
2025-12-04 15:00:00,57.16993
2025-12-04 16:00:00,54.42502
2025-12-04 17:00:00,48.69757
2025-12-04 18:00:00,51.0
2025-12-04 19:00:00,47.90382
2025-12-04 20:00:00,46.61824
2025-12-04 21:00:00,43.67357
2025-12-04 22:00:00,46.8214
2025-12-04 23:00:00,53.85452
2025-12-05 00:00:00,59.92445
2025-12-05 01:00:00,60.64973
2025-12-05 02:00:00,59.34611
2025-12-05 03:00:00,59.35531
2025-12-05 04:00:00,59.68261
2025-12-05 05:00:00,59.71288
2025-12-05 06:00:00,58.91355
2025-12-05 07:00:00,57.35408
2025-12-05 08:00:00,51.38986
2025-12-05 09:00:00,50.12685
2025-12-05 10:00:00,49.67899
2025-12-05 11:00:00,49.86298
2025-12-05 12:00:00,50.21855
2025-12-05 13:00:00,53.4897
2025-12-05 14:00:00,59.5777
2025-12-05 15:00:00,54.37
2025-12-05 16:00:00,45.0
2025-12-05 17:00:00,46.42185
2025-12-05 18:00:00,45.30325
2025-12-05 19:00:00,44.1416
2025-12-05 20:00:00,41.0
2025-12-05 21:00:00,37.27338
2025-12-05 22:00:00,40.35135
2025-12-05 23:00:00,48.78715
2025-12-06 00:00:00,56.58638
2025-12-06 01:00:00,56.01466
2025-12-06 02:00:00,54.56079
2025-12-06 03:00:00,53.73415
2025-12-06 04:00:00,52.70278
2025-12-06 05:00:00,53.05611
2025-12-06 06:00:00,53.02037
2025-12-06 07:00:00,52.21006
2025-12-06 08:00:00,49.07024
2025-12-06 09:00:00,49.08399
2025-12-06 10:00:00,46.15772
2025-12-06 11:00:00,45.04
2025-12-06 12:00:00,43.64433
2025-12-06 13:00:00,46.01807
2025-12-06 14:00:00,49.05875
2025-12-06 15:00:00,45.10806
2025-12-06 16:00:00,41.12849
2025-12-06 17:00:00,40.35776
2025-12-06 18:00:00,39.20835
2025-12-06 19:00:00,32.94037
2025-12-06 20:00:00,30.90709
2025-12-06 21:00:00,28.5
2025-12-06 22:00:00,34.69482
2025-12-06 23:00:00,42.54828
2025-12-07 00:00:00,51.71689
2025-12-07 01:00:00,52.5585
2025-12-07 02:00:00,52.40085
2025-12-07 03:00:00,52.19517
2025-12-07 04:00:00,52.32694
2025-12-07 05:00:00,52.187
2025-12-07 06:00:00,51.85532
2025-12-07 07:00:00,50.66734
2025-12-07 08:00:00,54.51349
2025-12-07 09:00:00,52.7857
2025-12-07 10:00:00,52.52253
2025-12-07 11:00:00,51.45373
2025-12-07 12:00:00,48.71616
2025-12-07 13:00:00,50.35269
2025-12-07 14:00:00,54.34292
2025-12-07 15:00:00,45.40176
2025-12-07 16:00:00,38.56076
2025-12-07 17:00:00,34.5025
2025-12-07 18:00:00,43.41019
2025-12-07 19:00:00,37.65707
2025-12-07 20:00:00,27.59553
2025-12-07 21:00:00,28.62854
2025-12-07 22:00:00,37.38115
2025-12-07 23:00:00,51.08298
2025-12-08 00:00:00,56.0587
2025-12-08 01:00:00,55.10884
2025-12-08 02:00:00,55.70087
2025-12-08 03:00:00,55.48915
2025-12-08 04:00:00,55.60537
2025-12-08 05:00:00,55.34303
2025-12-08 06:00:00,54.54874
2025-12-08 07:00:00,52.74717
2025-12-08 08:00:00,51.01054
2025-12-08 09:00:00,51.37736
2025-12-08 10:00:00,50.20479
2025-12-08 11:00:00,49.59191
2025-12-08 12:00:00,50.77476
2025-12-08 13:00:00,52.22051
2025-12-08 14:00:00,60.0
2025-12-08 15:00:00,57.65908
2025-12-08 16:00:00,49.0319
2025-12-08 17:00:00,52.04
2025-12-08 18:00:00,51.42
2025-12-08 19:00:00,43.95875
2025-12-08 20:00:00,39.86591
2025-12-08 21:00:00,39.78425
2025-12-08 22:00:00,41.6
2025-12-08 23:00:00,55.0
2025-12-09 00:00:00,59.34974
2025-12-09 01:00:00,59.02639
2025-12-09 02:00:00,59.04639
2025-12-09 03:00:00,58.05137
2025-12-09 04:00:00,57.96272
2025-12-09 05:00:00,58.19653
2025-12-09 06:00:00,57.45341
2025-12-09 07:00:00,54.83977
2025-12-09 08:00:00,48.05056
2025-12-09 09:00:00,45.57623
2025-12-09 10:00:00,44.49499
2025-12-09 11:00:00,43.75117
2025-12-09 12:00:00,44.74679
2025-12-09 13:00:00,48.44449
2025-12-09 14:00:00,53.69174
2025-12-09 15:00:00,49.34424
2025-12-09 16:00:00,42.76436
2025-12-09 17:00:00,42.1637
2025-12-09 18:00:00,45.15
2025-12-09 19:00:00,43.42051
2025-12-09 20:00:00,41.98089
2025-12-09 21:00:00,39.0
2025-12-09 22:00:00,40.42178
2025-12-09 23:00:00,50.02071
2025-12-10 00:00:00,54.64444
2025-12-10 01:00:00,53.91289
2025-12-10 02:00:00,54.16621
2025-12-10 03:00:00,52.69241
2025-12-10 04:00:00,51.69268
2025-12-10 05:00:00,51.80012
2025-12-10 06:00:00,50.1356
2025-12-10 07:00:00,47.36
2025-12-10 08:00:00,46.42718
2025-12-10 09:00:00,43.41003
2025-12-10 10:00:00,41.19527
2025-12-10 11:00:00,40.58806
2025-12-10 12:00:00,41.21773
2025-12-10 13:00:00,45.0621
2025-12-10 14:00:00,47.95233
2025-12-10 15:00:00,43.17413
2025-12-10 16:00:00,38.79397
2025-12-10 17:00:00,41.9497
2025-12-10 18:00:00,40.168
2025-12-10 19:00:00,38.08
2025-12-10 20:00:00,37.07136
2025-12-10 21:00:00,36.61093
2025-12-10 22:00:00,36.54197
2025-12-10 23:00:00,44.39017
2025-12-11 00:00:00,48.60724
2025-12-11 01:00:00,48.82028
2025-12-11 02:00:00,50.20885
2025-12-11 03:00:00,49.79035
2025-12-11 04:00:00,48.37746
2025-12-11 05:00:00,47.57784
2025-12-11 06:00:00,46.78024
2025-12-11 07:00:00,43.68274
2025-12-11 08:00:00,38.75431
2025-12-11 09:00:00,37.88214
2025-12-11 10:00:00,36.76312
2025-12-11 11:00:00,36.42918
2025-12-11 12:00:00,37.22251
2025-12-11 13:00:00,40.56317
2025-12-11 14:00:00,45.32496
2025-12-11 15:00:00,42.35684
2025-12-11 16:00:00,42.92134
2025-12-11 17:00:00,42.84932
2025-12-11 18:00:00,39.89182
2025-12-11 19:00:00,36.03001
2025-12-11 20:00:00,35.74732
2025-12-11 21:00:00,35.49905
2025-12-11 22:00:00,36.22262
2025-12-11 23:00:00,44.11115
2025-12-12 00:00:00,49.63533
2025-12-12 01:00:00,49.71184
2025-12-12 02:00:00,49.61131
2025-12-12 03:00:00,48.98394
2025-12-12 04:00:00,48.44667
2025-12-12 05:00:00,48.56939
2025-12-12 06:00:00,47.35903
2025-12-12 07:00:00,45.87401
2025-12-12 08:00:00,45.94491
2025-12-12 09:00:00,43.61957
2025-12-12 10:00:00,41.72271
2025-12-12 11:00:00,41.55143
2025-12-12 12:00:00,42.51227
2025-12-12 13:00:00,46.25283
2025-12-12 14:00:00,50.64962
2025-12-12 15:00:00,45.5711
2025-12-12 16:00:00,38.29606
2025-12-12 17:00:00,37.43166
2025-12-12 18:00:00,37.98751
2025-12-12 19:00:00,36.2373
2025-12-12 20:00:00,36.49623
2025-12-12 21:00:00,35.51889
2025-12-12 22:00:00,34.30644
2025-12-12 23:00:00,42.2385
2025-12-13 00:00:00,48.34208
2025-12-13 01:00:00,48.19524
2025-12-13 02:00:00,48.94566
2025-12-13 03:00:00,48.45884
2025-12-13 04:00:00,48.40328
2025-12-13 05:00:00,47.88741
2025-12-13 06:00:00,46.9151
2025-12-13 07:00:00,46.64106
2025-12-13 08:00:00,42.71357
2025-12-13 09:00:00,42.39738
2025-12-13 10:00:00,39.42531
2025-12-13 11:00:00,37.28107
2025-12-13 12:00:00,39.57765
2025-12-13 13:00:00,40.59
2025-12-13 14:00:00,43.2346
2025-12-13 15:00:00,40.29226
2025-12-13 16:00:00,34.72824
2025-12-13 17:00:00,37.74
2025-12-13 18:00:00,35.28566
2025-12-13 19:00:00,33.51461
2025-12-13 20:00:00,32.89
2025-12-13 21:00:00,32.35388
2025-12-13 22:00:00,32.59
2025-12-13 23:00:00,40.24
2025-12-14 00:00:00,45.47611
2025-12-14 01:00:00,45.4951
2025-12-14 02:00:00,46.06887
2025-12-14 03:00:00,45.21568
2025-12-14 04:00:00,45.45728
2025-12-14 05:00:00,45.17613
2025-12-14 06:00:00,44.5997
2025-12-14 07:00:00,43.50698
2025-12-14 08:00:00,41.41527
2025-12-14 09:00:00,39.62813
2025-12-14 10:00:00,38.30231
2025-12-14 11:00:00,38.7525
2025-12-14 12:00:00,37.97387
2025-12-14 13:00:00,37.41804
2025-12-14 14:00:00,40.34303
2025-12-14 15:00:00,39.33301
2025-12-14 16:00:00,34.27584
2025-12-14 17:00:00,33.54042
2025-12-14 18:00:00,33.25892
2025-12-14 19:00:00,33.22163
2025-12-14 20:00:00,33.64367
2025-12-14 21:00:00,32.00923
2025-12-14 22:00:00,34.11693
2025-12-14 23:00:00,37.70819
2025-12-15 00:00:00,44.92689
2025-12-15 01:00:00,45.6041
2025-12-15 02:00:00,46.77758
2025-12-15 03:00:00,46.93101
2025-12-15 04:00:00,47.03239
2025-12-15 05:00:00,45.81787
2025-12-15 06:00:00,45.37896
2025-12-15 07:00:00,43.66699
2025-12-15 08:00:00,38.10906
2025-12-15 09:00:00,37.3037
2025-12-15 10:00:00,37.08031
2025-12-15 11:00:00,36.45039
2025-12-15 12:00:00,37.21077
2025-12-15 13:00:00,40.70026
2025-12-15 14:00:00,42.04222
2025-12-15 15:00:00,43.76764
2025-12-15 16:00:00,35.34116
2025-12-15 17:00:00,32.58604
2025-12-15 18:00:00,33.9065
2025-12-15 19:00:00,30.45263
2025-12-15 20:00:00,34.36145
2025-12-15 21:00:00,34.2522
2025-12-15 22:00:00,36.74741
2025-12-15 23:00:00,42.4
2025-12-16 00:00:00,46.95626
2025-12-16 01:00:00,46.29417
2025-12-16 02:00:00,46.35734
2025-12-16 03:00:00,46.06447
2025-12-16 04:00:00,45.90915
2025-12-16 05:00:00,45.6696
2025-12-16 06:00:00,44.47465
2025-12-16 07:00:00,41.92032
2025-12-16 08:00:00,40.78794
2025-12-16 09:00:00,39.77555
2025-12-16 10:00:00,37.06963
2025-12-16 11:00:00,37.0414
2025-12-16 12:00:00,38.14511
2025-12-16 13:00:00,40.72264
2025-12-16 14:00:00,45.73458
2025-12-16 15:00:00,41.6732
2025-12-16 16:00:00,33.8574
2025-12-16 17:00:00,33.64
2025-12-16 18:00:00,33.87834
2025-12-16 19:00:00,34.57387
2025-12-16 20:00:00,32.78879
2025-12-16 21:00:00,32.49468
2025-12-16 22:00:00,32.7251
2025-12-16 23:00:00,40.75972
2025-12-17 00:00:00,44.76246
2025-12-17 01:00:00,41.45472
2025-12-17 02:00:00,40.89376
2025-12-17 03:00:00,44.3723
2025-12-17 04:00:00,43.86353
2025-12-17 05:00:00,42.76885
2025-12-17 06:00:00,41.69314
2025-12-17 07:00:00,39.18773
2025-12-17 08:00:00,35.80844
2025-12-17 09:00:00,34.61552
2025-12-17 10:00:00,33.01357
2025-12-17 11:00:00,32.70615
2025-12-17 12:00:00,33.01143
2025-12-17 13:00:00,35.96078
2025-12-17 14:00:00,41.24909
2025-12-17 15:00:00,39.90937
2025-12-17 16:00:00,37.82761
2025-12-17 17:00:00,37.63587
2025-12-17 18:00:00,34.02433
2025-12-17 19:00:00,31.08
2025-12-17 20:00:00,27.65848
2025-12-17 21:00:00,24.30245
2025-12-17 22:00:00,29.1449
2025-12-17 23:00:00,34.19512
2025-12-18 00:00:00,36.10481
2025-12-18 01:00:00,40.90173
2025-12-18 02:00:00,40.74926
2025-12-18 03:00:00,40.40722
2025-12-18 04:00:00,40.40558
2025-12-18 05:00:00,39.3789
2025-12-18 06:00:00,38.60863
2025-12-18 07:00:00,37.39039
2025-12-18 08:00:00,37.13239
2025-12-18 09:00:00,36.86255
2025-12-18 10:00:00,36.33879
2025-12-18 11:00:00,36.71783
2025-12-18 12:00:00,38.38223
2025-12-18 13:00:00,40.46601
2025-12-18 14:00:00,45.4685
2025-12-18 15:00:00,45.15166
2025-12-18 16:00:00,38.09241
2025-12-18 17:00:00,39.68642
2025-12-18 18:00:00,35.20575
2025-12-18 19:00:00,34.1368
2025-12-18 20:00:00,33.06495
2025-12-18 21:00:00,32.6816
2025-12-18 22:00:00,33.75577
2025-12-18 23:00:00,39.58908
2025-12-19 00:00:00,42.14377
2025-12-19 01:00:00,43.07559
2025-12-19 02:00:00,42.06455
2025-12-19 03:00:00,41.49894
2025-12-19 04:00:00,41.26604
2025-12-19 05:00:00,40.59082
2025-12-19 06:00:00,39.34659
2025-12-19 07:00:00,36.59328
2025-12-19 08:00:00,32.95139
2025-12-19 09:00:00,31.84772
2025-12-19 10:00:00,31.73384
2025-12-19 11:00:00,31.78224
2025-12-19 12:00:00,32.75307
2025-12-19 13:00:00,35.40945
2025-12-19 14:00:00,39.92402
2025-12-19 15:00:00,39.39108
2025-12-19 16:00:00,37.67698
2025-12-19 17:00:00,39.52318
2025-12-19 18:00:00,34.74935
2025-12-19 19:00:00,33.28367
2025-12-19 20:00:00,31.37879
2025-12-19 21:00:00,30.50432
2025-12-19 22:00:00,30.94817
2025-12-19 23:00:00,37.07802
2025-12-20 00:00:00,40.64747
2025-12-20 01:00:00,40.92747
2025-12-20 02:00:00,40.38511
2025-12-20 03:00:00,39.24704
2025-12-20 04:00:00,39.31477
2025-12-20 05:00:00,39.44304
2025-12-20 06:00:00,37.85446
2025-12-20 07:00:00,35.41984
2025-12-20 08:00:00,29.01571
2025-12-20 09:00:00,28.83578
2025-12-20 10:00:00,28.60655
2025-12-20 11:00:00,28.31296
2025-12-20 12:00:00,28.90121
2025-12-20 13:00:00,30.14848
2025-12-20 14:00:00,34.08205
2025-12-20 15:00:00,28.85149
2025-12-20 16:00:00,28.45701
2025-12-20 17:00:00,29.79799
2025-12-20 18:00:00,30.08871
2025-12-20 19:00:00,29.1661
2025-12-20 20:00:00,29.81647
2025-12-20 21:00:00,28.29844
2025-12-20 22:00:00,29.53405
2025-12-20 23:00:00,35.70806
2025-12-21 00:00:00,39.89959
2025-12-21 01:00:00,40.39766
2025-12-21 02:00:00,39.87457
2025-12-21 03:00:00,38.83415
2025-12-21 04:00:00,39.03469
2025-12-21 05:00:00,38.32001
2025-12-21 06:00:00,38.12538
2025-12-21 07:00:00,36.41703
2025-12-21 08:00:00,34.6775
2025-12-21 09:00:00,33.65262
2025-12-21 10:00:00,31.67968
2025-12-21 11:00:00,30.47969
2025-12-21 12:00:00,31.80958
2025-12-21 13:00:00,33.89933
2025-12-21 14:00:00,32.9764
2025-12-21 15:00:00,29.34074
2025-12-21 16:00:00,27.63719
2025-12-21 17:00:00,30.02207
2025-12-21 18:00:00,30.1503
2025-12-21 19:00:00,28.91306
2025-12-21 20:00:00,28.90405
2025-12-21 21:00:00,28.29422
2025-12-21 22:00:00,28.83437
2025-12-21 23:00:00,36.56203
2025-12-22 00:00:00,38.56721
2025-12-22 01:00:00,37.88463
2025-12-22 02:00:00,39.07635
2025-12-22 03:00:00,37.91511
2025-12-22 04:00:00,38.58064
2025-12-22 05:00:00,37.3924
2025-12-22 06:00:00,36.792
2025-12-22 07:00:00,34.48527
2025-12-22 08:00:00,33.41423
2025-12-22 09:00:00,32.35358
2025-12-22 10:00:00,32.19543
2025-12-22 11:00:00,31.84987
2025-12-22 12:00:00,33.04643
2025-12-22 13:00:00,35.86601
2025-12-22 14:00:00,39.56872
2025-12-22 15:00:00,39.62209
2025-12-22 16:00:00,35.2749
2025-12-22 17:00:00,35.3803
2025-12-22 18:00:00,35.1781
2025-12-22 19:00:00,33.9771
2025-12-22 20:00:00,33.79
2025-12-22 21:00:00,33.16985
2025-12-22 22:00:00,34.58617
2025-12-22 23:00:00,42.78739
2025-12-23 00:00:00,43.92121
2025-12-23 01:00:00,43.28556
2025-12-23 02:00:00,43.5573
2025-12-23 03:00:00,42.41617
2025-12-23 04:00:00,42.26707
2025-12-23 05:00:00,41.44366
2025-12-23 06:00:00,38.63477
2025-12-23 07:00:00,35.19274
2025-12-23 08:00:00,32.86619
2025-12-23 09:00:00,31.9383
2025-12-23 10:00:00,31.06636
2025-12-23 11:00:00,31.42966
2025-12-23 12:00:00,31.62028
2025-12-23 13:00:00,33.91059
2025-12-23 14:00:00,35.79036
2025-12-23 15:00:00,36.27659
2025-12-23 16:00:00,35.3928
2025-12-23 17:00:00,35.82116
2025-12-23 18:00:00,34.3071
2025-12-23 19:00:00,33.47694
2025-12-23 20:00:00,33.13734
2025-12-23 21:00:00,32.87966
2025-12-23 22:00:00,34.00163
2025-12-23 23:00:00,36.30194
2025-12-24 00:00:00,39.71577
2025-12-24 01:00:00,38.63652
2025-12-24 02:00:00,38.8666
2025-12-24 03:00:00,37.52347
2025-12-24 04:00:00,36.74681
2025-12-24 05:00:00,35.58861
2025-12-24 06:00:00,33.69201
2025-12-24 07:00:00,33.43686
2025-12-24 08:00:00,29.40357
2025-12-24 09:00:00,28.21071
2025-12-24 10:00:00,28.92698
2025-12-24 11:00:00,28.61652
2025-12-24 12:00:00,28.65671
2025-12-24 13:00:00,29.60119
2025-12-24 14:00:00,32.27183
2025-12-24 15:00:00,32.43612
2025-12-24 16:00:00,37.26304
2025-12-24 17:00:00,37.25441
2025-12-24 18:00:00,37.03349
2025-12-24 19:00:00,35.56486
2025-12-24 20:00:00,33.8368
2025-12-24 21:00:00,33.23141
2025-12-24 22:00:00,34.52928
2025-12-24 23:00:00,36.23315
2025-12-25 00:00:00,35.70782
2025-12-25 01:00:00,35.5527
2025-12-25 02:00:00,35.67732
2025-12-25 03:00:00,33.8595
2025-12-25 04:00:00,31.94437
2025-12-25 05:00:00,31.63683
2025-12-25 06:00:00,30.67
2025-12-25 07:00:00,29.76731
2025-12-25 08:00:00,27.20187
2025-12-25 09:00:00,26.76355
2025-12-25 10:00:00,26.38565
2025-12-25 11:00:00,26.0438
2025-12-25 12:00:00,26.46408
2025-12-25 13:00:00,25.8238
2025-12-25 14:00:00,27.40997
2025-12-25 15:00:00,25.78435
2025-12-25 16:00:00,21.24569
2025-12-25 17:00:00,20.46428
2025-12-25 18:00:00,19.96029
2025-12-25 19:00:00,19.32298
2025-12-25 20:00:00,18.65777
2025-12-25 21:00:00,17.82579
2025-12-25 22:00:00,19.40387
2025-12-25 23:00:00,24.23
2025-12-26 00:00:00,32.38515
2025-12-26 01:00:00,33.13477
2025-12-26 02:00:00,32.87162
2025-12-26 03:00:00,31.45626
2025-12-26 04:00:00,31.41412
2025-12-26 05:00:00,31.31716
2025-12-26 06:00:00,31.17
2025-12-26 07:00:00,30.43902
2025-12-26 08:00:00,28.38
2025-12-26 09:00:00,29.12771
2025-12-26 10:00:00,27.48449
2025-12-26 11:00:00,27.46367
2025-12-26 12:00:00,29.2437
2025-12-26 13:00:00,29.81928
2025-12-26 14:00:00,31.8948
2025-12-26 15:00:00,31.09656
2025-12-26 16:00:00,30.36114
2025-12-26 17:00:00,28.1175
2025-12-26 18:00:00,25.35449
2025-12-26 19:00:00,24.9089
2025-12-26 20:00:00,24.9587
2025-12-26 21:00:00,25.03385
2025-12-26 22:00:00,24.93616
2025-12-26 23:00:00,32.92083
2025-12-27 00:00:00,35.03237
2025-12-27 01:00:00,34.74194
2025-12-27 02:00:00,34.95373
2025-12-27 03:00:00,33.39831
2025-12-27 04:00:00,33.89483
2025-12-27 05:00:00,33.72943
2025-12-27 06:00:00,33.4928
2025-12-27 07:00:00,29.90603
2025-12-27 08:00:00,19.7388
2025-12-27 09:00:00,19.35264
2025-12-27 10:00:00,19.41612
2025-12-27 11:00:00,19.26384
2025-12-27 12:00:00,19.61185
2025-12-27 13:00:00,19.6241
2025-12-27 14:00:00,21.58029
2025-12-27 15:00:00,20.22627
2025-12-27 16:00:00,14.93485
2025-12-27 17:00:00,10.58074
2025-12-27 18:00:00,4.582
2025-12-27 19:00:00,1.8055
2025-12-27 20:00:00,0.0
2025-12-27 21:00:00,0.10895
2025-12-27 22:00:00,2.74203
2025-12-27 23:00:00,10.05748
2025-12-28 00:00:00,31.39011
2025-12-28 01:00:00,32.20532
2025-12-28 02:00:00,32.54038
2025-12-28 03:00:00,31.78022
2025-12-28 04:00:00,31.51847
2025-12-28 05:00:00,31.59078
2025-12-28 06:00:00,31.82951
2025-12-28 07:00:00,30.83155
2025-12-28 08:00:00,30.16449
2025-12-28 09:00:00,29.30783
2025-12-28 10:00:00,29.35937
2025-12-28 11:00:00,29.01505
2025-12-28 12:00:00,28.98897
2025-12-28 13:00:00,28.63151
2025-12-28 14:00:00,29.59383
2025-12-28 15:00:00,25.75373
2025-12-28 16:00:00,16.29024
2025-12-28 17:00:00,13.26703
2025-12-28 18:00:00,7.32929
2025-12-28 19:00:00,4.76833
2025-12-28 20:00:00,1.60783
2025-12-28 21:00:00,-0.03709
2025-12-28 22:00:00,4.36405
2025-12-28 23:00:00,18.4538
2025-12-29 00:00:00,34.97465
2025-12-29 01:00:00,36.09583
2025-12-29 02:00:00,36.34707
2025-12-29 03:00:00,35.40672
2025-12-29 04:00:00,36.32223
2025-12-29 05:00:00,35.93451
2025-12-29 06:00:00,34.01593
2025-12-29 07:00:00,33.36931
2025-12-29 08:00:00,33.1083
2025-12-29 09:00:00,32.11473
2025-12-29 10:00:00,31.83354
2025-12-29 11:00:00,30.67223
2025-12-29 12:00:00,32.36477
2025-12-29 13:00:00,33.92594
2025-12-29 14:00:00,38.05747
2025-12-29 15:00:00,36.00289
2025-12-29 16:00:00,31.7291
2025-12-29 17:00:00,32.48674
2025-12-29 18:00:00,28.2403
2025-12-29 19:00:00,24.54025
2025-12-29 20:00:00,21.439
2025-12-29 21:00:00,18.11321
2025-12-29 22:00:00,25.47106
2025-12-29 23:00:00,30.06565
2025-12-30 00:00:00,40.87465
2025-12-30 01:00:00,41.22356
2025-12-30 02:00:00,43.28244
2025-12-30 03:00:00,40.69626
2025-12-30 04:00:00,40.25674
2025-12-30 05:00:00,39.22441
2025-12-30 06:00:00,38.20737
2025-12-30 07:00:00,36.62247
2025-12-30 08:00:00,36.17662
2025-12-30 09:00:00,34.17651
2025-12-30 10:00:00,33.83943
2025-12-30 11:00:00,33.73362
2025-12-30 12:00:00,35.80612
2025-12-30 13:00:00,40.03437
2025-12-30 14:00:00,43.59263
2025-12-30 15:00:00,42.904
2025-12-30 16:00:00,39.17807
2025-12-30 17:00:00,34.55636
2025-12-30 18:00:00,33.21538
2025-12-30 19:00:00,32.21784
2025-12-30 20:00:00,31.23751
2025-12-30 21:00:00,31.45275
2025-12-30 22:00:00,32.82633
2025-12-30 23:00:00,40.13589
2025-12-31 00:00:00,41.19233
2025-12-31 01:00:00,40.95224
2025-12-31 02:00:00,40.15143
2025-12-31 03:00:00,39.82801
2025-12-31 04:00:00,39.6641
2025-12-31 05:00:00,39.90517
2025-12-31 06:00:00,39.50449
2025-12-31 07:00:00,36.20042
2025-12-31 08:00:00,37.64195
2025-12-31 09:00:00,37.82753
2025-12-31 10:00:00,37.05858
2025-12-31 11:00:00,36.7234
2025-12-31 12:00:00,36.24099
2025-12-31 13:00:00,39.60659
2025-12-31 14:00:00,40.71327
2025-12-31 15:00:00,43.08959
2025-12-31 16:00:00,44.15369
2025-12-31 17:00:00,45.69505
2025-12-31 18:00:00,45.51662
2025-12-31 19:00:00,45.72302
2025-12-31 20:00:00,44.57217
2025-12-31 21:00:00,44.74897
2025-12-31 22:00:00,43.35639
2025-12-31 23:00:00,42.84166
2026-01-01 00:00:00,44.07133
2026-01-01 01:00:00,44.00494
2026-01-01 02:00:00,43.71513
2026-01-01 03:00:00,43.63203
2026-01-01 04:00:00,39.84721
2026-01-01 05:00:00,38.63418
2026-01-01 06:00:00,37.40814
2026-01-01 07:00:00,36.55491
2026-01-01 08:00:00,39.63875
2026-01-01 09:00:00,38.03586
2026-01-01 10:00:00,35.84125
2026-01-01 11:00:00,35.59968
2026-01-01 12:00:00,37.56086
2026-01-01 13:00:00,36.87925
2026-01-01 14:00:00,40.17962
2026-01-01 15:00:00,38.15003
2026-01-01 16:00:00,34.51618
2026-01-01 17:00:00,34.54279
2026-01-01 18:00:00,34.19323
2026-01-01 19:00:00,31.75664
2026-01-01 20:00:00,30.67894
2026-01-01 21:00:00,30.27941
2026-01-01 22:00:00,30.93986
2026-01-01 23:00:00,35.56068
2026-01-02 00:00:00,38.73524
2026-01-02 01:00:00,39.97241
2026-01-02 02:00:00,40.00124
2026-01-02 03:00:00,39.53262
2026-01-02 04:00:00,39.14127
2026-01-02 05:00:00,38.50234
2026-01-02 06:00:00,37.6085
2026-01-02 07:00:00,35.20036
2026-01-02 08:00:00,35.64939
2026-01-02 09:00:00,35.30185
2026-01-02 10:00:00,35.34522
2026-01-02 11:00:00,35.439
2026-01-02 12:00:00,35.68289
2026-01-02 13:00:00,35.66252
2026-01-02 14:00:00,36.73108
2026-01-02 15:00:00,36.06868
2026-01-02 16:00:00,34.46873
2026-01-02 17:00:00,32.55863
2026-01-02 18:00:00,30.55465
2026-01-02 19:00:00,29.40114
2026-01-02 20:00:00,28.2509
2026-01-02 21:00:00,27.39167
2026-01-02 22:00:00,29.70888
2026-01-02 23:00:00,35.67082
2026-01-03 00:00:00,39.90287
2026-01-03 01:00:00,39.77254
2026-01-03 02:00:00,39.57126
2026-01-03 03:00:00,38.83121
2026-01-03 04:00:00,38.9009
2026-01-03 05:00:00,38.6971
2026-01-03 06:00:00,37.98187
2026-01-03 07:00:00,37.6208
2026-01-03 08:00:00,32.83489
2026-01-03 09:00:00,30.71035
2026-01-03 10:00:00,30.19106
2026-01-03 11:00:00,29.9362
2026-01-03 12:00:00,28.68961
2026-01-03 13:00:00,30.4099
2026-01-03 14:00:00,34.66664
2026-01-03 15:00:00,32.19658
2026-01-03 16:00:00,32.12946
2026-01-03 17:00:00,31.75252
2026-01-03 18:00:00,30.69056
2026-01-03 19:00:00,29.87185
2026-01-03 20:00:00,29.0
2026-01-03 21:00:00,28.77415
2026-01-03 22:00:00,29.76785
2026-01-03 23:00:00,33.63131
2026-01-04 00:00:00,37.04146
2026-01-04 01:00:00,37.93724
2026-01-04 02:00:00,38.06786
2026-01-04 03:00:00,37.30837
2026-01-04 04:00:00,36.58196
2026-01-04 05:00:00,36.15006
2026-01-04 06:00:00,34.82352
2026-01-04 07:00:00,30.69206
2026-01-04 08:00:00,26.87253
2026-01-04 09:00:00,25.81091
2026-01-04 10:00:00,25.3105
2026-01-04 11:00:00,24.95343
2026-01-04 12:00:00,25.12336
2026-01-04 13:00:00,25.77734
2026-01-04 14:00:00,26.73697
2026-01-04 15:00:00,26.36476
2026-01-04 16:00:00,23.83858
2026-01-04 17:00:00,24.01742
2026-01-04 18:00:00,23.81476
2026-01-04 19:00:00,23.82658
2026-01-04 20:00:00,23.86068
2026-01-04 21:00:00,23.7277
2026-01-04 22:00:00,24.26142
2026-01-04 23:00:00,31.63024
2026-01-05 00:00:00,34.63264
2026-01-05 01:00:00,34.8684
2026-01-05 02:00:00,35.23529
2026-01-05 03:00:00,34.77139
2026-01-05 04:00:00,34.86893
2026-01-05 05:00:00,33.86084
2026-01-05 06:00:00,33.45797
2026-01-05 07:00:00,30.09795
2026-01-05 08:00:00,31.02294
2026-01-05 09:00:00,29.99883
2026-01-05 10:00:00,28.75269
2026-01-05 11:00:00,28.49025
2026-01-05 12:00:00,29.86409
2026-01-05 13:00:00,31.93488
2026-01-05 14:00:00,37.31935
2026-01-05 15:00:00,39.18794
2026-01-05 16:00:00,35.60967
2026-01-05 17:00:00,30.76034
2026-01-05 18:00:00,30.50094
2026-01-05 19:00:00,30.02306
2026-01-05 20:00:00,30.2198
2026-01-05 21:00:00,30.60461
2026-01-05 22:00:00,33.14376
2026-01-05 23:00:00,39.6134
2026-01-06 00:00:00,41.92416
2026-01-06 01:00:00,43.6403
2026-01-06 02:00:00,43.91239
2026-01-06 03:00:00,42.59306
2026-01-06 04:00:00,42.42392
2026-01-06 05:00:00,41.30226
2026-01-06 06:00:00,40.59265
2026-01-06 07:00:00,38.79623
2026-01-06 08:00:00,30.52964
2026-01-06 09:00:00,30.21872
2026-01-06 10:00:00,29.6218
2026-01-06 11:00:00,29.61735
2026-01-06 12:00:00,30.21604
2026-01-06 13:00:00,33.68102
2026-01-06 14:00:00,38.60035
2026-01-06 15:00:00,39.2177
2026-01-06 16:00:00,34.85558
2026-01-06 17:00:00,32.73494
2026-01-06 18:00:00,29.78744
2026-01-06 19:00:00,28.39582
2026-01-06 20:00:00,26.21963
2026-01-06 21:00:00,24.74506
2026-01-06 22:00:00,24.81968
2026-01-06 23:00:00,29.27709
2026-01-07 00:00:00,37.06796
2026-01-07 01:00:00,38.43361
2026-01-07 02:00:00,37.81202
2026-01-07 03:00:00,37.56475
2026-01-07 04:00:00,37.12212
2026-01-07 05:00:00,37.18323
2026-01-07 06:00:00,35.94037
2026-01-07 07:00:00,34.21
2026-01-07 08:00:00,31.29037
2026-01-07 09:00:00,30.2407
2026-01-07 10:00:00,28.24388
2026-01-07 11:00:00,27.86558
2026-01-07 12:00:00,28.12027
2026-01-07 13:00:00,31.33932
2026-01-07 14:00:00,36.21491
2026-01-07 15:00:00,38.09019
2026-01-07 16:00:00,31.59459
2026-01-07 17:00:00,26.43661
2026-01-07 18:00:00,25.27145
2026-01-07 19:00:00,24.19245
2026-01-07 20:00:00,22.61409
2026-01-07 21:00:00,20.72087
2026-01-07 22:00:00,21.31331
2026-01-07 23:00:00,25.16038
2026-01-08 00:00:00,31.53092
2026-01-08 01:00:00,32.95137
2026-01-08 02:00:00,32.50338
2026-01-08 03:00:00,31.53857
2026-01-08 04:00:00,31.253
2026-01-08 05:00:00,30.95792
2026-01-08 06:00:00,29.83692
2026-01-08 07:00:00,26.87049
2026-01-08 08:00:00,26.86451
2026-01-08 09:00:00,23.81561
2026-01-08 10:00:00,22.83827
2026-01-08 11:00:00,23.07467
2026-01-08 12:00:00,23.31301
2026-01-08 13:00:00,28.52534
2026-01-08 14:00:00,31.98329
2026-01-08 15:00:00,31.42735
2026-01-08 16:00:00,26.15551
2026-01-08 17:00:00,18.87664
2026-01-08 18:00:00,10.02965
2026-01-08 19:00:00,9.51838
2026-01-08 20:00:00,6.25368
2026-01-08 21:00:00,2.57046
2026-01-08 22:00:00,4.18794
2026-01-08 23:00:00,10.75095
2026-01-09 00:00:00,34.17947
2026-01-09 01:00:00,35.62991
2026-01-09 02:00:00,35.98584
2026-01-09 03:00:00,35.36488
2026-01-09 04:00:00,35.40735
2026-01-09 05:00:00,35.4379
2026-01-09 06:00:00,34.69964
2026-01-09 07:00:00,33.71956
2026-01-09 08:00:00,38.02245
2026-01-09 09:00:00,36.2176
2026-01-09 10:00:00,35.93952
2026-01-09 11:00:00,36.03129
2026-01-09 12:00:00,36.26549
2026-01-09 13:00:00,41.3851
2026-01-09 14:00:00,49.46647
2026-01-09 15:00:00,45.54871
2026-01-09 16:00:00,33.09216
2026-01-09 17:00:00,26.21
2026-01-09 18:00:00,21.04
2026-01-09 19:00:00,16.68246
2026-01-09 20:00:00,14.31966
2026-01-09 21:00:00,12.27467
2026-01-09 22:00:00,13.56025
2026-01-09 23:00:00,20.60774
2026-01-10 00:00:00,38.41496
2026-01-10 01:00:00,40.38645
2026-01-10 02:00:00,39.69506
2026-01-10 03:00:00,39.58229
2026-01-10 04:00:00,39.57425
2026-01-10 05:00:00,41.09976
2026-01-10 06:00:00,39.31202
2026-01-10 07:00:00,38.5383
2026-01-10 08:00:00,37.33468
2026-01-10 09:00:00,35.35187
2026-01-10 10:00:00,34.21349
2026-01-10 11:00:00,33.198
2026-01-10 12:00:00,33.79598
2026-01-10 13:00:00,34.92163
2026-01-10 14:00:00,38.0
2026-01-10 15:00:00,36.87535
2026-01-10 16:00:00,28.3459
2026-01-10 17:00:00,25.5
2026-01-10 18:00:00,17.62181
2026-01-10 19:00:00,13.12769
2026-01-10 20:00:00,8.2228
2026-01-10 21:00:00,6.58725
2026-01-10 22:00:00,11.83389
2026-01-10 23:00:00,19.99982
2026-01-11 00:00:00,37.50096
2026-01-11 01:00:00,38.27948
2026-01-11 02:00:00,38.28838
2026-01-11 03:00:00,37.56108
2026-01-11 04:00:00,37.414
2026-01-11 05:00:00,37.23369
2026-01-11 06:00:00,36.50506
2026-01-11 07:00:00,35.67993
2026-01-11 08:00:00,37.33271
2026-01-11 09:00:00,35.71008
2026-01-11 10:00:00,34.89413
2026-01-11 11:00:00,34.75408
2026-01-11 12:00:00,32.52066
2026-01-11 13:00:00,35.36778
2026-01-11 14:00:00,36.30389
2026-01-11 15:00:00,33.92032
2026-01-11 16:00:00,18.4
2026-01-11 17:00:00,16.91742
2026-01-11 18:00:00,6.70816
2026-01-11 19:00:00,2.19003
2026-01-11 20:00:00,0.01845
2026-01-11 21:00:00,0.00847
2026-01-11 22:00:00,0.21472
2026-01-11 23:00:00,9.44637
2026-01-12 00:00:00,33.80595
2026-01-12 01:00:00,37.27652
2026-01-12 02:00:00,37.10212
2026-01-12 03:00:00,36.73125
2026-01-12 04:00:00,36.96105
2026-01-12 05:00:00,36.76008
2026-01-12 06:00:00,37.13338
2026-01-12 07:00:00,35.84303
2026-01-12 08:00:00,37.8596
2026-01-12 09:00:00,35.79182
2026-01-12 10:00:00,36.06343
2026-01-12 11:00:00,35.66176
2026-01-12 12:00:00,36.51729
2026-01-12 13:00:00,38.38173
2026-01-12 14:00:00,45.37643
2026-01-12 15:00:00,44.68178
2026-01-12 16:00:00,39.09445
2026-01-12 17:00:00,28.43021
2026-01-12 18:00:00,22.8179
2026-01-12 19:00:00,20.28195
2026-01-12 20:00:00,14.73021
2026-01-12 21:00:00,11.42479
2026-01-12 22:00:00,13.59999
2026-01-12 23:00:00,17.82427
2026-01-13 00:00:00,39.32558
2026-01-13 01:00:00,40.61965
2026-01-13 02:00:00,40.55348
2026-01-13 03:00:00,40.08379
2026-01-13 04:00:00,40.08
2026-01-13 05:00:00,39.98999
2026-01-13 06:00:00,39.58117
2026-01-13 07:00:00,38.34783
2026-01-13 08:00:00,35.46689
2026-01-13 09:00:00,34.26161
2026-01-13 10:00:00,34.18102
2026-01-13 11:00:00,34.11235
2026-01-13 12:00:00,34.38931
2026-01-13 13:00:00,37.89293
2026-01-13 14:00:00,42.09083
2026-01-13 15:00:00,42.59325
2026-01-13 16:00:00,30.31422
2026-01-13 17:00:00,24.11147
2026-01-13 18:00:00,19.63778
2026-01-13 19:00:00,18.06673
2026-01-13 20:00:00,15.556
2026-01-13 21:00:00,12.12554
2026-01-13 22:00:00,10.29112
2026-01-13 23:00:00,16.56737
2026-01-14 00:00:00,37.07713
2026-01-14 01:00:00,40.38581
2026-01-14 02:00:00,37.52746
2026-01-14 03:00:00,36.65568
2026-01-14 04:00:00,36.29179
2026-01-14 05:00:00,36.32375
2026-01-14 06:00:00,35.48164
2026-01-14 07:00:00,33.24929
2026-01-14 08:00:00,30.88381
2026-01-14 09:00:00,30.00568
2026-01-14 10:00:00,29.71785
2026-01-14 11:00:00,29.8485
2026-01-14 12:00:00,29.99176
2026-01-14 13:00:00,33.8305
2026-01-14 14:00:00,39.45713
2026-01-14 15:00:00,39.96543
2026-01-14 16:00:00,34.1939
2026-01-14 17:00:00,24.82168
2026-01-14 18:00:00,17.53191
2026-01-14 19:00:00,13.51714
2026-01-14 20:00:00,8.9282
2026-01-14 21:00:00,5.17914
2026-01-14 22:00:00,5.3406
2026-01-14 23:00:00,14.85426
2026-01-15 00:00:00,35.91412
2026-01-15 01:00:00,37.41699
2026-01-15 02:00:00,36.06505
2026-01-15 03:00:00,36.24061
2026-01-15 04:00:00,35.95697
2026-01-15 05:00:00,34.8073
2026-01-15 06:00:00,34.06085
2026-01-15 07:00:00,34.13804
2026-01-15 08:00:00,32.00788
2026-01-15 09:00:00,28.90458
2026-01-15 10:00:00,28.36569
2026-01-15 11:00:00,28.43975
2026-01-15 12:00:00,28.52647
2026-01-15 13:00:00,32.07769
2026-01-15 14:00:00,35.43218
2026-01-15 15:00:00,36.20059
2026-01-15 16:00:00,32.27869
2026-01-15 17:00:00,25.28649
2026-01-15 18:00:00,17.62457
2026-01-15 19:00:00,8.18006
2026-01-15 20:00:00,5.30327
2026-01-15 21:00:00,4.54187
2026-01-15 22:00:00,4.45846
2026-01-15 23:00:00,12.48695
2026-01-16 00:00:00,32.44479
2026-01-16 01:00:00,36.0
2026-01-16 02:00:00,35.88427
2026-01-16 03:00:00,33.46206
2026-01-16 04:00:00,32.8528
2026-01-16 05:00:00,32.76074
2026-01-16 06:00:00,31.22465
2026-01-16 07:00:00,31.06344
2026-01-16 08:00:00,29.44
2026-01-16 09:00:00,28.77489
2026-01-16 10:00:00,27.72525
2026-01-16 11:00:00,27.7309
2026-01-16 12:00:00,28.06138
2026-01-16 13:00:00,30.67196
2026-01-16 14:00:00,32.42066
2026-01-16 15:00:00,31.05197
2026-01-16 16:00:00,24.91521
2026-01-16 17:00:00,14.9269
2026-01-16 18:00:00,4.8073
2026-01-16 19:00:00,4.79209
2026-01-16 20:00:00,4.09512
2026-01-16 21:00:00,3.28168
2026-01-16 22:00:00,3.38822
2026-01-16 23:00:00,9.78817
2026-01-17 00:00:00,32.01426
2026-01-17 01:00:00,32.39012
2026-01-17 02:00:00,31.94641
2026-01-17 03:00:00,32.05852
2026-01-17 04:00:00,31.92392
2026-01-17 05:00:00,31.90885
2026-01-17 06:00:00,31.30915
2026-01-17 07:00:00,30.93934
2026-01-17 08:00:00,29.40709
2026-01-17 09:00:00,27.92674
2026-01-17 10:00:00,27.29207
2026-01-17 11:00:00,27.19268
2026-01-17 12:00:00,27.17504
2026-01-17 13:00:00,27.94737
2026-01-17 14:00:00,32.65707
2026-01-17 15:00:00,29.27156
2026-01-17 16:00:00,15.96723
2026-01-17 17:00:00,6.87628
2026-01-17 18:00:00,2.50202
2026-01-17 19:00:00,3.04383
2026-01-17 20:00:00,3.33992
2026-01-17 21:00:00,1.5346
2026-01-17 22:00:00,2.46379
2026-01-17 23:00:00,8.88863
2026-01-18 00:00:00,30.26014
2026-01-18 01:00:00,31.69665
2026-01-18 02:00:00,31.70883
2026-01-18 03:00:00,30.84499
2026-01-18 04:00:00,30.94723
2026-01-18 05:00:00,31.13718
2026-01-18 06:00:00,30.05921
2026-01-18 07:00:00,29.00604
2026-01-18 08:00:00,27.74375
2026-01-18 09:00:00,25.82311
2026-01-18 10:00:00,25.92479
2026-01-18 11:00:00,25.64858
2026-01-18 12:00:00,24.82638
2026-01-18 13:00:00,26.22295
2026-01-18 14:00:00,27.53121
2026-01-18 15:00:00,25.66836
2026-01-18 16:00:00,19.16858
2026-01-18 17:00:00,16.26206
2026-01-18 18:00:00,10.01204
2026-01-18 19:00:00,10.477
2026-01-18 20:00:00,9.10417
2026-01-18 21:00:00,6.53919
2026-01-18 22:00:00,7.4331
2026-01-18 23:00:00,15.0478
2026-01-19 00:00:00,30.72512
2026-01-19 01:00:00,31.41586
2026-01-19 02:00:00,30.98769
2026-01-19 03:00:00,31.00507
2026-01-19 04:00:00,30.42533
2026-01-19 05:00:00,30.52937
2026-01-19 06:00:00,29.23723
2026-01-19 07:00:00,28.74971
2026-01-19 08:00:00,31.26746
2026-01-19 09:00:00,30.58769
2026-01-19 10:00:00,29.81726
2026-01-19 11:00:00,29.79154
2026-01-19 12:00:00,29.7793
2026-01-19 13:00:00,29.80488
2026-01-19 14:00:00,35.94144
2026-01-19 15:00:00,37.0749
2026-01-19 16:00:00,30.51
2026-01-19 17:00:00,32.82989
2026-01-19 18:00:00,26.33356
2026-01-19 19:00:00,19.95591
2026-01-19 20:00:00,16.9752
2026-01-19 21:00:00,15.77853
2026-01-19 22:00:00,16.37392
2026-01-19 23:00:00,24.68021
2026-01-20 00:00:00,35.60041
2026-01-20 01:00:00,35.77153
2026-01-20 02:00:00,35.46559
2026-01-20 03:00:00,35.33636
2026-01-20 04:00:00,35.34734
2026-01-20 05:00:00,35.10171
2026-01-20 06:00:00,34.41302
2026-01-20 07:00:00,34.51833
2026-01-20 08:00:00,36.53881
2026-01-20 09:00:00,34.30432
2026-01-20 10:00:00,33.59153
2026-01-20 11:00:00,33.27132
2026-01-20 12:00:00,33.29707
2026-01-20 13:00:00,36.2902
2026-01-20 14:00:00,39.91418
2026-01-20 15:00:00,41.63359
2026-01-20 16:00:00,34.23875
2026-01-20 17:00:00,32.23573
2026-01-20 18:00:00,26.77949
2026-01-20 19:00:00,26.2374
2026-01-20 20:00:00,24.1759
2026-01-20 21:00:00,24.47938
2026-01-20 22:00:00,25.1936
2026-01-20 23:00:00,31.48756
2026-01-21 00:00:00,39.74373
2026-01-21 01:00:00,41.44579
2026-01-21 02:00:00,39.50297
2026-01-21 03:00:00,38.24804
2026-01-21 04:00:00,38.11056
2026-01-21 05:00:00,38.0188
2026-01-21 06:00:00,36.7187
2026-01-21 07:00:00,33.61266
2026-01-21 08:00:00,36.00907
2026-01-21 09:00:00,35.23915
2026-01-21 10:00:00,34.65164
2026-01-21 11:00:00,34.62904
2026-01-21 12:00:00,34.98893
2026-01-21 13:00:00,37.74587
2026-01-21 14:00:00,40.0031
2026-01-21 15:00:00,42.60091
2026-01-21 16:00:00,41.83724
2026-01-21 17:00:00,40.32632
2026-01-21 18:00:00,38.117
2026-01-21 19:00:00,37.00095
2026-01-21 20:00:00,36.95004
2026-01-21 21:00:00,37.04564
2026-01-21 22:00:00,37.4351
2026-01-21 23:00:00,40.77164
2026-01-22 00:00:00,42.54598
2026-01-22 01:00:00,44.81277
2026-01-22 02:00:00,43.60108
2026-01-22 03:00:00,43.48642
2026-01-22 04:00:00,43.0444
2026-01-22 05:00:00,42.55374
2026-01-22 06:00:00,38.92128
2026-01-22 07:00:00,35.62748
2026-01-22 08:00:00,42.83967
2026-01-22 09:00:00,39.61475
2026-01-22 10:00:00,39.83583
2026-01-22 11:00:00,39.96075
2026-01-22 12:00:00,40.88458
2026-01-22 13:00:00,43.94257
2026-01-22 14:00:00,47.40909
2026-01-22 15:00:00,49.63916
2026-01-22 16:00:00,45.59863
2026-01-22 17:00:00,42.70531
2026-01-22 18:00:00,39.34267
2026-01-22 19:00:00,37.66713
2026-01-22 20:00:00,36.97613
2026-01-22 21:00:00,36.86015
2026-01-22 22:00:00,36.86166
2026-01-22 23:00:00,38.92572
2026-01-23 00:00:00,45.62251
2026-01-23 01:00:00,48.40481
2026-01-23 02:00:00,47.87812
2026-01-23 03:00:00,47.35224
2026-01-23 04:00:00,45.789
2026-01-23 05:00:00,44.67786
2026-01-23 06:00:00,42.05806
2026-01-23 07:00:00,38.96075
2026-01-23 08:00:00,48.90514
2026-01-23 09:00:00,45.98024
2026-01-23 10:00:00,45.87031
2026-01-23 11:00:00,45.15053
2026-01-23 12:00:00,45.02785
2026-01-23 13:00:00,46.70172
2026-01-23 14:00:00,54.55005
2026-01-23 15:00:00,56.7607
2026-01-23 16:00:00,48.26942
2026-01-23 17:00:00,44.42707
2026-01-23 18:00:00,42.58
2026-01-23 19:00:00,41.39678
2026-01-23 20:00:00,40.87068
2026-01-23 21:00:00,38.07446
2026-01-23 22:00:00,36.59601
2026-01-23 23:00:00,41.25689
2026-01-24 00:00:00,49.16747
2026-01-24 01:00:00,53.0689
2026-01-24 02:00:00,52.87173
2026-01-24 03:00:00,53.05364
2026-01-24 04:00:00,52.88723
2026-01-24 05:00:00,53.69141
2026-01-24 06:00:00,50.078
2026-01-24 07:00:00,47.34865
2026-01-24 08:00:00,54.7134
2026-01-24 09:00:00,52.32729
2026-01-24 10:00:00,52.24758
2026-01-24 11:00:00,51.79007
2026-01-24 12:00:00,53.95696
2026-01-24 13:00:00,55.58747
2026-01-24 14:00:00,58.68684
2026-01-24 15:00:00,58.34124
2026-01-24 16:00:00,41.90057
2026-01-24 17:00:00,36.93396
2026-01-24 18:00:00,34.91
2026-01-24 19:00:00,33.2086
2026-01-24 20:00:00,30.32443
2026-01-24 21:00:00,26.52005
2026-01-24 22:00:00,26.82258
2026-01-24 23:00:00,34.49982
2026-01-25 00:00:00,54.1905
2026-01-25 01:00:00,58.60037
2026-01-25 02:00:00,58.62063
2026-01-25 03:00:00,58.70265
2026-01-25 04:00:00,58.15991
2026-01-25 05:00:00,58.66231
2026-01-25 06:00:00,58.09411
2026-01-25 07:00:00,56.1835
2026-01-25 08:00:00,58.90328
2026-01-25 09:00:00,61.27171
2026-01-25 10:00:00,55.79004
2026-01-25 11:00:00,61.03996
2026-01-25 12:00:00,57.75579
2026-01-25 13:00:00,60.03864
2026-01-25 14:00:00,55.5459
2026-01-25 15:00:00,68.17687
2026-01-25 16:00:00,45.94
2026-01-25 17:00:00,44.52229
2026-01-25 18:00:00,43.69806
2026-01-25 19:00:00,43.7071
2026-01-25 20:00:00,41.84589
2026-01-25 21:00:00,43.36
2026-01-25 22:00:00,45.38376
2026-01-25 23:00:00,58.95997
2026-01-26 00:00:00,67.91054
2026-01-26 01:00:00,73.73617
2026-01-26 02:00:00,68.27692
2026-01-26 03:00:00,73.61734
2026-01-26 04:00:00,67.75666
2026-01-26 05:00:00,71.08636
2026-01-26 06:00:00,64.90333
2026-01-26 07:00:00,62.60518
2026-01-26 08:00:00,82.43903
2026-01-26 09:00:00,69.92666
2026-01-26 10:00:00,76.12454
2026-01-26 11:00:00,72.33975
2026-01-26 12:00:00,76.32
2026-01-26 13:00:00,75.90216
2026-01-26 14:00:00,88.87438
2026-01-26 15:00:00,98.35516
2026-01-26 16:00:00,78.65383
2026-01-26 17:00:00,60.70109
2026-01-26 18:00:00,51.74991
2026-01-26 19:00:00,49.18472
2026-01-26 20:00:00,45.13552
2026-01-26 21:00:00,37.0929
2026-01-26 22:00:00,39.54581
2026-01-26 23:00:00,47.02093
2026-01-27 00:00:00,73.55
2026-01-27 01:00:00,79.03796
2026-01-27 02:00:00,83.40214
2026-01-27 03:00:00,78.97706
2026-01-27 04:00:00,80.08825
2026-01-27 05:00:00,73.62704
2026-01-27 06:00:00,75.00649
2026-01-27 07:00:00,64.06
2026-01-27 08:00:00,54.55066
2026-01-27 09:00:00,57.90321
2026-01-27 10:00:00,58.06637
2026-01-27 11:00:00,58.1707
2026-01-27 12:00:00,59.62463
2026-01-27 13:00:00,64.7649
2026-01-27 14:00:00,79.80458
2026-01-27 15:00:00,78.26121
2026-01-27 16:00:00,47.65972
2026-01-27 17:00:00,38.09559
2026-01-27 18:00:00,36.13979
2026-01-27 19:00:00,35.60723
2026-01-27 20:00:00,34.53148
2026-01-27 21:00:00,32.80093
2026-01-27 22:00:00,33.05282
2026-01-27 23:00:00,36.49869
2026-01-28 00:00:00,66.32494
2026-01-28 01:00:00,69.60769
2026-01-28 02:00:00,68.48401
2026-01-28 03:00:00,66.66927
2026-01-28 04:00:00,66.72581
2026-01-28 05:00:00,65.45097
2026-01-28 06:00:00,64.44251
2026-01-28 07:00:00,53.56676
2026-01-28 08:00:00,44.21989
2026-01-28 09:00:00,43.11634
2026-01-28 10:00:00,47.63
2026-01-28 11:00:00,42.98263
2026-01-28 12:00:00,48.24878
2026-01-28 13:00:00,43.27647
2026-01-28 14:00:00,55.49835
2026-01-28 15:00:00,59.13375
2026-01-28 16:00:00,43.19217
2026-01-28 17:00:00,35.97815
2026-01-28 18:00:00,33.99632
2026-01-28 19:00:00,32.41339
2026-01-28 20:00:00,30.5323
2026-01-28 21:00:00,30.02951
2026-01-28 22:00:00,28.28081
2026-01-28 23:00:00,32.0597
2026-01-29 00:00:00,47.55117
2026-01-29 01:00:00,50.5187
2026-01-29 02:00:00,50.2205
2026-01-29 03:00:00,49.91328
2026-01-29 04:00:00,49.87862
2026-01-29 05:00:00,49.81542
2026-01-29 06:00:00,47.70655
2026-01-29 07:00:00,40.38651
2026-01-29 08:00:00,31.93556
2026-01-29 09:00:00,33.91041
2026-01-29 10:00:00,33.94789
2026-01-29 11:00:00,34.02385
2026-01-29 12:00:00,35.83466
2026-01-29 13:00:00,36.66013
2026-01-29 14:00:00,43.71815
2026-01-29 15:00:00,44.71875
2026-01-29 16:00:00,31.48976
2026-01-29 17:00:00,30.34636
2026-01-29 18:00:00,25.17669
2026-01-29 19:00:00,18.37972
2026-01-29 20:00:00,17.91619
2026-01-29 21:00:00,14.67355
2026-01-29 22:00:00,14.62207
2026-01-29 23:00:00,19.36643
2026-01-30 00:00:00,39.53841
2026-01-30 01:00:00,42.76278
2026-01-30 02:00:00,42.56512
2026-01-30 03:00:00,42.69769
2026-01-30 04:00:00,42.04376
2026-01-30 05:00:00,41.67504
2026-01-30 06:00:00,39.75468
2026-01-30 07:00:00,36.74345
2026-01-30 08:00:00,36.99497
2026-01-30 09:00:00,37.21952
2026-01-30 10:00:00,34.32378
2026-01-30 11:00:00,34.24957
2026-01-30 12:00:00,34.17262
2026-01-30 13:00:00,37.3656
2026-01-30 14:00:00,42.21407
2026-01-30 15:00:00,38.92793
2026-01-30 16:00:00,31.7918
2026-01-30 17:00:00,29.59103
2026-01-30 18:00:00,25.6733
2026-01-30 19:00:00,22.29
2026-01-30 20:00:00,21.64868
2026-01-30 21:00:00,17.77408
2026-01-30 22:00:00,17.13764
2026-01-30 23:00:00,22.19635
2026-01-31 00:00:00,36.43042
2026-01-31 01:00:00,38.70346
2026-01-31 02:00:00,38.19683
2026-01-31 03:00:00,37.7623
2026-01-31 04:00:00,36.89481
2026-01-31 05:00:00,36.74247
2026-01-31 06:00:00,35.86965
2026-01-31 07:00:00,35.58673
2026-01-31 08:00:00,33.33379
2026-01-31 09:00:00,32.99863
2026-01-31 10:00:00,34.45503
2026-01-31 11:00:00,33.54553
2026-01-31 12:00:00,34.66816
2026-01-31 13:00:00,36.18326
2026-01-31 14:00:00,39.32313
2026-01-31 15:00:00,35.20944
2026-01-31 16:00:00,24.89878
2026-01-31 17:00:00,18.50505
2026-01-31 18:00:00,13.31176
2026-01-31 19:00:00,8.33168
2026-01-31 20:00:00,7.88823
2026-01-31 21:00:00,3.93417
2026-01-31 22:00:00,6.91368
2026-01-31 23:00:00,10.56889
2026-02-01 00:00:00,35.01988
2026-02-01 01:00:00,35.64936
2026-02-01 02:00:00,35.65472
2026-02-01 03:00:00,35.45946
2026-02-01 04:00:00,35.21505
2026-02-01 05:00:00,35.4352
2026-02-01 06:00:00,35.49837
2026-02-01 07:00:00,35.09899
2026-02-01 08:00:00,38.29083
2026-02-01 09:00:00,35.90107
2026-02-01 10:00:00,34.80482
2026-02-01 11:00:00,35.66713
2026-02-01 12:00:00,33.80531
2026-02-01 13:00:00,32.56098
2026-02-01 14:00:00,33.63248
2026-02-01 15:00:00,29.49142
2026-02-01 16:00:00,20.06945
2026-02-01 17:00:00,22.23297
2026-02-01 18:00:00,15.99721
2026-02-01 19:00:00,13.24145
2026-02-01 20:00:00,13.4463
2026-02-01 21:00:00,13.02387
2026-02-01 22:00:00,13.3991
2026-02-01 23:00:00,19.77431
2026-02-02 00:00:00,33.4052
2026-02-02 01:00:00,33.9031
2026-02-02 02:00:00,33.89915
2026-02-02 03:00:00,33.40546
2026-02-02 04:00:00,33.37781
2026-02-02 05:00:00,33.7144
2026-02-02 06:00:00,33.16202
2026-02-02 07:00:00,32.10413
2026-02-02 08:00:00,32.33614
2026-02-02 09:00:00,30.97968
2026-02-02 10:00:00,30.95157
2026-02-02 11:00:00,30.96712
2026-02-02 12:00:00,31.72185
2026-02-02 13:00:00,35.58312
2026-02-02 14:00:00,39.79367
2026-02-02 15:00:00,40.24689
2026-02-02 16:00:00,29.57976
2026-02-02 17:00:00,24.32003
2026-02-02 18:00:00,21.03096
2026-02-02 19:00:00,17.31779
2026-02-02 20:00:00,17.13143
2026-02-02 21:00:00,12.4877
2026-02-02 22:00:00,14.68312
2026-02-02 23:00:00,21.65671
2026-02-03 00:00:00,34.96757
2026-02-03 01:00:00,36.05585
2026-02-03 02:00:00,36.61003
2026-02-03 03:00:00,36.29308
2026-02-03 04:00:00,36.86737
2026-02-03 05:00:00,35.8763
2026-02-03 06:00:00,35.83207
2026-02-03 07:00:00,35.25778
2026-02-03 08:00:00,33.40589
2026-02-03 09:00:00,31.36349
2026-02-03 10:00:00,30.86292
2026-02-03 11:00:00,30.5218
2026-02-03 12:00:00,30.86629
2026-02-03 13:00:00,35.29125
2026-02-03 14:00:00,39.15861
2026-02-03 15:00:00,35.59738
2026-02-03 16:00:00,26.08372
2026-02-03 17:00:00,24.95495
2026-02-03 18:00:00,13.77229
2026-02-03 19:00:00,9.16469
2026-02-03 20:00:00,7.58071
2026-02-03 21:00:00,6.25368
2026-02-03 22:00:00,5.15798
2026-02-03 23:00:00,9.02732
2026-02-04 00:00:00,34.76217
2026-02-04 01:00:00,39.90836
2026-02-04 02:00:00,38.63846
2026-02-04 03:00:00,37.31087
2026-02-04 04:00:00,36.50162
2026-02-04 05:00:00,36.78532
2026-02-04 06:00:00,35.54769
2026-02-04 07:00:00,34.56502
2026-02-04 08:00:00,35.38435
2026-02-04 09:00:00,32.41548
2026-02-04 10:00:00,31.88609
2026-02-04 11:00:00,31.87929
2026-02-04 12:00:00,31.932
2026-02-04 13:00:00,36.33632
2026-02-04 14:00:00,40.09436
2026-02-04 15:00:00,36.71679
2026-02-04 16:00:00,29.68443
2026-02-04 17:00:00,26.50281
2026-02-04 18:00:00,18.0
2026-02-04 19:00:00,13.1706
2026-02-04 20:00:00,10.62263
2026-02-04 21:00:00,10.46033
2026-02-04 22:00:00,10.71694
2026-02-04 23:00:00,13.40831
2026-02-05 00:00:00,33.23399
2026-02-05 01:00:00,36.49586
2026-02-05 02:00:00,36.41738
2026-02-05 03:00:00,35.05297
2026-02-05 04:00:00,34.46439
2026-02-05 05:00:00,34.37707
2026-02-05 06:00:00,33.53446
2026-02-05 07:00:00,32.71038
2026-02-05 08:00:00,29.98103
2026-02-05 09:00:00,29.20219
2026-02-05 10:00:00,28.86885
2026-02-05 11:00:00,28.6742
2026-02-05 12:00:00,28.73564
2026-02-05 13:00:00,29.83661
2026-02-05 14:00:00,34.67
2026-02-05 15:00:00,35.71566
2026-02-05 16:00:00,34.16274
2026-02-05 17:00:00,27.96646
2026-02-05 18:00:00,24.03655
2026-02-05 19:00:00,22.60725
2026-02-05 20:00:00,22.29527
2026-02-05 21:00:00,22.59278
2026-02-05 22:00:00,22.69778
2026-02-05 23:00:00,28.32234
2026-02-06 00:00:00,35.64799
2026-02-06 01:00:00,36.40308
2026-02-06 02:00:00,36.53638
2026-02-06 03:00:00,36.53307
2026-02-06 04:00:00,36.06336
2026-02-06 05:00:00,36.08143
2026-02-06 06:00:00,34.47757
2026-02-06 07:00:00,31.05452
2026-02-06 08:00:00,33.07489
2026-02-06 09:00:00,31.51101
2026-02-06 10:00:00,31.3446
2026-02-06 11:00:00,31.08091
2026-02-06 12:00:00,31.13078
2026-02-06 13:00:00,34.73234
2026-02-06 14:00:00,38.22748
2026-02-06 15:00:00,37.10777
2026-02-06 16:00:00,32.19763
2026-02-06 17:00:00,33.89601
2026-02-06 18:00:00,31.57385
2026-02-06 19:00:00,29.76596
2026-02-06 20:00:00,28.212
2026-02-06 21:00:00,27.34097
2026-02-06 22:00:00,26.40444
2026-02-06 23:00:00,28.64575
2026-02-07 00:00:00,33.41628
2026-02-07 01:00:00,33.95084
2026-02-07 02:00:00,34.09525
2026-02-07 03:00:00,33.43263
2026-02-07 04:00:00,33.43337
2026-02-07 05:00:00,33.48706
2026-02-07 06:00:00,32.69141
2026-02-07 07:00:00,31.40956
2026-02-07 08:00:00,33.50089
2026-02-07 09:00:00,32.88987
2026-02-07 10:00:00,31.20232
2026-02-07 11:00:00,31.25974
2026-02-07 12:00:00,31.85809
2026-02-07 13:00:00,32.22668
2026-02-07 14:00:00,35.13414
2026-02-07 15:00:00,30.43595
2026-02-07 16:00:00,22.91524
2026-02-07 17:00:00,12.79
2026-02-07 18:00:00,8.0
2026-02-07 19:00:00,5.45516
2026-02-07 20:00:00,0.07294
2026-02-07 21:00:00,-0.04813
2026-02-07 22:00:00,-0.08952
2026-02-07 23:00:00,7.00726
2026-02-08 00:00:00,26.67598
2026-02-08 01:00:00,34.66122
2026-02-08 02:00:00,36.92274
2026-02-08 03:00:00,32.56402
2026-02-08 04:00:00,31.92611
2026-02-08 05:00:00,31.79721
2026-02-08 06:00:00,31.46194
2026-02-08 07:00:00,31.06709
2026-02-08 08:00:00,32.95291
2026-02-08 09:00:00,32.05898
2026-02-08 10:00:00,31.56394
2026-02-08 11:00:00,31.2525
2026-02-08 12:00:00,31.20448
2026-02-08 13:00:00,31.96028
2026-02-08 14:00:00,33.4099
2026-02-08 15:00:00,24.17469
2026-02-08 16:00:00,14.73452
2026-02-08 17:00:00,8.95
2026-02-08 18:00:00,2.45613
2026-02-08 19:00:00,-1.35263
2026-02-08 20:00:00,-3.70067
2026-02-08 21:00:00,-4.97363
2026-02-08 22:00:00,-0.70893
2026-02-08 23:00:00,2.19269
2026-02-09 00:00:00,25.96892
2026-02-09 01:00:00,32.76133
2026-02-09 02:00:00,33.97509
2026-02-09 03:00:00,33.03794
2026-02-09 04:00:00,31.39039
2026-02-09 05:00:00,31.31985
2026-02-09 06:00:00,30.7744
2026-02-09 07:00:00,29.31468
2026-02-09 08:00:00,28.50805
2026-02-09 09:00:00,28.65012
2026-02-09 10:00:00,27.97387
2026-02-09 11:00:00,28.01921
2026-02-09 12:00:00,28.32123
2026-02-09 13:00:00,30.42295
2026-02-09 14:00:00,34.40305
2026-02-09 15:00:00,35.87895
2026-02-09 16:00:00,34.14761
2026-02-09 17:00:00,35.05829
2026-02-09 18:00:00,30.88539
2026-02-09 19:00:00,29.12152
2026-02-09 20:00:00,28.47238
2026-02-09 21:00:00,31.76624
2026-02-09 22:00:00,36.10749
2026-02-09 23:00:00,32.69358
2026-02-10 00:00:00,36.75
2026-02-10 01:00:00,38.74257
2026-02-10 02:00:00,39.21356
2026-02-10 03:00:00,38.78117
2026-02-10 04:00:00,38.5695
2026-02-10 05:00:00,37.95697
2026-02-10 06:00:00,36.56284
2026-02-10 07:00:00,36.14141
2026-02-10 08:00:00,33.29942
2026-02-10 09:00:00,33.07274
2026-02-10 10:00:00,32.92705
2026-02-10 11:00:00,32.60478
2026-02-10 12:00:00,32.68983
2026-02-10 13:00:00,33.90421
2026-02-10 14:00:00,39.40215
2026-02-10 15:00:00,38.16442
2026-02-10 16:00:00,36.55679
2026-02-10 17:00:00,36.85256
2026-02-10 18:00:00,35.14482
2026-02-10 19:00:00,33.23577
2026-02-10 20:00:00,32.00235
2026-02-10 21:00:00,32.08882
2026-02-10 22:00:00,33.42797
2026-02-10 23:00:00,34.08139
2026-02-11 00:00:00,37.95416
2026-02-11 01:00:00,38.04492
2026-02-11 02:00:00,37.82966
2026-02-11 03:00:00,37.4583
2026-02-11 04:00:00,37.3575
2026-02-11 05:00:00,36.17862
2026-02-11 06:00:00,33.98912
2026-02-11 07:00:00,31.22587
2026-02-11 08:00:00,36.85004
2026-02-11 09:00:00,34.67367
2026-02-11 10:00:00,34.18511
2026-02-11 11:00:00,33.84315
2026-02-11 12:00:00,34.21164
2026-02-11 13:00:00,35.444
2026-02-11 14:00:00,40.81025
2026-02-11 15:00:00,42.37802
2026-02-11 16:00:00,38.38409
2026-02-11 17:00:00,35.3423
2026-02-11 18:00:00,33.57319
2026-02-11 19:00:00,31.90905
2026-02-11 20:00:00,30.94
2026-02-11 21:00:00,29.40727
2026-02-11 22:00:00,30.21792
2026-02-11 23:00:00,30.90142
2026-02-12 00:00:00,35.02417
2026-02-12 01:00:00,38.35882
2026-02-12 02:00:00,38.48031
2026-02-12 03:00:00,38.04759
2026-02-12 04:00:00,37.76327
2026-02-12 05:00:00,37.5797
2026-02-12 06:00:00,36.72769
2026-02-12 07:00:00,36.29147
2026-02-12 08:00:00,35.83521
2026-02-12 09:00:00,34.77914
2026-02-12 10:00:00,34.39457
2026-02-12 11:00:00,34.21068
2026-02-12 12:00:00,34.6408
2026-02-12 13:00:00,37.74303
2026-02-12 14:00:00,40.91613
2026-02-12 15:00:00,37.80149
2026-02-12 16:00:00,30.60071
2026-02-12 17:00:00,27.36706
2026-02-12 18:00:00,22.48829
2026-02-12 19:00:00,19.2228
2026-02-12 20:00:00,18.52745
2026-02-12 21:00:00,16.20977
2026-02-12 22:00:00,17.75209
2026-02-12 23:00:00,20.7243
2026-02-13 00:00:00,33.48606
2026-02-13 01:00:00,38.01514
2026-02-13 02:00:00,37.80686
2026-02-13 03:00:00,37.25328
2026-02-13 04:00:00,37.23294
2026-02-13 05:00:00,37.28768
2026-02-13 06:00:00,36.34711
2026-02-13 07:00:00,35.25772
2026-02-13 08:00:00,34.90604
2026-02-13 09:00:00,34.72104
2026-02-13 10:00:00,34.94918
2026-02-13 11:00:00,34.86164
2026-02-13 12:00:00,35.73892
2026-02-13 13:00:00,38.23111
2026-02-13 14:00:00,42.12708
2026-02-13 15:00:00,41.59443
2026-02-13 16:00:00,32.0
2026-02-13 17:00:00,29.0691
2026-02-13 18:00:00,26.43983
2026-02-13 19:00:00,20.09563
2026-02-13 20:00:00,17.86935
2026-02-13 21:00:00,14.5981
2026-02-13 22:00:00,13.58565
2026-02-13 23:00:00,20.12278
2026-02-14 00:00:00,32.20049
2026-02-14 01:00:00,37.30606
2026-02-14 02:00:00,37.2916
2026-02-14 03:00:00,37.43519
2026-02-14 04:00:00,37.48956
2026-02-14 05:00:00,37.34421
2026-02-14 06:00:00,36.97883
2026-02-14 07:00:00,36.46767
2026-02-14 08:00:00,41.12613
2026-02-14 09:00:00,40.82382
2026-02-14 10:00:00,38.10648
2026-02-14 11:00:00,37.97365
2026-02-14 12:00:00,35.86064
2026-02-14 13:00:00,34.73683
2026-02-14 14:00:00,39.03457
2026-02-14 15:00:00,30.58657
2026-02-14 16:00:00,28.45
2026-02-14 17:00:00,28.8386
2026-02-14 18:00:00,27.95217
2026-02-14 19:00:00,27.43725
2026-02-14 20:00:00,23.4653
2026-02-14 21:00:00,18.89859
2026-02-14 22:00:00,20.85673
2026-02-14 23:00:00,24.93245
2026-02-15 00:00:00,32.17872
2026-02-15 01:00:00,36.54852
2026-02-15 02:00:00,37.06091
2026-02-15 03:00:00,36.42
2026-02-15 04:00:00,36.11115
2026-02-15 05:00:00,35.97247
2026-02-15 06:00:00,35.77065
2026-02-15 07:00:00,35.25418
2026-02-15 08:00:00,35.58192
2026-02-15 09:00:00,35.46341
2026-02-15 10:00:00,35.49982
2026-02-15 11:00:00,33.03493
2026-02-15 12:00:00,33.41645
2026-02-15 13:00:00,31.94822
2026-02-15 14:00:00,32.48776
2026-02-15 15:00:00,30.47418
2026-02-15 16:00:00,24.4469
2026-02-15 17:00:00,24.48547
2026-02-15 18:00:00,23.77538
2026-02-15 19:00:00,23.56775
2026-02-15 20:00:00,21.2641
2026-02-15 21:00:00,19.10204
2026-02-15 22:00:00,20.0
2026-02-15 23:00:00,24.85069
2026-02-16 00:00:00,34.81932
2026-02-16 01:00:00,34.51075
2026-02-16 02:00:00,34.67074
2026-02-16 03:00:00,34.36014
2026-02-16 04:00:00,34.32402
2026-02-16 05:00:00,34.07763
2026-02-16 06:00:00,33.88166
2026-02-16 07:00:00,32.97408
2026-02-16 08:00:00,32.93397
2026-02-16 09:00:00,32.17897
2026-02-16 10:00:00,32.05431
2026-02-16 11:00:00,31.76555
2026-02-16 12:00:00,31.49013
2026-02-16 13:00:00,31.97471
2026-02-16 14:00:00,36.23062
2026-02-16 15:00:00,36.21619
2026-02-16 16:00:00,35.54348
2026-02-16 17:00:00,36.24623
2026-02-16 18:00:00,35.3014
2026-02-16 19:00:00,34.0
2026-02-16 20:00:00,32.47508
2026-02-16 21:00:00,33.06085
2026-02-16 22:00:00,34.69083
2026-02-16 23:00:00,36.08509
2026-02-17 00:00:00,37.65378
2026-02-17 01:00:00,38.88611
2026-02-17 02:00:00,39.17787
2026-02-17 03:00:00,38.78669
2026-02-17 04:00:00,38.52558
2026-02-17 05:00:00,37.95301
2026-02-17 06:00:00,35.40763
2026-02-17 07:00:00,32.95258
2026-02-17 08:00:00,32.65
2026-02-17 09:00:00,31.54101
2026-02-17 10:00:00,30.50679
2026-02-17 11:00:00,30.18916
2026-02-17 12:00:00,30.46733
2026-02-17 13:00:00,32.39981
2026-02-17 14:00:00,37.58839
2026-02-17 15:00:00,35.28833
2026-02-17 16:00:00,35.95568
2026-02-17 17:00:00,34.56201
2026-02-17 18:00:00,34.40498
2026-02-17 19:00:00,32.77341
2026-02-17 20:00:00,33.04021
2026-02-17 21:00:00,31.1339
2026-02-17 22:00:00,31.73192
2026-02-17 23:00:00,31.2944
2026-02-18 00:00:00,34.7002
2026-02-18 01:00:00,36.29531
2026-02-18 02:00:00,36.35185
2026-02-18 03:00:00,35.52967
2026-02-18 04:00:00,35.28183
2026-02-18 05:00:00,34.88
2026-02-18 06:00:00,32.60518
2026-02-18 07:00:00,31.34559
2026-02-18 08:00:00,33.40713
2026-02-18 09:00:00,31.79643
2026-02-18 10:00:00,30.94605
2026-02-18 11:00:00,31.3359
2026-02-18 12:00:00,31.27461
2026-02-18 13:00:00,35.94441
2026-02-18 14:00:00,40.47056
2026-02-18 15:00:00,40.95877
2026-02-18 16:00:00,34.62389
2026-02-18 17:00:00,30.04358
2026-02-18 18:00:00,26.36094
2026-02-18 19:00:00,20.9087
2026-02-18 20:00:00,19.32953
2026-02-18 21:00:00,17.5416
2026-02-18 22:00:00,22.48207
2026-02-18 23:00:00,26.13524
2026-02-19 00:00:00,31.95336
2026-02-19 01:00:00,41.43515
2026-02-19 02:00:00,42.56325
2026-02-19 03:00:00,41.96247
2026-02-19 04:00:00,38.26642
2026-02-19 05:00:00,37.05095
2026-02-19 06:00:00,35.95987
2026-02-19 07:00:00,34.51785
2026-02-19 08:00:00,32.69776
2026-02-19 09:00:00,35.24294
2026-02-19 10:00:00,32.84118
2026-02-19 11:00:00,32.46128
2026-02-19 12:00:00,32.61
2026-02-19 13:00:00,35.55501
2026-02-19 14:00:00,41.03548
2026-02-19 15:00:00,39.28
2026-02-19 16:00:00,36.54198
2026-02-19 17:00:00,37.2624
2026-02-19 18:00:00,34.45
2026-02-19 19:00:00,31.04096
2026-02-19 20:00:00,29.2502
2026-02-19 21:00:00,28.12916
2026-02-19 22:00:00,26.47294
2026-02-19 23:00:00,23.31502
2026-02-20 00:00:00,30.70508
2026-02-20 01:00:00,38.51035
2026-02-20 02:00:00,39.31299
2026-02-20 03:00:00,39.19617
2026-02-20 04:00:00,39.08783
2026-02-20 05:00:00,39.03003
2026-02-20 06:00:00,37.4308
2026-02-20 07:00:00,36.1817
2026-02-20 08:00:00,35.10635
2026-02-20 09:00:00,32.50169
2026-02-20 10:00:00,31.74167
2026-02-20 11:00:00,31.85624
2026-02-20 12:00:00,32.53302
2026-02-20 13:00:00,36.53022
2026-02-20 14:00:00,40.83693
2026-02-20 15:00:00,39.38813
2026-02-20 16:00:00,32.67967
2026-02-20 17:00:00,30.93
2026-02-20 18:00:00,29.03884
2026-02-20 19:00:00,29.05248
2026-02-20 20:00:00,27.46415
2026-02-20 21:00:00,27.09408
2026-02-20 22:00:00,26.42429
2026-02-20 23:00:00,26.81926
2026-02-21 00:00:00,29.4145
2026-02-21 01:00:00,39.16816
2026-02-21 02:00:00,39.22768
2026-02-21 03:00:00,38.79571
2026-02-21 04:00:00,38.20483
2026-02-21 05:00:00,38.62308
2026-02-21 06:00:00,37.67189
2026-02-21 07:00:00,36.84025
2026-02-21 08:00:00,38.97245
2026-02-21 09:00:00,37.81994
2026-02-21 10:00:00,35.95335
2026-02-21 11:00:00,35.87359
2026-02-21 12:00:00,36.08324
2026-02-21 13:00:00,36.04133
2026-02-21 14:00:00,40.29212
2026-02-21 15:00:00,28.19926
2026-02-21 16:00:00,23.45815
2026-02-21 17:00:00,24.29547
2026-02-21 18:00:00,20.86931
2026-02-21 19:00:00,12.18
2026-02-21 20:00:00,8.7607
2026-02-21 21:00:00,4.15661
2026-02-21 22:00:00,7.25836
2026-02-21 23:00:00,10.0
2026-02-22 00:00:00,23.93391
2026-02-22 01:00:00,37.61324
2026-02-22 02:00:00,38.24313
2026-02-22 03:00:00,37.96292
2026-02-22 04:00:00,37.5571
2026-02-22 05:00:00,37.47022
2026-02-22 06:00:00,36.07521
2026-02-22 07:00:00,35.82256
2026-02-22 08:00:00,34.3242
2026-02-22 09:00:00,33.91499
2026-02-22 10:00:00,33.06626
2026-02-22 11:00:00,33.27145
2026-02-22 12:00:00,33.46458
2026-02-22 13:00:00,33.80865
2026-02-22 14:00:00,35.14227
2026-02-22 15:00:00,24.9902
2026-02-22 16:00:00,16.5029
2026-02-22 17:00:00,16.98766
2026-02-22 18:00:00,6.52709
2026-02-22 19:00:00,0.00216
2026-02-22 20:00:00,0.01251
2026-02-22 21:00:00,-1.53936
2026-02-22 22:00:00,0.17831
2026-02-22 23:00:00,1.84885
2026-02-23 00:00:00,17.96258
2026-02-23 01:00:00,36.23002
2026-02-23 02:00:00,37.0744
2026-02-23 03:00:00,37.96
2026-02-23 04:00:00,36.86828
2026-02-23 05:00:00,36.55813
2026-02-23 06:00:00,36.01622
2026-02-23 07:00:00,35.14559
2026-02-23 08:00:00,33.95391
2026-02-23 09:00:00,33.57321
2026-02-23 10:00:00,33.43361
2026-02-23 11:00:00,32.33825
2026-02-23 12:00:00,32.81539
2026-02-23 13:00:00,35.29966
2026-02-23 14:00:00,39.8021
2026-02-23 15:00:00,32.75005
2026-02-23 16:00:00,27.54819
2026-02-23 17:00:00,22.05193
2026-02-23 18:00:00,17.86567
2026-02-23 19:00:00,14.45478
2026-02-23 20:00:00,13.82735
2026-02-23 21:00:00,8.37689
2026-02-23 22:00:00,16.2098
2026-02-23 23:00:00,21.37699
2026-02-24 00:00:00,29.2271
2026-02-24 01:00:00,37.09297
2026-02-24 02:00:00,39.767
2026-02-24 03:00:00,37.17754
2026-02-24 04:00:00,36.94575
2026-02-24 05:00:00,38.22157
2026-02-24 06:00:00,35.09947
2026-02-24 07:00:00,32.1584
2026-02-24 08:00:00,28.76505
2026-02-24 09:00:00,28.70526
2026-02-24 10:00:00,26.79791
2026-02-24 11:00:00,26.72677
2026-02-24 12:00:00,26.89827
2026-02-24 13:00:00,29.35592
2026-02-24 14:00:00,33.51525
2026-02-24 15:00:00,31.33468
2026-02-24 16:00:00,33.76036
2026-02-24 17:00:00,34.43
2026-02-24 18:00:00,32.02099
2026-02-24 19:00:00,30.9618
2026-02-24 20:00:00,31.85704
2026-02-24 21:00:00,32.25
2026-02-24 22:00:00,32.26446
2026-02-24 23:00:00,31.8152
2026-02-25 00:00:00,30.68746
2026-02-25 01:00:00,33.32295
2026-02-25 02:00:00,33.80305
2026-02-25 03:00:00,32.52249
2026-02-25 04:00:00,32.63949
2026-02-25 05:00:00,31.18463
2026-02-25 06:00:00,29.3593
2026-02-25 07:00:00,28.47304
2026-02-25 08:00:00,25.71802
2026-02-25 09:00:00,24.91881
2026-02-25 10:00:00,23.06423
2026-02-25 11:00:00,22.8673
2026-02-25 12:00:00,22.96414
2026-02-25 13:00:00,25.26058
2026-02-25 14:00:00,29.49913
2026-02-25 15:00:00,27.99519
2026-02-25 16:00:00,24.95796
2026-02-25 17:00:00,23.39462
2026-02-25 18:00:00,22.90821
2026-02-25 19:00:00,19.06908
2026-02-25 20:00:00,18.39843
2026-02-25 21:00:00,15.41225
2026-02-25 22:00:00,18.03136
2026-02-25 23:00:00,16.11028
2026-02-26 00:00:00,24.0308
2026-02-26 01:00:00,30.13514
2026-02-26 02:00:00,30.95827
2026-02-26 03:00:00,27.91416
2026-02-26 04:00:00,27.88544
2026-02-26 05:00:00,27.05591
2026-02-26 06:00:00,26.5799
2026-02-26 07:00:00,25.43174
2026-02-26 08:00:00,24.19915
2026-02-26 09:00:00,22.65594
2026-02-26 10:00:00,21.33575
2026-02-26 11:00:00,20.99758
2026-02-26 12:00:00,21.24436
2026-02-26 13:00:00,24.45487
2026-02-26 14:00:00,27.97836
2026-02-26 15:00:00,27.16527
2026-02-26 16:00:00,28.99147
2026-02-26 17:00:00,25.14684
2026-02-26 18:00:00,21.36791
2026-02-26 19:00:00,14.44248
2026-02-26 20:00:00,13.5
2026-02-26 21:00:00,11.95349
2026-02-26 22:00:00,16.34739
2026-02-26 23:00:00,17.15313
2026-02-27 00:00:00,21.72584
2026-02-27 01:00:00,31.85386
2026-02-27 02:00:00,34.79562
2026-02-27 03:00:00,34.54492
2026-02-27 04:00:00,31.99299
2026-02-27 05:00:00,28.77046
2026-02-27 06:00:00,28.26369
2026-02-27 07:00:00,26.79097
2026-02-27 08:00:00,25.83582
2026-02-27 09:00:00,25.89491
2026-02-27 10:00:00,25.4943
2026-02-27 11:00:00,25.29
2026-02-27 12:00:00,26.00434
2026-02-27 13:00:00,26.37104
2026-02-27 14:00:00,32.73387
2026-02-27 15:00:00,27.29129
2026-02-27 16:00:00,18.47172
2026-02-27 17:00:00,15.40363
2026-02-27 18:00:00,12.664
2026-02-27 19:00:00,10.59777
2026-02-27 20:00:00,9.70094
2026-02-27 21:00:00,9.35515
2026-02-27 22:00:00,11.01503
2026-02-27 23:00:00,15.12905
2026-02-28 00:00:00,26.0183
2026-02-28 01:00:00,31.05168
2026-02-28 02:00:00,31.51416
2026-02-28 03:00:00,31.02062
2026-02-28 04:00:00,30.79096
2026-02-28 05:00:00,30.4171
2026-02-28 06:00:00,30.14029
2026-02-28 07:00:00,30.62133
2026-02-28 08:00:00,28.86343
2026-02-28 09:00:00,28.50057
2026-02-28 10:00:00,27.94607
2026-02-28 11:00:00,26.31573
2026-02-28 12:00:00,25.50584
2026-02-28 13:00:00,26.16244
2026-02-28 14:00:00,26.49612
2026-02-28 15:00:00,18.40339
2026-02-28 16:00:00,10.2416
2026-02-28 17:00:00,0.92
2026-02-28 18:00:00,-0.83218
2026-02-28 19:00:00,-2.30791
2026-02-28 20:00:00,-2.76916
2026-02-28 21:00:00,-2.21059
2026-02-28 22:00:00,0.40348
2026-02-28 23:00:00,3.73427
2026-03-01 00:00:00,19.40041
2026-03-01 01:00:00,28.7576
2026-03-01 02:00:00,29.13466
2026-03-01 03:00:00,28.43848
2026-03-01 04:00:00,28.16425
2026-03-01 05:00:00,27.89107
2026-03-01 06:00:00,27.99913
2026-03-01 07:00:00,27.03791
2026-03-01 08:00:00,25.31532
2026-03-01 09:00:00,25.69581
2026-03-01 10:00:00,25.47726
2026-03-01 11:00:00,25.35985
2026-03-01 12:00:00,25.57129
2026-03-01 13:00:00,24.60851
2026-03-01 14:00:00,20.43727
2026-03-01 15:00:00,7.57814
2026-03-01 16:00:00,7.79693
2026-03-01 17:00:00,5.0
2026-03-01 18:00:00,2.0
2026-03-01 19:00:00,0.09065
2026-03-01 20:00:00,-0.36454
2026-03-01 21:00:00,-1.11042
2026-03-01 22:00:00,-0.6174
2026-03-01 23:00:00,0.98092
2026-03-02 00:00:00,12.86928
2026-03-02 01:00:00,25.89089
2026-03-02 02:00:00,26.15908
2026-03-02 03:00:00,25.97996
2026-03-02 04:00:00,25.72384
2026-03-02 05:00:00,25.73426
2026-03-02 06:00:00,25.68968
2026-03-02 07:00:00,25.42758
2026-03-02 08:00:00,29.40528
2026-03-02 09:00:00,28.59646
2026-03-02 10:00:00,27.78375
2026-03-02 11:00:00,25.71726
2026-03-02 12:00:00,25.7439
2026-03-02 13:00:00,28.07587
2026-03-02 14:00:00,30.93175
2026-03-02 15:00:00,21.19029
2026-03-02 16:00:00,20.90877
2026-03-02 17:00:00,16.16109
2026-03-02 18:00:00,9.65614
2026-03-02 19:00:00,5.89585
2026-03-02 20:00:00,6.21183
2026-03-02 21:00:00,1.5388
2026-03-02 22:00:00,2.99182
2026-03-02 23:00:00,6.84201
2026-03-03 00:00:00,13.89421
2026-03-03 01:00:00,27.37864
2026-03-03 02:00:00,30.99699
2026-03-03 03:00:00,29.83863
2026-03-03 04:00:00,29.45663
2026-03-03 05:00:00,26.73054
2026-03-03 06:00:00,26.42588
2026-03-03 07:00:00,25.27276
2026-03-03 08:00:00,30.36847
2026-03-03 09:00:00,29.63
2026-03-03 10:00:00,29.15581
2026-03-03 11:00:00,29.21019
2026-03-03 12:00:00,29.3486
2026-03-03 13:00:00,30.06533
2026-03-03 14:00:00,35.5326
2026-03-03 15:00:00,23.49391
2026-03-03 16:00:00,25.38519
2026-03-03 17:00:00,18.46103
2026-03-03 18:00:00,11.83526
2026-03-03 19:00:00,4.77829
2026-03-03 20:00:00,0.18459
2026-03-03 21:00:00,0.22485
2026-03-03 22:00:00,2.22
2026-03-03 23:00:00,8.51536
2026-03-04 00:00:00,20.57031
2026-03-04 01:00:00,33.29895
2026-03-04 02:00:00,34.23592
2026-03-04 03:00:00,33.08189
2026-03-04 04:00:00,33.02682
2026-03-04 05:00:00,32.77309
2026-03-04 06:00:00,31.97065
2026-03-04 07:00:00,30.44783
2026-03-04 08:00:00,27.10728
2026-03-04 09:00:00,26.37213
2026-03-04 10:00:00,25.91731
2026-03-04 11:00:00,25.89633
2026-03-04 12:00:00,26.15681
2026-03-04 13:00:00,28.78089
2026-03-04 14:00:00,32.52841
2026-03-04 15:00:00,24.11309
2026-03-04 16:00:00,21.95225
2026-03-04 17:00:00,19.05456
2026-03-04 18:00:00,15.94734
2026-03-04 19:00:00,10.13723
2026-03-04 20:00:00,2.5
2026-03-04 21:00:00,1.45573
2026-03-04 22:00:00,1.43141
2026-03-04 23:00:00,5.61707
2026-03-05 00:00:00,10.31546
2026-03-05 01:00:00,25.42987
2026-03-05 02:00:00,27.8556
2026-03-05 03:00:00,28.46649
2026-03-05 04:00:00,27.04752
2026-03-05 05:00:00,25.76314
2026-03-05 06:00:00,25.27789
2026-03-05 07:00:00,24.53027
2026-03-05 08:00:00,24.25935
2026-03-05 09:00:00,23.63458
2026-03-05 10:00:00,23.77131
2026-03-05 11:00:00,23.53985
2026-03-05 12:00:00,23.82121
2026-03-05 13:00:00,25.41723
2026-03-05 14:00:00,26.96495
2026-03-05 15:00:00,17.70614
2026-03-05 16:00:00,10.7353
2026-03-05 17:00:00,5.49415
2026-03-05 18:00:00,-2.47919
2026-03-05 19:00:00,-7.22825
2026-03-05 20:00:00,-8.01773
2026-03-05 21:00:00,-7.96651
2026-03-05 22:00:00,-6.64301
2026-03-05 23:00:00,-5.0
2026-03-06 00:00:00,5.68
2026-03-06 01:00:00,24.37116
2026-03-06 02:00:00,26.92854
2026-03-06 03:00:00,28.49955
2026-03-06 04:00:00,26.24054
2026-03-06 05:00:00,24.86838
2026-03-06 06:00:00,23.44703
2026-03-06 07:00:00,22.96936
2026-03-06 08:00:00,22.48405
2026-03-06 09:00:00,22.39287
2026-03-06 10:00:00,22.11695
2026-03-06 11:00:00,21.3399
2026-03-06 12:00:00,20.87333
2026-03-06 13:00:00,23.31813
2026-03-06 14:00:00,27.00207
2026-03-06 15:00:00,14.58081
2026-03-06 16:00:00,6.0485
2026-03-06 17:00:00,-1.74353
2026-03-06 18:00:00,-6.69935
2026-03-06 19:00:00,-9.88739
2026-03-06 20:00:00,-11.2034
2026-03-06 21:00:00,-10.86838
2026-03-06 22:00:00,-10.80502
2026-03-06 23:00:00,-5.81
2026-03-07 00:00:00,2.12
2026-03-07 01:00:00,25.68838
2026-03-07 02:00:00,26.00865
2026-03-07 03:00:00,25.66532
2026-03-07 04:00:00,25.30053
2026-03-07 05:00:00,25.5742
2026-03-07 06:00:00,24.78926
2026-03-07 07:00:00,24.57737
2026-03-07 08:00:00,21.04544
2026-03-07 09:00:00,20.90513
2026-03-07 10:00:00,21.08952
2026-03-07 11:00:00,19.34
2026-03-07 12:00:00,18.32321
2026-03-07 13:00:00,19.4237
2026-03-07 14:00:00,19.74669
2026-03-07 15:00:00,2.47539
2026-03-07 16:00:00,-4.13373
2026-03-07 17:00:00,-12.00181
2026-03-07 18:00:00,-13.99877
2026-03-07 19:00:00,-14.06583
2026-03-07 20:00:00,-14.18912
2026-03-07 21:00:00,-14.15448
2026-03-07 22:00:00,-14.30985
2026-03-07 23:00:00,-13.54762
2026-03-08 00:00:00,-1.82539
2026-03-08 01:00:00,21.13178
2026-03-08 02:00:00,21.89996
2026-03-08 03:00:00,21.83882
2026-03-08 04:00:00,21.71469
2026-03-08 05:00:00,21.73804
2026-03-08 06:00:00,21.29827
2026-03-08 07:00:00,20.64228
2026-03-08 08:00:00,27.98047
2026-03-08 09:00:00,27.2171
2026-03-08 10:00:00,25.62782
2026-03-08 11:00:00,22.67966
2026-03-08 12:00:00,26.60519
2026-03-08 13:00:00,22.90162
2026-03-08 14:00:00,20.53418
2026-03-08 15:00:00,0.0
2026-03-08 16:00:00,-11.24292
2026-03-08 17:00:00,-13.55943
2026-03-08 18:00:00,-13.36824
2026-03-08 19:00:00,-13.58922
2026-03-08 20:00:00,-13.75049
2026-03-08 21:00:00,-13.80127
2026-03-08 22:00:00,-13.22143
2026-03-08 23:00:00,-10.38096
2026-03-09 00:00:00,1.32646
2026-03-09 01:00:00,25.27456
2026-03-09 02:00:00,25.65888
2026-03-09 03:00:00,25.36269
2026-03-09 04:00:00,25.52534
2026-03-09 05:00:00,25.03597
2026-03-09 06:00:00,25.13305
2026-03-09 07:00:00,29.92997
2026-03-09 08:00:00,28.77672
2026-03-09 09:00:00,27.87427
2026-03-09 10:00:00,27.41759
2026-03-09 11:00:00,28.3176
2026-03-09 12:00:00,28.48855
2026-03-09 13:00:00,37.28669
2026-03-09 14:00:00,36.7438
2026-03-09 15:00:00,22.26976
2026-03-09 16:00:00,11.2405
2026-03-09 17:00:00,6.64481
2026-03-09 18:00:00,1.32831
2026-03-09 19:00:00,0.89464
2026-03-09 20:00:00,-0.09626
2026-03-09 21:00:00,-0.99734
2026-03-09 22:00:00,0.86646
2026-03-09 23:00:00,3.0
2026-03-10 00:00:00,17.67352
2026-03-10 01:00:00,34.3148
2026-03-10 02:00:00,36.81772
2026-03-10 03:00:00,32.88722
2026-03-10 04:00:00,32.63242
2026-03-10 05:00:00,31.18842
2026-03-10 06:00:00,30.61001
2026-03-10 07:00:00,27.69269
2026-03-10 08:00:00,28.28483
2026-03-10 09:00:00,28.37048
2026-03-10 10:00:00,28.31251
2026-03-10 11:00:00,28.30589
2026-03-10 12:00:00,28.60373
2026-03-10 13:00:00,35.09447
2026-03-10 14:00:00,37.74175
2026-03-10 15:00:00,20.90755
2026-03-10 16:00:00,10.26843
2026-03-10 17:00:00,7.08985
2026-03-10 18:00:00,2.23273
2026-03-10 19:00:00,-3.04619
2026-03-10 20:00:00,-3.77457
2026-03-10 21:00:00,-6.07269
2026-03-10 22:00:00,-5.78581
2026-03-10 23:00:00,-3.0589
2026-03-11 00:00:00,9.54885
2026-03-11 01:00:00,30.56285
2026-03-11 02:00:00,32.39266
2026-03-11 03:00:00,31.0
2026-03-11 04:00:00,30.14881
2026-03-11 05:00:00,29.25019
2026-03-11 06:00:00,28.85811
2026-03-11 07:00:00,28.20232
2026-03-11 08:00:00,28.1661
2026-03-11 09:00:00,27.84123
2026-03-11 10:00:00,28.1113
2026-03-11 11:00:00,28.17471
2026-03-11 12:00:00,30.44908
2026-03-11 13:00:00,35.29119
2026-03-11 14:00:00,36.56625
2026-03-11 15:00:00,20.42626
2026-03-11 16:00:00,8.06825
2026-03-11 17:00:00,0.60583
2026-03-11 18:00:00,-4.63599
2026-03-11 19:00:00,-4.91481
2026-03-11 20:00:00,-5.04176
2026-03-11 21:00:00,-5.12829
2026-03-11 22:00:00,-6.24966
2026-03-11 23:00:00,-4.63862
2026-03-12 00:00:00,7.4334
2026-03-12 01:00:00,31.62386
2026-03-12 02:00:00,33.88364
2026-03-12 03:00:00,31.41177
2026-03-12 04:00:00,30.91067
2026-03-12 05:00:00,30.59627
2026-03-12 06:00:00,30.28671
2026-03-12 07:00:00,30.63993
2026-03-12 08:00:00,30.59218
2026-03-12 09:00:00,29.14163
2026-03-12 10:00:00,28.46345
2026-03-12 11:00:00,29.21091
2026-03-12 12:00:00,31.13924
2026-03-12 13:00:00,34.11671
2026-03-12 14:00:00,33.29548
2026-03-12 15:00:00,16.55224
2026-03-12 16:00:00,4.61612
2026-03-12 17:00:00,1.6597
2026-03-12 18:00:00,-2.71861
2026-03-12 19:00:00,-4.96144
2026-03-12 20:00:00,-4.98847
2026-03-12 21:00:00,-4.70136
2026-03-12 22:00:00,-2.31071
2026-03-12 23:00:00,2.27809
2026-03-13 00:00:00,10.53046
2026-03-13 01:00:00,35.20132
2026-03-13 02:00:00,36.71679
2026-03-13 03:00:00,33.26564
2026-03-13 04:00:00,31.86902
2026-03-13 05:00:00,29.76
2026-03-13 06:00:00,31.28958
2026-03-13 07:00:00,27.78702
2026-03-13 08:00:00,27.51253
2026-03-13 09:00:00,26.44488
2026-03-13 10:00:00,26.67635
2026-03-13 11:00:00,26.4427
2026-03-13 12:00:00,27.351
2026-03-13 13:00:00,31.69695
2026-03-13 14:00:00,33.99667
2026-03-13 15:00:00,22.35917
2026-03-13 16:00:00,12.44575
2026-03-13 17:00:00,3.75902
2026-03-13 18:00:00,3.33638
2026-03-13 19:00:00,1.67085
2026-03-13 20:00:00,1.66197
2026-03-13 21:00:00,2.60043
2026-03-13 22:00:00,3.99175
2026-03-13 23:00:00,7.65424
2026-03-14 00:00:00,23.87546
2026-03-14 01:00:00,30.93581
2026-03-14 02:00:00,31.95387
2026-03-14 03:00:00,29.86351
2026-03-14 04:00:00,28.74314
2026-03-14 05:00:00,27.12233
2026-03-14 06:00:00,28.87084
2026-03-14 07:00:00,25.80089
2026-03-14 08:00:00,23.80975
2026-03-14 09:00:00,22.51204
2026-03-14 10:00:00,21.07046
2026-03-14 11:00:00,19.12407
2026-03-14 12:00:00,19.40923
2026-03-14 13:00:00,23.62
2026-03-14 14:00:00,22.91214
2026-03-14 15:00:00,0.5
2026-03-14 16:00:00,-6.11976
2026-03-14 17:00:00,-10.82005
2026-03-14 18:00:00,-13.45668
2026-03-14 19:00:00,-13.74652
2026-03-14 20:00:00,-13.57219
2026-03-14 21:00:00,-13.42363
2026-03-14 22:00:00,-13.59768
2026-03-14 23:00:00,-10.0039
2026-03-15 00:00:00,0.0
2026-03-15 01:00:00,22.78565
2026-03-15 02:00:00,23.33657
2026-03-15 03:00:00,23.17186
2026-03-15 04:00:00,23.29636
2026-03-15 05:00:00,22.93682
2026-03-15 06:00:00,22.34699
2026-03-15 07:00:00,28.91323
2026-03-15 08:00:00,28.87897
2026-03-15 09:00:00,26.40033
2026-03-15 10:00:00,26.61562
2026-03-15 11:00:00,28.34579
2026-03-15 12:00:00,28.13484
2026-03-15 13:00:00,26.1777
2026-03-15 14:00:00,26.5443
2026-03-15 15:00:00,0.04107
2026-03-15 16:00:00,-4.35604
2026-03-15 17:00:00,-10.57381
2026-03-15 18:00:00,-11.26269
2026-03-15 19:00:00,-11.14862
2026-03-15 20:00:00,-11.28865
2026-03-15 21:00:00,-11.2226
2026-03-15 22:00:00,-10.65528
2026-03-15 23:00:00,-4.33404
2026-03-16 00:00:00,16.09489
2026-03-16 01:00:00,36.66237
2026-03-16 02:00:00,37.95714
2026-03-16 03:00:00,37.66473
2026-03-16 04:00:00,36.96261
2026-03-16 05:00:00,36.61846
2026-03-16 06:00:00,35.8948
2026-03-16 07:00:00,29.41791
2026-03-16 08:00:00,29.94388
2026-03-16 09:00:00,24.67967
2026-03-16 10:00:00,26.98851
2026-03-16 11:00:00,28.65839
2026-03-16 12:00:00,33.25185
2026-03-16 13:00:00,40.08831
2026-03-16 14:00:00,40.69042
2026-03-16 15:00:00,25.01785
2026-03-16 16:00:00,11.4494
2026-03-16 17:00:00,3.31669
2026-03-16 18:00:00,2.08468
2026-03-16 19:00:00,1.82501
2026-03-16 20:00:00,1.94184
2026-03-16 21:00:00,1.7844
2026-03-16 22:00:00,3.35021
2026-03-16 23:00:00,10.34671
2026-03-17 00:00:00,27.90356
2026-03-17 01:00:00,38.92317
2026-03-17 02:00:00,44.6175
2026-03-17 03:00:00,40.95394
2026-03-17 04:00:00,38.64282
2026-03-17 05:00:00,34.09269
2026-03-17 06:00:00,35.02153
2026-03-17 07:00:00,33.70266
2026-03-17 08:00:00,30.03071
2026-03-17 09:00:00,30.43674
2026-03-17 10:00:00,27.58782
2026-03-17 11:00:00,28.90482
2026-03-17 12:00:00,30.42576
2026-03-17 13:00:00,36.86479
2026-03-17 14:00:00,33.01526
2026-03-17 15:00:00,25.92436
2026-03-17 16:00:00,19.11384
2026-03-17 17:00:00,13.88739
2026-03-17 18:00:00,8.98527
2026-03-17 19:00:00,9.13658
2026-03-17 20:00:00,10.42415
2026-03-17 21:00:00,14.11875
2026-03-17 22:00:00,18.15606
2026-03-17 23:00:00,21.03061
2026-03-18 00:00:00,32.59712
2026-03-18 01:00:00,49.52508
2026-03-18 02:00:00,43.00348
2026-03-18 03:00:00,40.17525
2026-03-18 04:00:00,34.68718
2026-03-18 05:00:00,33.70164
2026-03-18 06:00:00,30.83801
2026-03-18 07:00:00,26.7318
2026-03-18 08:00:00,25.29748
2026-03-18 09:00:00,26.70742
2026-03-18 10:00:00,24.0
2026-03-18 11:00:00,27.22395
2026-03-18 12:00:00,25.68
2026-03-18 13:00:00,33.98988
2026-03-18 14:00:00,34.67502
2026-03-18 15:00:00,21.3531
2026-03-18 16:00:00,17.23866
2026-03-18 17:00:00,14.60863
2026-03-18 18:00:00,15.10645
2026-03-18 19:00:00,15.22344
2026-03-18 20:00:00,16.91163
2026-03-18 21:00:00,18.2775
2026-03-18 22:00:00,26.91024
2026-03-18 23:00:00,28.24726
2026-03-19 00:00:00,35.42484
2026-03-19 01:00:00,47.18119
2026-03-19 02:00:00,47.88069
2026-03-19 03:00:00,40.6179
2026-03-19 04:00:00,31.08412
2026-03-19 05:00:00,31.00334
2026-03-19 06:00:00,28.02424
2026-03-19 07:00:00,29.85764
2026-03-19 08:00:00,28.83395
2026-03-19 09:00:00,26.16272
2026-03-19 10:00:00,26.68874
2026-03-19 11:00:00,26.64392
2026-03-19 12:00:00,27.43817
2026-03-19 13:00:00,36.06863
2026-03-19 14:00:00,36.54223
2026-03-19 15:00:00,22.32677
2026-03-19 16:00:00,22.94247
2026-03-19 17:00:00,21.81183
2026-03-19 18:00:00,20.42426
2026-03-19 19:00:00,20.55242
2026-03-19 20:00:00,21.20498
2026-03-19 21:00:00,34.4433
2026-03-19 22:00:00,17.89992
2026-03-19 23:00:00,21.73935
2026-03-20 00:00:00,31.51
2026-03-20 01:00:00,58.29488
2026-03-20 02:00:00,61.23985
2026-03-20 03:00:00,47.11126
2026-03-20 04:00:00,38.37745
2026-03-20 05:00:00,30.22145
2026-03-20 06:00:00,30.5
2026-03-20 07:00:00,50.58022
2026-03-20 08:00:00,40.4792
2026-03-20 09:00:00,34.02385
2026-03-20 10:00:00,30.71076
2026-03-20 11:00:00,28.2827
2026-03-20 12:00:00,30.70977
2026-03-20 13:00:00,44.74142
2026-03-20 14:00:00,39.98574
2026-03-20 15:00:00,22.36111
2026-03-20 16:00:00,22.21364
2026-03-20 17:00:00,20.594
2026-03-20 18:00:00,20.78477
2026-03-20 19:00:00,21.34404
2026-03-20 20:00:00,24.57058
2026-03-20 21:00:00,33.25784
2026-03-20 22:00:00,48.39816
2026-03-20 23:00:00,80.24
2026-03-21 00:00:00,104.63
2026-03-21 01:00:00,147.2
2026-03-21 02:00:00,150.0
2026-03-21 03:00:00,108.83326
2026-03-21 04:00:00,79.02008
2026-03-21 05:00:00,58.88117
2026-03-21 06:00:00,52.13828
2026-03-21 07:00:00,35.26853
2026-03-21 08:00:00,32.68
2026-03-21 09:00:00,30.31214
2026-03-21 10:00:00,27.47045
2026-03-21 11:00:00,27.72846
2026-03-21 12:00:00,29.86879
2026-03-21 13:00:00,34.88812
2026-03-21 14:00:00,28.36828
2026-03-21 15:00:00,9.74033
2026-03-21 16:00:00,8.59216
2026-03-21 17:00:00,7.06451
2026-03-21 18:00:00,9.70589
2026-03-21 19:00:00,9.15048
2026-03-21 20:00:00,9.47242
2026-03-21 21:00:00,11.35
2026-03-21 22:00:00,19.40446
2026-03-21 23:00:00,33.01013
2026-03-22 00:00:00,49.3985
2026-03-22 01:00:00,64.97275
2026-03-22 02:00:00,64.91841
2026-03-22 03:00:00,57.01183
2026-03-22 04:00:00,43.50946
2026-03-22 05:00:00,34.71526
2026-03-22 06:00:00,31.3415
2026-03-22 07:00:00,29.66586
2026-03-22 08:00:00,28.03079
2026-03-22 09:00:00,25.43799
2026-03-22 10:00:00,25.81628
2026-03-22 11:00:00,25.70586
2026-03-22 12:00:00,28.33632
2026-03-22 13:00:00,28.71533
2026-03-22 14:00:00,23.48193
2026-03-22 15:00:00,7.30043
2026-03-22 16:00:00,4.59152
2026-03-22 17:00:00,3.35511
2026-03-22 18:00:00,4.03931
2026-03-22 19:00:00,2.25372
2026-03-22 20:00:00,2.42474
2026-03-22 21:00:00,6.00861
2026-03-22 22:00:00,9.51421
2026-03-22 23:00:00,16.72683
2026-03-23 00:00:00,41.19801
2026-03-23 01:00:00,61.24434
2026-03-23 02:00:00,66.78589
2026-03-23 03:00:00,49.99124
2026-03-23 04:00:00,38.28319
2026-03-23 05:00:00,33.65268
2026-03-23 06:00:00,30.43433
2026-03-23 07:00:00,27.44915
2026-03-23 08:00:00,27.33347
2026-03-23 09:00:00,27.07208
2026-03-23 10:00:00,26.83506
2026-03-23 11:00:00,26.87359
2026-03-23 12:00:00,30.68735
2026-03-23 13:00:00,36.64631
2026-03-23 14:00:00,34.17462
2026-03-23 15:00:00,19.92462
2026-03-23 16:00:00,18.76557
2026-03-23 17:00:00,19.83258
2026-03-23 18:00:00,18.49373
2026-03-23 19:00:00,15.43173
2026-03-23 20:00:00,14.85955
2026-03-23 21:00:00,16.0872
2026-03-23 22:00:00,18.18524
2026-03-23 23:00:00,24.50858
2026-03-24 00:00:00,37.5598
2026-03-24 01:00:00,53.65986
2026-03-24 02:00:00,54.1376
2026-03-24 03:00:00,42.77771
2026-03-24 04:00:00,39.17915
2026-03-24 05:00:00,35.85541
2026-03-24 06:00:00,32.46597
2026-03-24 07:00:00,27.68976
2026-03-24 08:00:00,26.39851
2026-03-24 09:00:00,26.43396
2026-03-24 10:00:00,26.69999
2026-03-24 11:00:00,26.79951
2026-03-24 12:00:00,30.74561
2026-03-24 13:00:00,37.32061
2026-03-24 14:00:00,34.85832
2026-03-24 15:00:00,22.62254
2026-03-24 16:00:00,24.38698
2026-03-24 17:00:00,18.49726
2026-03-24 18:00:00,15.67109
2026-03-24 19:00:00,13.77169
2026-03-24 20:00:00,14.43157
2026-03-24 21:00:00,16.30157
2026-03-24 22:00:00,20.04018
2026-03-24 23:00:00,24.26505
2026-03-25 00:00:00,37.24141
2026-03-25 01:00:00,48.83304
2026-03-25 02:00:00,49.49774
2026-03-25 03:00:00,39.85001
2026-03-25 04:00:00,36.10632
2026-03-25 05:00:00,33.44181
2026-03-25 06:00:00,33.10143
2026-03-25 07:00:00,28.33892
2026-03-25 08:00:00,25.70109
2026-03-25 09:00:00,25.19642
2026-03-25 10:00:00,24.86936
2026-03-25 11:00:00,24.78603
2026-03-25 12:00:00,28.02565
2026-03-25 13:00:00,34.50839
2026-03-25 14:00:00,33.20067
2026-03-25 15:00:00,19.13902
2026-03-25 16:00:00,17.33198
2026-03-25 17:00:00,12.35074
2026-03-25 18:00:00,10.81264
2026-03-25 19:00:00,10.21572
2026-03-25 20:00:00,10.72493
2026-03-25 21:00:00,11.37527
2026-03-25 22:00:00,13.79567
2026-03-25 23:00:00,15.32968
2026-03-26 00:00:00,26.16499
2026-03-26 01:00:00,33.91799
2026-03-26 02:00:00,35.41343
2026-03-26 03:00:00,30.42787
2026-03-26 04:00:00,27.3678
2026-03-26 05:00:00,26.71787
2026-03-26 06:00:00,25.1497
2026-03-26 07:00:00,25.94522
2026-03-26 08:00:00,26.27343
2026-03-26 09:00:00,25.23654
2026-03-26 10:00:00,24.93634
2026-03-26 11:00:00,25.2816
2026-03-26 12:00:00,28.7641
2026-03-26 13:00:00,31.88931
2026-03-26 14:00:00,31.36681
2026-03-26 15:00:00,17.39585
2026-03-26 16:00:00,13.77752
2026-03-26 17:00:00,10.60168
2026-03-26 18:00:00,8.48989
2026-03-26 19:00:00,7.95488
2026-03-26 20:00:00,7.19239
2026-03-26 21:00:00,8.21494
2026-03-26 22:00:00,8.5
2026-03-26 23:00:00,12.87916
2026-03-27 00:00:00,24.91599
2026-03-27 01:00:00,36.0785
2026-03-27 02:00:00,37.08993
2026-03-27 03:00:00,33.7591
2026-03-27 04:00:00,32.1481
2026-03-27 05:00:00,31.19464
2026-03-27 06:00:00,30.70023
2026-03-27 07:00:00,37.77228
2026-03-27 08:00:00,34.36611
2026-03-27 09:00:00,32.71488
2026-03-27 10:00:00,32.402
2026-03-27 11:00:00,32.8257
2026-03-27 12:00:00,37.52901
2026-03-27 13:00:00,40.08866
2026-03-27 14:00:00,36.58757
2026-03-27 15:00:00,24.84394
2026-03-27 16:00:00,18.10303
2026-03-27 17:00:00,15.55835
2026-03-27 18:00:00,13.0251
2026-03-27 19:00:00,12.07637
2026-03-27 20:00:00,13.22687
2026-03-27 21:00:00,13.45242
2026-03-27 22:00:00,16.08421
2026-03-27 23:00:00,21.64313
2026-03-28 00:00:00,29.00032
2026-03-28 01:00:00,38.51341
2026-03-28 02:00:00,39.81317
2026-03-28 03:00:00,35.02504
2026-03-28 04:00:00,34.32647
2026-03-28 05:00:00,34.0375
2026-03-28 06:00:00,33.01067
2026-03-28 07:00:00,33.87307
2026-03-28 08:00:00,32.55358
2026-03-28 09:00:00,30.80091
2026-03-28 10:00:00,29.36904
2026-03-28 11:00:00,27.19512
2026-03-28 12:00:00,28.19692
2026-03-28 13:00:00,33.68421
2026-03-28 14:00:00,28.26414
2026-03-28 15:00:00,8.19565
2026-03-28 16:00:00,0.58323
2026-03-28 17:00:00,-0.02601
2026-03-28 18:00:00,0.06085
2026-03-28 19:00:00,0.07035
2026-03-28 20:00:00,0.07128
2026-03-28 21:00:00,0.04746
2026-03-28 22:00:00,0.48989
2026-03-28 23:00:00,7.64237
2026-03-29 00:00:00,26.03394
2026-03-29 01:00:00,36.12092
2026-03-29 02:00:00,39.39118
2026-03-29 03:00:00,35.79616
2026-03-29 04:00:00,34.93464
2026-03-29 05:00:00,34.51473
2026-03-29 06:00:00,32.94577
2026-03-29 07:00:00,30.26958
2026-03-29 08:00:00,29.55533
2026-03-29 09:00:00,29.01206
2026-03-29 10:00:00,28.69113
2026-03-29 11:00:00,28.30812
2026-03-29 12:00:00,28.58465
2026-03-29 13:00:00,30.20122
2026-03-29 14:00:00,23.9182
2026-03-29 15:00:00,2.3537
2026-03-29 16:00:00,-1.76085
2026-03-29 17:00:00,-3.19755
2026-03-29 18:00:00,-3.59613
2026-03-29 19:00:00,-3.72065
2026-03-29 20:00:00,-3.84941
2026-03-29 21:00:00,-3.80132
2026-03-29 22:00:00,-3.44983
2026-03-29 23:00:00,1.30515
2026-03-30 00:00:00,19.98572
2026-03-30 01:00:00,35.47973
2026-03-30 02:00:00,35.28077
2026-03-30 03:00:00,35.09299
2026-03-30 04:00:00,33.62955
2026-03-30 05:00:00,33.0482
2026-03-30 06:00:00,31.63559
2026-03-30 07:00:00,28.07924
2026-03-30 08:00:00,26.94883
2026-03-30 09:00:00,27.31084
2026-03-30 10:00:00,26.95772
2026-03-30 11:00:00,28.22341
2026-03-30 12:00:00,34.07251
2026-03-30 13:00:00,37.85499
2026-03-30 14:00:00,36.44065
2026-03-30 15:00:00,27.9089
2026-03-30 16:00:00,23.38095
2026-03-30 17:00:00,22.6474
2026-03-30 18:00:00,21.94205
2026-03-30 19:00:00,23.4803
2026-03-30 20:00:00,25.53
2026-03-30 21:00:00,26.88666
2026-03-30 22:00:00,26.9534
2026-03-30 23:00:00,24.36939
2026-03-31 00:00:00,32.22616
2026-03-31 01:00:00,37.76322
2026-03-31 02:00:00,39.9474
2026-03-31 03:00:00,34.92148
2026-03-31 04:00:00,32.99971
2026-03-31 05:00:00,32.79098
2026-03-31 06:00:00,31.62123
2026-03-31 07:00:00,34.30795
2026-03-31 08:00:00,29.65813
2026-03-31 09:00:00,26.93854
2026-03-31 10:00:00,26.33778
2026-03-31 11:00:00,26.45665
2026-03-31 12:00:00,31.19238
2026-03-31 13:00:00,34.65558
2026-03-31 14:00:00,36.86251
2026-03-31 15:00:00,35.48913
2026-03-31 16:00:00,33.53845
2026-03-31 17:00:00,33.55199
2026-03-31 18:00:00,31.05628
2026-03-31 19:00:00,30.41763
2026-03-31 20:00:00,27.13432
2026-03-31 21:00:00,26.85657
2026-03-31 22:00:00,27.11897
2026-03-31 23:00:00,28.52141
2026-04-01 00:00:00,33.82261
2026-04-01 01:00:00,34.1711
2026-04-01 02:00:00,34.10193
2026-04-01 03:00:00,33.93963
2026-04-01 04:00:00,33.31044
2026-04-01 05:00:00,30.57442
2026-04-01 06:00:00,29.28456
2026-04-01 07:00:00,26.75106
2026-04-01 08:00:00,26.74843
2026-04-01 09:00:00,26.74031
2026-04-01 10:00:00,26.73363
2026-04-01 11:00:00,26.66137
2026-04-01 12:00:00,29.95049
2026-04-01 13:00:00,33.84332
2026-04-01 14:00:00,30.79696
2026-04-01 15:00:00,20.21056
2026-04-01 16:00:00,17.15819
2026-04-01 17:00:00,15.1352
2026-04-01 18:00:00,12.66475
2026-04-01 19:00:00,11.38122
2026-04-01 20:00:00,8.70683
2026-04-01 21:00:00,4.93019
2026-04-01 22:00:00,5.34194
2026-04-01 23:00:00,9.09872
2026-04-02 00:00:00,9.53622
2026-04-02 01:00:00,24.31257
2026-04-02 02:00:00,25.58997
2026-04-02 03:00:00,24.51416
2026-04-02 04:00:00,24.36633
2026-04-02 05:00:00,24.60739
2026-04-02 06:00:00,24.01798
2026-04-02 07:00:00,26.53011
2026-04-02 08:00:00,25.35155
2026-04-02 09:00:00,26.26996
2026-04-02 10:00:00,25.41748
2026-04-02 11:00:00,25.81137
2026-04-02 12:00:00,26.87247
2026-04-02 13:00:00,30.91569
2026-04-02 14:00:00,24.55236
2026-04-02 15:00:00,7.67221
2026-04-02 16:00:00,-1.5615
2026-04-02 17:00:00,-6.42023
2026-04-02 18:00:00,-12.08779
2026-04-02 19:00:00,-10.58617
2026-04-02 20:00:00,-10.93476
2026-04-02 21:00:00,-10.8977
2026-04-02 22:00:00,-10.39379
2026-04-02 23:00:00,-9.53928
2026-04-03 00:00:00,-0.87401
2026-04-03 01:00:00,18.948
2026-04-03 02:00:00,23.01772
2026-04-03 03:00:00,22.62472
2026-04-03 04:00:00,21.7513
2026-04-03 05:00:00,20.9272
2026-04-03 06:00:00,20.81098
2026-04-03 07:00:00,24.0111
2026-04-03 08:00:00,24.53374
2026-04-03 09:00:00,24.45565
2026-04-03 10:00:00,24.39547
2026-04-03 11:00:00,24.12962
2026-04-03 12:00:00,25.47326
2026-04-03 13:00:00,32.00621
2026-04-03 14:00:00,23.48932
2026-04-03 15:00:00,8.26511
2026-04-03 16:00:00,-0.17001
2026-04-03 17:00:00,-2.45428
2026-04-03 18:00:00,-7.12752
2026-04-03 19:00:00,-9.0254
2026-04-03 20:00:00,-9.89489
2026-04-03 21:00:00,-8.64312
2026-04-03 22:00:00,-8.79432
2026-04-03 23:00:00,-5.66987
2026-04-04 00:00:00,4.29222
2026-04-04 01:00:00,25.24311
2026-04-04 02:00:00,30.59577
2026-04-04 03:00:00,29.27783
2026-04-04 04:00:00,28.16479
2026-04-04 05:00:00,27.82731
2026-04-04 06:00:00,27.59961
2026-04-04 07:00:00,30.49966
2026-04-04 08:00:00,29.78652
2026-04-04 09:00:00,30.0529
2026-04-04 10:00:00,29.37468
2026-04-04 11:00:00,29.81227
2026-04-04 12:00:00,29.49551
2026-04-04 13:00:00,28.7182
2026-04-04 14:00:00,15.30044
2026-04-04 15:00:00,1.47119
2026-04-04 16:00:00,-3.87629
2026-04-04 17:00:00,-10.0
2026-04-04 18:00:00,-11.33955
2026-04-04 19:00:00,-12.13656
2026-04-04 20:00:00,-12.08514
2026-04-04 21:00:00,-11.96462
2026-04-04 22:00:00,-10.52188
2026-04-04 23:00:00,-1.94548
2026-04-05 00:00:00,9.68381
2026-04-05 01:00:00,30.74589
2026-04-05 02:00:00,31.52311
2026-04-05 03:00:00,31.0449
2026-04-05 04:00:00,30.17042
2026-04-05 05:00:00,29.43705
2026-04-05 06:00:00,28.62769
2026-04-05 07:00:00,29.65401
2026-04-05 08:00:00,28.46202
2026-04-05 09:00:00,25.95624
2026-04-05 10:00:00,24.21142
2026-04-05 11:00:00,23.2876
2026-04-05 12:00:00,25.47165
2026-04-05 13:00:00,28.08812
2026-04-05 14:00:00,11.07325
2026-04-05 15:00:00,5.59933
2026-04-05 16:00:00,1.20379
2026-04-05 17:00:00,1.22566
2026-04-05 18:00:00,-5.70233
2026-04-05 19:00:00,-7.85361
2026-04-05 20:00:00,-9.17012
2026-04-05 21:00:00,-4.69018
2026-04-05 22:00:00,-0.35048
2026-04-05 23:00:00,9.23828
2026-04-06 00:00:00,17.5689
2026-04-06 01:00:00,31.24618
2026-04-06 02:00:00,32.51806
2026-04-06 03:00:00,30.54887
2026-04-06 04:00:00,29.75102
2026-04-06 05:00:00,29.45776
2026-04-06 06:00:00,28.4809
2026-04-06 07:00:00,28.56122
2026-04-06 08:00:00,26.00958
2026-04-06 09:00:00,24.98007
2026-04-06 10:00:00,24.19215
2026-04-06 11:00:00,24.20826
2026-04-06 12:00:00,26.92862
2026-04-06 13:00:00,31.11503
2026-04-06 14:00:00,29.76902
2026-04-06 15:00:00,18.00958
2026-04-06 16:00:00,11.84078
2026-04-06 17:00:00,11.43554
2026-04-06 18:00:00,8.10116
2026-04-06 19:00:00,3.69316
2026-04-06 20:00:00,2.73921
2026-04-06 21:00:00,2.68894
2026-04-06 22:00:00,5.59
2026-04-06 23:00:00,4.67119
2026-04-07 00:00:00,10.38406
2026-04-07 01:00:00,27.79372
2026-04-07 02:00:00,30.53539
2026-04-07 03:00:00,27.78754
2026-04-07 04:00:00,26.49213
2026-04-07 05:00:00,25.24898
2026-04-07 06:00:00,23.83319
2026-04-07 07:00:00,20.2124
2026-04-07 08:00:00,19.23635
2026-04-07 09:00:00,19.28017
2026-04-07 10:00:00,19.28431
2026-04-07 11:00:00,19.4816
2026-04-07 12:00:00,22.91023
2026-04-07 13:00:00,25.73741
2026-04-07 14:00:00,15.40383
2026-04-07 15:00:00,6.13939
2026-04-07 16:00:00,3.54706
2026-04-07 17:00:00,-2.04025
2026-04-07 18:00:00,-1.06169
2026-04-07 19:00:00,-3.09
2026-04-07 20:00:00,-2.89115
2026-04-07 21:00:00,-2.00209
2026-04-07 22:00:00,-3.86306
2026-04-07 23:00:00,-0.33576
2026-04-08 00:00:00,6.53539
2026-04-08 01:00:00,24.8495
2026-04-08 02:00:00,27.93879
2026-04-08 03:00:00,24.65813
2026-04-08 04:00:00,23.43449
2026-04-08 05:00:00,22.30353
2026-04-08 06:00:00,20.90938
2026-04-08 07:00:00,22.46369
2026-04-08 08:00:00,21.52937
2026-04-08 09:00:00,21.30734
2026-04-08 10:00:00,21.26231
2026-04-08 11:00:00,21.4147
2026-04-08 12:00:00,22.8477
2026-04-08 13:00:00,27.42474
2026-04-08 14:00:00,21.56513
2026-04-08 15:00:00,12.09144
2026-04-08 16:00:00,8.95901
2026-04-08 17:00:00,4.41868
2026-04-08 18:00:00,2.88621
2026-04-08 19:00:00,-0.17214
2026-04-08 20:00:00,-1.25
2026-04-08 21:00:00,-0.31
2026-04-08 22:00:00,2.57266
2026-04-08 23:00:00,9.04864
2026-04-09 00:00:00,19.51362
2026-04-09 01:00:00,24.45864
2026-04-09 02:00:00,28.06959
2026-04-09 03:00:00,25.47199
2026-04-09 04:00:00,24.06752
2026-04-09 05:00:00,22.96856
2026-04-09 06:00:00,22.20445
2026-04-09 07:00:00,26.23385
2026-04-09 08:00:00,24.69114
2026-04-09 09:00:00,23.02771
2026-04-09 10:00:00,22.83479
2026-04-09 11:00:00,23.58319
2026-04-09 12:00:00,26.82571
2026-04-09 13:00:00,29.29145
2026-04-09 14:00:00,22.98203
2026-04-09 15:00:00,18.61374
2026-04-09 16:00:00,8.76607
2026-04-09 17:00:00,7.53261
2026-04-09 18:00:00,13.19286
2026-04-09 19:00:00,11.25974
2026-04-09 20:00:00,7.57384
2026-04-09 21:00:00,7.21756
2026-04-09 22:00:00,12.90408
2026-04-09 23:00:00,13.79187
2026-04-10 00:00:00,23.1398
2026-04-10 01:00:00,30.24464
2026-04-10 02:00:00,31.10521
2026-04-10 03:00:00,29.44058
2026-04-10 04:00:00,28.62367
2026-04-10 05:00:00,28.49041
2026-04-10 06:00:00,27.9747
2026-04-10 07:00:00,32.61717
2026-04-10 08:00:00,29.73503
2026-04-10 09:00:00,29.74746
2026-04-10 10:00:00,29.89902
2026-04-10 11:00:00,29.96923
2026-04-10 12:00:00,34.34244
2026-04-10 13:00:00,36.76457
2026-04-10 14:00:00,31.67728
2026-04-10 15:00:00,21.02724
2026-04-10 16:00:00,20.51463
2026-04-10 17:00:00,23.00134
2026-04-10 18:00:00,22.6171
2026-04-10 19:00:00,22.951
2026-04-10 20:00:00,20.27255
2026-04-10 21:00:00,18.06936
2026-04-10 22:00:00,18.56317
2026-04-10 23:00:00,19.13607
2026-04-11 00:00:00,19.89187
2026-04-11 01:00:00,28.59897
2026-04-11 02:00:00,29.30346
2026-04-11 03:00:00,28.76564
2026-04-11 04:00:00,28.45077
2026-04-11 05:00:00,28.64078
2026-04-11 06:00:00,28.144
2026-04-11 07:00:00,26.06649
2026-04-11 08:00:00,26.16715
2026-04-11 09:00:00,24.7545
2026-04-11 10:00:00,23.98025
2026-04-11 11:00:00,24.67927
2026-04-11 12:00:00,24.68553
2026-04-11 13:00:00,29.14882
2026-04-11 14:00:00,17.76
2026-04-11 15:00:00,14.32885
2026-04-11 16:00:00,14.4
2026-04-11 17:00:00,12.36392
2026-04-11 18:00:00,11.12287
2026-04-11 19:00:00,10.0
2026-04-11 20:00:00,9.06877
2026-04-11 21:00:00,10.36989
2026-04-11 22:00:00,12.49174
2026-04-11 23:00:00,12.20945
2026-04-12 00:00:00,13.6569
2026-04-12 01:00:00,23.10405
2026-04-12 02:00:00,24.47368
2026-04-12 03:00:00,24.02311
2026-04-12 04:00:00,24.04749
2026-04-12 05:00:00,23.52101
2026-04-12 06:00:00,23.05131
2026-04-12 07:00:00,21.59947
2026-04-12 08:00:00,20.863
2026-04-12 09:00:00,21.25392
2026-04-12 10:00:00,20.51067
2026-04-12 11:00:00,20.66783
2026-04-12 12:00:00,21.1468
2026-04-12 13:00:00,21.78189
2026-04-12 14:00:00,12.45
2026-04-12 15:00:00,9.76341
2026-04-12 16:00:00,11.91217
2026-04-12 17:00:00,13.40615
2026-04-12 18:00:00,11.43745
2026-04-12 19:00:00,7.00479
2026-04-12 20:00:00,3.26
2026-04-12 21:00:00,-0.50682
2026-04-12 22:00:00,-0.77154
2026-04-12 23:00:00,0.03921
2026-04-13 00:00:00,3.89451
2026-04-13 01:00:00,21.68409
2026-04-13 02:00:00,25.15021
2026-04-13 03:00:00,25.39439
2026-04-13 04:00:00,24.08385
2026-04-13 05:00:00,22.89
2026-04-13 06:00:00,22.19371
2026-04-13 07:00:00,19.85251
2026-04-13 08:00:00,19.7842
2026-04-13 09:00:00,19.89218
2026-04-13 10:00:00,20.05605
2026-04-13 11:00:00,20.53752
2026-04-13 12:00:00,23.63279
2026-04-13 13:00:00,25.55199
2026-04-13 14:00:00,21.89932
2026-04-13 15:00:00,15.98562
2026-04-13 16:00:00,10.79
2026-04-13 17:00:00,5.43072
2026-04-13 18:00:00,0.07836
2026-04-13 19:00:00,-4.40476
2026-04-13 20:00:00,-6.96221
2026-04-13 21:00:00,-6.81132
2026-04-13 22:00:00,-7.09
2026-04-13 23:00:00,-5.47136
2026-04-14 00:00:00,0.88375
2026-04-14 01:00:00,17.48623
2026-04-14 02:00:00,20.0
2026-04-14 03:00:00,20.0
2026-04-14 04:00:00,19.14198
2026-04-14 05:00:00,18.92766
2026-04-14 06:00:00,18.45222
2026-04-14 07:00:00,15.93347
2026-04-14 08:00:00,15.70494
2026-04-14 09:00:00,15.92292
2026-04-14 10:00:00,15.94074
2026-04-14 11:00:00,16.92046
2026-04-14 12:00:00,19.32026
2026-04-14 13:00:00,22.37958
2026-04-14 14:00:00,19.73
2026-04-14 15:00:00,9.58012
2026-04-14 16:00:00,1.91037
2026-04-14 17:00:00,-1.62936
2026-04-14 18:00:00,-6.78
2026-04-14 19:00:00,-9.7149
2026-04-14 20:00:00,-10.69086
2026-04-14 21:00:00,-11.56367
2026-04-14 22:00:00,-11.76827
2026-04-14 23:00:00,-9.95088
2026-04-15 00:00:00,-5.64106
2026-04-15 01:00:00,11.82764
2026-04-15 02:00:00,19.7983
2026-04-15 03:00:00,19.86526
2026-04-15 04:00:00,19.9697
2026-04-15 05:00:00,17.86794
2026-04-15 06:00:00,17.53462
2026-04-15 07:00:00,19.53
2026-04-15 08:00:00,19.17286
2026-04-15 09:00:00,18.93993
2026-04-15 10:00:00,18.84694
2026-04-15 11:00:00,18.98338
2026-04-15 12:00:00,21.92193
2026-04-15 13:00:00,25.89836
2026-04-15 14:00:00,18.02136
2026-04-15 15:00:00,9.10075
2026-04-15 16:00:00,8.00422
2026-04-15 17:00:00,4.94638
2026-04-15 18:00:00,4.68
2026-04-15 19:00:00,-0.68403
2026-04-15 20:00:00,-1.70904
2026-04-15 21:00:00,-1.5248
2026-04-15 22:00:00,-2.51564
2026-04-15 23:00:00,-1.68659
2026-04-16 00:00:00,1.75072
2026-04-16 01:00:00,17.72734
2026-04-16 02:00:00,20.43339
2026-04-16 03:00:00,20.44615
2026-04-16 04:00:00,18.3909
2026-04-16 05:00:00,17.90248
2026-04-16 06:00:00,17.54076
2026-04-16 07:00:00,19.6224
2026-04-16 08:00:00,18.76088
2026-04-16 09:00:00,18.84478
2026-04-16 10:00:00,18.93631
2026-04-16 11:00:00,19.39956
2026-04-16 12:00:00,20.0094
2026-04-16 13:00:00,24.34543
2026-04-16 14:00:00,17.9564
2026-04-16 15:00:00,11.72948
2026-04-16 16:00:00,5.25579
2026-04-16 17:00:00,-0.44363
2026-04-16 18:00:00,-3.82619
2026-04-16 19:00:00,-5.79514
2026-04-16 20:00:00,-7.19588
2026-04-16 21:00:00,-10.32766
2026-04-16 22:00:00,-10.27515
2026-04-16 23:00:00,-5.74818
2026-04-17 00:00:00,-1.1029
2026-04-17 01:00:00,11.0957
2026-04-17 02:00:00,17.73946
2026-04-17 03:00:00,18.55593
2026-04-17 04:00:00,17.26002
2026-04-17 05:00:00,16.25336
2026-04-17 06:00:00,15.8137
2026-04-17 07:00:00,20.91669
2026-04-17 08:00:00,20.65047
2026-04-17 09:00:00,20.76987
2026-04-17 10:00:00,20.68921
2026-04-17 11:00:00,21.1094
2026-04-17 12:00:00,24.41984
2026-04-17 13:00:00,27.10201
2026-04-17 14:00:00,13.76706
2026-04-17 15:00:00,8.98882
2026-04-17 16:00:00,2.53735
2026-04-17 17:00:00,-1.87292
2026-04-17 18:00:00,-7.06211
2026-04-17 19:00:00,-11.01044
2026-04-17 20:00:00,-10.7347
2026-04-17 21:00:00,-11.02787
2026-04-17 22:00:00,-11.08617
2026-04-17 23:00:00,-7.23836
2026-04-18 00:00:00,-1.46082
2026-04-18 01:00:00,27.72205
2026-04-18 02:00:00,28.51501
2026-04-18 03:00:00,27.682
2026-04-18 04:00:00,27.91446
2026-04-18 05:00:00,26.64063
2026-04-18 06:00:00,26.35446
2026-04-18 07:00:00,29.68257
2026-04-18 08:00:00,29.60202
2026-04-18 09:00:00,29.51693
2026-04-18 10:00:00,29.03764
2026-04-18 11:00:00,30.13271
2026-04-18 12:00:00,30.52002
2026-04-18 13:00:00,30.84041
2026-04-18 14:00:00,15.48262
2026-04-18 15:00:00,7.66986
2026-04-18 16:00:00,4.1061
2026-04-18 17:00:00,-4.9171
2026-04-18 18:00:00,-7.73411
2026-04-18 19:00:00,-9.33587
2026-04-18 20:00:00,-9.08016
2026-04-18 21:00:00,-9.9521
2026-04-18 22:00:00,-6.70762
2026-04-18 23:00:00,-1.29604
2026-04-19 00:00:00,4.62
2026-04-19 01:00:00,29.7371
2026-04-19 02:00:00,31.26023
2026-04-19 03:00:00,30.32973
2026-04-19 04:00:00,30.05616
2026-04-19 05:00:00,29.49145
2026-04-19 06:00:00,29.02096
2026-04-19 07:00:00,30.33701
2026-04-19 08:00:00,29.86843
2026-04-19 09:00:00,28.92518
2026-04-19 10:00:00,28.40941
2026-04-19 11:00:00,28.57946
2026-04-19 12:00:00,28.1663
2026-04-19 13:00:00,27.14112
2026-04-19 14:00:00,14.3478
2026-04-19 15:00:00,8.73832
2026-04-19 16:00:00,4.84602
2026-04-19 17:00:00,-1.51483
2026-04-19 18:00:00,-6.42777
2026-04-19 19:00:00,-6.58611
2026-04-19 20:00:00,-6.92063
2026-04-19 21:00:00,-6.96042
2026-04-19 22:00:00,-6.37346
2026-04-19 23:00:00,-4.78648
2026-04-20 00:00:00,2.53245
2026-04-20 01:00:00,26.52933
2026-04-20 02:00:00,27.80199
2026-04-20 03:00:00,27.28051
2026-04-20 04:00:00,26.25624
2026-04-20 05:00:00,25.52496
2026-04-20 06:00:00,24.94801
2026-04-20 07:00:00,32.70674
2026-04-20 08:00:00,30.3834
2026-04-20 09:00:00,32.46832
2026-04-20 10:00:00,31.25013
2026-04-20 11:00:00,32.67
2026-04-20 12:00:00,34.96166
2026-04-20 13:00:00,36.08982
2026-04-20 14:00:00,21.11964
2026-04-20 15:00:00,14.10908
2026-04-20 16:00:00,14.35158
2026-04-20 17:00:00,11.5303
2026-04-20 18:00:00,11.73509
2026-04-20 19:00:00,7.27921
2026-04-20 20:00:00,8.1188
2026-04-20 21:00:00,7.66401
2026-04-20 22:00:00,9.37554
2026-04-20 23:00:00,10.7341
2026-04-21 00:00:00,15.11404
2026-04-21 01:00:00,30.89729
2026-04-21 02:00:00,32.15379
2026-04-21 03:00:00,32.3268
2026-04-21 04:00:00,31.76184
2026-04-21 05:00:00,30.54251
2026-04-21 06:00:00,29.44075
2026-04-21 07:00:00,28.00205
2026-04-21 08:00:00,25.87305
2026-04-21 09:00:00,25.96319
2026-04-21 10:00:00,25.70755
2026-04-21 11:00:00,26.51809
2026-04-21 12:00:00,26.57759
2026-04-21 13:00:00,29.54748
2026-04-21 14:00:00,22.2543
2026-04-21 15:00:00,30.30717
2026-04-21 16:00:00,31.59579
2026-04-21 17:00:00,31.11162
2026-04-21 18:00:00,30.32893
2026-04-21 19:00:00,22.83481
2026-04-21 20:00:00,20.58699
2026-04-21 21:00:00,19.66509
2026-04-21 22:00:00,17.46675
2026-04-21 23:00:00,14.852
2026-04-22 00:00:00,14.03099
2026-04-22 01:00:00,26.67643
2026-04-22 02:00:00,27.434
2026-04-22 03:00:00,27.54028
2026-04-22 04:00:00,27.60832
2026-04-22 05:00:00,25.92738
2026-04-22 06:00:00,25.46883
2026-04-22 07:00:00,21.50188
2026-04-22 08:00:00,20.64634
2026-04-22 09:00:00,19.28426
2026-04-22 10:00:00,19.33016
2026-04-22 11:00:00,19.75922
2026-04-22 12:00:00,20.07296
2026-04-22 13:00:00,20.1463
2026-04-22 14:00:00,19.3454
2026-04-22 15:00:00,11.98481
2026-04-22 16:00:00,6.79423
2026-04-22 17:00:00,5.56235
2026-04-22 18:00:00,3.40015
2026-04-22 19:00:00,0.31436
2026-04-22 20:00:00,0.01
2026-04-22 21:00:00,-4.77627
2026-04-22 22:00:00,-5.59966
2026-04-22 23:00:00,0.0
2026-04-23 00:00:00,5.934
2026-04-23 01:00:00,16.6222
2026-04-23 02:00:00,20.52096
2026-04-23 03:00:00,21.47149
2026-04-23 04:00:00,20.84615
2026-04-23 05:00:00,19.19737
2026-04-23 06:00:00,17.08306
2026-04-23 07:00:00,17.85534
2026-04-23 08:00:00,15.68168
2026-04-23 09:00:00,15.13147
2026-04-23 10:00:00,13.06784
2026-04-23 11:00:00,15.28179
2026-04-23 12:00:00,17.75238
2026-04-23 13:00:00,20.60476
2026-04-23 14:00:00,23.02319
2026-04-23 15:00:00,10.12
2026-04-23 16:00:00,1.19067
2026-04-23 17:00:00,-2.74301
2026-04-23 18:00:00,-5.82889
2026-04-23 19:00:00,-6.48218
2026-04-23 20:00:00,-6.78178
2026-04-23 21:00:00,-6.85985
2026-04-23 22:00:00,-6.13186
2026-04-23 23:00:00,-3.19649
2026-04-24 00:00:00,1.15055
2026-04-24 01:00:00,15.75981
2026-04-24 02:00:00,20.0
2026-04-24 03:00:00,20.79716
2026-04-24 04:00:00,20.61999
2026-04-24 05:00:00,18.88323
2026-04-24 06:00:00,14.27588
2026-04-24 07:00:00,21.91932
2026-04-24 08:00:00,21.67518
2026-04-24 09:00:00,20.57019
2026-04-24 10:00:00,18.89777
2026-04-24 11:00:00,20.43459
2026-04-24 12:00:00,22.54316
2026-04-24 13:00:00,23.20496
2026-04-24 14:00:00,18.83356
2026-04-24 15:00:00,17.98786
2026-04-24 16:00:00,12.88222
2026-04-24 17:00:00,8.99934
2026-04-24 18:00:00,4.7682
2026-04-24 19:00:00,0.35975
2026-04-24 20:00:00,-1.18724
2026-04-24 21:00:00,-0.99148
2026-04-24 22:00:00,1.3256
2026-04-24 23:00:00,4.44096
2026-04-25 00:00:00,7.94543
2026-04-25 01:00:00,15.58902
2026-04-25 02:00:00,20.68694
2026-04-25 03:00:00,20.47804
2026-04-25 04:00:00,20.33887
2026-04-25 05:00:00,19.56634
2026-04-25 06:00:00,19.17389
2026-04-25 07:00:00,19.92854
2026-04-25 08:00:00,19.76863
2026-04-25 09:00:00,19.4021
2026-04-25 10:00:00,19.03049
2026-04-25 11:00:00,19.40231
2026-04-25 12:00:00,19.38272
2026-04-25 13:00:00,19.22508
2026-04-25 14:00:00,14.22234
2026-04-25 15:00:00,12.27261
2026-04-25 16:00:00,10.73976
2026-04-25 17:00:00,9.13472
2026-04-25 18:00:00,7.17156
2026-04-25 19:00:00,6.94
2026-04-25 20:00:00,6.90596
2026-04-25 21:00:00,7.36306
2026-04-25 22:00:00,9.21152
2026-04-25 23:00:00,12.14222
2026-04-26 00:00:00,15.39331
2026-04-26 01:00:00,18.97791
2026-04-26 02:00:00,20.69204
2026-04-26 03:00:00,19.72494
2026-04-26 04:00:00,18.28083
2026-04-26 05:00:00,17.78488
2026-04-26 06:00:00,17.37374
2026-04-26 07:00:00,19.93092
2026-04-26 08:00:00,18.61082
2026-04-26 09:00:00,18.64111
2026-04-26 10:00:00,18.53339
2026-04-26 11:00:00,18.76023
2026-04-26 12:00:00,18.79331
2026-04-26 13:00:00,16.81097
2026-04-26 14:00:00,10.33229
2026-04-26 15:00:00,3.82024
2026-04-26 16:00:00,0.57553
2026-04-26 17:00:00,-1.49395
2026-04-26 18:00:00,-4.74463
2026-04-26 19:00:00,-8.0143
2026-04-26 20:00:00,-8.48693
2026-04-26 21:00:00,-9.31292
2026-04-26 22:00:00,-9.37544
2026-04-26 23:00:00,-7.43664
2026-04-27 00:00:00,-1.19549
2026-04-27 01:00:00,6.84851
2026-04-27 02:00:00,13.41455
2026-04-27 03:00:00,13.39857
2026-04-27 04:00:00,13.27308
2026-04-27 05:00:00,13.24846
2026-04-27 06:00:00,12.87226
2026-04-27 07:00:00,21.24564
2026-04-27 08:00:00,20.32851
2026-04-27 09:00:00,18.29218
2026-04-27 10:00:00,17.06161
2026-04-27 11:00:00,18.38
2026-04-27 12:00:00,21.15022
2026-04-27 13:00:00,21.96
2026-04-27 14:00:00,12.27457
2026-04-27 15:00:00,7.54231
2026-04-27 16:00:00,1.84993
2026-04-27 17:00:00,1.19314
2026-04-27 18:00:00,-0.86871
2026-04-27 19:00:00,-1.93322
2026-04-27 20:00:00,-5.04463
2026-04-27 21:00:00,-6.67223
2026-04-27 22:00:00,-7.29469
2026-04-27 23:00:00,-2.87408
2026-04-28 00:00:00,1.14
2026-04-28 01:00:00,17.89
2026-04-28 02:00:00,21.88892
2026-04-28 03:00:00,21.10066
2026-04-28 04:00:00,20.77713
2026-04-28 05:00:00,17.7
2026-04-28 06:00:00,15.97232
2026-04-28 07:00:00,20.0586
2026-04-28 08:00:00,19.91157
2026-04-28 09:00:00,20.14435
2026-04-28 10:00:00,19.74186
2026-04-28 11:00:00,20.5666
2026-04-28 12:00:00,22.74352
2026-04-28 13:00:00,24.27866
2026-04-28 14:00:00,16.09672
2026-04-28 15:00:00,7.7366
2026-04-28 16:00:00,2.47202
2026-04-28 17:00:00,-5.59739
2026-04-28 18:00:00,-9.67941
2026-04-28 19:00:00,-9.86421
2026-04-28 20:00:00,-9.91073
2026-04-28 21:00:00,-10.26883
2026-04-28 22:00:00,-9.97678
2026-04-28 23:00:00,-5.2512
2026-04-29 00:00:00,3.92163
2026-04-29 01:00:00,25.09161
2026-04-29 02:00:00,28.80271
2026-04-29 03:00:00,29.34062
2026-04-29 04:00:00,25.59654
2026-04-29 05:00:00,22.20361
2026-04-29 06:00:00,21.66411
2026-04-29 07:00:00,20.55285
2026-04-29 08:00:00,20.03138
2026-04-29 09:00:00,20.08393
2026-04-29 10:00:00,19.64197
2026-04-29 11:00:00,20.22449
2026-04-29 12:00:00,21.97583
2026-04-29 13:00:00,23.02645
2026-04-29 14:00:00,14.64
2026-04-29 15:00:00,7.30799
2026-04-29 16:00:00,2.67221
2026-04-29 17:00:00,-2.90172
2026-04-29 18:00:00,-6.56218
2026-04-29 19:00:00,-6.14382
2026-04-29 20:00:00,-5.21924
2026-04-29 21:00:00,-6.8273
2026-04-29 22:00:00,-4.96483
2026-04-29 23:00:00,-0.71578
2026-04-30 00:00:00,5.6312
2026-04-30 01:00:00,21.56662
2026-04-30 02:00:00,26.4621
2026-04-30 03:00:00,26.56605
2026-04-30 04:00:00,22.73415
2026-04-30 05:00:00,19.44764
2026-04-30 06:00:00,18.93289
2026-04-30 07:00:00,19.79288
2026-04-30 08:00:00,18.55
2026-04-30 09:00:00,18.26208
2026-04-30 10:00:00,18.11675
2026-04-30 11:00:00,18.41329
2026-04-30 12:00:00,20.7936
2026-04-30 13:00:00,20.67773
2026-04-30 14:00:00,14.25712
2026-04-30 15:00:00,10.76
2026-04-30 16:00:00,3.8082
2026-04-30 17:00:00,-2.0
2026-04-30 18:00:00,-3.70003
2026-04-30 19:00:00,-3.49436
2026-04-30 20:00:00,-3.67556
2026-04-30 21:00:00,-3.72152
2026-04-30 22:00:00,-1.72612
2026-04-30 23:00:00,1.62578
2026-05-01 00:00:00,7.82524
2026-05-01 01:00:00,21.79124
2026-05-01 02:00:00,23.38511
2026-05-01 03:00:00,22.51524
2026-05-01 04:00:00,20.31234
2026-05-01 05:00:00,18.01347
2026-05-01 06:00:00,17.46978
2026-05-01 07:00:00,23.46195
2026-05-01 08:00:00,22.46744
2026-05-01 09:00:00,18.90149
2026-05-01 10:00:00,18.9759
2026-05-01 11:00:00,21.92546
2026-05-01 12:00:00,22.89395
2026-05-01 13:00:00,24.43863
2026-05-01 14:00:00,12.17667
2026-05-01 15:00:00,11.07539
2026-05-01 16:00:00,13.07273
2026-05-01 17:00:00,6.39479
2026-05-01 18:00:00,4.47941
2026-05-01 19:00:00,3.79153
2026-05-01 20:00:00,3.74144
2026-05-01 21:00:00,4.94345
2026-05-01 22:00:00,7.48539
2026-05-01 23:00:00,10.0405
2026-05-02 00:00:00,12.69162
2026-05-02 01:00:00,27.50524
2026-05-02 02:00:00,30.4373
2026-05-02 03:00:00,29.01383
2026-05-02 04:00:00,28.70448
2026-05-02 05:00:00,27.59012
2026-05-02 06:00:00,27.02758
2026-05-02 07:00:00,37.29299
2026-05-02 08:00:00,33.31908
2026-05-02 09:00:00,35.50358
2026-05-02 10:00:00,32.82133
2026-05-02 11:00:00,34.78267
2026-05-02 12:00:00,34.88654
2026-05-02 13:00:00,31.63582
2026-05-02 14:00:00,11.66225
2026-05-02 15:00:00,5.71877
2026-05-02 16:00:00,3.79695
2026-05-02 17:00:00,2.33528
2026-05-02 18:00:00,1.38705
2026-05-02 19:00:00,0.90962
2026-05-02 20:00:00,1.52973
2026-05-02 21:00:00,0.71599
2026-05-02 22:00:00,3.02666
2026-05-02 23:00:00,4.40023
2026-05-03 00:00:00,14.28247
2026-05-03 01:00:00,31.64558
2026-05-03 02:00:00,38.50311
2026-05-03 03:00:00,38.24037
2026-05-03 04:00:00,37.63
2026-05-03 05:00:00,35.66036
2026-05-03 06:00:00,35.16807
2026-05-03 07:00:00,31.88185
2026-05-03 08:00:00,28.37747
2026-05-03 09:00:00,28.85958
2026-05-03 10:00:00,25.00333
2026-05-03 11:00:00,28.10045
2026-05-03 12:00:00,27.2577
2026-05-03 13:00:00,30.25345
2026-05-03 14:00:00,9.52291
2026-05-03 15:00:00,3.44312
2026-05-03 16:00:00,1.88902
2026-05-03 17:00:00,1.03293
2026-05-03 18:00:00,-1.01507
2026-05-03 19:00:00,-1.20817
2026-05-03 20:00:00,-1.24974
2026-05-03 21:00:00,-1.22303
2026-05-03 22:00:00,-2.00924
2026-05-03 23:00:00,0.00574
2026-05-04 00:00:00,3.9497
2026-05-04 01:00:00,30.20356
2026-05-04 02:00:00,32.24587
2026-05-04 03:00:00,33.39241
2026-05-04 04:00:00,32.3696
2026-05-04 05:00:00,31.57692
2026-05-04 06:00:00,30.66856
2026-05-04 07:00:00,29.72091
2026-05-04 08:00:00,28.73171
2026-05-04 09:00:00,28.5344
2026-05-04 10:00:00,27.70844
2026-05-04 11:00:00,28.00221
2026-05-04 12:00:00,28.72414
2026-05-04 13:00:00,36.26435
2026-05-04 14:00:00,25.34834
2026-05-04 15:00:00,26.52563
2026-05-04 16:00:00,22.83242
2026-05-04 17:00:00,22.71432
2026-05-04 18:00:00,19.26015
2026-05-04 19:00:00,17.54102
2026-05-04 20:00:00,18.59149
2026-05-04 21:00:00,16.40466
2026-05-04 22:00:00,18.2821
2026-05-04 23:00:00,21.34627
2026-05-05 00:00:00,24.0
2026-05-05 01:00:00,30.68506
2026-05-05 02:00:00,33.61063
2026-05-05 03:00:00,33.56562
2026-05-05 04:00:00,32.56445
2026-05-05 05:00:00,32.29508
2026-05-05 06:00:00,31.28368
2026-05-05 07:00:00,26.66817
2026-05-05 08:00:00,26.97991
2026-05-05 09:00:00,26.32802
2026-05-05 10:00:00,25.44122
2026-05-05 11:00:00,25.90436
2026-05-05 12:00:00,26.93777
2026-05-05 13:00:00,25.26366
2026-05-05 14:00:00,20.76108
2026-05-05 15:00:00,20.87102
2026-05-05 16:00:00,19.98242
2026-05-05 17:00:00,14.51027
2026-05-05 18:00:00,9.26437
2026-05-05 19:00:00,5.84274
2026-05-05 20:00:00,5.89309
2026-05-05 21:00:00,3.06844
2026-05-05 22:00:00,4.60421
2026-05-05 23:00:00,5.78098
2026-05-06 00:00:00,8.50065
2026-05-06 01:00:00,19.24374
2026-05-06 02:00:00,26.10504
2026-05-06 03:00:00,26.34514
2026-05-06 04:00:00,25.34571
2026-05-06 05:00:00,24.87572
2026-05-06 06:00:00,24.75764
2026-05-06 07:00:00,28.46991
2026-05-06 08:00:00,28.23633
2026-05-06 09:00:00,28.10654
2026-05-06 10:00:00,27.33844
2026-05-06 11:00:00,27.84302
2026-05-06 12:00:00,28.02491
2026-05-06 13:00:00,27.89743
2026-05-06 14:00:00,19.30972
2026-05-06 15:00:00,18.45228
2026-05-06 16:00:00,13.20142
2026-05-06 17:00:00,4.50746
2026-05-06 18:00:00,1.36825
2026-05-06 19:00:00,1.05012
2026-05-06 20:00:00,0.6402
2026-05-06 21:00:00,-0.97107
2026-05-06 22:00:00,-0.51114
2026-05-06 23:00:00,1.89238
2026-05-07 00:00:00,5.89204
2026-05-07 01:00:00,18.83334
2026-05-07 02:00:00,28.07841
2026-05-07 03:00:00,28.50318
2026-05-07 04:00:00,27.54248
2026-05-07 05:00:00,26.60323
2026-05-07 06:00:00,25.84789
2026-05-07 07:00:00,30.68292
2026-05-07 08:00:00,30.32685
2026-05-07 09:00:00,30.0
2026-05-07 10:00:00,29.95907
2026-05-07 11:00:00,31.99086
2026-05-07 12:00:00,34.44366
2026-05-07 13:00:00,37.99736
2026-05-07 14:00:00,21.84406
2026-05-07 15:00:00,19.52402
2026-05-07 16:00:00,17.27
2026-05-07 17:00:00,8.97453
2026-05-07 18:00:00,6.61597
2026-05-07 19:00:00,7.49377
2026-05-07 20:00:00,7.31873
2026-05-07 21:00:00,7.69267
2026-05-07 22:00:00,11.56537
2026-05-07 23:00:00,13.74445
