market,week_idx,eval_start,eval_start_ts,method,revenue,soc_end,score,pf_score,value_capture,theta,sigma_stat,mu_eff,q,mask_violations
NYIS_shape,0,8760,2020-01-01 05:00:00,dp,4658.25,5.0,4802.926803652968,5459.086461187215,0.8798041279984512,0.018459614548610816,14.816626969999435,-7.575489766558105,28.935360730593608,0
NYIS_shape,1,8928,2020-01-08 05:00:00,dp,4940.5,15.0,5372.555205479452,5959.1180365296805,0.9015688517235989,0.012135514226248893,17.94662002979996,-12.767829758810143,28.803680365296803,0
NYIS_shape,2,9096,2020-01-15 05:00:00,dp,6555.75,8.75,6805.307181792237,8301.40102597032,0.819778150760617,0.01,18.90582352447063,-10.709038415978632,28.52082077625571,0
NYIS_shape,3,9264,2020-01-22 05:00:00,dp,3946.0,37.5,4993.6202482876715,6009.613072203196,0.83093872904815,0.011851551237131983,17.424088410186034,-1.4286242247479726,27.9365399543379,0
NYIS_shape,4,9432,2020-01-29 05:00:00,dp,5505.75,15.0,5916.748202054794,6565.239212328767,0.9012235519071139,0.01,18.953092336286044,-3.0132278598231017,27.3998801369863,0
NYIS_shape,5,9600,2020-02-05 05:00:00,dp,3906.25,15.0,4304.204280821918,5264.2485445205475,0.8176293813676557,0.02611063842109227,11.358212689677764,-3.764338170673485,26.530285388127854,0
NYIS_shape,6,9768,2020-02-12 05:00:00,dp,4379.75,15.0,4775.9175,6472.713125,0.7378540355131218,0.025513840998526174,10.938604775387347,-3.520954908990074,26.411166666666666,0
NYIS_shape,7,9936,2020-02-19 05:00:00,dp,3837.0,8.75,4067.1242109018267,5633.991883561644,0.7218903212779765,0.028967187112069796,9.851058794018673,-1.8450885964435064,26.299909817351597,0
NYIS_shape,8,10104,2020-02-26 05:00:00,dp,3406.75,20.0,3929.924406392694,5126.37203196347,0.7666092866239907,0.024868485686758535,10.76933955946441,-1.87543471374258,26.1587203196347,0
NYIS_shape,9,10272,2020-03-04 05:00:00,dp,3381.25,20.0,3897.851278538813,5037.006392694064,0.7738428293822417,0.02432095410539461,10.92890027766045,-4.236773556958744,25.830063926940642,0
NYIS_shape,10,10440,2020-03-11 05:00:00,dp,3483.0,15.0,3862.9937328767123,5102.709263698631,0.7570475865357598,0.022741968730274505,11.318743188317365,-5.7224712547971945,25.332915525114156,0
NYIS_shape,11,10608,2020-03-18 05:00:00,dp,2524.75,0.0,2524.75,4033.2843607305936,0.6259786749929688,0.020302922349942028,12.053794392691204,-4.625507324179166,25.087843607305935,0
NYIS_shape,12,10776,2020-03-25 05:00:00,dp,1873.5,47.5,3048.0025684931506,3672.8869863013697,0.8298656015992795,0.05298819459106999,6.280383233583621,-3.4230963133859214,24.726369863013698,0
NYIS_shape,13,10944,2020-04-01 05:00:00,dp,1915.75,13.75,2251.2939026826484,3389.319292237443,0.6642318732964423,0.01,14.662419172667969,-2.5764024780627857,24.40319292237443,0
NYIS_shape,14,11112,2020-04-08 05:00:00,dp,2188.5,15.0,2550.0958561643833,3717.38904109589,0.6859911158000865,0.031956709374687635,8.62221613551066,-5.21761962316649,24.106390410958902,0
NYIS_shape,15,11280,2020-04-15 05:00:00,dp,1256.0,15.0,1612.6591095890412,2624.7273972602748,0.6144101331331994,0.03412428335067737,8.580196139270253,-3.3369438597413903,23.777273972602746,0
NYIS_shape,16,11448,2020-04-22 05:00:00,dp,1680.75,8.75,1886.9318436073058,2652.1593778538813,0.7114700041647591,0.0511253445255147,6.074328286459222,-1.996444381553173,23.563639269406394,0
NYIS_shape,17,11616,2020-04-29 05:00:00,dp,2018.0,13.75,2339.5947474315067,3450.399118150685,0.6780649621442816,0.045297846286709624,6.658917773482803,0.05549484452190054,23.38870890410959,0
NYIS_shape,18,11784,2020-05-06 05:00:00,dp,2481.75,10.0,2713.9158789954336,3578.867320205479,0.7583169858444531,0.04020599639652189,7.052820729537522,-2.3022118243542415,23.216587899543374,0
NYIS_shape,19,11952,2020-05-13 05:00:00,dp,2104.75,20.0,2566.230273972603,3726.4663356164383,0.6886497938933058,0.043054765216995944,6.455947976257881,-1.9488695878878433,23.074013698630136,0
NYIS_shape,20,12120,2020-05-20 05:00:00,dp,2675.25,20.0,3132.5993835616437,4448.569216609589,0.7041813291036321,0.055469293910189336,5.1058024093992005,-2.2555485364195595,22.867469178082192,0
NYIS_shape,21,12288,2020-05-27 05:00:00,dp,250.75,100.0,2522.2616438356167,3705.186061643836,0.6807381874681334,0.07343400600415456,4.10474667423514,-1.1114350440799994,22.71511643835617,0
NYIS_shape,22,12456,2020-06-03 05:00:00,dp,5049.5,23.75,5586.065666381279,6875.349981449772,0.8124772820951541,0.0760949779697709,4.126081783727922,-0.6358625114799519,22.592238584474888,0
NYIS_shape,23,12624,2020-06-10 05:00:00,dp,3985.0,23.75,4519.953757134703,5197.449497716895,0.8696484225811528,0.0660541966897249,4.7137850978722655,-1.6501532680731552,22.524368721461187,0
NYIS_shape,24,12792,2020-06-17 05:00:00,dp,7910.75,20.0,8359.978767123288,8429.728767123288,0.9917257124248136,0.05056023111979634,5.090975971735214,-2.4243394067730244,22.461438356164383,0
NYIS_shape,25,12960,2020-06-24 05:00:00,dp,7932.5,41.25,8858.184092465754,9270.551655251142,0.9555185518488741,0.03759715600265908,5.640441069404515,-0.48149675948365966,22.440826484018263,0
NYIS_shape,26,13128,2020-07-01 05:00:00,dp,8322.25,16.25,8685.006374143835,8897.093103595891,0.976162244568809,0.018548103764534626,8.160921500287888,0.5777840360452876,22.323469178082192,0
NYIS_shape,27,13296,2020-07-08 05:00:00,dp,9646.75,16.25,10007.58696347032,10399.220753424657,0.9623400830465719,0.024723376263375427,7.1785300590161,-4.104694859990863,22.205351598173515,0
NYIS_shape,28,13464,2020-07-15 05:00:00,dp,11660.75,16.25,12019.931207191781,12275.819178082193,0.9791551205521758,0.026461392094461515,7.3369508517238415,-1.656508042262774,22.103458904109587,0
NYIS_shape,29,13632,2020-07-22 05:00:00,dp,10852.5,16.25,11208.109880136986,11537.923698630137,0.9714148032949543,0.04556634696983965,6.262222408387393,0.31741860949612694,21.88368493150685,0
NYIS_shape,30,13800,2020-07-29 05:00:00,dp,8615.75,12.5,8889.148344748859,9229.937351598173,0.9630778634927238,0.03946008533687912,7.174720390025971,1.2484159885575272,21.871867579908674,0
NYIS_shape,31,13968,2020-08-05 05:00:00,dp,8001.75,16.25,8355.537060502284,8629.680228310503,0.9682325230419471,0.05196942610894545,6.570182849675426,-0.2557299957962823,21.771511415525115,0
NYIS_shape,32,14136,2020-08-12 05:00:00,dp,7923.0,12.5,8194.4006706621,8634.503353310502,0.9490297629591326,0.049452350518192315,6.955361899263218,-1.1511752449919708,21.712053652968034,0
NYIS_shape,33,14304,2020-08-19 05:00:00,dp,9064.75,16.25,9416.225813356165,9579.085616438357,0.9829983978008596,0.04401672551842914,7.409997685837717,-0.5871280376060765,21.62928082191781,0
NYIS_shape,34,14472,2020-08-26 05:00:00,dp,7064.5,16.25,7414.862298801369,7973.463386130137,0.9299424779073475,0.03617465504359864,8.123337182846894,-0.7600518986822515,21.560756849315066,0
NYIS_shape,35,14640,2020-09-02 05:00:00,dp,5631.75,16.25,5982.531793664383,6290.660744863014,0.9510180307449817,0.04172900812538747,7.325335477305976,-0.8469267328695115,21.586571917808218,0
NYIS_shape,36,14808,2020-09-09 05:00:00,dp,4210.75,16.25,4561.4826355593605,4887.436946347032,0.9333077205156997,0.03910487968949677,6.5852391883847075,0.00678183058159405,21.583546803652972,0
NYIS_shape,37,14976,2020-09-16 05:00:00,dp,2661.0,12.5,2929.982091894977,3854.6246432648395,0.7601212473475247,0.03926635854431356,6.041281483141972,0.17033220858264142,21.51856735159817,0
NYIS_shape,38,15144,2020-09-23 05:00:00,dp,4873.0,16.25,5220.95455336758,5552.519250856164,0.9402857185164268,0.044185627419998014,5.154419182450446,-1.453397162684776,21.41258789954338,0
NYIS_shape,39,15312,2020-09-30 05:00:00,dp,3009.5,16.25,3357.320806221461,4043.6748373287674,0.8302647817348469,0.025407439965537185,6.329051004575481,0.7607730673802324,21.404357305936074,0
NYIS_shape,40,15480,2020-10-07 05:00:00,dp,4364.0,16.25,4711.072248858448,5106.256974885845,0.9226077481076573,0.0466944115668908,4.770696832521665,-1.5713669519293347,21.358292237442924,0
NYIS_shape,41,15648,2020-10-14 05:00:00,dp,4253.25,16.25,4599.745930365297,5135.970125570776,0.8955943702756863,0.04762535289823995,4.9886766554583195,-1.501219516349274,21.322826484018265,0
NYIS_shape,42,15816,2020-10-21 05:00:00,dp,5140.75,5.0,5247.161181506849,5388.158702910959,0.9738319657644947,0.05516047034201877,4.9601957544925535,0.2528654694305834,21.282236301369863,0
NYIS_shape,43,15984,2020-10-28 05:00:00,dp,5546.25,5.0,5652.675382420091,7214.75,0.7834887393769835,0.05962825404527873,5.153674291304284,0.5518032709970075,21.285076484018262,0
NYIS_shape,44,16152,2020-11-04 05:00:00,dp,2947.75,56.25,4155.298544520549,7101.574434931507,0.585123564160829,0.057332044653036145,6.014843797913338,3.8904276556881623,21.4675296803653,0
NYIS_shape,45,16320,2020-11-11 05:00:00,dp,5983.25,15.0,6302.125770547946,7235.25,0.8710308241661235,0.04572983441714382,6.810018941893203,-5.630562770569996,21.25838470319635,0
NYIS_shape,46,16488,2020-11-18 05:00:00,dp,5732.0,15.0,6047.344520547946,6904.75,0.8758238199135299,0.04529265805928959,6.987736201519854,-0.27166066579023546,21.022968036529683,0
NYIS_shape,47,16656,2020-11-25 05:00:00,dp,4845.25,8.75,5029.386328481735,5462.577846746575,0.920698335031904,0.04900677256450809,7.076948844038572,1.422871913167025,21.044151826484022,0
NYIS_shape,48,16824,2020-12-02 05:00:00,dp,5815.5,5.0,5920.380371004566,6327.75,0.9356217251004806,0.05215537652149264,6.952840680392401,-2.028569042695005,20.976074200913242,0
NYIS_shape,49,16992,2020-12-09 05:00:00,dp,5447.5,8.75,5631.263294805936,6274.75,0.8974482321695584,0.05500045108180135,7.11484304805883,-0.788984080790495,21.001519406392696,0
NYIS_shape,50,17160,2020-12-16 05:00:00,dp,1673.5,5.0,1778.5500742009133,11901.75,0.14943601354430341,0.05526995932666001,7.362718987223228,-0.9671181199273596,21.01001484018265,0
NYIS_shape,51,17328,2020-12-23 05:00:00,dp,4504.25,33.75,5217.937594178082,7341.25,0.7107696365303023,0.0420899654002661,9.635671395076432,8.672104255568788,21.146299086757992,0
NYIS_shape,52,17496,2020-12-30 05:00:00,dp,2831.5,23.75,3338.6075870433788,4515.689873002283,0.739335003274635,0.043508794679831646,9.745683656375876,0.8953875741494436,21.351898401826485,0
NYIS_shape,53,17664,2021-01-06 05:00:00,dp,5217.5,0.0,5217.5,6082.25,0.8578239960540919,0.04631241543615829,9.454279900580127,-1.925008080529928,21.438682648401826,0
NYIS_shape,54,17832,2021-01-13 05:00:00,dp,5157.25,2.5,5211.218005136986,6432.984002568493,0.8100778741337311,0.05075001384173185,9.134752269311686,0.8304974578643098,21.58720205479452,0
NYIS_shape,55,18000,2021-01-20 05:00:00,dp,5531.5,15.0,5855.946335616438,6519.787194634703,0.8981805940591808,0.05034556534070871,9.175795331623183,1.168059998804495,21.629755707762556,0
NYIS_shape,56,18168,2021-01-27 05:00:00,dp,4270.5,7.5,4433.5341267123285,15753.206481164383,0.281436933618141,0.0451846670828963,9.530194642241124,2.16075506747111,21.737883561643837,0
NYIS_shape,57,18336,2021-02-03 05:00:00,dp,6942.5,10.0,7168.110502283105,13721.0,0.5224189565106847,0.02083710780363128,15.547603629061355,13.992843266155218,22.5610502283105,0
NYIS_shape,58,18504,2021-02-10 05:00:00,dp,13250.25,16.25,13630.054256563926,20477.75,0.6656031183388764,0.019668963839555055,17.21866032215356,15.496794289938205,23.372569634703197,0
NYIS_shape,59,18672,2021-02-17 05:00:00,dp,8179.25,33.75,9005.253202054795,14593.592711187215,0.6170689685721811,0.015470754278573489,21.886369173550904,19.697732256195813,24.47416894977169,0
NYIS_shape,60,18840,2021-02-24 05:00:00,dp,3283.7500000000005,21.25,3827.069854452055,5738.5,0.6669111883683986,0.014326175457063793,25.391468149759824,15.35419361706379,25.56799315068493,0
NYIS_shape,61,19008,2021-03-03 05:00:00,dp,5208.5,2.5,5272.89616152968,8531.146161529681,0.6180759374757003,0.016331091151181382,24.19366991370116,-9.415641276271245,25.75846461187215,0
NYIS_shape,62,19176,2021-03-10 05:00:00,dp,4510.25,38.75,5525.302357305936,7700.0,0.7175717347150566,0.016316295923176294,24.375039416082185,6.39800775049618,26.194899543378995,0
NYIS_shape,63,19344,2021-03-17 05:00:00,dp,5574.25,10.0,5838.244075342465,7409.206305650685,0.7879715902754504,0.01707536725776792,24.030746925218665,-2.3610235473185304,26.399407534246574,0
NYIS_shape,64,19512,2021-03-24 05:00:00,dp,5745.25,12.5,6077.6037956621,7069.138847031963,0.8597375051154685,0.013593965874504142,25.197282596645337,-4.496302754995577,26.588303652968037,0
NYIS_shape,65,19680,2021-03-31 05:00:00,dp,5721.25,2.5,5788.085228310502,7097.480148401826,0.8155127041269475,0.014631785536681935,24.54077736683446,-7.264926817085076,26.734091324200914,0
NYIS_shape,66,19848,2021-04-07 05:00:00,dp,5173.5,2.5,5240.790502283105,5877.481826484018,0.8916727702445675,0.01239375510104047,27.038062112177325,5.296922998584063,26.916200913242008,0
NYIS_shape,67,20016,2021-04-14 05:00:00,dp,6602.75,2.5,6670.360450913242,7055.2612728310505,0.9454448521417605,0.013996387395345509,25.81710547711194,4.310088080702289,27.044180365296803,0
NYIS_shape,68,20184,2021-04-21 05:00:00,dp,5961.5,2.5,6029.620493721462,7072.0725898972605,0.8525959564293806,0.015668485788104314,25.102105434354772,5.61949963090305,27.248197488584477,0
NYIS_shape,69,20352,2021-04-28 05:00:00,dp,5356.25,10.0,5630.341974885845,7814.9454466324205,0.7204582569814413,0.01757016394641631,23.98564304743018,4.481741044628599,27.409197488584475,0
NYIS_shape,70,20520,2021-05-05 05:00:00,dp,4330.0,0.0,4330.0,5200.874805936073,0.8325522458371636,0.012542249003666718,26.73145409894999,4.333577274404135,27.610200913242007,0
NYIS_shape,71,20688,2021-05-12 05:00:00,dp,4639.25,0.0,4639.25,5400.053378995433,0.8591118780501824,0.011767683741937845,28.225462346080036,2.8722772168571233,27.801334474885845,0
NYIS_shape,72,20856,2021-05-19 05:00:00,dp,4520.75,5.0,4660.744914383562,8435.229657534246,0.5525332567822431,0.010511804060710398,32.65071658057602,0.97111564197717,27.99898287671233,0
NYIS_shape,73,21024,2021-05-26 05:00:00,dp,5106.25,20.0,5672.219109589041,6349.653467465753,0.8933116017515383,0.011199124119622254,34.84792079237584,2.3158795216642676,28.298455479452056,0
NYIS_shape,74,21192,2021-06-02 05:00:00,dp,9825.5,20.0,10395.092808219179,12100.342808219179,0.8590742405379039,0.0126239209502883,30.40249778407539,0.1518849719371724,28.479640410958904,0
NYIS_shape,75,21360,2021-06-09 05:00:00,dp,6954.5,20.0,7529.523584474886,7807.486142979452,0.9643979440482886,0.01219964006212965,28.674336939475385,5.1869576885549185,28.75117922374429,0
NYIS_shape,76,21528,2021-06-16 05:00:00,dp,9449.25,20.0,10029.212054794521,10222.23102739726,0.9811177254666407,0.01,26.406474758147475,2.6010891038704202,28.998102739726033,0
NYIS_shape,77,21696,2021-06-23 05:00:00,dp,14458.5,20.0,15043.440296803654,15372.043842751142,0.9786233015395384,0.01,21.76098404738281,2.0392575448626475,29.24701484018265,0
NYIS_shape,78,21864,2021-06-30 05:00:00,dp,13583.25,20.0,14174.2299086758,15117.5,0.937604095166251,0.01,22.270259793741833,4.017382163566973,29.548995433789955,0
NYIS_shape,79,22032,2021-07-07 05:00:00,dp,15285.75,16.25,15772.215546518264,16107.476826484019,0.9791859840260942,0.01,22.01868548316407,7.9761585474359435,29.93634132420091,0
NYIS_shape,80,22200,2021-07-14 05:00:00,dp,15333.75,16.25,15825.83864012557,17120.72080622146,0.9243675438229595,0.01,23.28695319149232,7.4220664479643155,30.28237785388128,0
NYIS_shape,81,22368,2021-07-21 05:00:00,dp,15487.75,16.25,15986.307531392695,16740.554634703196,0.9549449155198869,0.01,24.700107588281156,7.1388077074693,30.68046347031964,0
NYIS_shape,82,22536,2021-07-28 05:00:00,dp,7749.25,16.25,8252.733359018264,8582.421826484018,0.9615856136960798,0.01,26.924076855389746,3.6431264829492855,30.983591324200916,0
NYIS_shape,83,22704,2021-08-04 05:00:00,dp,14822.75,16.25,15329.363765696347,16113.274634703197,0.9513499963987122,0.012080824756884125,24.095365294787506,1.6543609352798434,31.17623173515982,0
NYIS_shape,84,22872,2021-08-11 05:00:00,dp,17119.0,16.25,17632.205218321917,18415.88719178082,0.9574453315608564,0.014424655301660911,22.848204520060108,7.074287859003616,31.5818595890411,0
NYIS_shape,85,23040,2021-08-18 05:00:00,dp,16520.5,20.0,17161.073493150685,17413.823493150685,0.9854856688940592,0.017550668644165816,21.860451029864205,7.112272163586151,32.028674657534246,0
NYIS_shape,86,23208,2021-08-25 05:00:00,dp,21088.25,16.25,21616.95647545662,22011.465662100458,0.9820771050551573,0.0198590260437087,19.637518354137892,4.567565145153714,32.53578310502284,0
NYIS_shape,87,23376,2021-09-01 05:00:00,dp,5741.75,16.25,6279.275847602739,7100.070273972603,0.8843962954312259,0.026610862111406567,17.518934918788553,4.330327702461435,33.07851369863013,0
NYIS_shape,88,23544,2021-09-08 05:00:00,dp,11404.5,16.25,11947.264580479452,13068.255607876712,0.9142203013903709,0.04614079455026852,12.064062666478797,7.430064925492654,33.40089726027397,0
NYIS_shape,89,23712,2021-09-15 05:00:00,dp,13202.25,16.25,13753.12961900685,14845.505684931508,0.9264170524663607,0.03884750071222031,12.496531678596957,10.694314489359021,33.900284246575346,0
NYIS_shape,90,23880,2021-09-22 05:00:00,dp,7934.75,16.25,8499.043085045661,10043.064320776255,0.846259947520554,0.027679589948661702,14.581851155897562,13.123666040307805,34.72572831050228,0
NYIS_shape,91,24048,2021-09-29 05:00:00,dp,8067.0,16.25,8641.010436643835,10668.474383561645,0.809957462142685,0.017650489098859225,17.252490582279698,5.202333439705299,35.3237191780822,0
NYIS_shape,92,24216,2021-10-06 05:00:00,dp,10378.75,16.25,10962.743019406393,12367.510639269407,0.8864146827250274,0.02055870533127362,15.334577886102199,11.039247785272407,35.93803196347032,0
NYIS_shape,93,24384,2021-10-13 05:00:00,dp,9442.0,16.25,10038.981685216895,11479.466680936073,0.8745163834038223,0.013017096559475055,19.207625153086052,14.712716453873444,36.73733447488584,0
NYIS_shape,94,24552,2021-10-20 05:00:00,dp,11055.75,20.0,11804.178378995433,12618.937415810502,0.9354336256716638,0.010409771752993117,21.97786753751981,8.804240068308564,37.42141894977169,0
NYIS_shape,95,24720,2021-10-27 05:00:00,dp,11214.0,20.0,11974.931666666667,13210.0,0.9065050466818068,0.010008732904813872,23.4838812434984,4.038577137217491,38.04658333333333,0
NYIS_shape,96,24888,2021-11-03 05:00:00,dp,11345.25,16.25,11972.214363584475,17829.456055936073,0.6714851157558724,0.01,24.808428897517324,7.760374468483242,38.58242237442923,0
NYIS_shape,97,25056,2021-11-10 05:00:00,dp,11170.5,5.0,11367.678333333333,13047.0,0.8712867581308602,0.01086404304156956,27.37768029542831,13.920319934180423,39.43566666666668,0
NYIS_shape,98,25224,2021-11-17 05:00:00,dp,9819.75,15.0,10420.67190068493,11424.30730022831,0.9121491243916975,0.01642135795305087,23.40358103186437,4.476495909211176,40.061460045662095,0
NYIS_shape,99,25392,2021-11-24 05:00:00,dp,8749.25,7.5,9053.358065068493,10931.434677511415,0.8281948648235005,0.021336497053721468,21.399309197212364,1.2201192639546423,40.54774200913242,0
NYIS_shape,100,25560,2021-12-01 05:00:00,dp,8599.0,0.0,8599.0,10053.25,0.8553452863501853,0.01,36.37796243746671,3.2903822082966276,41.31473059360731,0
NYIS_shape,101,25728,2021-12-08 05:00:00,dp,7231.5,15.0,7858.179160958904,8708.573590182648,0.9023497452921094,0.026072292790172157,22.040583096109586,8.223949957605596,41.778610730593606,0
NYIS_shape,102,25896,2021-12-15 05:00:00,dp,11701.25,5.0,11911.82654109589,13748.394135273973,0.8664158463812119,0.02010894214654763,24.600734109393212,2.9468206293720858,42.11530821917808,0
NYIS_shape,103,26064,2021-12-22 05:00:00,dp,8072.25,15.0,8704.530821917808,11274.390410958904,0.7720622139762743,0.019117858322293634,26.268229269786612,8.065349474796715,42.152054794520545,0
NYIS_shape,104,26232,2021-12-29 05:00:00,dp,8484.75,1.25,8537.848779965754,10522.697559931506,0.8113745293294667,0.017316921106011553,26.818901534369502,4.5939311842165,42.47902397260274,0
NYIS_shape,105,26400,2022-01-05 05:00:00,dp,4405.25,5.0,4619.115165525114,36767.75,0.12562953037716787,0.01501695541996819,28.91225654625015,-1.422981421638703,42.77303310502283,0
NYIS_shape,106,26568,2022-01-12 05:00:00,dp,25483.5,6.25,25762.679880136988,45030.17195205479,0.5721203975762611,0.01980420161906359,31.78782560081848,28.60904304073663,44.66878082191781,0
NYIS_shape,107,26736,2022-01-19 05:00:00,dp,25589.5,2.5,25706.42196347032,40162.75,0.6400563199350223,0.02997195628824743,31.87578619293858,28.68820757364472,46.76878538812785,0
NYIS_shape,108,26904,2022-01-26 05:00:00,dp,19322.5,1.25,19384.01035388128,35442.25,0.5469181655758673,0.031064916162144546,34.90223014784804,31.412007133063234,49.20828310502282,0
NYIS_shape,109,27072,2022-02-02 05:00:00,dp,17815.75,2.5,17944.49274828767,26990.371374143837,0.6648479377900701,0.022061603344267905,46.99595640550785,40.39758250423785,51.49709931506849,0
NYIS_shape,110,27240,2022-02-09 05:00:00,dp,17979.75,12.5,18638.360744863014,29770.25,0.626073370054434,0.019482615152629935,50.017852955303006,15.349605448928902,52.6888595890411,0
NYIS_shape,111,27408,2022-02-16 05:00:00,dp,5328.75,8.75,5791.791499714612,13928.314784531964,0.4158285901282662,0.018593405773693446,52.09483932275418,-3.9468380272006907,52.91902853881279,0
NYIS_shape,112,27576,2022-02-23 05:00:00,dp,21607.5,0.0,21607.5,29058.137067636988,0.7435955013119196,0.015116211135915663,58.19346512464204,-16.815704783938227,52.61218378995434,0
NYIS_shape,113,27744,2022-03-02 05:00:00,dp,10881.25,2.5,11015.379446347031,13875.39723173516,0.793878493161491,0.016098561204229225,59.37026469631885,-2.4138491390043457,53.65177853881278,0
NYIS_shape,114,27912,2022-03-09 05:00:00,dp,7068.0,0.0,7068.0,12905.57198487443,0.5476704177299407,0.01836014109536861,56.70334943125638,14.216364806428567,53.9042591324201,0
NYIS_shape,115,28080,2022-03-16 05:00:00,dp,6434.75,6.25,6775.657255993151,11766.120950342465,0.5758616016773088,0.019944078977236695,55.13810814775838,14.704284691382325,54.545160958904106,0
NYIS_shape,116,28248,2022-03-23 05:00:00,dp,6683.25,1.25,6751.871680936073,17822.0,0.37885039170329216,0.020737098848558407,54.12026940353106,3.7335521410184094,54.897344748858444,0
NYIS_shape,117,28416,2022-03-30 05:00:00,dp,10412.5,0.0,10412.5,12689.72997716895,0.8205454346730713,0.02405229046638239,50.73003065630464,13.380089653904419,55.79899885844748,0
NYIS_shape,118,28584,2022-04-06 05:00:00,dp,10164.25,3.75,10375.826078767122,12845.75,0.8077244286061244,0.02648400398139552,49.201214218541786,11.71843650162079,56.42028767123287,0
NYIS_shape,119,28752,2022-04-13 05:00:00,dp,9421.25,3.75,9635.972178938357,13305.824059646118,0.7241920632456217,0.021488016787642318,51.14246552589902,14.819824430909394,57.25924771689498,0
NYIS_shape,120,28920,2022-04-20 05:00:00,dp,6597.25,13.75,7395.655475171233,9448.326211472602,0.7827476856367512,0.014552074016657073,60.228813643252515,11.567635226862189,58.065852739726026,0
NYIS_shape,121,29088,2022-04-27 05:00:00,dp,10606.75,15.0,11489.567808219177,13780.318150684932,0.8337665126873797,0.013397186806950994,67.2002301685179,6.721489777791999,58.8545205479452,0
NYIS_shape,122,29256,2022-05-04 05:00:00,dp,11246.75,1.25,11321.32499714612,14517.57499714612,0.7798358196442365,0.01604559635716944,68.8013442705439,10.463013459163225,59.65999771689498,0
NYIS_shape,123,29424,2022-05-11 05:00:00,dp,10576.5,1.25,10652.257549942922,17556.37079908676,0.606745988213978,0.018814960375565834,63.34136398826831,17.255248867201594,60.6060399543379,0
NYIS_shape,124,29592,2022-05-18 05:00:00,dp,22804.25,12.5,23574.04805936073,31202.92689497717,0.7555075887177597,0.018156022487166322,58.24452881036821,11.766669532884004,61.583844748858446,0
NYIS_shape,125,29760,2022-05-25 05:00:00,dp,15637.75,2.5,15794.556900684931,21714.32415239726,0.7273796223098756,0.0208233368508446,49.129623710769316,13.828170083277849,62.722760273972604,0
NYIS_shape,126,29928,2022-06-01 05:00:00,dp,9843.25,16.25,10879.789269406392,12627.870319634703,0.8615696070690343,0.026625906916734287,36.75144457869965,4.904491898261326,63.78703196347032,0
NYIS_shape,127,30096,2022-06-08 05:00:00,dp,16166.75,20.0,17458.693378995435,18193.221689497717,0.9596262650431892,0.01652017269134763,42.540701301844706,18.02033227673986,64.59716894977169,0
NYIS_shape,128,30264,2022-06-15 05:00:00,dp,19117.5,20.0,20428.187853881278,22455.34392694064,0.9097250044508427,0.01143340516767093,49.06924308751868,17.94882273134771,65.53439269406392,0
NYIS_shape,129,30432,2022-06-22 05:00:00,dp,18803.5,16.25,19883.254456335617,21328.91515839041,0.9322206173488343,0.01,51.59146888375849,11.675413395273738,66.44642808219177,0
NYIS_shape,130,30600,2022-06-29 05:00:00,dp,29107.5,20.0,30449.681940639268,31430.181940639268,0.9688038713281448,0.01,45.84856113380273,1.8164986939220273,67.10909703196347,0
NYIS_shape,131,30768,2022-07-06 05:00:00,dp,26886.5,20.0,28240.451369863014,28746.951369863014,0.982380740361533,0.01747874421592694,36.66292179727893,8.774733719417176,67.69756849315071,0
NYIS_shape,132,30936,2022-07-13 05:00:00,dp,32248.5,16.25,33356.66292522831,34536.14283105023,0.965847954949923,0.02122287238083527,35.62552525530786,6.213861735975164,68.19464155251141,0
NYIS_shape,133,31104,2022-07-20 05:00:00,dp,53347.25,16.25,54467.82527254566,57175.41956621005,0.9526440852693884,0.02683151090452575,34.12922279844285,11.17922279430561,68.95847831050227,0
NYIS_shape,134,31272,2022-07-27 05:00:00,dp,36381.0,16.25,37529.800242579906,38917.90799086758,0.9643324161048584,0.03271486807489151,34.04148001151693,30.397801769919084,70.695399543379,0
NYIS_shape,135,31440,2022-08-03 05:00:00,dp,51764.75,16.25,52933.3454880137,54832.02136986301,0.9653728636221157,0.04210586942959993,31.0131900547637,13.376223697936997,71.91356849315068,0
NYIS_shape,136,31608,2022-08-10 05:00:00,dp,21892.5,16.25,23084.8366081621,23952.99121004566,0.9637559002852443,0.05110283051403952,30.562342048456923,27.50610784361123,73.3745605022831,0
NYIS_shape,137,31776,2022-08-17 05:00:00,dp,29579.5,16.25,30783.625500856164,31346.500616438356,0.9820434464928115,0.05000739842996273,28.987470195481198,7.3271122349658695,74.10003082191781,0
NYIS_shape,138,31944,2022-08-24 05:00:00,dp,43945.5,20.0,45446.69561643836,45925.19561643836,0.9895808827033341,0.04746741539706652,27.66808458629303,7.623809905449358,75.05978082191781,0
NYIS_shape,139,32112,2022-08-31 05:00:00,dp,24122.75,16.25,25361.116347031963,26578.89319634703,0.954182559810939,0.02878614948476731,34.99793641083436,10.877222582213816,76.2071598173516,0
NYIS_shape,140,32280,2022-09-07 05:00:00,dp,23504.5,16.25,24759.68654394977,26710.422488584474,0.9269672373969969,0.02712288262187558,34.14136436604259,16.266698885214428,77.24224885844748,0
NYIS_shape,141,32448,2022-09-14 05:00:00,dp,24287.5,16.25,25556.650228310504,26890.28105022831,0.9504047272906252,0.023152000273125143,37.31849993561039,12.981484343084173,78.10155251141553,0
NYIS_shape,142,32616,2022-09-21 05:00:00,dp,10147.5,12.5,11130.860773401826,15105.714032534246,0.7368642587453001,0.018151426985038535,39.54593522081089,9.049989276327592,78.66886187214611,0
NYIS_shape,143,32784,2022-09-28 05:00:00,dp,7350.25,16.25,8632.409763127855,13270.21392694064,0.6505102186486001,0.017702826633967977,38.80619613315772,-7.293605744905297,78.90213926940639,0
NYIS_shape,144,32952,2022-10-05 05:00:00,dp,10682.0,16.25,11965.942458618722,15852.684360730593,0.7548212142708212,0.01,48.79989965319106,-8.26651522525086,79.01184360730593,0
NYIS_shape,145,33120,2022-10-12 05:00:00,dp,13410.0,16.25,14695.851592465753,16876.93287671233,0.8707655413350522,0.01,48.669357933386394,-0.11074685689967408,79.1293287671233,0
NYIS_shape,146,33288,2022-10-19 05:00:00,dp,10162.25,12.5,11152.678895547946,16132.181164383563,0.6913311214338888,0.01,50.84970282796734,-2.4202441481428,79.23431164383562,0
NYIS_shape,147,33456,2022-10-26 05:00:00,dp,12017.0,15.0,13205.807534246575,17522.566267123286,0.7536457464580385,0.011246307517009184,49.497247902742934,-7.92926411158546,79.25383561643835,0
NYIS_shape,148,33624,2022-11-02 05:00:00,dp,10382.0,10.0,11173.568847031964,16136.438470319636,0.6924433088245546,0.01,54.6098733536166,-5.657875996924075,79.15688470319635,0
NYIS_shape,149,33792,2022-11-09 05:00:00,dp,16462.75,0.0,16462.75,20901.5423244863,0.7876332638244488,0.011992291011832468,55.44144914550995,-1.696019684398083,78.65948744292237,0
NYIS_shape,150,33960,2022-11-16 05:00:00,dp,21835.25,1.25,21933.4100456621,28703.5,0.7641371277252635,0.012355118903024714,55.21073214538906,4.783162502633729,78.52803652968036,0
NYIS_shape,151,34128,2022-11-23 05:00:00,dp,11345.5,0.0,11345.5,13745.938330479452,0.8253710825141083,0.01,59.3663467857704,24.82707268186072,79.16629452054795,0
NYIS_shape,152,34296,2022-11-30 05:00:00,dp,17395.75,0.0,17395.75,20571.204724600455,0.8456359378503958,0.013995679248475284,55.43145153304747,11.974552874203734,79.28004908675798,0
NYIS_shape,153,34464,2022-12-07 05:00:00,dp,17164.25,0.0,17164.25,18893.43324200913,0.9084770237436608,0.013545541100577882,51.282270241776686,-0.8223266172419126,79.42166210045662,0
NYIS_shape,154,34632,2022-12-14 05:00:00,dp,26390.5,1.25,26490.26868436073,39564.25,0.66955063433177,0.015972908785131808,49.943559613944146,-0.769524134231297,79.81494748858447,0
NYIS_shape,155,34800,2022-12-21 05:00:00,dp,13997.0,0.0,13997.0,56356.5,0.24836531722161595,0.021356132169259606,47.56151172987354,25.40806757428449,81.28012214611873,0
NYIS_shape,156,34968,2022-12-28 05:00:00,dp,3254.249999999999,57.5,8076.182343036529,15415.719292237443,0.5238926701982226,0.020098097582492674,51.09238298050545,45.9831446824549,83.85969292237444,0
NYIS_shape,157,35136,2023-01-04 05:00:00,dp,9053.0,23.75,11057.621108732877,16911.00993150685,0.6538711261786594,0.020690966407602818,49.072379651429216,-32.0912993610925,84.4050993150685,0
NYIS_shape,158,35304,2023-01-11 05:00:00,dp,11197.75,2.5,11405.578832762558,15426.653310502285,0.7393423967723299,0.016168046767292193,53.12478803717424,-47.81230923345681,83.13153310502284,0
NYIS_shape,159,35472,2023-01-18 05:00:00,dp,7038.0,2.5,7241.2167180365295,12507.668721461185,0.578942157750928,0.01445077237348358,53.231191930307396,-34.28230404016848,81.28668721461186,0
NYIS_shape,160,35640,2023-01-25 05:00:00,dp,11137.75,0.0,11137.75,13403.481621004566,0.8309594711978459,0.013514848654224537,53.67651440836578,-28.236982255793137,78.98231621004567,0
NYIS_shape,161,35808,2023-02-01 05:00:00,dp,21258.75,2.5,21449.53852739726,44301.04109589041,0.48417684995188587,0.010055145851873901,60.716247909867064,-15.679805047592144,76.31541095890411,0
NYIS_shape,162,35976,2023-02-08 05:00:00,dp,7838.75,12.5,8786.082819634703,13720.162557077627,0.640377457853249,0.01140120982599516,62.3666220552489,21.84587616704781,75.78662557077627,0
NYIS_shape,163,36144,2023-02-15 05:00:00,dp,7276.75,12.5,8210.849400684932,12752.545205479451,0.643859658474838,0.01,63.288341767521324,-16.675942279140823,74.72795205479451,0
NYIS_shape,164,36312,2023-02-22 05:00:00,dp,11225.75,13.75,12239.3140625,18866.7328125,0.6487246193676386,0.01,59.75827807158306,-11.813979010888486,73.71374999999999,0
NYIS_shape,165,36480,2023-03-01 05:00:00,dp,8216.0,12.5,9128.914483447488,12477.56586757991,0.7316262306550412,0.01,60.41659055677184,2.2162868015431316,73.03315867579909,0
NYIS_shape,166,36648,2023-03-08 05:00:00,dp,10558.75,0.0,10558.75,14656.234837328768,0.7204271845527025,0.010582757439246233,59.76285487191891,-13.612886021843435,72.57706164383562,0
NYIS_shape,167,36816,2023-03-15 05:00:00,dp,9120.0,13.75,10111.734320776255,16626.45557648402,0.6081713732828301,0.01078666396903928,59.11577364724952,-9.823313087755043,72.12613242009131,0
NYIS_shape,168,36984,2023-03-22 05:00:00,dp,9345.0,12.5,10243.817608447489,14263.159106735158,0.7182011735121352,0.0112037536113922,57.97661166845055,-10.725747271574702,71.90540867579908,0
NYIS_shape,169,37152,2023-03-29 05:00:00,dp,9525.5,13.75,10505.849634703196,15441.070136986302,0.6803835188558807,0.02024578913977441,45.107813719168995,-10.650566437674764,71.29815525114157,0
NYIS_shape,170,37320,2023-04-05 05:00:00,dp,9610.25,8.75,10228.061909246575,16096.448690068493,0.6354235090102383,0.01,64.44822841007137,-13.715535823722623,70.60707534246576,0
NYIS_shape,171,37488,2023-04-12 05:00:00,dp,7990.5,20.0,9389.839360730593,16014.696803652969,0.5863263898064409,0.01,63.50512374371568,-12.719912913186587,69.96696803652968,0
NYIS_shape,172,37656,2023-04-19 05:00:00,dp,9188.5,10.0,9881.923276255708,13875.304853025114,0.712195038662609,0.01,55.065984829079305,-8.21680102968554,69.34232762557077,0
NYIS_shape,173,37824,2023-04-26 05:00:00,dp,6223.25,21.25,7681.066442636987,11499.308762842466,0.6679589704954001,0.01,44.97241740007718,-5.227667001212279,68.60312671232877,0
NYIS_shape,174,37992,2023-05-03 05:00:00,dp,5083.249999999999,13.75,6016.2964797374425,10285.792579908677,0.5849132609857527,0.01,46.39952186981228,-9.847530583291569,67.85792579908676,0
NYIS_shape,175,38160,2023-05-10 05:00:00,dp,10752.25,0.0,10752.25,16413.615753424656,0.655081132733144,0.01,41.59170969376533,-19.7642189944559,66.93865753424656,0
NYIS_shape,176,38328,2023-05-17 05:00:00,dp,8556.0,0.0,8556.0,12680.225570776256,0.6747514034544276,0.01,40.52980537956319,-15.158103231982613,65.96475570776256,0
NYIS_shape,177,38496,2023-05-24 05:00:00,dp,6444.25,0.0,6444.25,10942.902625570776,0.588897682863542,0.01,39.5797457388381,-9.277633619417262,64.72152625570776,0
NYIS_shape,178,38664,2023-05-31 05:00:00,dp,5415.5,22.5,6848.392953767123,14939.807963755708,0.4583989948452798,0.01,38.4505227257138,-4.610043338743685,63.684131278538814,0
NYIS_shape,179,38832,2023-06-07 05:00:00,dp,5667.5,12.5,6451.325799086758,10309.591232876712,0.6257596109643843,0.01,27.579128413604234,-20.952771263151245,62.70606392694064,0
NYIS_shape,180,39000,2023-06-14 05:00:00,dp,6385.75,16.25,7386.986793664383,10533.93897688356,0.701255893913466,0.01,27.02660212286469,-19.894881487852523,61.61457191780822,0
NYIS_shape,181,39168,2023-06-21 05:00:00,dp,8564.75,20.0,9775.267648401827,12219.273535958904,0.7999876277124943,0.01,25.382576296902723,-13.053799445452555,60.52588242009132,0
NYIS_shape,182,39336,2023-06-28 05:00:00,dp,7687.0,13.75,8509.01635987443,14335.13575913242,0.5935776614081684,0.01,23.48656560556018,-4.741483008967445,59.78300799086758,0
NYIS_shape,183,39504,2023-07-05 05:00:00,dp,18441.0,20.0,19623.36102739726,22136.38680222603,0.8864753404753453,0.01,24.40501189270605,-15.326836221696015,59.11805136986302,0
NYIS_shape,184,39672,2023-07-12 05:00:00,dp,20019.0,20.0,21191.767831050227,22921.46529252283,0.9245380939046317,0.01,27.061728403454453,-19.023858236230296,58.638391552511415,0
NYIS_shape,185,39840,2023-07-19 05:00:00,dp,13336.25,16.25,14274.974972888127,15631.044091038813,0.9132451351136478,0.01,27.391593271468476,-17.29766994102621,57.767690639269404,0
NYIS_shape,186,40008,2023-07-26 05:00:00,dp,32477.0,8.75,32966.00978167808,39898.433219178085,0.8262482288610828,0.01,29.000167529209875,-10.468326603041298,55.886832191780826,0
NYIS_shape,187,40176,2023-08-02 05:00:00,dp,7529.75,5.0,7804.417237442923,11389.011130136987,0.6852585486365269,0.025164216509056248,23.845477452869336,-0.641554029300916,54.93344748858448,0
NYIS_shape,188,40344,2023-08-09 05:00:00,dp,9864.75,12.5,10530.726669520547,12748.04368578767,0.8260660952441566,0.028386323599722582,22.280792743879356,-20.05271346949142,53.278133561643834,0
NYIS_shape,189,40512,2023-08-16 05:00:00,dp,10735.0,16.25,11580.680496575342,14108.385325342466,0.8208367031040268,0.022646654260682665,24.504191641138373,-22.053772477024534,52.04187671232877,0
NYIS_shape,190,40680,2023-08-23 05:00:00,dp,5809.75,16.25,6635.16555936073,8720.493356164385,0.760870433399325,0.02004170562403286,25.90768193093931,-17.853478179984837,50.794803652968035,0
NYIS_shape,191,40848,2023-08-30 05:00:00,dp,12983.0,10.0,13474.92238584475,14353.26491152968,0.9388053846216287,0.016518080048695358,27.482643590686155,-11.583977477555853,49.192238584474886,0
NYIS_shape,192,41016,2023-09-06 05:00:00,dp,19373.0,20.0,20331.394223744293,21798.025811929223,0.9327172285766219,0.01,33.804009024699745,-16.372048182891835,47.91971118721462,0
NYIS_shape,193,41184,2023-09-13 05:00:00,dp,5523.5,20.0,6464.789063926941,8619.034186643836,0.750059568616732,0.01,35.60626210932286,-7.874459269544897,47.064453196347024,0
NYIS_shape,194,41352,2023-09-20 05:00:00,dp,5909.75,16.25,6654.091044520548,9384.560273972602,0.7090466521884022,0.01,34.19385530015704,-12.016471821972976,45.80560273972602,0
NYIS_shape,195,41520,2023-09-27 05:00:00,dp,6924.75,16.25,7655.0706706621,10046.31740582192,0.7619777836429822,0.01,33.055683371416876,-8.615664700204198,44.94281050228311,0
NYIS_shape,196,41688,2023-10-04 05:00:00,dp,9223.25,16.25,9945.214701769406,13141.109703196347,0.7568017409785723,0.01,32.382200278345,-6.913244701699425,44.42859703196346,0
NYIS_shape,197,41856,2023-10-11 05:00:00,dp,9853.75,16.25,10564.455900399544,13453.155087043378,0.78527719572445,0.01,30.26033276420919,-6.6969030981079065,43.73574771689498,0
NYIS_shape,198,42024,2023-10-18 05:00:00,dp,12903.75,15.0,13549.516352739725,15301.534253710046,0.885500507862764,0.01,31.58264629023218,-3.5974704007920337,43.05109018264841,0
NYIS_shape,199,42192,2023-10-25 05:00:00,dp,12352.75,68.75,15279.780229737444,17061.155303938358,0.8955888366018387,0.01,34.109611739902405,0.7293009489017063,42.57498515981735,0
NYIS_shape,200,42360,2023-11-01 05:00:00,dp,9797.25,15.0,10430.351438356165,13922.341723744292,0.7491808235512132,0.01,37.008040239729844,3.894276288830255,42.206762557077624,0
NYIS_shape,201,42528,2023-11-08 05:00:00,dp,9323.75,0.0,9323.75,11284.866322773973,0.8262171419065686,0.01,34.36274382268996,-20.621189517125615,42.07633447488585,0
NYIS_shape,202,42696,2023-11-15 05:00:00,dp,10700.75,0.0,10700.75,11858.8401826484,0.9023437229263876,0.01,32.46546027327389,-19.26703207166496,41.90144292237442,0
NYIS_shape,203,42864,2023-11-22 05:00:00,dp,9051.5,3.75,9205.34091609589,11190.75,0.8225848058526811,0.01,33.814848700481,-13.625924332553831,41.02424429223744,0
NYIS_shape,204,43032,2023-11-29 05:00:00,dp,5963.0,12.5,6468.31214326484,11456.718500285388,0.5645868093122577,0.01,30.60265971812463,-7.413275854370166,40.424971461187205,0
NYIS_shape,205,43200,2023-12-06 05:00:00,dp,10377.75,15.0,10977.727174657533,12796.859243721461,0.8578454264114493,0.01,31.977914264412895,-22.319855360714715,39.99847831050228,0
NYIS_shape,206,43368,2023-12-13 05:00:00,dp,8158.5,0.0,8158.5,9133.086194349315,0.8932905949193498,0.01,35.54567924520287,-26.35590487153887,39.60919520547945,0
NYIS_shape,207,43536,2023-12-20 05:00:00,dp,5552.0,15.0,6121.777003424658,8028.513356164383,0.762504430378046,0.01,34.27795169018707,-22.859245366465494,37.985133561643835,0
NYIS_shape,208,43704,2023-12-27 05:00:00,dp,5754.75,0.0,5754.75,7672.8807876712335,0.7500116526307458,0.01,33.390944125279745,-7.315809057653363,35.229650684931514,0
NYIS_shape,209,43872,2024-01-03 05:00:00,dp,8519.75,20.0,9198.09700913242,12911.75,0.712381900914471,0.018668639073343124,23.876274008688075,-4.984599303861097,33.917350456621,0
NYIS_shape,210,44040,2024-01-10 05:00:00,dp,7415.0,0.0,7415.0,32565.25,0.22769670123828314,0.015871713463354083,23.819459547931253,0.24384818375541112,33.97827168949772,0
NYIS_shape,211,44208,2024-01-17 05:00:00,dp,6527.25,33.75,7697.649413527397,39912.25,0.19286433146533702,0.01652070180650393,29.630751511286704,21.309956272267844,34.678501141552516,0
NYIS_shape,212,44376,2024-01-24 05:00:00,dp,6540.75,8.75,6859.373948344749,8806.017706906392,0.7789416483872241,0.02019117223034791,32.49993199073794,29.24993879166415,36.41416552511415,0
NYIS_shape,213,44544,2024-01-31 05:00:00,dp,4152.999999999999,0.0,4152.999999999999,6255.796147260274,0.6638643431210279,0.019623616276182653,32.88413516976825,-17.321920964497078,36.42632420091324,0
NYIS_shape,214,44712,2024-02-07 05:00:00,dp,5377.0,0.0,5377.0,5966.25,0.901236119840771,0.017557708212303645,34.70678061240946,-4.391623025511497,35.151924657534245,0
NYIS_shape,215,44880,2024-02-14 05:00:00,dp,8110.0,15.0,8636.748441780823,9710.535174086759,0.8894204373852215,0.01663069461122476,34.75415472786731,-7.761129214339551,35.11656278538813,0
NYIS_shape,216,45048,2024-02-21 05:00:00,dp,4789.75,15.0,5317.789623287671,8072.754249429223,0.6587329997892183,0.017033766058720347,34.29779946282597,-6.748859362171533,35.20264155251141,0
NYIS_shape,217,45216,2024-02-28 05:00:00,dp,6127.5,3.75,6258.452063356164,8069.897457191781,0.7755305561880118,0.0180471545049288,32.76722887284331,-7.517267891303306,34.920550228310496,0
NYIS_shape,218,45384,2024-03-06 05:00:00,dp,5774.5,0.0,5774.5,7990.308498858448,0.7226879914367494,0.013688041990938208,37.15690605809198,-2.3442008092465114,34.72528310502283,0
NYIS_shape,219,45552,2024-03-13 05:00:00,dp,6383.75,13.75,6858.089714611872,8827.160079908675,0.7769304796252007,0.013525589258201059,36.99843296984187,1.1301352634711537,34.497433789954336,0
NYIS_shape,220,45720,2024-03-20 05:00:00,dp,7107.5,0.0,7107.5,10037.513009417808,0.7080937273337837,0.012900063928831794,38.045188907689926,0.6004985499963748,34.25835958904109,0
NYIS_shape,221,45888,2024-03-27 05:00:00,dp,4719.0,0.0,4719.0,6592.553988299087,0.7158075623461866,0.01318738821058388,37.993660973137025,4.268756124191132,34.25694634703196,0
NYIS_shape,222,46056,2024-04-03 05:00:00,dp,5146.25,0.0,5146.25,6476.227572773973,0.7946369923186158,0.014234699618425018,36.784336127286124,-0.08346071687622651,34.18284589041097,0
NYIS_shape,223,46224,2024-04-10 05:00:00,dp,5488.75,2.5,5574.164648972603,7775.3053895547955,0.7169062010684281,0.013327991504294466,37.308411572781885,-1.4368178857771337,34.165859589041105,0
NYIS_shape,224,46392,2024-04-17 05:00:00,dp,6730.0,13.75,7198.623261986301,8991.148030821918,0.8006344948730919,0.020160676381088562,28.410324915455014,-2.02722642117052,34.08169178082192,0
NYIS_shape,225,46560,2024-04-24 05:00:00,dp,6072.75,2.5,6157.746666666667,8383.64,0.7344955969801503,0.01690881662720875,33.33699578238875,-2.386070647542693,33.998666666666665,0
NYIS_shape,226,46728,2024-05-01 05:00:00,dp,5963.25,2.5,6048.0788356164385,7486.673664383561,0.8078459282109535,0.01,44.57033527942045,-2.783166878755,33.93153424657534,0
NYIS_shape,227,46896,2024-05-08 05:00:00,dp,5564.0,0.0,5564.0,6433.16158390411,0.8648935562136714,0.025156179459242804,25.728099993118118,0.6768880150900546,33.88680707762557,0
NYIS_shape,228,47064,2024-05-15 05:00:00,dp,5452.75,0.0,5452.75,7325.72676369863,0.7443288803808734,0.014535928865688337,25.632970509144926,2.0798172389582636,33.91875342465753,0
NYIS_shape,229,47232,2024-05-22 05:00:00,dp,7980.5,8.75,8277.985506563928,13365.64647545662,0.6193479321606193,0.01,18.73031336955532,2.2587418486520514,33.998343607305934,0
NYIS_shape,230,47400,2024-05-29 05:00:00,dp,6617.5,12.5,7045.043835616439,8516.293698630136,0.8272429398189555,0.01,19.23481223077796,4.191099778232096,34.20350684931506,0
NYIS_shape,231,47568,2024-06-05 05:00:00,dp,6820.5,16.25,7375.993301940639,8344.677017694064,0.8839159725775573,0.01003039051468673,18.789947263414952,-0.7116106795784487,34.184203196347035,0
NYIS_shape,232,47736,2024-06-12 05:00:00,dp,15171.5,20.0,15856.343150684932,17448.5,0.9087510760629814,0.01,18.230926013138557,-1.6317128467182487,34.24215753424657,0
NYIS_shape,233,47904,2024-06-19 05:00:00,dp,28474.75,16.25,29034.028476027397,29985.592739726028,0.9682659511866857,0.01,18.81858289626234,1.7134787361606587,34.41713698630137,0
NYIS_shape,234,48072,2024-06-26 05:00:00,dp,9084.75,37.5,10390.619178082192,11117.948630136987,0.9345806068861254,0.01,25.017769289414794,10.532939951601373,34.82317808219178,0
NYIS_shape,235,48240,2024-07-03 05:00:00,dp,18956.75,16.25,19521.21934931507,20294.981506849315,0.9618742122394588,0.026784767411264218,15.525505606689702,-2.640574085632147,34.736575342465756,0
NYIS_shape,236,48408,2024-07-10 05:00:00,dp,39269.0,16.25,39832.36583333333,41428.25,0.9614783591711774,0.027497407575396288,16.865012509378918,-1.0065445961252955,34.66866666666667,0
NYIS_shape,237,48576,2024-07-17 05:00:00,dp,17802.5,37.5,19115.859674657535,19655.708493150683,0.9725347565730705,0.04122618065503546,18.615145518555586,7.051674845036531,35.022924657534254,0
NYIS_shape,238,48744,2024-07-24 05:00:00,dp,13022.75,20.0,13726.037557077625,13863.787557077625,0.9900640427853586,0.04821048970164009,18.354616528334386,-3.2768252869512238,35.16437785388128,0
NYIS_shape,239,48912,2024-07-31 05:00:00,dp,26071.25,16.25,26636.712491438357,27278.904785958905,0.9764582816077316,0.01,42.69954116745924,-4.697022956336894,34.79769178082192,0
NYIS_shape,240,49080,2024-08-07 05:00:00,dp,6984.0,12.5,7423.657762557077,8435.538812785388,0.8800454751396977,0.0570402343618807,18.4417504649385,8.84657787733809,35.17262100456621,0
NYIS_shape,241,49248,2024-08-14 05:00:00,dp,8847.75,16.25,9419.597646974886,10228.71479594749,0.9208974768469282,0.05686937211939148,18.40986676742566,-1.2687720439120103,35.190624429223746,0
NYIS_shape,242,49416,2024-08-21 05:00:00,dp,10561.5,16.25,11134.263508847032,12383.939703196347,0.8990889632620895,0.05677283039784395,18.11044571015479,0.35972032589019093,35.246985159817356,0
NYIS_shape,243,49584,2024-08-28 05:00:00,dp,9075.5,16.25,9650.280326769407,10813.07937642694,0.89246365358304,0.05193363521445065,17.561326002161124,-1.0561473548575013,35.37109703196347,0
NYIS_shape,244,49752,2024-09-04 05:00:00,dp,7668.5,20.0,8378.021369863014,8764.254280821919,0.9559308871487143,0.029251087959524608,22.93289445977125,0.5388405877808915,35.476068493150684,0
NYIS_shape,245,49920,2024-09-11 05:00:00,dp,10476.75,20.0,11179.649155251142,11510.848732876711,0.9712271800879796,0.03659624740263793,19.983228408866992,1.9210774137890452,35.14495776255708,0
NYIS_shape,246,50088,2024-09-18 05:00:00,dp,7214.0,16.25,7787.306214326484,8326.315774828767,0.9352643383846,0.035607401370143836,19.10362426777352,4.0371805475421105,35.28038242009133,0
NYIS_shape,247,50256,2024-09-25 05:00:00,dp,7543.0,20.0,8252.60609589041,8768.373240582192,0.9411786963738401,0.0238729208160689,20.610841451541454,2.951830810927834,35.48030479452054,0
NYIS_shape,248,50424,2024-10-02 05:00:00,dp,9758.5,20.0,10471.369954337899,11513.588002283104,0.9094792997857369,0.01,31.841760305694823,2.4751570435173673,35.64349771689498,0
NYIS_shape,249,50592,2024-10-09 05:00:00,dp,10536.5,20.0,11251.35988584475,13555.25,0.830037062086258,0.010302352922950252,32.178383574909915,-1.2570030670539338,35.74299429223744,0
NYIS_shape,250,50760,2024-10-16 05:00:00,dp,11595.75,12.5,12044.67919520548,16027.395976027397,0.7515056852168017,0.013539351485937984,28.777420863221497,-1.0476316691428467,35.91433561643836,0
NYIS_shape,251,50928,2024-10-23 05:00:00,dp,14864.25,0.0,14864.25,16494.49230022831,0.9011644450429223,0.014127148258546583,27.155566022764248,-1.0827047724416405,36.055066210045666,0
NYIS_shape,252,51096,2024-10-30 05:00:00,dp,11025.5,2.5,11115.744280821918,12557.049828767122,0.8852194131902467,0.01766446629110754,26.224024574300543,-2.422963502617171,36.097712328767116,0
NYIS_shape,253,51264,2024-11-06 05:00:00,dp,11619.25,2.5,11709.38022260274,13298.606892123287,0.8804967556066463,0.010720529814981537,37.729683136095794,0.3233200942859475,36.0520890410959,0
NYIS_shape,254,51432,2024-11-13 05:00:00,dp,11743.75,2.5,11833.854928652969,13031.3732163242,0.9081049811257712,0.01,27.99945883494718,1.5372804563124658,36.04197146118721,0
NYIS_shape,255,51600,2024-11-20 05:00:00,dp,8986.25,2.5,9076.31560216895,10526.295209760274,0.8622516679708107,0.01,27.11109408523675,3.2499529571433023,36.02624086757991,0
NYIS_shape,256,51768,2024-11-27 05:00:00,dp,17247.0,1.25,17292.05057648402,23458.101152968036,0.7371462192836585,0.01,26.67953235232553,6.272926347207984,36.04046118721461,0
NYIS_shape,257,51936,2024-12-04 05:00:00,dp,11833.25,15.0,12380.537739726027,15579.75,0.7946557383607585,0.01,29.900026250784514,16.275087094975913,36.48584931506849,0
NYIS_shape,258,52104,2024-12-11 05:00:00,dp,9388.5,0.0,9388.5,14197.478515981735,0.6612793947482722,0.013318946983567486,29.521607693921105,9.810079931999262,36.99570319634704,0
NYIS_shape,259,52272,2024-12-18 05:00:00,dp,12825.5,10.0,13201.174018264841,25207.709252283104,0.5236959013667293,0.017541146624400466,27.096846369889267,2.837422845957003,37.56740182648401,0
NYIS_shape,260,52440,2024-12-25 05:00:00,dp,7456.25,15.0,8038.48279109589,13671.269399257992,0.5879836433866323,0.023504665604466655,26.011321780234887,18.26456907559106,38.815519406392696,0
NYIS_shape,261,52608,2025-01-01 05:00:00,dp,17733.5,2.5,17832.16709474886,28225.75,0.6317694691814694,0.03121525758241422,23.378807988569648,-6.475774040638552,39.46683789954338,0
NYIS_shape,262,52776,2025-01-08 05:00:00,dp,16370.0,12.5,16873.561444063926,24653.25,0.6844355792467088,0.02191412165362621,29.99467145473083,3.941685072550771,40.28491552511415,0
NYIS_shape,263,52944,2025-01-15 05:00:00,dp,18097.5,0.0,18097.5,52714.0,0.3433148689152787,0.020224842857688826,35.03791010418126,13.972989717312078,41.14066210045662,0
NYIS_shape,264,53112,2025-01-22 05:00:00,dp,23482.0,2.5,23586.402571347033,37859.0,0.6230064864720947,0.012211706750676773,57.19940598144176,51.47946538329757,41.76102853881278,0
NYIS_shape,265,53280,2025-01-29 05:00:00,dp,21018.0,6.25,21294.730743436074,28469.25,0.7479905773224118,0.01573972327450446,58.570126452303924,32.67867955588666,44.27691894977169,0
NYIS_shape,266,53448,2025-02-05 05:00:00,dp,31041.500000000004,6.25,31324.750770547947,35961.5,0.8710635198906593,0.017743631541456823,57.83749511729611,8.263151239546355,45.32012328767124,0
NYIS_shape,267,53616,2025-02-12 05:00:00,dp,23961.0,0.0,23961.0,34817.19842037671,0.6881943719508707,0.019138560113471224,57.320586318214545,24.087905430406742,46.758736301369865,0
NYIS_shape,268,53784,2025-02-19 05:00:00,dp,20514.0,0.0,20514.0,27119.554454908677,0.7564283563031374,0.019873165348154333,57.33367320227349,22.397024939238168,48.42178196347032,0
NYIS_shape,269,53952,2025-02-26 05:00:00,dp,20924.25,0.0,20924.25,26676.25,0.7843774893397685,0.02075271089380936,57.38775210540944,13.326147945576658,50.179477168949774,0
NYIS_shape,270,54120,2025-03-05 05:00:00,dp,9541.0,2.5,9668.440094178082,15099.511553938357,0.6403147585033169,0.023356593330611675,52.96422007859292,3.0869822681744368,50.97603767123288,0
NYIS_shape,271,54288,2025-03-12 05:00:00,dp,11663.5,0.0,11663.5,16694.696612442924,0.6986350378662729,0.023883376935511003,51.45416932413129,6.989368686870022,51.42511757990867,0
NYIS_shape,272,54456,2025-03-19 05:00:00,dp,11767.75,2.5,11897.402037671232,13700.402037671232,0.8683980225512805,0.025323088781536978,50.03002264367565,1.8913224790180139,51.86081506849315,0
NYIS_shape,273,54624,2025-03-26 05:00:00,dp,10936.5,2.5,11066.972950913241,13269.749183789954,0.834000160638486,0.025556327115283814,48.495748704352486,0.30469326278309783,52.18918036529681,0
NYIS_shape,274,54792,2025-04-02 05:00:00,dp,8057.0,10.0,8582.706175799087,12274.75,0.6992163731073209,0.028588178812123843,46.164038124696944,-0.021149876864909396,52.57061757990867,0
NYIS_shape,275,54960,2025-04-09 05:00:00,dp,12092.25,0.0,12092.25,15462.952982305937,0.7820142772106343,0.029700508582636734,45.078180187967156,10.749631641331673,52.97425799086758,0
NYIS_shape,276,55128,2025-04-16 05:00:00,dp,9877.5,13.75,10613.059985730593,12803.705362442925,0.8289053586676444,0.032680903386738416,41.72512676624566,10.685370870439309,53.49527168949773,0
NYIS_shape,277,55296,2025-04-23 05:00:00,dp,9977.75,13.75,10716.830456621004,12923.489269406393,0.8292520876688324,0.05182409826087814,32.6464063162705,0.23411963576696979,53.75130593607307,0
NYIS_shape,278,55464,2025-04-30 05:00:00,dp,7977.0,1.25,8044.383317636986,13671.798964041096,0.5883924521414434,0.06581339518023195,32.45231305215997,-4.89465287107194,53.90665410958905,0
NYIS_shape,279,55632,2025-05-07 05:00:00,dp,10561.0,0.0,10561.0,12764.346399828766,0.8273827479440449,0.06537199428905582,33.8328258197942,3.7149932637726737,54.22140753424657,0
NYIS_shape,280,55800,2025-05-14 05:00:00,dp,9693.0,15.0,10509.971506849315,15091.086164383561,0.6964357232055222,0.08198514899467237,30.557005065171797,2.0791546466708186,54.46476712328767,0
NYIS_shape,281,55968,2025-05-21 05:00:00,dp,9609.5,0.0,9609.5,12880.973515981736,0.7460228055028031,0.07861584997182447,27.064619194195835,0.16566767537846375,54.667235159817345,0
NYIS_shape,282,56136,2025-05-28 05:00:00,dp,9274.5,15.0,10093.897140410958,13154.316652397261,0.7673448501463154,0.07117028942080598,24.376337295901184,-3.628250219198307,54.62647602739726,0
NYIS_shape,283,56304,2025-06-04 05:00:00,dp,9163.75,12.5,9847.433204908675,15067.177472888128,0.6535685414622706,0.09981650068999949,19.765148156948776,-3.5491421723050824,54.694656392694064,0
NYIS_shape,284,56472,2025-06-11 05:00:00,dp,11249.0,8.75,11729.125904680366,14022.49080194064,0.8364509608419295,0.09753693553658657,16.59474889759819,0.623831367079998,54.87153196347032,0
NYIS_shape,285,56640,2025-06-18 05:00:00,dp,5506.75,1.25,5575.4876826484015,55931.5,0.09968421520338988,0.06780278081259931,16.565735546225753,-1.0563871974017391,54.990146118721455,0
NYIS_shape,286,56808,2025-06-25 05:00:00,dp,28966.75,16.25,29866.036055936074,32439.656803652968,0.9206643657393107,0.03791647436835478,24.74836164627027,20.116207776064222,55.340680365296805,0
NYIS_shape,287,56976,2025-07-02 05:00:00,dp,27722.75,16.25,28630.776311358448,29668.070844748858,0.965036670607317,0.04131305279814641,25.37658697378386,10.179334436946549,55.87854223744293,0
NYIS_shape,288,57144,2025-07-09 05:00:00,dp,26002.5,16.25,26917.511863584474,28294.261863584474,0.9513417241051297,0.0399095016705656,26.39002775336037,5.016366559651744,56.30842237442922,0
NYIS_shape,289,57312,2025-07-16 05:00:00,dp,37371.0,37.5,39490.984760273976,40206.307933789954,0.9822086829088127,0.03395487866576493,28.970561333445946,7.293460299766608,56.53292694063927,0
NYIS_shape,290,57480,2025-07-23 05:00:00,dp,76580.75,16.25,77507.46308789954,89095.0,0.8699417822313209,0.03620458945216634,31.64268911864846,9.645272780467986,57.02849771689498,0
NYIS_shape,291,57648,2025-07-30 05:00:00,dp,34675.0,16.25,35618.130281107304,37308.92415810502,0.9546812481155287,0.04537921527650529,36.542380617285986,12.681111007501656,58.038786529680365,0
NYIS_shape,292,57816,2025-08-06 05:00:00,dp,33883.75,15.0,34758.249126712326,39063.25,0.8897940935972385,0.043738921002301784,39.60964740435016,8.758614499273207,58.29994178082192,0
NYIS_shape,293,57984,2025-08-13 05:00:00,dp,23473.0,16.25,24430.429724600457,26849.945503710045,0.9098874975826202,0.045452867540584134,40.05382001139248,10.976342775454324,58.91875228310502,0
NYIS_shape,294,58152,2025-08-20 05:00:00,dp,11796.0,12.5,12538.208932648402,15782.479674657534,0.7944384653814212,0.046650328027473424,39.688182312545415,4.993908668917321,59.37671461187214,0
NYIS_shape,295,58320,2025-08-27 05:00:00,dp,9722.75,12.5,10466.811572488585,13079.180265410958,0.8002651053116064,0.0494791690846823,38.50340000629838,-7.763661278394043,59.52492579908675,0
NYIS_shape,296,58488,2025-09-03 05:00:00,dp,8452.0,15.0,9343.497619863014,14156.817465753425,0.6599998652568452,0.04899146548141767,38.85094068662129,-8.080076298325237,59.43317465753425,0
NYIS_shape,297,58656,2025-09-10 05:00:00,dp,13086.75,1.25,13161.217882420091,15649.430593607307,0.8410029875333844,0.048613960641540374,38.35896500521064,2.4529049929653657,59.57430593607306,0
NYIS_shape,298,58824,2025-09-17 05:00:00,dp,15929.25,0.0,15929.25,17529.68585045662,0.9087013957859986,0.04752086260010727,38.247662662538666,2.5348352564507284,59.6374805936073,0
NYIS_shape,299,58992,2025-09-24 05:00:00,dp,12091.25,15.0,12987.51390410959,18579.465376712327,0.6990251678817551,0.06428175348568975,28.844704048354803,4.02160213038639,59.75092694063927,0
NYIS_shape,300,59160,2025-10-01 05:00:00,dp,24709.0,1.25,24783.929810216894,28007.58671518265,0.8849005829117637,0.04978088761670053,29.744325234475447,6.17639265188456,59.94384817351598,0
NYIS_shape,301,59328,2025-10-08 05:00:00,dp,15231.25,0.0,15231.25,18372.12475742009,0.8290412895138021,0.05162015567297729,29.565529747487155,2.2998302296839026,60.141889269406384,0
NYIS_shape,302,59496,2025-10-15 05:00:00,dp,17822.0,0.0,17822.0,21185.198290525113,0.8412477313450838,0.054051326395935934,29.751267994560894,2.0197018493881536,60.32475570776257,0
NYIS_shape,303,59664,2025-10-22 05:00:00,dp,24984.0,0.0,24984.0,28424.146638127855,0.8789709790789892,0.05822796907504617,27.52648524432639,1.2610727920693812,60.47339269406393,0
NYIS_shape,304,59832,2025-10-29 05:00:00,dp,18119.5,2.5,18271.651566780823,21432.039169520547,0.8525391084935002,0.08073979893202059,24.31448452091781,5.367902556364203,60.86062671232877,0
NYIS_shape,305,60000,2025-11-05 05:00:00,dp,17450.0,2.5,17603.158116438357,22047.25,0.7984287435593264,0.06657422916804515,27.772293718035986,7.294328653663041,61.26324657534247,0
NYIS_shape,306,60168,2025-11-12 05:00:00,dp,16031.5,17.5,17112.29754280822,19197.897016267125,0.8913631283837133,0.06525038355942969,29.442592161239027,9.065351264240446,61.75985958904109,0
NYIS_shape,307,60336,2025-11-19 05:00:00,dp,16484.0,2.5,16639.613630136988,19202.43171232877,0.8665367948921623,0.058068308969209795,28.980932922957816,7.693317179215646,62.24545205479453,0
NYIS_shape,308,60504,2025-11-26 05:00:00,dp,13786.0,15.0,14726.838784246575,20455.0,0.7199627858345917,0.051700388152906444,20.491743203804347,7.545997876117498,62.72258561643835,0
NYIS_shape,309,60672,2025-12-03 05:00:00,dp,11749.5,1.25,11828.096240011415,36626.75,0.32293600278516155,0.07194655797684227,15.227810723922259,2.608908296976928,62.876992009132415,0
NYIS_shape,310,60840,2025-12-10 05:00:00,dp,23189.0,8.75,23750.385196917807,29989.197885273974,0.7919646696712852,0.05014087329480109,21.23830640778759,19.11447576700883,64.15830821917808,0
NYIS_shape,311,61008,2025-12-17 05:00:00,dp,6394.0,33.75,8608.09026969178,14355.586926369862,0.5996334607454836,0.048972356164004596,24.244596660959218,20.161647966914753,65.60267465753425,0
NYIS_shape,312,61176,2025-12-24 05:00:00,dp,8992.25,0.0,8992.25,16167.75,0.5561843793972568,0.041190559401262254,26.813605860654828,-18.192524782734196,65.22364726027398,0
NYIS_shape,313,61344,2025-12-31 05:00:00,dp,13549.5,15.0,14528.259811643835,21240.313317636985,0.6839946094194492,0.03047489593520466,31.564904159213725,-15.741959180262661,65.25065410958904,0
NYIS_shape,314,61512,2026-01-07 05:00:00,dp,-873.0000000000002,68.75,3686.2137771118723,13586.214900114155,0.2713201435582253,0.04454630464779506,26.390613686189347,-8.585719063334215,66.31583675799087,0
NYIS_shape,315,61680,2026-01-14 05:00:00,dp,22083.75,12.5,22896.92519977169,26290.81751997717,0.8709095935253205,0.018373689114327192,40.29973451497436,-36.26976106347692,65.05401598173515,0
NYIS_shape,316,61848,2026-01-21 05:00:00,dp,7265.75,15.0,8222.806198630136,79743.5,0.10311569217089965,0.016877010001618984,42.51123178916097,-20.655069002374557,63.80374657534247,0
NYIS_shape,317,62016,2026-01-28 05:00:00,dp,11305.5,12.5,12129.142051940638,118196.47841038812,0.10261847235268073,0.01,88.26117748182988,79.4350597336469,65.89136415525114,0
NYIS_shape,318,62184,2026-02-04 05:00:00,dp,55267.5,3.75,55535.45793236302,63277.638621575345,0.8776474461142023,0.021450989664553458,122.1504766744037,109.93542900696333,71.45544863013698,0
NYIS_shape,319,62352,2026-02-11 05:00:00,dp,9748.0,15.0,10851.186386986301,19746.796332762555,0.5495162964223591,0.02137758386190481,124.34129440891695,34.630061184457595,73.54575913242009,0
NYIS_shape,320,62520,2026-02-18 05:00:00,dp,6490.749999999999,1.25,6581.806755136985,15048.306755136986,0.43737856107233974,0.020660451293935723,125.53760145388436,-37.21795219492377,72.84540410958904,0
NYIS_shape,321,62688,2026-02-25 05:00:00,dp,16142.5,1.25,16231.808789954337,24015.749429223746,0.6758818348680194,0.01898282673656157,130.76127774849377,-38.82264183319087,71.44703196347032,0
NYIS_shape,322,62856,2026-03-04 05:00:00,dp,12109.5,8.75,12735.168710045662,18494.86829908676,0.6885785021066897,0.01974862107997854,128.68966896853354,-13.560870255041193,71.50499543378996,0
NYIS_shape,323,63024,2026-03-11 05:00:00,dp,14172.75,0.0,14172.75,18123.03062357306,0.7820297992304424,0.02001780744266832,126.66755675608198,-0.31964294330009496,71.3551792237443,0
NYIS_shape,324,63192,2026-03-18 05:00:00,dp,16041.5,17.5,17290.96723744292,22901.836187214612,0.7550035331706693,0.02017281695183873,126.54362088239408,0.7688081986776256,71.39812785388128,0
NYIS_shape,325,63360,2026-03-25 05:00:00,dp,12973.75,10.0,13689.015730593608,18585.09087328767,0.7365589882731655,0.020624454897192772,125.46034535266149,2.1469334041230783,71.52657305936073,0
NYIS_shape,326,63528,2026-04-01 05:00:00,dp,11186.5,10.0,11900.418812785389,15564.198276255709,0.7646021080918972,0.01989702801549901,127.8508016321931,-4.642412331398113,71.39188127853882,0
NYIS_shape,327,63696,2026-04-08 05:00:00,dp,14386.25,10.0,15098.163538812785,19718.015079908677,0.7657040263751899,0.020698788286419655,125.41429838934462,-2.710221466507816,71.19135388127854,0
NYIS_shape,328,63864,2026-04-15 05:00:00,dp,19570.25,10.0,20279.075742009132,28567.87202482877,0.7098560132299767,0.02081180874834997,125.52042486844998,0.2398698835071421,70.88257420091324,0
NYIS_shape,329,64032,2026-04-22 05:00:00,dp,14581.25,10.0,15291.34399543379,19402.07246004566,0.788129413851174,0.02132800390694456,124.68008042129277,5.8780914650452205,71.00939954337899,0
NYIS_shape,330,64200,2026-04-29 05:00:00,dp,16476.0,0.0,16476.0,20657.325756278537,0.7975862991361466,0.03587254103316367,91.03809375094396,-1.0391528567538588,71.12943721461187,0
NYIS_shape,331,64368,2026-05-06 05:00:00,dp,13553.5,0.0,13553.5,18414.27020547945,0.7360324275010881,0.03509415338207016,65.9214404474139,0.6234140385388028,71.13270205479452,0
NYIS_shape,332,64536,2026-05-13 05:00:00,dp,19051.5,0.0,19051.5,23624.351686643837,0.8064348284643458,0.05359335758071825,62.3553479702675,3.2202223176953972,71.19767351598173,0
NYIS_shape,0,8760,2020-01-01 05:00:00,forecast_optimal,4714.25,2.5,4786.588401826484,5459.086461187215,0.8768112459580867,0.018459614548610816,14.816626969999435,-7.575489766558105,28.935360730593608,0
NYIS_shape,1,8928,2020-01-08 05:00:00,forecast_optimal,4888.75,2.5,4960.759200913242,5959.1180365296805,0.8324653363976934,0.012135514226248893,17.94662002979996,-12.767829758810143,28.803680365296803,0
NYIS_shape,2,9096,2020-01-15 05:00:00,forecast_optimal,7062.75,2.5,7134.052051940639,8301.40102597032,0.8593792818371604,0.01,18.90582352447063,-10.709038415978632,28.52082077625571,0
NYIS_shape,3,9264,2020-01-22 05:00:00,forecast_optimal,4662.5,2.5,4732.3413498858445,6009.613072203196,0.7874619036248388,0.011851551237131983,17.424088410186034,-1.4286242247479726,27.9365399543379,0
NYIS_shape,4,9432,2020-01-29 05:00:00,forecast_optimal,5793.5,1.25,5827.7498501712325,6565.239212328767,0.8876675566104866,0.01,18.953092336286044,-3.0132278598231017,27.3998801369863,0
NYIS_shape,5,9600,2020-02-05 05:00:00,forecast_optimal,4309.25,1.25,4342.41285673516,5264.2485445205475,0.8248875067373276,0.02611063842109227,11.358212689677764,-3.764338170673485,26.530285388127854,0
NYIS_shape,6,9768,2020-02-12 05:00:00,forecast_optimal,4644.5,12.5,4974.639583333334,6472.713125,0.768555548077582,0.025513840998526174,10.938604775387347,-3.520954908990074,26.411166666666666,0
NYIS_shape,7,9936,2020-02-19 05:00:00,forecast_optimal,3669.25,20.0,4195.248196347032,5633.991883561644,0.7446315655135306,0.028967187112069796,9.851058794018673,-1.8450885964435064,26.299909817351597,0
NYIS_shape,8,10104,2020-02-26 05:00:00,forecast_optimal,3920.0,2.5,3985.3968007990866,5126.37203196347,0.7774302715350577,0.024868485686758535,10.76933955946441,-1.87543471374258,26.1587203196347,0
NYIS_shape,9,10272,2020-03-04 05:00:00,forecast_optimal,3538.25,6.25,3699.687899543379,5037.006392694064,0.7345013309710305,0.02432095410539461,10.92890027766045,-4.236773556958744,25.830063926940642,0
NYIS_shape,10,10440,2020-03-11 05:00:00,forecast_optimal,3004.75,20.0,3511.4083105022833,5102.709263698631,0.6881458709558314,0.022741968730274505,11.318743188317365,-5.7224712547971945,25.332915525114156,0
NYIS_shape,11,10608,2020-03-18 05:00:00,forecast_optimal,2047.25,12.5,2360.8480450913244,4033.2843607305936,0.5853413332512161,0.020302922349942028,12.053794392691204,-4.625507324179166,25.087843607305935,0
NYIS_shape,12,10776,2020-03-25 05:00:00,forecast_optimal,2194.25,22.5,2750.593321917808,3672.8869863013697,0.7488913577184907,0.05298819459106999,6.280383233583621,-3.4230963133859214,24.726369863013698,0
NYIS_shape,13,10944,2020-04-01 05:00:00,forecast_optimal,2153.25,2.5,2214.257982305936,3389.319292237443,0.6533046288608012,0.01,14.662419172667969,-2.5764024780627857,24.40319292237443,0
NYIS_shape,14,11112,2020-04-08 05:00:00,forecast_optimal,2326.0,2.5,2386.2659760273973,3717.38904109589,0.6419198931419682,0.031956709374687635,8.62221613551066,-5.21761962316649,24.106390410958902,0
NYIS_shape,15,11280,2020-04-15 05:00:00,forecast_optimal,256.75,66.25,1831.9944006849319,2624.7273972602748,0.6979751126144345,0.03412428335067737,8.580196139270253,-3.3369438597413903,23.777273972602746,0
NYIS_shape,16,11448,2020-04-22 05:00:00,forecast_optimal,138.25,91.25,2288.4320833333336,2652.1593778538813,0.8628561701239559,0.0511253445255147,6.074328286459222,-1.996444381553173,23.563639269406394,0
NYIS_shape,17,11616,2020-04-29 05:00:00,forecast_optimal,2073.75,13.75,2395.3447474315067,3450.399118150685,0.6942225132248883,0.045297846286709624,6.658917773482803,0.05549484452190054,23.38870890410959,0
NYIS_shape,18,11784,2020-05-06 05:00:00,forecast_optimal,1742.25,48.75,2874.0586601027394,3578.867320205479,0.8030637637434759,0.04020599639652189,7.052820729537522,-2.3022118243542415,23.216587899543374,0
NYIS_shape,19,11952,2020-05-13 05:00:00,forecast_optimal,922.25,87.5,2941.226198630137,3726.4663356164383,0.7892802278981528,0.043054765216995944,6.455947976257881,-1.9488695878878433,23.074013698630136,0
NYIS_shape,20,12120,2020-05-20 05:00:00,forecast_optimal,1247.75,87.5,3248.653553082192,4448.569216609589,0.7302693056798395,0.055469293910189336,5.1058024093992005,-2.2555485364195595,22.867469178082192,0
NYIS_shape,21,12288,2020-05-27 05:00:00,forecast_optimal,2089.25,6.25,2231.2194777397262,3705.186061643836,0.6021882411891152,0.07343400600415456,4.10474667423514,-1.1114350440799994,22.71511643835617,0
NYIS_shape,22,12456,2020-06-03 05:00:00,forecast_optimal,4647.25,10.0,4873.1723858447485,6875.349981449772,0.7087889924139056,0.0760949779697709,4.126081783727922,-0.6358625114799519,22.592238584474888,0
NYIS_shape,23,12624,2020-06-10 05:00:00,forecast_optimal,4075.25,20.0,4525.737374429224,5197.449497716895,0.8707612024738793,0.0660541966897249,4.7137850978722655,-1.6501532680731552,22.524368721461187,0
NYIS_shape,24,12792,2020-06-17 05:00:00,forecast_optimal,7527.5,20.0,7976.728767123288,8429.728767123288,0.946261616178359,0.05056023111979634,5.090975971735214,-2.4243394067730244,22.461438356164383,0
NYIS_shape,25,12960,2020-06-24 05:00:00,forecast_optimal,8357.0,20.0,8805.816529680365,9270.551655251142,0.9498697442338789,0.03759715600265908,5.640441069404515,-0.48149675948365966,22.440826484018263,0
NYIS_shape,26,13128,2020-07-01 05:00:00,forecast_optimal,8336.75,20.0,8783.219383561644,8897.093103595891,0.9872010196242385,0.018548103764534626,8.160921500287888,0.5777840360452876,22.323469178082192,0
NYIS_shape,27,13296,2020-07-08 05:00:00,forecast_optimal,9594.75,20.0,10038.857031963471,10399.220753424657,0.9653470457060437,0.024723376263375427,7.1785300590161,-4.104694859990863,22.205351598173515,0
NYIS_shape,28,13464,2020-07-15 05:00:00,forecast_optimal,11749.0,20.0,12191.069178082193,12275.819178082193,0.9930961837437849,0.026461392094461515,7.3369508517238415,-1.656508042262774,22.103458904109587,0
NYIS_shape,29,13632,2020-07-22 05:00:00,forecast_optimal,10841.25,20.0,11278.923698630137,11537.923698630137,0.977552286982904,0.04556634696983965,6.262222408387393,0.31741860949612694,21.88368493150685,0
NYIS_shape,30,13800,2020-07-29 05:00:00,forecast_optimal,8620.75,20.0,9058.187351598173,9229.937351598173,0.9813920730490916,0.03946008533687912,7.174720390025971,1.2484159885575272,21.871867579908674,0
NYIS_shape,31,13968,2020-08-05 05:00:00,forecast_optimal,7993.25,20.0,8428.680228310503,8629.680228310503,0.9767082910742625,0.05196942610894545,6.570182849675426,-0.2557299957962823,21.771511415525115,0
NYIS_shape,32,14136,2020-08-12 05:00:00,forecast_optimal,7973.75,20.0,8407.99107305936,8634.503353310502,0.9737666115834797,0.049452350518192315,6.955361899263218,-1.1511752449919708,21.712053652968034,0
NYIS_shape,33,14304,2020-08-19 05:00:00,forecast_optimal,9109.75,20.0,9542.335616438357,9579.085616438357,0.9961635169084474,0.04401672551842914,7.409997685837717,-0.5871280376060765,21.62928082191781,0
NYIS_shape,34,14472,2020-08-26 05:00:00,forecast_optimal,6274.0,62.5,7621.547303082191,7973.463386130137,0.9558640874102332,0.03617465504359864,8.123337182846894,-0.7600518986822515,21.560756849315066,0
NYIS_shape,35,14640,2020-09-02 05:00:00,forecast_optimal,4653.0,62.5,6002.160744863014,6290.660744863014,0.9541383629318128,0.04172900812538747,7.325335477305976,-0.8469267328695115,21.586571917808218,0
NYIS_shape,36,14808,2020-09-09 05:00:00,forecast_optimal,3390.75,62.5,4739.721675228311,4887.436946347032,0.9697765367123301,0.03910487968949677,6.5852391883847075,0.00678183058159405,21.583546803652972,0
NYIS_shape,37,14976,2020-09-16 05:00:00,forecast_optimal,1699.5,62.5,3044.4104594748856,3854.6246432648395,0.7898072422678987,0.03926635854431356,6.041281483141972,0.17033220858264142,21.51856735159817,0
NYIS_shape,38,15144,2020-09-23 05:00:00,forecast_optimal,3600.0,83.75,5393.304236586758,5552.519250856164,0.97132562588687,0.044185627419998014,5.154419182450446,-1.453397162684776,21.41258789954338,0
NYIS_shape,39,15312,2020-09-30 05:00:00,forecast_optimal,2067.75,62.5,3405.522331621005,4043.6748373287674,0.8421850095816995,0.025407439965537185,6.329051004575481,0.7607730673802324,21.404357305936074,0
NYIS_shape,40,15480,2020-10-07 05:00:00,forecast_optimal,2777.25,83.75,4566.006974885845,5106.256974885845,0.8941984309334378,0.0466944115668908,4.770696832521665,-1.5713669519293347,21.358292237442924,0
NYIS_shape,41,15648,2020-10-14 05:00:00,forecast_optimal,2936.0,83.75,4721.78671803653,5135.970125570776,0.9193563440970723,0.04762535289823995,4.9886766554583195,-1.501219516349274,21.322826484018265,0
NYIS_shape,42,15816,2020-10-21 05:00:00,forecast_optimal,3188.25,83.75,4970.637290239726,5388.158702910959,0.9225113001134012,0.05516047034201877,4.9601957544925535,0.2528654694305834,21.282236301369863,0
NYIS_shape,43,15984,2020-10-28 05:00:00,forecast_optimal,4604.5,10.0,4817.350764840183,7214.75,0.6677086198191459,0.05962825404527873,5.153674291304284,0.5518032709970075,21.285076484018262,0
NYIS_shape,44,16152,2020-11-04 05:00:00,forecast_optimal,5265.5,5.0,5372.837648401826,7101.574434931507,0.7565699265185053,0.057332044653036145,6.014843797913338,3.8904276556881623,21.4675296803653,0
NYIS_shape,45,16320,2020-11-11 05:00:00,forecast_optimal,6510.0,0.0,6510.0,7235.25,0.899761583912097,0.04572983441714382,6.810018941893203,-5.630562770569996,21.25838470319635,0
NYIS_shape,46,16488,2020-11-18 05:00:00,forecast_optimal,6695.5,0.0,6695.5,6904.75,0.9696947753358195,0.04529265805928959,6.987736201519854,-0.27166066579023546,21.022968036529683,0
NYIS_shape,47,16656,2020-11-25 05:00:00,forecast_optimal,4682.75,0.0,4682.75,5462.577846746575,0.8572417879205093,0.04900677256450809,7.076948844038572,1.422871913167025,21.044151826484022,0
NYIS_shape,48,16824,2020-12-02 05:00:00,forecast_optimal,5264.75,12.5,5526.950927511415,6327.75,0.873446474262007,0.05215537652149264,6.952840680392401,-2.028569042695005,20.976074200913242,0
NYIS_shape,49,16992,2020-12-09 05:00:00,forecast_optimal,5858.75,1.25,5885.001899257991,6274.75,0.9378862742353067,0.05500045108180135,7.11484304805883,-0.788984080790495,21.001519406392696,0
NYIS_shape,50,17160,2020-12-16 05:00:00,forecast_optimal,6720.25,1.25,6746.512518550228,11901.75,0.5668504647257948,0.05526995932666001,7.362718987223228,-0.9671181199273596,21.01001484018265,0
NYIS_shape,51,17328,2020-12-23 05:00:00,forecast_optimal,5400.0,0.0,5400.0,7341.25,0.7355695555933935,0.0420899654002661,9.635671395076432,8.672104255568788,21.146299086757992,0
NYIS_shape,52,17496,2020-12-30 05:00:00,forecast_optimal,3260.75,2.5,3314.129746004566,4515.689873002283,0.7339143827875734,0.043508794679831646,9.745683656375876,0.8953875741494436,21.351898401826485,0
NYIS_shape,53,17664,2021-01-06 05:00:00,forecast_optimal,5195.25,2.5,5248.846706621004,6082.25,0.8629777971344493,0.04631241543615829,9.454279900580127,-1.925008080529928,21.438682648401826,0
NYIS_shape,54,17832,2021-01-13 05:00:00,forecast_optimal,4939.0,2.5,4992.968005136986,6432.984002568493,0.7761511614428773,0.05075001384173185,9.134752269311686,0.8304974578643098,21.58720205479452,0
NYIS_shape,55,18000,2021-01-20 05:00:00,forecast_optimal,5935.25,0.0,5935.25,6519.787194634703,0.9103441297722519,0.05034556534070871,9.175795331623183,1.168059998804495,21.629755707762556,0
NYIS_shape,56,18168,2021-01-27 05:00:00,forecast_optimal,8282.0,42.5,9205.860051369864,15753.206481164383,0.5843800792160646,0.0451846670828963,9.530194642241124,2.16075506747111,21.737883561643837,0
NYIS_shape,57,18336,2021-02-03 05:00:00,forecast_optimal,8640.0,23.75,9175.824942922374,13721.0,0.6687431632477497,0.02083710780363128,15.547603629061355,13.992843266155218,22.5610502283105,0
NYIS_shape,58,18504,2021-02-10 05:00:00,forecast_optimal,16246.25,2.5,16304.681424086759,20477.75,0.7962144973977492,0.019668963839555055,17.21866032215356,15.496794289938205,23.372569634703197,0
NYIS_shape,59,18672,2021-02-17 05:00:00,forecast_optimal,8897.000000000002,0.0,8897.000000000002,14593.592711187215,0.6096511103245813,0.015470754278573489,21.886369173550904,19.697732256195813,24.47416894977169,0
NYIS_shape,60,18840,2021-02-24 05:00:00,forecast_optimal,1371.2500000000005,63.75,3001.209563356165,5738.5,0.5229954802398127,0.014326175457063793,25.391468149759824,15.35419361706379,25.56799315068493,0
NYIS_shape,61,19008,2021-03-03 05:00:00,forecast_optimal,4067.5,45.0,5226.630907534247,8531.146161529681,0.6126528380328539,0.016331091151181382,24.19366991370116,-9.415641276271245,25.75846461187215,0
NYIS_shape,62,19176,2021-03-10 05:00:00,forecast_optimal,5294.0,2.5,5359.487248858448,7700.0,0.6960373050465517,0.016316295923176294,24.375039416082185,6.39800775049618,26.194899543378995,0
NYIS_shape,63,19344,2021-03-17 05:00:00,forecast_optimal,5502.5,0.0,5502.5,7409.206305650685,0.7426571447745325,0.01707536725776792,24.030746925218665,-2.3610235473185304,26.399407534246574,0
NYIS_shape,64,19512,2021-03-24 05:00:00,forecast_optimal,6355.75,2.5,6422.22075913242,7069.138847031963,0.9084870021797412,0.013593965874504142,25.197282596645337,-4.496302754995577,26.588303652968037,0
NYIS_shape,65,19680,2021-03-31 05:00:00,forecast_optimal,3357.25,97.5,5963.823904109589,7097.480148401826,0.8402734180880368,0.014631785536681935,24.54077736683446,-7.264926817085076,26.734091324200914,0
NYIS_shape,66,19848,2021-04-07 05:00:00,forecast_optimal,2811.25,97.5,5435.5795890410955,5877.481826484018,0.9248143591951736,0.01239375510104047,27.038062112177325,5.296922998584063,26.916200913242008,0
NYIS_shape,67,20016,2021-04-14 05:00:00,forecast_optimal,3945.75,97.5,6582.557585616438,7055.2612728310505,0.9329998324746758,0.013996387395345509,25.81710547711194,4.310088080702289,27.044180365296803,0
NYIS_shape,68,20184,2021-04-21 05:00:00,forecast_optimal,3159.25,97.5,5815.949255136987,7072.0725898972605,0.8223825733131337,0.015668485788104314,25.102105434354772,5.61949963090305,27.248197488584477,0
NYIS_shape,69,20352,2021-04-28 05:00:00,forecast_optimal,3082.75,83.75,5378.27028966895,7814.9454466324205,0.6882031776672899,0.01757016394641631,23.98564304743018,4.481741044628599,27.409197488584475,0
NYIS_shape,70,20520,2021-05-05 05:00:00,forecast_optimal,1874.75,87.5,4290.6425799086755,5200.874805936073,0.8249847842927319,0.012542249003666718,26.73145409894999,4.333577274404135,27.610200913242007,0
NYIS_shape,71,20688,2021-05-12 05:00:00,forecast_optimal,1406.5,87.5,3839.1167665525113,5400.053378995433,0.7109405217151202,0.011767683741937845,28.225462346080036,2.8722772168571233,27.801334474885845,0
NYIS_shape,72,20856,2021-05-19 05:00:00,forecast_optimal,1866.5,86.25,4281.412273116439,8435.229657534246,0.5075632136811276,0.010511804060710398,32.65071658057602,0.97111564197717,27.99898287671233,0
NYIS_shape,73,21024,2021-05-26 05:00:00,forecast_optimal,3262.0,83.75,5631.99564640411,6349.653467465753,0.8869768524000929,0.011199124119622254,34.84792079237584,2.3158795216642676,28.298455479452056,0
NYIS_shape,74,21192,2021-06-02 05:00:00,forecast_optimal,7246.75,83.75,9631.919884417808,12100.342808219179,0.7960038849374838,0.0126239209502883,30.40249778407539,0.1518849719371724,28.479640410958904,0
NYIS_shape,75,21360,2021-06-09 05:00:00,forecast_optimal,4618.25,83.75,7026.161259988585,7807.486142979452,0.8999261902381421,0.01219964006212965,28.674336939475385,5.1869576885549185,28.75117922374429,0
NYIS_shape,76,21528,2021-06-16 05:00:00,forecast_optimal,8109.5,62.5,9921.881421232876,10222.23102739726,0.9706179986189515,0.01,26.406474758147475,2.6010891038704202,28.998102739726033,0
NYIS_shape,77,21696,2021-06-23 05:00:00,forecast_optimal,12885.5,41.25,14091.939362157535,15372.043842751142,0.9167251607080698,0.01,21.76098404738281,2.0392575448626475,29.24701484018265,0
NYIS_shape,78,21864,2021-06-30 05:00:00,forecast_optimal,9968.25,83.75,12442.978367579908,15117.5,0.8230843967309349,0.01,22.270259793741833,4.017382163566973,29.548995433789955,0
NYIS_shape,79,22032,2021-07-07 05:00:00,forecast_optimal,13642.0,62.5,15513.021332762557,16107.476826484019,0.9630944374388883,0.01,22.01868548316407,7.9761585474359435,29.93634132420091,0
NYIS_shape,80,22200,2021-07-14 05:00:00,forecast_optimal,13615.75,62.5,15508.39861586758,17120.72080622146,0.9058262669777325,0.01,23.28695319149232,7.4220664479643155,30.28237785388128,0
NYIS_shape,81,22368,2021-07-21 05:00:00,forecast_optimal,15570.0,20.0,16183.609269406394,16740.554634703196,0.966730769831111,0.01,24.700107588281156,7.1388077074693,30.68046347031964,0
NYIS_shape,82,22536,2021-07-28 05:00:00,forecast_optimal,5322.25,83.75,7917.125773401827,8582.421826484018,0.9224815481535537,0.01,26.924076855389746,3.6431264829492855,30.983591324200916,0
NYIS_shape,83,22704,2021-08-04 05:00:00,forecast_optimal,12728.25,62.5,14676.764483447489,16113.274634703197,0.9108492728000867,0.012080824756884125,24.095365294787506,1.6543609352798434,31.17623173515982,0
NYIS_shape,84,22872,2021-08-11 05:00:00,forecast_optimal,16264.75,41.25,17567.501708047945,18415.88719178082,0.9539318700805509,0.014424655301660911,22.848204520060108,7.074287859003616,31.5818595890411,0
NYIS_shape,85,23040,2021-08-18 05:00:00,forecast_optimal,16434.5,20.0,17075.073493150685,17413.823493150685,0.9805470636512861,0.017550668644165816,21.860451029864205,7.112272163586151,32.028674657534246,0
NYIS_shape,86,23208,2021-08-25 05:00:00,forecast_optimal,17604.25,83.75,20329.121835045662,22011.465662100458,0.9235696589731655,0.0198590260437087,19.637518354137892,4.567565145153714,32.53578310502284,0
NYIS_shape,87,23376,2021-09-01 05:00:00,forecast_optimal,3081.0,83.75,5851.325522260273,7100.070273972603,0.8241221982985195,0.026610862111406567,17.518934918788553,4.330327702461435,33.07851369863013,0
NYIS_shape,88,23544,2021-09-08 05:00:00,forecast_optimal,8016.0,83.75,10813.325145547946,13068.255607876712,0.8274497737119836,0.04614079455026852,12.064062666478797,7.430064925492654,33.40089726027397,0
NYIS_shape,89,23712,2021-09-15 05:00:00,forecast_optimal,10294.75,83.75,13133.898805650686,14845.505684931508,0.8847053838645498,0.03884750071222031,12.496531678596957,10.694314489359021,33.900284246575346,0
NYIS_shape,90,23880,2021-09-22 05:00:00,forecast_optimal,5814.5,62.5,7984.8580194063925,10043.064320776255,0.7950619217770002,0.027679589948661702,14.581851155897562,13.123666040307805,34.72572831050228,0
NYIS_shape,91,24048,2021-09-29 05:00:00,forecast_optimal,5313.25,83.75,8271.611481164384,10668.474383561645,0.775332178133133,0.017650489098859225,17.252490582279698,5.202333439705299,35.3237191780822,0
NYIS_shape,92,24216,2021-10-06 05:00:00,forecast_optimal,6888.25,83.75,9898.060176940638,12367.510639269407,0.8003276055823432,0.02055870533127362,15.334577886102199,11.039247785272407,35.93803196347032,0
NYIS_shape,93,24384,2021-10-13 05:00:00,forecast_optimal,5941.5,83.75,9018.25176227169,11479.466680936073,0.7855984962479382,0.013017096559475055,19.207625153086052,14.712716453873444,36.73733447488584,0
NYIS_shape,94,24552,2021-10-20 05:00:00,forecast_optimal,11055.75,20.0,11804.178378995433,12618.937415810502,0.9354336256716638,0.010409771752993117,21.97786753751981,8.804240068308564,37.42141894977169,0
NYIS_shape,95,24720,2021-10-27 05:00:00,forecast_optimal,7475.0,83.75,10661.401354166666,13210.0,0.8070705037219278,0.010008732904813872,23.4838812434984,4.038577137217491,38.04658333333333,0
NYIS_shape,96,24888,2021-11-03 05:00:00,forecast_optimal,6563.0,83.75,9794.277873858447,17829.456055936073,0.5493312775853068,0.01,24.808428897517324,7.760374468483242,38.58242237442923,0
NYIS_shape,97,25056,2021-11-10 05:00:00,forecast_optimal,8088.5,61.25,10503.934583333334,13047.0,0.8050842786336578,0.01086404304156956,27.37768029542831,13.920319934180423,39.43566666666668,0
NYIS_shape,98,25224,2021-11-17 05:00:00,forecast_optimal,10157.0,0.0,10157.0,11424.30730022831,0.889069221710888,0.01642135795305087,23.40358103186437,4.476495909211176,40.061460045662095,0
NYIS_shape,99,25392,2021-11-24 05:00:00,forecast_optimal,5479.0,50.0,7506.387100456621,10931.434677511415,0.6866790427700273,0.021336497053721468,21.399309197212364,1.2201192639546423,40.54774200913242,0
NYIS_shape,100,25560,2021-12-01 05:00:00,forecast_optimal,3524.0,87.5,7139.03892694064,10053.25,0.7101224904325109,0.01,36.37796243746671,3.2903822082966276,41.31473059360731,0
NYIS_shape,101,25728,2021-12-08 05:00:00,forecast_optimal,5636.0,61.25,8194.939907248858,8708.573590182648,0.9410197688961577,0.026072292790172157,22.040583096109586,8.223949957605596,41.778610730593606,0
NYIS_shape,102,25896,2021-12-15 05:00:00,forecast_optimal,9142.0,40.0,10826.612328767123,13748.394135273973,0.7874819576920264,0.02010894214654763,24.600734109393212,2.9468206293720858,42.11530821917808,0
NYIS_shape,103,26064,2021-12-22 05:00:00,forecast_optimal,6892.5,36.25,8420.51198630137,11274.390410958904,0.7468707113527384,0.019117858322293634,26.268229269786612,8.065349474796715,42.152054794520545,0
NYIS_shape,104,26232,2021-12-29 05:00:00,forecast_optimal,7952.0,15.0,8589.18535958904,10522.697559931506,0.8162531813415483,0.017316921106011553,26.818901534369502,4.5939311842165,42.47902397260274,0
NYIS_shape,105,26400,2022-01-05 05:00:00,forecast_optimal,23621.0,15.0,24262.59549657534,36767.75,0.659887958783862,0.01501695541996819,28.91225654625015,-1.422981421638703,42.77303310502283,0
NYIS_shape,106,26568,2022-01-12 05:00:00,forecast_optimal,33600.0,0.0,33600.0,45030.17195205479,0.7461663712005164,0.01980420161906359,31.78782560081848,28.60904304073663,44.66878082191781,0
NYIS_shape,107,26736,2022-01-19 05:00:00,forecast_optimal,27289.0,0.0,27289.0,40162.75,0.6794604453131322,0.02997195628824743,31.87578619293858,28.68820757364472,46.76878538812785,0
NYIS_shape,108,26904,2022-01-26 05:00:00,forecast_optimal,16067.5,2.5,16190.520707762556,35442.25,0.4568141330689377,0.031064916162144546,34.90223014784804,31.412007133063234,49.20828310502282,0
NYIS_shape,109,27072,2022-02-02 05:00:00,forecast_optimal,17066.25,8.75,17516.84961900685,26990.371374143837,0.6490036530504206,0.022061603344267905,46.99595640550785,40.39758250423785,51.49709931506849,0
NYIS_shape,110,27240,2022-02-09 05:00:00,forecast_optimal,17386.25,8.75,17847.27752140411,29770.25,0.5995004248000642,0.019482615152629935,50.017852955303006,15.349605448928902,52.6888595890411,0
NYIS_shape,111,27408,2022-02-16 05:00:00,forecast_optimal,5603.5,2.5,5735.797571347032,13928.314784531964,0.4118084391456244,0.018593405773693446,52.09483932275418,-3.9468380272006907,52.91902853881279,0
NYIS_shape,112,27576,2022-02-23 05:00:00,forecast_optimal,14206.75,85.0,18678.78562214612,29058.137067636988,0.6428074029201721,0.015116211135915663,58.19346512464204,-16.815704783938227,52.61218378995434,0
NYIS_shape,113,27744,2022-03-02 05:00:00,forecast_optimal,2210.749999999999,96.25,7374.733684360729,13875.39723173516,0.5314971212134801,0.016098561204229225,59.37026469631885,-2.4138491390043457,53.65177853881278,0
NYIS_shape,114,27912,2022-03-09 05:00:00,forecast_optimal,1573.25,93.75,6626.7742936643845,12905.57198487443,0.5134816419939455,0.01836014109536861,56.70334943125638,14.216364806428567,53.9042591324201,0
NYIS_shape,115,28080,2022-03-16 05:00:00,forecast_optimal,1692.25,97.5,7010.40319349315,11766.120950342465,0.5958126066423876,0.019944078977236695,55.13810814775838,14.704284691382325,54.545160958904106,0
NYIS_shape,116,28248,2022-03-23 05:00:00,forecast_optimal,2465.0,87.5,7268.517665525113,17822.0,0.4078396176369158,0.020737098848558407,54.12026940353106,3.7335521410184094,54.897344748858444,0
NYIS_shape,117,28416,2022-03-30 05:00:00,forecast_optimal,4297.75,95.0,9598.65489155251,12689.72997716895,0.7564112797374076,0.02405229046638239,50.73003065630464,13.380089653904419,55.79899885844748,0
NYIS_shape,118,28584,2022-04-06 05:00:00,forecast_optimal,4286.0,93.75,9575.401969178081,12845.75,0.7454140061248337,0.02648400398139552,49.201214218541786,11.71843650162079,56.42028767123287,0
NYIS_shape,119,28752,2022-04-13 05:00:00,forecast_optimal,-86.74999999999977,97.5,5496.0266523972605,13305.824059646118,0.4130542105291773,0.021488016787642318,51.14246552589902,14.819824430909394,57.25924771689498,0
NYIS_shape,120,28920,2022-04-20 05:00:00,forecast_optimal,2240.75,73.75,6523.106639554794,9448.326211472602,0.6903981185190379,0.014552074016657073,60.228813643252515,11.567635226862189,58.065852739726026,0
NYIS_shape,121,29088,2022-04-27 05:00:00,forecast_optimal,3864.25,98.75,9676.133904109589,13780.318150684932,0.7021705738795769,0.013397186806950994,67.2002301685179,6.721489777791999,58.8545205479452,0
NYIS_shape,122,29256,2022-05-04 05:00:00,forecast_optimal,5385.0,81.25,10232.374814497718,14517.57499714612,0.7048267232309259,0.01604559635716944,68.8013442705439,10.463013459163225,59.65999771689498,0
NYIS_shape,123,29424,2022-05-11 05:00:00,forecast_optimal,4773.0,78.75,9545.72564640411,17556.37079908676,0.5437186167713349,0.018814960375565834,63.34136398826831,17.255248867201594,60.6060399543379,0
NYIS_shape,124,29592,2022-05-18 05:00:00,forecast_optimal,18275.5,61.25,22047.51049086758,31202.92689497717,0.7065846920410737,0.018156022487166322,58.24452881036821,11.766669532884004,61.583844748858446,0
NYIS_shape,125,29760,2022-05-25 05:00:00,forecast_optimal,10080.25,83.75,15333.281172945206,21714.32415239726,0.7061366987676847,0.0208233368508446,49.129623710769316,13.828170083277849,62.722760273972604,0
NYIS_shape,126,29928,2022-06-01 05:00:00,forecast_optimal,4455.5,83.75,9797.66392694064,12627.870319634703,0.7758761912296915,0.026625906916734287,36.75144457869965,4.904491898261326,63.78703196347032,0
NYIS_shape,127,30096,2022-06-08 05:00:00,forecast_optimal,10103.75,83.75,15513.762899543379,18193.221689497717,0.8527221381850641,0.01652017269134763,42.540701301844706,18.02033227673986,64.59716894977169,0
NYIS_shape,128,30264,2022-06-15 05:00:00,forecast_optimal,14178.25,83.75,19666.755388127855,22455.34392694064,0.8758162623611747,0.01143340516767093,49.06924308751868,17.94882273134771,65.53439269406392,0
NYIS_shape,129,30432,2022-06-22 05:00:00,forecast_optimal,16084.0,62.5,20236.901755136987,21328.91515839041,0.9488012683653138,0.01,51.59146888375849,11.675413395273738,66.44642808219177,0
NYIS_shape,130,30600,2022-06-29 05:00:00,forecast_optimal,24337.75,83.75,29958.136876426943,31430.181940639268,0.9531646025151077,0.01,45.84856113380273,1.8164986939220273,67.10909703196347,0
NYIS_shape,131,30768,2022-07-06 05:00:00,forecast_optimal,21351.75,83.75,27021.42136130137,28746.951369863014,0.9399751999312661,0.01747874421592694,36.66292179727893,8.774733719417176,67.69756849315071,0
NYIS_shape,132,30936,2022-07-13 05:00:00,forecast_optimal,27099.0,62.5,31361.165097031964,34536.14283105023,0.9080679695601747,0.02122287238083527,35.62552525530786,6.213861735975164,68.19464155251141,0
NYIS_shape,133,31104,2022-07-20 05:00:00,forecast_optimal,51661.5,41.25,54506.03723030822,57175.41956621005,0.9533124136883571,0.02683151090452575,34.12922279844285,11.17922279430561,68.95847831050227,0
NYIS_shape,134,31272,2022-07-27 05:00:00,forecast_optimal,29603.75,83.75,35524.48971175799,38917.90799086758,0.9128057376592318,0.03271486807489151,34.04148001151693,30.397801769919084,70.695399543379,0
NYIS_shape,135,31440,2022-08-03 05:00:00,forecast_optimal,43535.5,83.75,49558.26136130137,54832.02136986301,0.9038197046760668,0.04210586942959993,31.0131900547637,13.376223697936997,71.91356849315068,0
NYIS_shape,136,31608,2022-08-10 05:00:00,forecast_optimal,17681.0,62.5,22266.910031392694,23952.99121004566,0.9296087422289939,0.05110283051403952,30.562342048456923,27.50610784361123,73.3745605022831,0
NYIS_shape,137,31776,2022-08-17 05:00:00,forecast_optimal,27331.5,41.25,30388.12627140411,31346.500616438356,0.9694264327377051,0.05000739842996273,28.987470195481198,7.3271122349658695,74.10003082191781,0
NYIS_shape,138,31944,2022-08-24 05:00:00,forecast_optimal,42120.75,20.0,43621.94561643836,45925.19561643836,0.9498477911942615,0.04746741539706652,27.66808458629303,7.623809905449358,75.05978082191781,0
NYIS_shape,139,32112,2022-08-31 05:00:00,forecast_optimal,18261.25,83.75,24643.599634703198,26578.89319634703,0.9271868265037531,0.02878614948476731,34.99793641083436,10.877222582213816,76.2071598173516,0
NYIS_shape,140,32280,2022-09-07 05:00:00,forecast_optimal,17690.25,83.75,24159.28834189498,26710.422488584474,0.90448918777755,0.02712288262187558,34.14136436604259,16.266698885214428,77.24224885844748,0
NYIS_shape,141,32448,2022-09-14 05:00:00,forecast_optimal,18716.5,83.75,25257.50502283105,26890.28105022831,0.9392800683508141,0.023152000273125143,37.31849993561039,12.981484343084173,78.10155251141553,0
NYIS_shape,142,32616,2022-09-21 05:00:00,forecast_optimal,8022.0,62.5,12938.803867009132,15105.714032534246,0.8565502987241724,0.018151426985038535,39.54593522081089,9.049989276327592,78.66886187214611,0
NYIS_shape,143,32784,2022-09-28 05:00:00,forecast_optimal,3001.25,83.75,9609.304163812785,13270.21392694064,0.7241257915446543,0.017702826633967977,38.80619613315772,-7.293605744905297,78.90213926940639,0
NYIS_shape,144,32952,2022-10-05 05:00:00,forecast_optimal,6241.5,83.75,12858.741902111873,15852.684360730593,0.8111397167513692,0.01,48.79989965319106,-8.26651522525086,79.01184360730593,0
NYIS_shape,145,33120,2022-10-12 05:00:00,forecast_optimal,9071.5,83.75,15698.581284246577,16876.93287671233,0.9301797547532049,0.01,48.669357933386394,-0.11074685689967408,79.1293287671233,0
NYIS_shape,146,33288,2022-10-19 05:00:00,forecast_optimal,6690.25,83.75,13326.123600171233,16132.181164383563,0.8260583900205938,0.01,50.84970282796734,-2.4202441481428,79.23431164383562,0
NYIS_shape,147,33456,2022-10-26 05:00:00,forecast_optimal,8176.0,100.0,16101.383561643835,17522.566267123286,0.9188941457652842,0.011246307517009184,49.497247902742934,-7.92926411158546,79.25383561643835,0
NYIS_shape,148,33624,2022-11-02 05:00:00,forecast_optimal,6397.75,98.75,14214.49236444064,16136.438470319636,0.8808940331279357,0.01,54.6098733536166,-5.657875996924075,79.15688470319635,0
NYIS_shape,149,33792,2022-11-09 05:00:00,forecast_optimal,9745.0,98.75,17512.624384988583,20901.5423244863,0.8378627812777444,0.011992291011832468,55.44144914550995,-1.696019684398083,78.65948744292237,0
NYIS_shape,150,33960,2022-11-16 05:00:00,forecast_optimal,14288.75,98.75,22043.393607305938,28703.5,0.7679688402914605,0.012355118903024714,55.21073214538906,4.783162502633729,78.52803652968036,0
NYIS_shape,151,34128,2022-11-23 05:00:00,forecast_optimal,2433.5,98.75,10251.17158390411,13745.938330479452,0.7457600447088979,0.01,59.3663467857704,24.82707268186072,79.16629452054795,0
NYIS_shape,152,34296,2022-11-30 05:00:00,forecast_optimal,12393.25,85.0,19132.054172374428,20571.204724600455,0.9300405313401509,0.013995679248475284,55.43145153304747,11.974552874203734,79.28004908675798,0
NYIS_shape,153,34464,2022-12-07 05:00:00,forecast_optimal,8488.5,85.0,15239.341278538812,18893.43324200913,0.8065946026503258,0.013545541100577882,51.282270241776686,-0.8223266172419126,79.42166210045662,0
NYIS_shape,154,34632,2022-12-14 05:00:00,forecast_optimal,25286.25,42.5,28678.38526826484,39564.25,0.7248560321063798,0.015972908785131808,49.943559613944146,-0.769524134231297,79.81494748858447,0
NYIS_shape,155,34800,2022-12-21 05:00:00,forecast_optimal,38386.5,0.0,38386.5,56356.5,0.6811370471906524,0.021356132169259606,47.56151172987354,25.40806757428449,81.28012214611873,0
NYIS_shape,156,34968,2022-12-28 05:00:00,forecast_optimal,9677.5,0.0,9677.5,15415.719292237443,0.6277683069172832,0.020098097582492674,51.09238298050545,45.9831446824549,83.85969292237444,0
NYIS_shape,157,35136,2023-01-04 05:00:00,forecast_optimal,11657.75,0.0,11657.75,16911.00993150685,0.6893585922553614,0.020690966407602818,49.072379651429216,-32.0912993610925,84.4050993150685,0
NYIS_shape,158,35304,2023-01-11 05:00:00,forecast_optimal,11138.5,0.0,11138.5,15426.653310502285,0.7220295793136831,0.016168046767292193,53.12478803717424,-47.81230923345681,83.13153310502284,0
NYIS_shape,159,35472,2023-01-18 05:00:00,forecast_optimal,7855.75,0.0,7855.75,12507.668721461185,0.6280746776192412,0.01445077237348358,53.231191930307396,-34.28230404016848,81.28668721461186,0
NYIS_shape,160,35640,2023-01-25 05:00:00,forecast_optimal,9453.5,2.5,9650.955790525115,13403.481621004566,0.7200335005049079,0.013514848654224537,53.67651440836578,-28.236982255793137,78.98231621004567,0
NYIS_shape,161,35808,2023-02-01 05:00:00,forecast_optimal,20358.0,2.5,20548.78852739726,44301.04109589041,0.4638443706756018,0.010055145851873901,60.716247909867064,-15.679805047592144,76.31541095890411,0
NYIS_shape,162,35976,2023-02-08 05:00:00,forecast_optimal,8324.0,0.0,8324.0,13720.162557077627,0.6066983510852074,0.01140120982599516,62.3666220552489,21.84587616704781,75.78662557077627,0
NYIS_shape,163,36144,2023-02-15 05:00:00,forecast_optimal,5304.5,85.0,11656.375924657534,12752.545205479451,0.9140430978161974,0.01,63.288341767521324,-16.675942279140823,74.72795205479451,0
NYIS_shape,164,36312,2023-02-22 05:00:00,forecast_optimal,7460.0,92.5,14278.521874999999,18866.7328125,0.7568094601700132,0.01,59.75827807158306,-11.813979010888486,73.71374999999999,0
NYIS_shape,165,36480,2023-03-01 05:00:00,forecast_optimal,5285.75,61.25,9759.030968892694,12477.56586757991,0.7821261833006464,0.01,60.41659055677184,2.2162868015431316,73.03315867579909,0
NYIS_shape,166,36648,2023-03-08 05:00:00,forecast_optimal,6172.25,86.25,12432.021566780822,14656.234837328768,0.8482411550282358,0.010582757439246233,59.76285487191891,-13.612886021843435,72.57706164383562,0
NYIS_shape,167,36816,2023-03-15 05:00:00,forecast_optimal,5555.5,100.0,12768.11324200913,16626.45557648402,0.7679395757727211,0.01078666396903928,59.11577364724952,-9.823313087755043,72.12613242009131,0
NYIS_shape,168,36984,2023-03-22 05:00:00,forecast_optimal,6571.75,98.75,13672.409106735158,14263.159106735158,0.9585821068404794,0.0112037536113922,57.97661166845055,-10.725747271574702,71.90540867579908,0
NYIS_shape,169,37152,2023-03-29 05:00:00,forecast_optimal,7595.25,53.75,11427.52584474886,15441.070136986302,0.740073436838829,0.02024578913977441,45.107813719168995,-10.650566437674764,71.29815525114157,0
NYIS_shape,170,37320,2023-04-05 05:00:00,forecast_optimal,6413.75,92.5,12944.904469178084,16096.448690068493,0.8042087244477155,0.01,64.44822841007137,-13.715535823722623,70.60707534246576,0
NYIS_shape,171,37488,2023-04-12 05:00:00,forecast_optimal,5330.5,98.75,12239.738093607306,16014.696803652969,0.7642815998124554,0.01,63.50512374371568,-12.719912913186587,69.96696803652968,0
NYIS_shape,172,37656,2023-04-19 05:00:00,forecast_optimal,6221.0,98.75,13068.554853025114,13875.304853025114,0.9418571333354084,0.01,55.065984829079305,-8.21680102968554,69.34232762557077,0
NYIS_shape,173,37824,2023-04-26 05:00:00,forecast_optimal,6297.0,1.25,6382.753908390411,11499.308762842466,0.555055442029255,0.01,44.97241740007718,-5.227667001212279,68.60312671232877,0
NYIS_shape,174,37992,2023-05-03 05:00:00,forecast_optimal,5311.25,6.25,5735.3620362442925,10285.792579908677,0.5576003979943386,0.01,46.39952186981228,-9.847530583291569,67.85792579908676,0
NYIS_shape,175,38160,2023-05-10 05:00:00,forecast_optimal,9330.25,41.25,12091.46962328767,16413.615753424656,0.7366731258324247,0.01,41.59170969376533,-19.7642189944559,66.93865753424656,0
NYIS_shape,176,38328,2023-05-17 05:00:00,forecast_optimal,4701.0,97.5,11132.56368150685,12680.225570776256,0.8779468172209605,0.01,40.52980537956319,-15.158103231982613,65.96475570776256,0
NYIS_shape,177,38496,2023-05-24 05:00:00,forecast_optimal,3423.25,100.0,9895.402625570776,10942.902625570776,0.9042758547853419,0.01,39.5797457388381,-9.277633619417262,64.72152625570776,0
NYIS_shape,178,38664,2023-05-31 05:00:00,forecast_optimal,6981.25,0.0,6981.25,14939.807963755708,0.46729181639661377,0.01,38.4505227257138,-4.610043338743685,63.684131278538814,0
NYIS_shape,179,38832,2023-06-07 05:00:00,forecast_optimal,6017.5,10.0,6644.560639269406,10309.591232876712,0.6445028216133607,0.01,27.579128413604234,-20.952771263151245,62.70606392694064,0
NYIS_shape,180,39000,2023-06-14 05:00:00,forecast_optimal,6634.0,10.0,7250.145719178082,10533.93897688356,0.6882653995896812,0.01,27.02660212286469,-19.894881487852523,61.61457191780822,0
NYIS_shape,181,39168,2023-06-21 05:00:00,forecast_optimal,5024.25,98.75,11001.180888984018,12219.273535958904,0.9003138244356115,0.01,25.382576296902723,-13.053799445452555,60.52588242009132,0
NYIS_shape,182,39336,2023-06-28 05:00:00,forecast_optimal,7876.75,0.0,7876.75,14335.13575913242,0.5494716012704655,0.01,23.48656560556018,-4.741483008967445,59.78300799086758,0
NYIS_shape,183,39504,2023-07-05 05:00:00,forecast_optimal,17617.25,0.0,17617.25,22136.38680222603,0.7958502965004395,0.01,24.40501189270605,-15.326836221696015,59.11805136986302,0
NYIS_shape,184,39672,2023-07-12 05:00:00,forecast_optimal,19635.5,10.0,20221.883915525115,22921.46529252283,0.8822247468673681,0.01,27.061728403454453,-19.023858236230296,58.638391552511415,0
NYIS_shape,185,39840,2023-07-19 05:00:00,forecast_optimal,13470.0,6.25,13831.048066495434,15631.044091038813,0.8848447989744136,0.01,27.391593271468476,-17.29766994102621,57.767690639269404,0
NYIS_shape,186,40008,2023-07-26 05:00:00,forecast_optimal,31672.75,0.0,31672.75,39898.433219178085,0.7938344301894986,0.01,29.000167529209875,-10.468326603041298,55.886832191780826,0
NYIS_shape,187,40176,2023-08-02 05:00:00,forecast_optimal,8327.5,6.25,8670.834046803653,11389.011130136987,0.7613333543822219,0.025164216509056248,23.845477452869336,-0.641554029300916,54.93344748858448,0
NYIS_shape,188,40344,2023-08-09 05:00:00,forecast_optimal,9919.5,6.25,10252.488334760274,12748.04368578767,0.8042401318557136,0.028386323599722582,22.280792743879356,-20.05271346949142,53.278133561643834,0
NYIS_shape,189,40512,2023-08-16 05:00:00,forecast_optimal,10865.5,6.25,11190.761729452055,14108.385325342466,0.7931993258895778,0.022646654260682665,24.504191641138373,-22.053772477024534,52.04187671232877,0
NYIS_shape,190,40680,2023-08-23 05:00:00,forecast_optimal,5877.75,20.0,6893.646073059361,8720.493356164385,0.7905110171532149,0.02004170562403286,25.90768193093931,-17.853478179984837,50.794803652968035,0
NYIS_shape,191,40848,2023-08-30 05:00:00,forecast_optimal,12361.25,0.0,12361.25,14353.26491152968,0.8612152061703023,0.016518080048695358,27.482643590686155,-11.583977477555853,49.192238584474886,0
NYIS_shape,192,41016,2023-09-06 05:00:00,forecast_optimal,19754.0,6.25,20053.498194920092,21798.025811929223,0.9199685498099366,0.01,33.804009024699745,-16.372048182891835,47.91971118721462,0
NYIS_shape,193,41184,2023-09-13 05:00:00,forecast_optimal,5746.0,6.25,6040.152832477169,8619.034186643836,0.7007923047616015,0.01,35.60626210932286,-7.874459269544897,47.064453196347024,0
NYIS_shape,194,41352,2023-09-20 05:00:00,forecast_optimal,5899.5,20.0,6815.61205479452,9384.560273972602,0.7262580084542828,0.01,34.19385530015704,-12.016471821972976,45.80560273972602,0
NYIS_shape,195,41520,2023-09-27 05:00:00,forecast_optimal,6906.0,20.0,7804.856210045662,10046.31740582192,0.7768872806589494,0.01,33.055683371416876,-8.615664700204198,44.94281050228311,0
NYIS_shape,196,41688,2023-10-04 05:00:00,forecast_optimal,9112.75,20.0,10001.321940639269,13141.109703196347,0.7610713376973499,0.01,32.382200278345,-6.913244701699425,44.42859703196346,0
NYIS_shape,197,41856,2023-10-11 05:00:00,forecast_optimal,8489.0,62.5,11222.484232305937,13453.155087043378,0.8341897614124896,0.01,30.26033276420919,-6.6969030981079065,43.73574771689498,0
NYIS_shape,198,42024,2023-10-18 05:00:00,forecast_optimal,10185.0,100.0,14490.10901826484,15301.534253710046,0.9469709885302211,0.01,31.58264629023218,-3.5974704007920337,43.05109018264841,0
NYIS_shape,199,42192,2023-10-25 05:00:00,forecast_optimal,15230.5,0.0,15230.5,17061.155303938358,0.8927003903706466,0.01,34.109611739902405,0.7293009489017063,42.57498515981735,0
NYIS_shape,200,42360,2023-11-01 05:00:00,forecast_optimal,10005.0,1.25,10057.758453196348,13922.341723744292,0.7224185882496355,0.01,37.008040239729844,3.894276288830255,42.206762557077624,0
NYIS_shape,201,42528,2023-11-08 05:00:00,forecast_optimal,8860.75,1.25,8913.345418093608,11284.866322773973,0.7898494464312438,0.01,34.36274382268996,-20.621189517125615,42.07633447488585,0
NYIS_shape,202,42696,2023-11-15 05:00:00,forecast_optimal,9514.75,1.25,9567.126803652967,11858.8401826484,0.8067506312844472,0.01,32.46546027327389,-19.26703207166496,41.90144292237442,0
NYIS_shape,203,42864,2023-11-22 05:00:00,forecast_optimal,9337.25,0.0,9337.25,11190.75,0.8343721377030137,0.01,33.814848700481,-13.625924332553831,41.02424429223744,0
NYIS_shape,204,43032,2023-11-29 05:00:00,forecast_optimal,6670.75,0.0,6670.75,11456.718500285388,0.5822566033924838,0.01,30.60265971812463,-7.413275854370166,40.424971461187205,0
NYIS_shape,205,43200,2023-12-06 05:00:00,forecast_optimal,9732.5,0.0,9732.5,12796.859243721461,0.7605381769573709,0.01,31.977914264412895,-22.319855360714715,39.99847831050228,0
NYIS_shape,206,43368,2023-12-13 05:00:00,forecast_optimal,6595.0,0.0,6595.0,9133.086194349315,0.7220998312794156,0.01,35.54567924520287,-26.35590487153887,39.60919520547945,0
NYIS_shape,207,43536,2023-12-20 05:00:00,forecast_optimal,5633.0,2.5,5727.962833904109,8028.513356164383,0.713452488623702,0.01,34.27795169018707,-22.859245366465494,37.985133561643835,0
NYIS_shape,208,43704,2023-12-27 05:00:00,forecast_optimal,6105.5,1.25,6149.537063356164,7672.8807876712335,0.801463913428347,0.01,33.390944125279745,-7.315809057653363,35.229650684931514,0
NYIS_shape,209,43872,2024-01-03 05:00:00,forecast_optimal,10856.25,1.25,10898.646688070776,12911.75,0.8440874930254052,0.018668639073343124,23.876274008688075,-4.984599303861097,33.917350456621,0
NYIS_shape,210,44040,2024-01-10 05:00:00,forecast_optimal,28970.0,1.25,29012.472839611873,32565.25,0.8909028132629682,0.015871713463354083,23.819459547931253,0.24384818375541112,33.97827168949772,0
NYIS_shape,211,44208,2024-01-17 05:00:00,forecast_optimal,30708.5,1.25,30751.84812642694,39912.25,0.7704864578275327,0.01652070180650393,29.630751511286704,21.309956272267844,34.678501141552516,0
NYIS_shape,212,44376,2024-01-24 05:00:00,forecast_optimal,6247.0,0.0,6247.0,8806.017706906392,0.7094012535428582,0.02019117223034791,32.49993199073794,29.24993879166415,36.41416552511415,0
NYIS_shape,213,44544,2024-01-31 05:00:00,forecast_optimal,4161.999999999999,0.0,4161.999999999999,6255.796147260274,0.6653030089260097,0.019623616276182653,32.88413516976825,-17.321920964497078,36.42632420091324,0
NYIS_shape,214,44712,2024-02-07 05:00:00,forecast_optimal,5414.25,0.0,5414.25,5966.25,0.9074795725958517,0.017557708212303645,34.70678061240946,-4.391623025511497,35.151924657534245,0
NYIS_shape,215,44880,2024-02-14 05:00:00,forecast_optimal,8235.75,15.0,8762.498441780823,9710.535174086759,0.9023702900705372,0.01663069461122476,34.75415472786731,-7.761129214339551,35.11656278538813,0
NYIS_shape,216,45048,2024-02-21 05:00:00,forecast_optimal,4615.5,2.5,4703.506603881278,8072.754249429223,0.582639636802252,0.017033766058720347,34.29779946282597,-6.748859362171533,35.20264155251141,0
NYIS_shape,217,45216,2024-02-28 05:00:00,forecast_optimal,4667.5,60.0,6762.733013698629,8069.897457191781,0.8380196959840891,0.0180471545049288,32.76722887284331,-7.517267891303306,34.920550228310496,0
NYIS_shape,218,45384,2024-03-06 05:00:00,forecast_optimal,3380.75,81.25,6202.179252283106,7990.308498858448,0.776212739867202,0.013688041990938208,37.15690605809198,-2.3442008092465114,34.72528310502283,0
NYIS_shape,219,45552,2024-03-13 05:00:00,forecast_optimal,4646.5,73.75,7190.685742009133,8827.160079908675,0.814609192188064,0.013525589258201059,36.99843296984187,1.1301352634711537,34.497433789954336,0
NYIS_shape,220,45720,2024-03-20 05:00:00,forecast_optimal,4709.75,98.75,8092.763009417808,10037.513009417808,0.8062518077759584,0.012900063928831794,38.045188907689926,0.6004985499963748,34.25835958904109,0
NYIS_shape,221,45888,2024-03-27 05:00:00,forecast_optimal,5017.0,0.0,5017.0,6592.553988299087,0.7610100742298831,0.01318738821058388,37.993660973137025,4.268756124191132,34.25694634703196,0
NYIS_shape,222,46056,2024-04-03 05:00:00,forecast_optimal,4831.75,10.0,5173.5784589041095,6476.227572773973,0.7988568037129835,0.014234699618425018,36.784336127286124,-0.08346071687622651,34.18284589041097,0
NYIS_shape,223,46224,2024-04-10 05:00:00,forecast_optimal,5004.0,10.0,5345.658595890411,7775.3053895547955,0.6875175093536097,0.013327991504294466,37.308411572781885,-1.4368178857771337,34.165859589041105,0
NYIS_shape,224,46392,2024-04-17 05:00:00,forecast_optimal,5590.75,42.5,7039.221900684932,8991.148030821918,0.7829057954061343,0.020160676381088562,28.410324915455014,-2.02722642117052,34.08169178082192,0
NYIS_shape,225,46560,2024-04-24 05:00:00,forecast_optimal,4038.0,78.75,6715.395,8383.64,0.8010118516539356,0.01690881662720875,33.33699578238875,-2.386070647542693,33.998666666666665,0
NYIS_shape,226,46728,2024-05-01 05:00:00,forecast_optimal,3075.5,98.75,6426.239006849315,7486.673664383561,0.8583570347697851,0.01,44.57033527942045,-2.783166878755,33.93153424657534,0
NYIS_shape,227,46896,2024-05-08 05:00:00,forecast_optimal,3035.25,85.0,5915.628601598173,6433.16158390411,0.9195523110128597,0.025156179459242804,25.728099993118118,0.6768880150900546,33.88680707762557,0
NYIS_shape,228,47064,2024-05-15 05:00:00,forecast_optimal,2308.0,87.5,5275.890924657534,7325.72676369863,0.720186692029151,0.014535928865688337,25.632970509144926,2.0798172389582636,33.91875342465753,0
NYIS_shape,229,47232,2024-05-22 05:00:00,forecast_optimal,5297.25,86.25,8229.607136130136,13365.64647545662,0.6157283264406395,0.01,18.73031336955532,2.2587418486520514,33.998343607305934,0
NYIS_shape,230,47400,2024-05-29 05:00:00,forecast_optimal,5418.25,62.5,7555.969178082191,8516.293698630136,0.8872368010626014,0.01,19.23481223077796,4.191099778232096,34.20350684931506,0
NYIS_shape,231,47568,2024-06-05 05:00:00,forecast_optimal,5722.5,62.5,7859.01269977169,8344.677017694064,0.9417995068122383,0.01003039051468673,18.789947263414952,-0.7116106795784487,34.184203196347035,0
NYIS_shape,232,47736,2024-06-12 05:00:00,forecast_optimal,12725.5,62.5,14865.63484589041,17448.5,0.8519720804590888,0.01,18.230926013138557,-1.6317128467182487,34.24215753424657,0
NYIS_shape,233,47904,2024-06-19 05:00:00,forecast_optimal,26882.75,62.5,29033.821061643837,29985.592739726028,0.9682590340520016,0.01,18.81858289626234,1.7134787361606587,34.41713698630137,0
NYIS_shape,234,48072,2024-06-26 05:00:00,forecast_optimal,9816.0,20.0,10512.463561643835,11117.948630136987,0.9455398573391599,0.01,25.017769289414794,10.532939951601373,34.82317808219178,0
NYIS_shape,235,48240,2024-07-03 05:00:00,forecast_optimal,19032.75,20.0,19727.481506849315,20294.981506849315,0.9720374221672251,0.026784767411264218,15.525505606689702,-2.640574085632147,34.736575342465756,0
NYIS_shape,236,48408,2024-07-10 05:00:00,forecast_optimal,39348.5,20.0,40041.87333333334,41428.25,0.9665354759936357,0.027497407575396288,16.865012509378918,-1.0065445961252955,34.66866666666667,0
NYIS_shape,237,48576,2024-07-17 05:00:00,forecast_optimal,18665.5,20.0,19365.958493150683,19655.708493150683,0.9852587353897232,0.04122618065503546,18.615145518555586,7.051674845036531,35.022924657534254,0
NYIS_shape,238,48744,2024-07-24 05:00:00,forecast_optimal,12896.5,20.0,13599.787557077625,13863.787557077625,0.9809575847211229,0.04821048970164009,18.354616528334386,-3.2768252869512238,35.16437785388128,0
NYIS_shape,239,48912,2024-07-31 05:00:00,forecast_optimal,23765.75,83.75,26680.056686643835,27278.904785958905,0.9780472088592314,0.01,42.69954116745924,-4.697022956336894,34.79769178082192,0
NYIS_shape,240,49080,2024-08-07 05:00:00,forecast_optimal,4951.25,83.75,7896.95700913242,8435.538812785388,0.9361532421809664,0.0570402343618807,18.4417504649385,8.84657787733809,35.17262100456621,0
NYIS_shape,241,49248,2024-08-14 05:00:00,forecast_optimal,7669.0,62.5,9868.414026826484,10228.71479594749,0.9647755581899934,0.05686937211939148,18.40986676742566,-1.2687720439120103,35.190624429223746,0
NYIS_shape,242,49416,2024-08-21 05:00:00,forecast_optimal,9695.75,41.25,11149.688137842466,12383.939703196347,0.9003344981536598,0.05677283039784395,18.11044571015479,0.35972032589019093,35.246985159817356,0
NYIS_shape,243,49584,2024-08-28 05:00:00,forecast_optimal,7232.5,83.75,10194.82937642694,10813.07937642694,0.9428238729711154,0.05193363521445065,17.561326002161124,-1.0561473548575013,35.37109703196347,0
NYIS_shape,244,49752,2024-09-04 05:00:00,forecast_optimal,6023.0,62.5,8240.254280821919,8764.254280821919,0.9402116845073031,0.029251087959524608,22.93289445977125,0.5388405877808915,35.476068493150684,0
NYIS_shape,245,49920,2024-09-11 05:00:00,forecast_optimal,8031.75,83.75,10975.140212614155,11510.848732876711,0.9534605542393679,0.03659624740263793,19.983228408866992,1.9210774137890452,35.14495776255708,0
NYIS_shape,246,50088,2024-09-18 05:00:00,forecast_optimal,4992.5,83.75,7947.232027682649,8326.315774828767,0.9544716105660893,0.035607401370143836,19.10362426777352,4.0371805475421105,35.28038242009133,0
NYIS_shape,247,50256,2024-09-25 05:00:00,forecast_optimal,7644.0,20.0,8353.60609589041,8768.373240582192,0.9526973666253009,0.0238729208160689,20.610841451541454,2.951830810927834,35.48030479452054,0
NYIS_shape,248,50424,2024-10-02 05:00:00,forecast_optimal,9726.75,20.0,10439.619954337899,11513.588002283104,0.9067216885186232,0.01,31.841760305694823,2.4751570435173673,35.64349771689498,0
NYIS_shape,249,50592,2024-10-09 05:00:00,forecast_optimal,10580.25,20.0,11295.10988584475,13555.25,0.8332645938543922,0.010302352922950252,32.178383574909915,-1.2570030670539338,35.74299429223744,0
NYIS_shape,250,50760,2024-10-16 05:00:00,forecast_optimal,11448.75,12.5,11897.67919520548,16027.395976027397,0.7423338896100873,0.013539351485937984,28.777420863221497,-1.0476316691428467,35.91433561643836,0
NYIS_shape,251,50928,2024-10-23 05:00:00,forecast_optimal,14870.5,0.0,14870.5,16494.49230022831,0.9015433594033184,0.014127148258546583,27.155566022764248,-1.0827047724416405,36.055066210045666,0
NYIS_shape,252,51096,2024-10-30 05:00:00,forecast_optimal,8222.75,83.75,11245.933407534245,12557.049828767122,0.8955872247771748,0.01766446629110754,26.224024574300543,-2.422963502617171,36.097712328767116,0
NYIS_shape,253,51264,2024-11-06 05:00:00,forecast_optimal,8611.75,83.75,11631.11245719178,13298.606892123287,0.8746113447477603,0.010720529814981537,37.729683136095794,0.3233200942859475,36.0520890410959,0
NYIS_shape,254,51432,2024-11-13 05:00:00,forecast_optimal,8926.5,87.5,12080.17250285388,13031.3732163242,0.927006870444109,0.01,27.99945883494718,1.5372804563124658,36.04197146118721,0
NYIS_shape,255,51600,2024-11-20 05:00:00,forecast_optimal,4960.75,87.5,8113.046075913242,10526.295209760274,0.7707408840662763,0.01,27.11109408523675,3.2499529571433023,36.02624086757991,0
NYIS_shape,256,51768,2024-11-27 05:00:00,forecast_optimal,19115.0,0.0,19115.0,23458.101152968036,0.8148570881911077,0.01,26.67953235232553,6.272926347207984,36.04046118721461,0
NYIS_shape,257,51936,2024-12-04 05:00:00,forecast_optimal,13152.0,0.0,13152.0,15579.75,0.8441727242093101,0.01,29.900026250784514,16.275087094975913,36.48584931506849,0
NYIS_shape,258,52104,2024-12-11 05:00:00,forecast_optimal,9079.75,0.0,9079.75,14197.478515981735,0.6395325754343745,0.013318946983567486,29.521607693921105,9.810079931999262,36.99570319634704,0
NYIS_shape,259,52272,2024-12-18 05:00:00,forecast_optimal,20706.75,0.0,20706.75,25207.709252283104,0.8214451298514781,0.017541146624400466,27.096846369889267,2.837422845957003,37.56740182648401,0
NYIS_shape,260,52440,2024-12-25 05:00:00,forecast_optimal,8428.75,1.25,8477.269399257992,13671.269399257992,0.6200791712668683,0.023504665604466655,26.011321780234887,18.26456907559106,38.815519406392696,0
NYIS_shape,261,52608,2025-01-01 05:00:00,forecast_optimal,24378.5,1.25,24427.83354737443,28225.75,0.8654449765683615,0.03121525758241422,23.378807988569648,-6.475774040638552,39.46683789954338,0
NYIS_shape,262,52776,2025-01-08 05:00:00,forecast_optimal,17911.75,1.25,17962.106144406393,24653.25,0.7285897861095958,0.02191412165362621,29.99467145473083,3.941685072550771,40.28491552511415,0
NYIS_shape,263,52944,2025-01-15 05:00:00,forecast_optimal,41997.5,0.0,41997.5,52714.0,0.7967048601889442,0.020224842857688826,35.03791010418126,13.972989717312078,41.14066210045662,0
NYIS_shape,264,53112,2025-01-22 05:00:00,forecast_optimal,27855.5,0.0,27855.5,37859.0,0.7357695660212895,0.012211706750676773,57.19940598144176,51.47946538329757,41.76102853881278,0
NYIS_shape,265,53280,2025-01-29 05:00:00,forecast_optimal,17061.75,41.25,18888.172906678083,28469.25,0.6634587460743814,0.01573972327450446,58.570126452303924,32.67867955588666,44.27691894977169,0
NYIS_shape,266,53448,2025-02-05 05:00:00,forecast_optimal,29490.250000000004,20.0,30396.65246575343,35961.5,0.8452554110855617,0.017743631541456823,57.83749511729611,8.263151239546355,45.32012328767124,0
NYIS_shape,267,53616,2025-02-12 05:00:00,forecast_optimal,23029.5,6.25,23321.742101883563,34817.19842037671,0.6698339659699486,0.019138560113471224,57.320586318214545,24.087905430406742,46.758736301369865,0
NYIS_shape,268,53784,2025-02-19 05:00:00,forecast_optimal,21658.5,0.0,21658.5,27119.554454908677,0.7986303770591549,0.019873165348154333,57.33367320227349,22.397024939238168,48.42178196347032,0
NYIS_shape,269,53952,2025-02-26 05:00:00,forecast_optimal,15038.25,83.75,19240.781212899543,26676.25,0.7212700890454822,0.02075271089380936,57.38775210540944,13.326147945576658,50.179477168949774,0
NYIS_shape,270,54120,2025-03-05 05:00:00,forecast_optimal,5142.25,83.75,9411.493154965754,15099.511553938357,0.6232978544601322,0.023356593330611675,52.96422007859292,3.0869822681744368,50.97603767123288,0
NYIS_shape,271,54288,2025-03-12 05:00:00,forecast_optimal,9048.5,62.5,12262.569848744291,16694.696612442924,0.7345188794628786,0.023883376935511003,51.45416932413129,6.989368686870022,51.42511757990867,0
NYIS_shape,272,54456,2025-03-19 05:00:00,forecast_optimal,8719.0,62.5,11960.300941780823,13700.402037671232,0.872989048707786,0.025323088781536978,50.03002264367565,1.8913224790180139,51.86081506849315,0
NYIS_shape,273,54624,2025-03-26 05:00:00,forecast_optimal,6710.25,83.75,11081.093855593608,13269.749183789954,0.8350643031844218,0.025556327115283814,48.495748704352486,0.30469326278309783,52.18918036529681,0
NYIS_shape,274,54792,2025-04-02 05:00:00,forecast_optimal,3865.0,83.75,8267.789222317351,12274.75,0.6735607016287379,0.028588178812123843,46.164038124696944,-0.021149876864909396,52.57061757990867,0
NYIS_shape,275,54960,2025-04-09 05:00:00,forecast_optimal,6423.75,95.0,11456.30450913242,15462.952982305937,0.7408872368842954,0.029700508582636734,45.078180187967156,10.749631641331673,52.97425799086758,0
NYIS_shape,276,55128,2025-04-16 05:00:00,forecast_optimal,7199.75,83.75,11679.979003995435,12803.705362442925,0.9122342847919859,0.032680903386738416,41.72512676624566,10.685370870439309,53.49527168949773,0
NYIS_shape,277,55296,2025-04-23 05:00:00,forecast_optimal,7718.25,73.75,11682.408812785388,12923.489269406393,0.9039670764799567,0.05182409826087814,32.6464063162705,0.23411963576696979,53.75130593607307,0
NYIS_shape,278,55464,2025-04-30 05:00:00,forecast_optimal,6125.75,98.75,11449.03209332192,13671.798964041096,0.8374195761241523,0.06581339518023195,32.45231305215997,-4.89465287107194,53.90665410958905,0
NYIS_shape,279,55632,2025-05-07 05:00:00,forecast_optimal,5656.25,88.75,10468.399918664383,12764.346399828766,0.8201281593865877,0.06537199428905582,33.8328258197942,3.7149932637726737,54.22140753424657,0
NYIS_shape,280,55800,2025-05-14 05:00:00,forecast_optimal,8225.5,88.75,13059.248082191782,15091.086164383561,0.8653617069003876,0.08198514899467237,30.557005065171797,2.0791546466708186,54.46476712328767,0
NYIS_shape,281,55968,2025-05-21 05:00:00,forecast_optimal,7050.0,82.5,11560.04690068493,12880.973515981736,0.8974513367597644,0.07861584997182447,27.064619194195835,0.16566767537846375,54.667235159817345,0
NYIS_shape,282,56136,2025-05-28 05:00:00,forecast_optimal,7536.25,86.25,12247.783557363015,13154.316652397261,0.9310847443474732,0.07117028942080598,24.376337295901184,-3.628250219198307,54.62647602739726,0
NYIS_shape,283,56304,2025-06-04 05:00:00,forecast_optimal,9010.5,83.75,13591.177472888128,15067.177472888128,0.9020387194180255,0.09981650068999949,19.765148156948776,-3.5491421723050824,54.694656392694064,0
NYIS_shape,284,56472,2025-06-11 05:00:00,forecast_optimal,7738.25,83.75,12333.74080194064,14022.49080194064,0.8795684715467037,0.09753693553658657,16.59474889759819,0.623831367079998,54.87153196347032,0
NYIS_shape,285,56640,2025-06-18 05:00:00,forecast_optimal,40865.25,83.75,45470.674737442925,55931.5,0.8129707720594463,0.06780278081259931,16.565735546225753,-1.0563871974017391,54.990146118721455,0
NYIS_shape,286,56808,2025-06-25 05:00:00,forecast_optimal,25196.0,83.75,29830.78198059361,32439.656803652968,0.919577607159963,0.03791647436835478,24.74836164627027,20.116207776064222,55.340680365296805,0
NYIS_shape,287,56976,2025-07-02 05:00:00,forecast_optimal,22959.5,83.75,27639.327912385845,29668.070844748858,0.9316186433900844,0.04131305279814641,25.37658697378386,10.179334436946549,55.87854223744293,0
NYIS_shape,288,57144,2025-07-09 05:00:00,forecast_optimal,22488.75,62.5,26008.026398401827,28294.261863584474,0.9191979110038174,0.0399095016705656,26.39002775336037,5.016366559651744,56.30842237442922,0
NYIS_shape,289,57312,2025-07-16 05:00:00,forecast_optimal,35583.25,62.5,39116.557933789954,40206.307933789954,0.9728960440288486,0.03395487866576493,28.970561333445946,7.293460299766608,56.53292694063927,0
NYIS_shape,290,57480,2025-07-23 05:00:00,forecast_optimal,74756.75,41.25,77109.17553082191,89095.0,0.8654714128831238,0.03620458945216634,31.64268911864846,9.645272780467986,57.02849771689498,0
NYIS_shape,291,57648,2025-07-30 05:00:00,forecast_optimal,30361.75,63.75,34061.72264126712,37308.92415810502,0.9129644826241264,0.04537921527650529,36.542380617285986,12.681111007501656,58.038786529680365,0
NYIS_shape,292,57816,2025-08-06 05:00:00,forecast_optimal,31767.75,63.75,35484.3712885274,39063.25,0.9083824640429918,0.043738921002301784,39.60964740435016,8.758614499273207,58.29994178082192,0
NYIS_shape,293,57984,2025-08-13 05:00:00,forecast_optimal,18796.0,63.75,22552.070458047943,26849.945503710045,0.8399298410096127,0.045452867540584134,40.05382001139248,10.976342775454324,58.91875228310502,0
NYIS_shape,294,58152,2025-08-20 05:00:00,forecast_optimal,9555.5,63.75,13340.765556506849,15782.479674657534,0.8452895762589557,0.046650328027473424,39.688182312545415,4.993908668917321,59.37671461187214,0
NYIS_shape,295,58320,2025-08-27 05:00:00,forecast_optimal,6656.0,83.75,11641.212535673516,13079.180265410958,0.8900567389884309,0.0494791690846823,38.50340000629838,-7.763661278394043,59.52492579908675,0
NYIS_shape,296,58488,2025-09-03 05:00:00,forecast_optimal,7048.5,83.75,12026.028377568495,14156.817465753425,0.8494867159699209,0.04899146548141767,38.85094068662129,-8.080076298325237,59.43317465753425,0
NYIS_shape,297,58656,2025-09-10 05:00:00,forecast_optimal,9855.25,83.75,14844.598122146119,15649.430593607307,0.9485711338411279,0.048613960641540374,38.35896500521064,2.4529049929653657,59.57430593607306,0
NYIS_shape,298,58824,2025-09-17 05:00:00,forecast_optimal,10905.5,86.25,16049.23270119863,17529.68585045662,0.9155459395058455,0.04752086260010727,38.247662662538666,2.5348352564507284,59.6374805936073,0
NYIS_shape,299,58992,2025-09-24 05:00:00,forecast_optimal,10176.0,88.75,15478.894765981735,18579.465376712327,0.8331184160650351,0.06428175348568975,28.844704048354803,4.02160213038639,59.75092694063927,0
NYIS_shape,300,59160,2025-10-01 05:00:00,forecast_optimal,20493.5,86.25,25663.656904965756,28007.58671518265,0.9163108969704172,0.04978088761670053,29.744325234475447,6.17639265188456,59.94384817351598,0
NYIS_shape,301,59328,2025-10-08 05:00:00,forecast_optimal,10892.5,85.0,16004.560587899543,18372.12475742009,0.8711328057706368,0.05162015567297729,29.565529747487155,2.2998302296839026,60.141889269406384,0
NYIS_shape,302,59496,2025-10-15 05:00:00,forecast_optimal,13313.25,85.0,18440.85423515982,21185.198290525113,0.8704593642348546,0.054051326395935934,29.751267994560894,2.0197018493881536,60.32475570776257,0
NYIS_shape,303,59664,2025-10-22 05:00:00,forecast_optimal,20056.0,98.75,26027.747528538814,28424.146638127855,0.915691431651477,0.05822796907504617,27.52648524432639,1.2610727920693812,60.47339269406393,0
NYIS_shape,304,59832,2025-10-29 05:00:00,forecast_optimal,12170.25,97.5,18104.161104452054,21432.039169520547,0.8447241515963065,0.08073979893202059,24.31448452091781,5.367902556364203,60.86062671232877,0
NYIS_shape,305,60000,2025-11-05 05:00:00,forecast_optimal,10376.75,97.5,16349.916541095892,22047.25,0.7415853016179293,0.06657422916804515,27.772293718035986,7.294328653663041,61.26324657534247,0
NYIS_shape,306,60168,2025-11-12 05:00:00,forecast_optimal,11398.5,87.5,16802.487714041097,19197.897016267125,0.8752254322337335,0.06525038355942969,29.442592161239027,9.065351264240446,61.75985958904109,0
NYIS_shape,307,60336,2025-11-19 05:00:00,forecast_optimal,10939.0,87.5,16385.477054794523,19202.43171232877,0.853302191111262,0.058068308969209795,28.980932922957816,7.693317179215646,62.24545205479453,0
NYIS_shape,308,60504,2025-11-26 05:00:00,forecast_optimal,17559.75,0.0,17559.75,20455.0,0.8584575898313371,0.051700388152906444,20.491743203804347,7.545997876117498,62.72258561643835,0
NYIS_shape,309,60672,2025-12-03 05:00:00,forecast_optimal,32983.75,1.25,33062.346240011415,36626.75,0.902683045588577,0.07194655797684227,15.227810723922259,2.608908296976928,62.876992009132415,0
NYIS_shape,310,60840,2025-12-10 05:00:00,forecast_optimal,27703.5,0.0,27703.5,29989.197885273974,0.9237826268639098,0.05014087329480109,21.23830640778759,19.11447576700883,64.15830821917808,0
NYIS_shape,311,61008,2025-12-17 05:00:00,forecast_optimal,11847.5,0.0,11847.5,14355.586926369862,0.8252884441970991,0.048972356164004596,24.244596660959218,20.161647966914753,65.60267465753425,0
NYIS_shape,312,61176,2025-12-24 05:00:00,forecast_optimal,8605.25,0.0,8605.25,16167.75,0.5322478390623309,0.041190559401262254,26.813605860654828,-18.192524782734196,65.22364726027398,0
NYIS_shape,313,61344,2025-12-31 05:00:00,forecast_optimal,15728.75,1.25,15810.313317636987,21240.313317636985,0.7443540535962258,0.03047489593520466,31.564904159213725,-15.741959180262661,65.25065410958904,0
NYIS_shape,314,61512,2026-01-07 05:00:00,forecast_optimal,7469.999999999999,2.5,7635.789591894976,13586.214900114155,0.5620247911602531,0.04454630464779506,26.390613686189347,-8.585719063334215,66.31583675799087,0
NYIS_shape,315,61680,2026-01-14 05:00:00,forecast_optimal,24411.25,2.5,24573.885039954337,26290.81751997717,0.9346945952244271,0.018373689114327192,40.29973451497436,-36.26976106347692,65.05401598173515,0
NYIS_shape,316,61848,2026-01-21 05:00:00,forecast_optimal,21100.25,2.5,21259.759366438357,79743.5,0.26660178405059165,0.016877010001618984,42.51123178916097,-20.655069002374557,63.80374657534247,0
NYIS_shape,317,62016,2026-01-28 05:00:00,forecast_optimal,51505.0,1.25,51587.36420519406,118196.47841038812,0.43645432502716697,0.01,88.26117748182988,79.4350597336469,65.89136415525114,0
NYIS_shape,318,62184,2026-02-04 05:00:00,forecast_optimal,48632.5,1.25,48721.81931078767,63277.638621575345,0.7699689870249887,0.021450989664553458,122.1504766744037,109.93542900696333,71.45544863013698,0
NYIS_shape,319,62352,2026-02-11 05:00:00,forecast_optimal,13272.75,1.25,13364.682198915525,19746.796332762555,0.676802554384062,0.02137758386190481,124.34129440891695,34.630061184457595,73.54575913242009,0
NYIS_shape,320,62520,2026-02-18 05:00:00,forecast_optimal,6650.249999999998,1.25,6741.306755136984,15048.306755136986,0.44797776021117647,0.020660451293935723,125.53760145388436,-37.21795219492377,72.84540410958904,0
NYIS_shape,321,62688,2026-02-25 05:00:00,forecast_optimal,13359.75,47.5,16753.48401826484,24015.749429223746,0.6976040480285091,0.01898282673656157,130.76127774849377,-38.82264183319087,71.44703196347032,0
NYIS_shape,322,62856,2026-03-04 05:00:00,forecast_optimal,9102.25,72.5,14286.362168949772,18494.86829908676,0.7724500622507923,0.01974862107997854,128.68966896853354,-13.560870255041193,71.50499543378996,0
NYIS_shape,323,63024,2026-03-11 05:00:00,forecast_optimal,6724.5,98.75,13770.82394834475,18123.03062357306,0.7598521590772301,0.02001780744266832,126.66755675608198,-0.31964294330009496,71.3551792237443,0
NYIS_shape,324,63192,2026-03-18 05:00:00,forecast_optimal,14147.0,77.5,19680.3549086758,22901.836187214612,0.8593352405368585,0.02017281695183873,126.54362088239408,0.7688081986776256,71.39812785388128,0
NYIS_shape,325,63360,2026-03-25 05:00:00,forecast_optimal,10653.0,83.75,16643.35049372146,18585.09087328767,0.8955216096168208,0.020624454897192772,125.46034535266149,2.1469334041230783,71.52657305936073,0
NYIS_shape,326,63528,2026-04-01 05:00:00,forecast_optimal,7591.75,83.75,13570.820057077626,15564.198276255709,0.8719254160222873,0.01989702801549901,127.8508016321931,-4.642412331398113,71.39188127853882,0
NYIS_shape,327,63696,2026-04-08 05:00:00,forecast_optimal,11303.75,83.75,17266.02588755708,19718.015079908677,0.8756472605171092,0.020698788286419655,125.41429838934462,-2.710221466507816,71.19135388127854,0
NYIS_shape,328,63864,2026-04-15 05:00:00,forecast_optimal,18027.75,83.75,23964.165589326483,28567.87202482877,0.83885021497222,0.02081180874834997,125.52042486844998,0.2398698835071421,70.88257420091324,0
NYIS_shape,329,64032,2026-04-22 05:00:00,forecast_optimal,11748.25,83.75,17695.28721175799,19402.07246004566,0.9120307765161468,0.02132800390694456,124.68008042129277,5.8780914650452205,71.00939954337899,0
NYIS_shape,330,64200,2026-04-29 05:00:00,forecast_optimal,10210.75,83.75,16167.840366723744,20657.325756278537,0.7826686066471954,0.03587254103316367,91.03809375094396,-1.0391528567538588,71.12943721461187,0
NYIS_shape,331,64368,2026-05-06 05:00:00,forecast_optimal,9773.0,87.5,15997.11142979452,18414.27020547945,0.8687344788192765,0.03509415338207016,65.9214404474139,0.6234140385388028,71.13270205479452,0
NYIS_shape,332,64536,2026-05-13 05:00:00,forecast_optimal,11176.25,87.5,17406.0464326484,23624.351686643837,0.7367840888725429,0.05359335758071825,62.3553479702675,3.2202223176953972,71.19767351598173,0
NYIS_shape,0,8760,2020-01-01 05:00:00,forecast_optimal_336,4437.5,20.0,5016.207214611872,5459.086461187215,0.9188730111303224,0.018459614548610816,14.816626969999435,-7.575489766558105,28.935360730593608,0
NYIS_shape,1,8928,2020-01-08 05:00:00,forecast_optimal_336,4536.25,20.0,5112.323607305936,5959.1180365296805,0.8578993696663074,0.012135514226248893,17.94662002979996,-12.767829758810143,28.803680365296803,0
NYIS_shape,2,9096,2020-01-15 05:00:00,forecast_optimal_336,7065.5,8.75,7315.057181792237,8301.40102597032,0.8811834483007894,0.01,18.90582352447063,-10.709038415978632,28.52082077625571,0
NYIS_shape,3,9264,2020-01-22 05:00:00,forecast_optimal_336,4416.5,20.0,4975.2307990867575,6009.613072203196,0.8278787235236725,0.011851551237131983,17.424088410186034,-1.4286242247479726,27.9365399543379,0
NYIS_shape,4,9432,2020-01-29 05:00:00,forecast_optimal_336,5746.25,5.0,5883.249400684932,6565.239212328767,0.8961211024324695,0.01,18.953092336286044,-3.0132278598231017,27.3998801369863,0
NYIS_shape,5,9600,2020-02-05 05:00:00,forecast_optimal_336,4074.5,12.5,4406.128567351599,5264.2485445205475,0.8369909836301044,0.02611063842109227,11.358212689677764,-3.764338170673485,26.530285388127854,0
NYIS_shape,6,9768,2020-02-12 05:00:00,forecast_optimal_336,4644.5,12.5,4974.639583333334,6472.713125,0.768555548077582,0.025513840998526174,10.938604775387347,-3.520954908990074,26.411166666666666,0
NYIS_shape,7,9936,2020-02-19 05:00:00,forecast_optimal_336,3809.75,12.5,4138.498872716895,5633.991883561644,0.7345588986011563,0.028967187112069796,9.851058794018673,-1.8450885964435064,26.299909817351597,0
NYIS_shape,8,10104,2020-02-26 05:00:00,forecast_optimal_336,3588.75,8.75,3817.6388027968037,5126.37203196347,0.7447057644262693,0.024868485686758535,10.76933955946441,-1.87543471374258,26.1587203196347,0
NYIS_shape,9,10272,2020-03-04 05:00:00,forecast_optimal_336,3392.25,20.0,3908.851278538813,5037.006392694064,0.7760266661976872,0.02432095410539461,10.92890027766045,-4.236773556958744,25.830063926940642,0
NYIS_shape,10,10440,2020-03-11 05:00:00,forecast_optimal_336,3004.75,20.0,3511.4083105022833,5102.709263698631,0.6881458709558314,0.022741968730274505,11.318743188317365,-5.7224712547971945,25.332915525114156,0
NYIS_shape,11,10608,2020-03-18 05:00:00,forecast_optimal_336,2131.25,8.75,2350.768631563927,4033.2843607305936,0.5828422747604403,0.020302922349942028,12.053794392691204,-4.625507324179166,25.087843607305935,0
NYIS_shape,12,10776,2020-03-25 05:00:00,forecast_optimal_336,1741.2499999999998,47.5,2915.7525684931506,3672.8869863013697,0.7938585040508801,0.05298819459106999,6.280383233583621,-3.4230963133859214,24.726369863013698,0
NYIS_shape,13,10944,2020-04-01 05:00:00,forecast_optimal_336,2155.75,5.0,2277.7659646118723,3389.319292237443,0.6720423094479883,0.01,14.662419172667969,-2.5764024780627857,24.40319292237443,0
NYIS_shape,14,11112,2020-04-08 05:00:00,forecast_optimal_336,2311.75,5.0,2432.2819520547946,3717.38904109589,0.6542984673290356,0.031956709374687635,8.62221613551066,-5.21761962316649,24.106390410958902,0
NYIS_shape,15,11280,2020-04-15 05:00:00,forecast_optimal_336,1173.25,8.75,1381.301147260274,2624.7273972602748,0.5262646127373435,0.03412428335067737,8.580196139270253,-3.3369438597413903,23.777273972602746,0
NYIS_shape,16,11448,2020-04-22 05:00:00,forecast_optimal_336,1552.0,16.25,1934.909138127854,2652.1593778538813,0.7295599028794326,0.0511253445255147,6.074328286459222,-1.996444381553173,23.563639269406394,0
NYIS_shape,17,11616,2020-04-29 05:00:00,forecast_optimal_336,2073.75,13.75,2395.3447474315067,3450.399118150685,0.6942225132248883,0.045297846286709624,6.658917773482803,0.05549484452190054,23.38870890410959,0
NYIS_shape,18,11784,2020-05-06 05:00:00,forecast_optimal_336,2376.5,13.75,2695.7280836187215,3578.867320205479,0.7532349881760768,0.04020599639652189,7.052820729537522,-2.3022118243542415,23.216587899543374,0
NYIS_shape,19,11952,2020-05-13 05:00:00,forecast_optimal_336,2220.25,10.0,2450.9901369863014,3726.4663356164383,0.6577250178166052,0.043054765216995944,6.455947976257881,-1.9488695878878433,23.074013698630136,0
NYIS_shape,20,12120,2020-05-20 05:00:00,forecast_optimal_336,2531.75,20.0,2989.0993835616437,4448.569216609589,0.6719237665003089,0.055469293910189336,5.1058024093992005,-2.2555485364195595,22.867469178082192,0
NYIS_shape,21,12288,2020-05-27 05:00:00,forecast_optimal_336,1872.0,23.75,2411.484015410959,3705.186061643836,0.6508401940660125,0.07343400600415456,4.10474667423514,-1.1114350440799994,22.71511643835617,0
NYIS_shape,22,12456,2020-06-03 05:00:00,forecast_optimal_336,4682.5,6.25,4823.701491152968,6875.349981449772,0.7015935922051516,0.0760949779697709,4.126081783727922,-0.6358625114799519,22.592238584474888,0
NYIS_shape,23,12624,2020-06-10 05:00:00,forecast_optimal_336,4295.75,6.25,4436.527304509133,5197.449497716895,0.8535970010786991,0.0660541966897249,4.7137850978722655,-1.6501532680731552,22.524368721461187,0
NYIS_shape,24,12792,2020-06-17 05:00:00,forecast_optimal_336,7486.5,16.25,7851.498373287671,8429.728767123288,0.9314058127124127,0.05056023111979634,5.090975971735214,-2.4243394067730244,22.461438356164383,0
NYIS_shape,25,12960,2020-06-24 05:00:00,forecast_optimal_336,8357.0,20.0,8805.816529680365,9270.551655251142,0.9498697442338789,0.03759715600265908,5.640441069404515,-0.48149675948365966,22.440826484018263,0
NYIS_shape,26,13128,2020-07-01 05:00:00,forecast_optimal_336,8304.75,6.25,8444.271682363014,8897.093103595891,0.9491045652821299,0.018548103764534626,8.160921500287888,0.5777840360452876,22.323469178082192,0
NYIS_shape,27,13296,2020-07-08 05:00:00,forecast_optimal_336,9594.75,20.0,10038.857031963471,10399.220753424657,0.9653470457060437,0.024723376263375427,7.1785300590161,-4.104694859990863,22.205351598173515,0
NYIS_shape,28,13464,2020-07-15 05:00:00,forecast_optimal_336,11749.0,20.0,12191.069178082193,12275.819178082193,0.9930961837437849,0.026461392094461515,7.3369508517238415,-1.656508042262774,22.103458904109587,0
NYIS_shape,29,13632,2020-07-22 05:00:00,forecast_optimal_336,10841.25,20.0,11278.923698630137,11537.923698630137,0.977552286982904,0.04556634696983965,6.262222408387393,0.31741860949612694,21.88368493150685,0
NYIS_shape,30,13800,2020-07-29 05:00:00,forecast_optimal_336,8589.75,5.0,8699.109337899543,9229.937351598173,0.9424884488943235,0.03946008533687912,7.174720390025971,1.2484159885575272,21.871867579908674,0
NYIS_shape,31,13968,2020-08-05 05:00:00,forecast_optimal_336,7891.25,8.75,8081.750724885845,8629.680228310503,0.936506395494572,0.05196942610894545,6.570182849675426,-0.2557299957962823,21.771511415525115,0
NYIS_shape,32,14136,2020-08-12 05:00:00,forecast_optimal_336,7896.25,8.75,8086.23046946347,8634.503353310502,0.9365020938191169,0.049452350518192315,6.955361899263218,-1.1511752449919708,21.712053652968034,0
NYIS_shape,33,14304,2020-08-19 05:00:00,forecast_optimal_336,9109.75,20.0,9542.335616438357,9579.085616438357,0.9961635169084474,0.04401672551842914,7.409997685837717,-0.5871280376060765,21.62928082191781,0
NYIS_shape,34,14472,2020-08-26 05:00:00,forecast_optimal_336,7093.75,20.0,7524.965136986301,7973.463386130137,0.9437511370624715,0.03617465504359864,8.123337182846894,-0.7600518986822515,21.560756849315066,0
NYIS_shape,35,14640,2020-09-02 05:00:00,forecast_optimal_336,5548.0,20.0,5979.731438356164,6290.660744863014,0.9505728699865501,0.04172900812538747,7.325335477305976,-0.8469267328695115,21.586571917808218,0
NYIS_shape,36,14808,2020-09-09 05:00:00,forecast_optimal_336,4163.75,20.0,4595.420936073059,4887.436946347032,0.9402517079034173,0.03910487968949677,6.5852391883847075,0.00678183058159405,21.583546803652972,0
NYIS_shape,37,14976,2020-09-16 05:00:00,forecast_optimal_336,2375.25,20.0,2805.6213470319635,3854.6246432648395,0.7278585093711284,0.03926635854431356,6.041281483141972,0.17033220858264142,21.51856735159817,0
NYIS_shape,38,15144,2020-09-23 05:00:00,forecast_optimal_336,4987.5,20.0,5415.751757990867,5552.519250856164,0.9753683892506616,0.044185627419998014,5.154419182450446,-1.453397162684776,21.41258789954338,0
NYIS_shape,39,15312,2020-09-30 05:00:00,forecast_optimal_336,2768.75,20.0,3196.8371461187216,4043.6748373287674,0.7905772038363345,0.025407439965537185,6.329051004575481,0.7607730673802324,21.404357305936074,0
NYIS_shape,40,15480,2020-10-07 05:00:00,forecast_optimal_336,3889.5,20.0,4316.665844748859,5106.256974885845,0.8453679213520902,0.0466944115668908,4.770696832521665,-1.5713669519293347,21.358292237442924,0
NYIS_shape,41,15648,2020-10-14 05:00:00,forecast_optimal_336,4212.0,20.0,4638.456529680365,5135.970125570776,0.9031315245753847,0.04762535289823995,4.9886766554583195,-1.501219516349274,21.322826484018265,0
NYIS_shape,42,15816,2020-10-21 05:00:00,forecast_optimal_336,4850.25,12.5,5116.277953767123,5388.158702910959,0.9495410651143309,0.05516047034201877,4.9601957544925535,0.2528654694305834,21.282236301369863,0
NYIS_shape,43,15984,2020-10-28 05:00:00,forecast_optimal_336,5230.5,5.0,5336.925382420091,7214.75,0.7397242291721946,0.05962825404527873,5.153674291304284,0.5518032709970075,21.285076484018262,0
NYIS_shape,44,16152,2020-11-04 05:00:00,forecast_optimal_336,5199.5,8.75,5387.340884703196,7101.574434931507,0.7586121829834985,0.057332044653036145,6.014843797913338,3.8904276556881623,21.4675296803653,0
NYIS_shape,45,16320,2020-11-11 05:00:00,forecast_optimal_336,6367.75,15.0,6686.625770547946,7235.25,0.9241734246291345,0.04572983441714382,6.810018941893203,-5.630562770569996,21.25838470319635,0
NYIS_shape,46,16488,2020-11-18 05:00:00,forecast_optimal_336,6012.25,8.75,6196.2009703196345,6904.75,0.8973823773952184,0.04529265805928959,6.987736201519854,-0.27166066579023546,21.022968036529683,0
NYIS_shape,47,16656,2020-11-25 05:00:00,forecast_optimal_336,4192.5,15.0,4508.16227739726,5462.577846746575,0.8252811042468255,0.04900677256450809,7.076948844038572,1.422871913167025,21.044151826484022,0
NYIS_shape,48,16824,2020-12-02 05:00:00,forecast_optimal_336,5408.0,8.75,5591.5406492579905,6327.75,0.8836538499874348,0.05215537652149264,6.952840680392401,-2.028569042695005,20.976074200913242,0
NYIS_shape,49,16992,2020-12-09 05:00:00,forecast_optimal_336,5514.5,8.75,5698.263294805936,6274.75,0.9081259484132334,0.05500045108180135,7.11484304805883,-0.788984080790495,21.001519406392696,0
NYIS_shape,50,17160,2020-12-16 05:00:00,forecast_optimal_336,6485.75,8.75,6669.587629851598,11901.75,0.5603871388536642,0.05526995932666001,7.362718987223228,-0.9671181199273596,21.01001484018265,0
NYIS_shape,51,17328,2020-12-23 05:00:00,forecast_optimal_336,3949.0,36.25,4715.553341894977,7341.25,0.64233656964345,0.0420899654002661,9.635671395076432,8.672104255568788,21.146299086757992,0
NYIS_shape,52,17496,2020-12-30 05:00:00,forecast_optimal_336,2699.25,23.75,3206.3575870433788,4515.689873002283,0.710048226786578,0.043508794679831646,9.745683656375876,0.8953875741494436,21.351898401826485,0
NYIS_shape,53,17664,2021-01-06 05:00:00,forecast_optimal_336,5195.25,2.5,5248.846706621004,6082.25,0.8629777971344493,0.04631241543615829,9.454279900580127,-1.925008080529928,21.438682648401826,0
NYIS_shape,54,17832,2021-01-13 05:00:00,forecast_optimal_336,4939.0,2.5,4992.968005136986,6432.984002568493,0.7761511614428773,0.05075001384173185,9.134752269311686,0.8304974578643098,21.58720205479452,0
NYIS_shape,55,18000,2021-01-20 05:00:00,forecast_optimal_336,5555.25,15.0,5879.696335616438,6519.787194634703,0.9018233509914231,0.05034556534070871,9.175795331623183,1.168059998804495,21.629755707762556,0
NYIS_shape,56,18168,2021-01-27 05:00:00,forecast_optimal_336,8779.5,1.25,8806.672354452056,15753.206481164383,0.5590399875086967,0.0451846670828963,9.530194642241124,2.16075506747111,21.737883561643837,0
NYIS_shape,57,18336,2021-02-03 05:00:00,forecast_optimal_336,8640.0,23.75,9175.824942922374,13721.0,0.6687431632477497,0.02083710780363128,15.547603629061355,13.992843266155218,22.5610502283105,0
NYIS_shape,58,18504,2021-02-10 05:00:00,forecast_optimal_336,14373.5,23.75,14928.598528824201,20477.75,0.7290155670825262,0.019668963839555055,17.21866032215356,15.496794289938205,23.372569634703197,0
NYIS_shape,59,18672,2021-02-17 05:00:00,forecast_optimal_336,8897.000000000002,0.0,8897.000000000002,14593.592711187215,0.6096511103245813,0.015470754278573489,21.886369173550904,19.697732256195813,24.47416894977169,0
NYIS_shape,60,18840,2021-02-24 05:00:00,forecast_optimal_336,2379.5000000000005,33.75,3242.419768835617,5738.5,0.5650291485293399,0.014326175457063793,25.391468149759824,15.35419361706379,25.56799315068493,0
NYIS_shape,61,19008,2021-03-03 05:00:00,forecast_optimal_336,3388.0,33.75,4257.348180650685,8531.146161529681,0.4990358974095128,0.016331091151181382,24.19366991370116,-9.415641276271245,25.75846461187215,0
NYIS_shape,62,19176,2021-03-10 05:00:00,forecast_optimal_336,4543.75,27.5,5264.109737442923,7700.0,0.6836506152523276,0.016316295923176294,24.375039416082185,6.39800775049618,26.194899543378995,0
NYIS_shape,63,19344,2021-03-17 05:00:00,forecast_optimal_336,5573.25,10.0,5837.244075342465,7409.206305650685,0.787836623052411,0.01707536725776792,24.030746925218665,-2.3610235473185304,26.399407534246574,0
NYIS_shape,64,19512,2021-03-24 05:00:00,forecast_optimal_336,6355.75,2.5,6422.22075913242,7069.138847031963,0.9084870021797412,0.013593965874504142,25.197282596645337,-4.496302754995577,26.588303652968037,0
NYIS_shape,65,19680,2021-03-31 05:00:00,forecast_optimal_336,5621.5,8.75,5855.423299086758,7097.480148401826,0.8250003066800055,0.014631785536681935,24.54077736683446,-7.264926817085076,26.734091324200914,0
NYIS_shape,66,19848,2021-04-07 05:00:00,forecast_optimal_336,4995.0,8.75,5230.5167579908675,5877.481826484018,0.8899247862276807,0.01239375510104047,27.038062112177325,5.296922998584063,26.916200913242008,0
NYIS_shape,67,20016,2021-04-14 05:00:00,forecast_optimal_336,6319.25,8.75,6555.886578196347,7055.2612728310505,0.9292195320168036,0.013996387395345509,25.81710547711194,4.310088080702289,27.044180365296803,0
NYIS_shape,68,20184,2021-04-21 05:00:00,forecast_optimal_336,5629.75,12.5,5970.352468607306,7072.0725898972605,0.8442153827912052,0.015668485788104314,25.102105434354772,5.61949963090305,27.248197488584477,0
NYIS_shape,69,20352,2021-04-28 05:00:00,forecast_optimal_336,5558.5,6.25,5729.807484303653,7814.9454466324205,0.7331858582292107,0.01757016394641631,23.98564304743018,4.481741044628599,27.409197488584475,0
NYIS_shape,70,20520,2021-05-05 05:00:00,forecast_optimal_336,4207.5,2.5,4276.525502283105,5200.874805936073,0.8222704183154049,0.012542249003666718,26.73145409894999,4.333577274404135,27.610200913242007,0
NYIS_shape,71,20688,2021-05-12 05:00:00,forecast_optimal_336,3916.0,2.5,3985.5033361872147,5400.053378995433,0.7380488777554702,0.011767683741937845,28.225462346080036,2.8722772168571233,27.801334474885845,0
NYIS_shape,72,20856,2021-05-19 05:00:00,forecast_optimal_336,3634.0,15.0,4053.984743150685,8435.229657534246,0.4806015849882302,0.010511804060710398,32.65071658057602,0.97111564197717,27.99898287671233,0
NYIS_shape,73,21024,2021-05-26 05:00:00,forecast_optimal_336,5049.75,16.25,5509.599901541096,6349.653467465753,0.8677008800198452,0.011199124119622254,34.84792079237584,2.3158795216642676,28.298455479452056,0
NYIS_shape,74,21192,2021-06-02 05:00:00,forecast_optimal_336,9741.0,16.25,10203.794156678083,12100.342808219179,0.8432648825244139,0.0126239209502883,30.40249778407539,0.1518849719371724,28.479640410958904,0
NYIS_shape,75,21360,2021-06-09 05:00:00,forecast_optimal_336,6485.75,20.0,7060.773584474886,7807.486142979452,0.904359412898092,0.01219964006212965,28.674336939475385,5.1869576885549185,28.75117922374429,0
NYIS_shape,76,21528,2021-06-16 05:00:00,forecast_optimal_336,9395.75,20.0,9975.712054794521,10222.23102739726,0.9758840343226418,0.01,26.406474758147475,2.6010891038704202,28.998102739726033,0
NYIS_shape,77,21696,2021-06-23 05:00:00,forecast_optimal_336,14147.25,20.0,14732.190296803654,15372.043842751142,0.9583755060489749,0.01,21.76098404738281,2.0392575448626475,29.24701484018265,0
NYIS_shape,78,21864,2021-06-30 05:00:00,forecast_optimal_336,13701.0,8.75,13959.553710045662,15117.5,0.9234035859133892,0.01,22.270259793741833,4.017382163566973,29.548995433789955,0
NYIS_shape,79,22032,2021-07-07 05:00:00,forecast_optimal_336,15113.75,8.75,15375.692986586759,16107.476826484019,0.9545686858481736,0.01,22.01868548316407,7.9761585474359435,29.93634132420091,0
NYIS_shape,80,22200,2021-07-14 05:00:00,forecast_optimal_336,15277.5,8.75,15542.470806221461,17120.72080622146,0.9078163812223092,0.01,23.28695319149232,7.4220664479643155,30.28237785388128,0
NYIS_shape,81,22368,2021-07-21 05:00:00,forecast_optimal_336,15487.75,16.25,15986.307531392695,16740.554634703196,0.9549449155198869,0.01,24.700107588281156,7.1388077074693,30.68046347031964,0
NYIS_shape,82,22536,2021-07-28 05:00:00,forecast_optimal_336,7743.5,12.5,8130.794891552511,8582.421826484018,0.9473776814910383,0.01,26.924076855389746,3.6431264829492855,30.983591324200916,0
NYIS_shape,83,22704,2021-08-04 05:00:00,forecast_optimal_336,14782.75,5.0,14938.631158675798,16113.274634703197,0.9271008840439195,0.012080824756884125,24.095365294787506,1.6543609352798434,31.17623173515982,0
NYIS_shape,84,22872,2021-08-11 05:00:00,forecast_optimal_336,17216.0,16.25,17729.205218321917,18415.88719178082,0.9627125228175063,0.014424655301660911,22.848204520060108,7.074287859003616,31.5818595890411,0
NYIS_shape,85,23040,2021-08-18 05:00:00,forecast_optimal_336,16434.5,20.0,17075.073493150685,17413.823493150685,0.9805470636512861,0.017550668644165816,21.860451029864205,7.112272163586151,32.028674657534246,0
NYIS_shape,86,23208,2021-08-25 05:00:00,forecast_optimal_336,20651.25,16.25,21179.95647545662,22011.465662100458,0.9622238155601088,0.0198590260437087,19.637518354137892,4.567565145153714,32.53578310502284,0
NYIS_shape,87,23376,2021-09-01 05:00:00,forecast_optimal_336,4900.5,15.0,5396.677705479452,7100.070273972603,0.7600879283212959,0.026610862111406567,17.518934918788553,4.330327702461435,33.07851369863013,0
NYIS_shape,88,23544,2021-09-08 05:00:00,forecast_optimal_336,11763.25,16.25,12306.014580479452,13068.255607876712,0.9416723202951564,0.04614079455026852,12.064062666478797,7.430064925492654,33.40089726027397,0
NYIS_shape,89,23712,2021-09-15 05:00:00,forecast_optimal_336,13835.75,12.5,14259.503553082192,14845.505684931508,0.9605266304640522,0.03884750071222031,12.496531678596957,10.694314489359021,33.900284246575346,0
NYIS_shape,90,23880,2021-09-22 05:00:00,forecast_optimal_336,7885.5,16.25,8449.793085045661,10043.064320776255,0.841356065754297,0.027679589948661702,14.581851155897562,13.123666040307805,34.72572831050228,0
NYIS_shape,91,24048,2021-09-29 05:00:00,forecast_optimal_336,9072.75,8.75,9381.832542808219,10668.474383561645,0.8793977663070619,0.017650489098859225,17.252490582279698,5.202333439705299,35.3237191780822,0
NYIS_shape,92,24216,2021-10-06 05:00:00,forecast_optimal_336,10420.25,12.5,10869.475399543378,12367.510639269407,0.8788733413360118,0.02055870533127362,15.334577886102199,11.039247785272407,35.93803196347032,0
NYIS_shape,93,24384,2021-10-13 05:00:00,forecast_optimal_336,9379.75,16.25,9976.731685216895,11479.466680936073,0.869093657616101,0.013017096559475055,19.207625153086052,14.712716453873444,36.73733447488584,0
NYIS_shape,94,24552,2021-10-20 05:00:00,forecast_optimal_336,10996.25,16.25,11604.34805793379,12618.937415810502,0.9195978770284166,0.010409771752993117,21.97786753751981,8.804240068308564,37.42141894977169,0
NYIS_shape,95,24720,2021-10-27 05:00:00,forecast_optimal_336,11320.25,16.25,11938.506979166666,13210.0,0.9037476895659854,0.010008732904813872,23.4838812434984,4.038577137217491,38.04658333333333,0
NYIS_shape,96,24888,2021-11-03 05:00:00,forecast_optimal_336,10720.0,20.0,11491.648447488584,17829.456055936073,0.6445316341360059,0.01,24.808428897517324,7.760374468483242,38.58242237442923,0
NYIS_shape,97,25056,2021-11-10 05:00:00,forecast_optimal_336,10751.0,15.0,11342.535,13047.0,0.8693596229018165,0.01086404304156956,27.37768029542831,13.920319934180423,39.43566666666668,0
NYIS_shape,98,25224,2021-11-17 05:00:00,forecast_optimal_336,9694.0,15.0,10294.92190068493,11424.30730022831,0.901141892469856,0.01642135795305087,23.40358103186437,4.476495909211176,40.061460045662095,0
NYIS_shape,99,25392,2021-11-24 05:00:00,forecast_optimal_336,8539.25,7.5,8843.358065068493,10931.434677511415,0.8089842116754723,0.021336497053721468,21.399309197212364,1.2201192639546423,40.54774200913242,0
NYIS_shape,100,25560,2021-12-01 05:00:00,forecast_optimal_336,8320.0,2.5,8423.286826484018,10053.25,0.8378670406569038,0.01,36.37796243746671,3.2903822082966276,41.31473059360731,0
NYIS_shape,101,25728,2021-12-08 05:00:00,forecast_optimal_336,7450.5,15.0,8077.179160958904,8708.573590182648,0.9274973768453276,0.026072292790172157,22.040583096109586,8.223949957605596,41.778610730593606,0
NYIS_shape,102,25896,2021-12-15 05:00:00,forecast_optimal_336,11546.25,15.0,12177.97962328767,13748.394135273973,0.8857746951000538,0.02010894214654763,24.600734109393212,2.9468206293720858,42.11530821917808,0
NYIS_shape,103,26064,2021-12-22 05:00:00,forecast_optimal_336,7826.5,15.0,8458.780821917808,11274.390410958904,0.7502650266302403,0.019117858322293634,26.268229269786612,8.065349474796715,42.152054794520545,0
NYIS_shape,104,26232,2021-12-29 05:00:00,forecast_optimal_336,7952.0,15.0,8589.18535958904,10522.697559931506,0.8162531813415483,0.017316921106011553,26.818901534369502,4.5939311842165,42.47902397260274,0
NYIS_shape,105,26400,2022-01-05 05:00:00,forecast_optimal_336,23621.0,15.0,24262.59549657534,36767.75,0.659887958783862,0.01501695541996819,28.91225654625015,-1.422981421638703,42.77303310502283,0
NYIS_shape,106,26568,2022-01-12 05:00:00,forecast_optimal_336,27449.750000000004,36.25,29068.993304794523,45030.17195205479,0.6455447990681737,0.01980420161906359,31.78782560081848,28.60904304073663,44.66878082191781,0
NYIS_shape,107,26736,2022-01-19 05:00:00,forecast_optimal_336,27289.0,0.0,27289.0,40162.75,0.6794604453131322,0.02997195628824743,31.87578619293858,28.68820757364472,46.76878538812785,0
NYIS_shape,108,26904,2022-01-26 05:00:00,forecast_optimal_336,16067.5,2.5,16190.520707762556,35442.25,0.4568141330689377,0.031064916162144546,34.90223014784804,31.412007133063234,49.20828310502282,0
NYIS_shape,109,27072,2022-02-02 05:00:00,forecast_optimal_336,17066.25,8.75,17516.84961900685,26990.371374143837,0.6490036530504206,0.022061603344267905,46.99595640550785,40.39758250423785,51.49709931506849,0
NYIS_shape,110,27240,2022-02-09 05:00:00,forecast_optimal_336,16100.25,12.5,16758.860744863014,29770.25,0.5629398726870958,0.019482615152629935,50.017852955303006,15.349605448928902,52.6888595890411,0
NYIS_shape,111,27408,2022-02-16 05:00:00,forecast_optimal_336,5153.25,6.25,5483.99392836758,13928.314784531964,0.39372989577014794,0.018593405773693446,52.09483932275418,-3.9468380272006907,52.91902853881279,0
NYIS_shape,112,27576,2022-02-23 05:00:00,forecast_optimal_336,21007.25,0.0,21007.25,29058.137067636988,0.722938636812904,0.015116211135915663,58.19346512464204,-16.815704783938227,52.61218378995434,0
NYIS_shape,113,27744,2022-03-02 05:00:00,forecast_optimal_336,8003.749999999999,7.5,8406.138339041096,13875.39723173516,0.605830463708453,0.016098561204229225,59.37026469631885,-2.4138491390043457,53.65177853881278,0
NYIS_shape,114,27912,2022-03-09 05:00:00,forecast_optimal_336,6033.25,8.75,6504.912267408676,12905.57198487443,0.5040390518942169,0.01836014109536861,56.70334943125638,14.216364806428567,53.9042591324201,0
NYIS_shape,115,28080,2022-03-16 05:00:00,forecast_optimal_336,6761.25,8.75,7238.520158390411,11766.120950342465,0.6152002167018117,0.019944078977236695,55.13810814775838,14.704284691382325,54.545160958904106,0
NYIS_shape,116,28248,2022-03-23 05:00:00,forecast_optimal_336,11353.75,2.5,11490.993361872146,17822.0,0.6447645248497444,0.020737098848558407,54.12026940353106,3.7335521410184094,54.897344748858444,0
NYIS_shape,117,28416,2022-03-30 05:00:00,forecast_optimal_336,9524.25,6.25,9872.993742865297,12689.72997716895,0.7780302465559586,0.02405229046638239,50.73003065630464,13.380089653904419,55.79899885844748,0
NYIS_shape,118,28584,2022-04-06 05:00:00,forecast_optimal_336,10347.75,8.75,10841.427517123288,12845.75,0.8439699914075307,0.02648400398139552,49.201214218541786,11.71843650162079,56.42028767123287,0
NYIS_shape,119,28752,2022-04-13 05:00:00,forecast_optimal_336,7762.25,8.75,8263.268417522831,13305.824059646118,0.621026430267003,0.021488016787642318,51.14246552589902,14.819824430909394,57.25924771689498,0
NYIS_shape,120,28920,2022-04-20 05:00:00,forecast_optimal_336,6674.0,6.25,7036.911579623287,9448.326211472602,0.7447786435526261,0.014552074016657073,60.228813643252515,11.567635226862189,58.065852739726026,0
NYIS_shape,121,29088,2022-04-27 05:00:00,forecast_optimal_336,10671.0,6.25,11038.840753424658,13780.318150684932,0.801058483027548,0.013397186806950994,67.2002301685179,6.721489777791999,58.8545205479452,0
NYIS_shape,122,29256,2022-05-04 05:00:00,forecast_optimal_336,10358.5,2.5,10507.649994292238,14517.57499714612,0.7237882357320589,0.01604559635716944,68.8013442705439,10.463013459163225,59.65999771689498,0
NYIS_shape,123,29424,2022-05-11 05:00:00,forecast_optimal_336,9594.25,15.0,10503.340599315068,17556.37079908676,0.5982637709988119,0.018814960375565834,63.34136398826831,17.255248867201594,60.6060399543379,0
NYIS_shape,124,29592,2022-05-18 05:00:00,forecast_optimal_336,21412.0,15.0,22335.757671232877,31202.92689497717,0.7158225171122755,0.018156022487166322,58.24452881036821,11.766669532884004,61.583844748858446,0
NYIS_shape,125,29760,2022-05-25 05:00:00,forecast_optimal_336,16481.0,1.25,16559.403450342466,21714.32415239726,0.7626027563245301,0.0208233368508446,49.129623710769316,13.828170083277849,62.722760273972604,0
NYIS_shape,126,29928,2022-06-01 05:00:00,forecast_optimal_336,8066.0,15.0,9022.805479452054,12627.870319634703,0.7145152152396402,0.026625906916734287,36.75144457869965,4.904491898261326,63.78703196347032,0
NYIS_shape,127,30096,2022-06-08 05:00:00,forecast_optimal_336,16002.75,16.25,17052.45399543379,18193.221689497717,0.9372971036392937,0.01652017269134763,42.540701301844706,18.02033227673986,64.59716894977169,0
NYIS_shape,128,30264,2022-06-15 05:00:00,forecast_optimal_336,19151.25,16.25,20216.18388127854,22455.34392694064,0.9002838677088493,0.01143340516767093,49.06924308751868,17.94882273134771,65.53439269406392,0
NYIS_shape,129,30432,2022-06-22 05:00:00,forecast_optimal_336,18875.25,20.0,20204.178561643836,21328.91515839041,0.9472670509308991,0.01,51.59146888375849,11.675413395273738,66.44642808219177,0
NYIS_shape,130,30600,2022-06-29 05:00:00,forecast_optimal_336,29048.75,16.25,30139.272826769407,31430.181940639268,0.9589277237940289,0.01,45.84856113380273,1.8164986939220273,67.10909703196347,0
NYIS_shape,131,30768,2022-07-06 05:00:00,forecast_optimal_336,26811.25,16.25,27911.335488013698,28746.951369863014,0.9709320174129721,0.01747874421592694,36.66292179727893,8.774733719417176,67.69756849315071,0
NYIS_shape,132,30936,2022-07-13 05:00:00,forecast_optimal_336,31643.5,16.25,32751.66292522831,34536.14283105023,0.9483300751172028,0.02122287238083527,35.62552525530786,6.213861735975164,68.19464155251141,0
NYIS_shape,133,31104,2022-07-20 05:00:00,forecast_optimal_336,53485.25,16.25,54605.82527254566,57175.41956621005,0.9550577098837245,0.02683151090452575,34.12922279844285,11.17922279430561,68.95847831050227,0
NYIS_shape,134,31272,2022-07-27 05:00:00,forecast_optimal_336,36565.0,16.25,37713.800242579906,38917.90799086758,0.9690603166909633,0.03271486807489151,34.04148001151693,30.397801769919084,70.695399543379,0
NYIS_shape,135,31440,2022-08-03 05:00:00,forecast_optimal_336,51294.0,5.0,51653.56784246575,54832.02136986301,0.9420328952318323,0.04210586942959993,31.0131900547637,13.376223697936997,71.91356849315068,0
NYIS_shape,136,31608,2022-08-10 05:00:00,forecast_optimal_336,21329.25,16.25,22521.5866081621,23952.99121004566,0.9402410918397848,0.05110283051403952,30.562342048456923,27.50610784361123,73.3745605022831,0
NYIS_shape,137,31776,2022-08-17 05:00:00,forecast_optimal_336,29486.25,5.0,29856.750154109588,31346.500616438356,0.952474744133081,0.05000739842996273,28.987470195481198,7.3271122349658695,74.10003082191781,0
NYIS_shape,138,31944,2022-08-24 05:00:00,forecast_optimal_336,42120.75,20.0,43621.94561643836,45925.19561643836,0.9498477911942615,0.04746741539706652,27.66808458629303,7.623809905449358,75.05978082191781,0
NYIS_shape,139,32112,2022-08-31 05:00:00,forecast_optimal_336,23722.5,5.0,24103.53579908676,26578.89319634703,0.9068675516706436,0.02878614948476731,34.99793641083436,10.877222582213816,76.2071598173516,0
NYIS_shape,140,32280,2022-09-07 05:00:00,forecast_optimal_336,23746.5,5.0,24132.711244292237,26710.422488584474,0.9034941792705112,0.02712288262187558,34.14136436604259,16.266698885214428,77.24224885844748,0
NYIS_shape,141,32448,2022-09-14 05:00:00,forecast_optimal_336,24287.5,16.25,25556.650228310504,26890.28105022831,0.9504047272906252,0.023152000273125143,37.31849993561039,12.981484343084173,78.10155251141553,0
NYIS_shape,142,32616,2022-09-21 05:00:00,forecast_optimal_336,10309.25,16.25,11587.619005422373,15105.714032534246,0.7671017060474796,0.018151426985038535,39.54593522081089,9.049989276327592,78.66886187214611,0
NYIS_shape,143,32784,2022-09-28 05:00:00,forecast_optimal_336,6860.5,16.25,8142.659763127854,13270.21392694064,0.6136042574714612,0.017702826633967977,38.80619613315772,-7.293605744905297,78.90213926940639,0
NYIS_shape,144,32952,2022-10-05 05:00:00,forecast_optimal_336,10682.0,16.25,11965.942458618722,15852.684360730593,0.7548212142708212,0.01,48.79989965319106,-8.26651522525086,79.01184360730593,0
NYIS_shape,145,33120,2022-10-12 05:00:00,forecast_optimal_336,13505.75,16.25,14791.601592465753,16876.93287671233,0.8764389655703362,0.01,48.669357933386394,-0.11074685689967408,79.1293287671233,0
NYIS_shape,146,33288,2022-10-19 05:00:00,forecast_optimal_336,10043.5,16.25,11331.05756421233,16132.181164383563,0.702388440146513,0.01,50.84970282796734,-2.4202441481428,79.23431164383562,0
NYIS_shape,147,33456,2022-10-26 05:00:00,forecast_optimal_336,12493.5,15.0,13682.307534246575,17522.566267123286,0.7808392518348185,0.011246307517009184,49.497247902742934,-7.92926411158546,79.25383561643835,0
NYIS_shape,148,33624,2022-11-02 05:00:00,forecast_optimal_336,10611.25,0.0,10611.25,16136.438470319636,0.6575955418860039,0.01,54.6098733536166,-5.657875996924075,79.15688470319635,0
NYIS_shape,149,33792,2022-11-09 05:00:00,forecast_optimal_336,16283.0,0.0,16283.0,20901.5423244863,0.779033419984723,0.011992291011832468,55.44144914550995,-1.696019684398083,78.65948744292237,0
NYIS_shape,150,33960,2022-11-16 05:00:00,forecast_optimal_336,25849.5,6.25,26340.3002283105,28703.5,0.9176685849569043,0.012355118903024714,55.21073214538906,4.783162502633729,78.52803652968036,0
NYIS_shape,151,34128,2022-11-23 05:00:00,forecast_optimal_336,9537.75,10.0,10329.41294520548,13745.938330479452,0.7514520069031326,0.01,59.3663467857704,24.82707268186072,79.16629452054795,0
NYIS_shape,152,34296,2022-11-30 05:00:00,forecast_optimal_336,17411.25,0.0,17411.25,20571.204724600455,0.8463894182715723,0.013995679248475284,55.43145153304747,11.974552874203734,79.28004908675798,0
NYIS_shape,153,34464,2022-12-07 05:00:00,forecast_optimal_336,17238.25,0.0,17238.25,18893.43324200913,0.9123937285083334,0.013545541100577882,51.282270241776686,-0.8223266172419126,79.42166210045662,0
NYIS_shape,154,34632,2022-12-14 05:00:00,forecast_optimal_336,32186.5,0.0,32186.5,39564.25,0.8135248361841815,0.015972908785131808,49.943559613944146,-0.769524134231297,79.81494748858447,0
NYIS_shape,155,34800,2022-12-21 05:00:00,forecast_optimal_336,36612.5,3.75,36917.30045804795,56356.5,0.6550673029384001,0.021356132169259606,47.56151172987354,25.40806757428449,81.28012214611873,0
NYIS_shape,156,34968,2022-12-28 05:00:00,forecast_optimal_336,9677.5,0.0,9677.5,15415.719292237443,0.6277683069172832,0.020098097582492674,51.09238298050545,45.9831446824549,83.85969292237444,0
NYIS_shape,157,35136,2023-01-04 05:00:00,forecast_optimal_336,11657.75,0.0,11657.75,16911.00993150685,0.6893585922553614,0.020690966407602818,49.072379651429216,-32.0912993610925,84.4050993150685,0
NYIS_shape,158,35304,2023-01-11 05:00:00,forecast_optimal_336,11138.5,0.0,11138.5,15426.653310502285,0.7220295793136831,0.016168046767292193,53.12478803717424,-47.81230923345681,83.13153310502284,0
NYIS_shape,159,35472,2023-01-18 05:00:00,forecast_optimal_336,7837.5,1.25,7939.108359018265,12507.668721461185,0.634739257636078,0.01445077237348358,53.231191930307396,-34.28230404016848,81.28668721461186,0
NYIS_shape,160,35640,2023-01-25 05:00:00,forecast_optimal_336,9453.5,2.5,9650.955790525115,13403.481621004566,0.7200335005049079,0.013514848654224537,53.67651440836578,-28.236982255793137,78.98231621004567,0
NYIS_shape,161,35808,2023-02-01 05:00:00,forecast_optimal_336,20358.0,2.5,20548.78852739726,44301.04109589041,0.4638443706756018,0.010055145851873901,60.716247909867064,-15.679805047592144,76.31541095890411,0
NYIS_shape,162,35976,2023-02-08 05:00:00,forecast_optimal_336,8324.0,0.0,8324.0,13720.162557077627,0.6066983510852074,0.01140120982599516,62.3666220552489,21.84587616704781,75.78662557077627,0
NYIS_shape,163,36144,2023-02-15 05:00:00,forecast_optimal_336,7950.0,0.0,7950.0,12752.545205479451,0.6234049651973853,0.01,63.288341767521324,-16.675942279140823,74.72795205479451,0
NYIS_shape,164,36312,2023-02-22 05:00:00,forecast_optimal_336,11890.5,10.0,12627.6375,18866.7328125,0.6693070615614837,0.01,59.75827807158306,-11.813979010888486,73.71374999999999,0
NYIS_shape,165,36480,2023-03-01 05:00:00,forecast_optimal_336,7760.5,15.0,8855.997380136987,12477.56586757991,0.7097536069232272,0.01,60.41659055677184,2.2162868015431316,73.03315867579909,0
NYIS_shape,166,36648,2023-03-08 05:00:00,forecast_optimal_336,9509.5,1.25,9600.221327054795,14656.234837328768,0.6550264398468469,0.010582757439246233,59.76285487191891,-13.612886021843435,72.57706164383562,0
NYIS_shape,167,36816,2023-03-15 05:00:00,forecast_optimal_336,8437.25,1.25,8527.407665525114,16626.45557648402,0.5128818722846759,0.01078666396903928,59.11577364724952,-9.823313087755043,72.12613242009131,0
NYIS_shape,168,36984,2023-03-22 05:00:00,forecast_optimal_336,9529.75,3.75,9799.395282534246,14263.159106735158,0.6870424153024351,0.0112037536113922,57.97661166845055,-10.725747271574702,71.90540867579908,0
NYIS_shape,169,37152,2023-03-29 05:00:00,forecast_optimal_336,9436.25,7.5,9970.986164383561,15441.070136986302,0.6457445031934581,0.02024578913977441,45.107813719168995,-10.650566437674764,71.29815525114157,0
NYIS_shape,170,37320,2023-04-05 05:00:00,forecast_optimal_336,9683.75,3.75,9948.526532534246,16096.448690068493,0.6180572326287403,0.01,64.44822841007137,-13.715535823722623,70.60707534246576,0
NYIS_shape,171,37488,2023-04-12 05:00:00,forecast_optimal_336,8629.75,10.0,9329.419680365298,16014.696803652969,0.5825536252573478,0.01,63.50512374371568,-12.719912913186587,69.96696803652968,0
NYIS_shape,172,37656,2023-04-19 05:00:00,forecast_optimal_336,9403.25,0.0,9403.25,13875.304853025114,0.6776968217710827,0.01,55.065984829079305,-8.21680102968554,69.34232762557077,0
NYIS_shape,173,37824,2023-04-26 05:00:00,forecast_optimal_336,6075.25,5.0,6418.265633561644,11499.308762842466,0.558143603753026,0.01,44.97241740007718,-5.227667001212279,68.60312671232877,0
NYIS_shape,174,37992,2023-05-03 05:00:00,forecast_optimal_336,5549.749999999999,8.75,6143.506850742008,10285.792579908677,0.5972808418033017,0.01,46.39952186981228,-9.847530583291569,67.85792579908676,0
NYIS_shape,175,38160,2023-05-10 05:00:00,forecast_optimal_336,10140.5,2.5,10307.846643835617,16413.615753424656,0.62800584579817,0.01,41.59170969376533,-19.7642189944559,66.93865753424656,0
NYIS_shape,176,38328,2023-05-17 05:00:00,forecast_optimal_336,7864.0,1.25,7946.455944634703,12680.225570776256,0.626680960861506,0.01,40.52980537956319,-15.158103231982613,65.96475570776256,0
NYIS_shape,177,38496,2023-05-24 05:00:00,forecast_optimal_336,5738.25,15.0,6709.072893835616,10942.902625570776,0.6130981078236246,0.01,39.5797457388381,-9.277633619417262,64.72152625570776,0
NYIS_shape,178,38664,2023-05-31 05:00:00,forecast_optimal_336,6981.25,0.0,6981.25,14939.807963755708,0.46729181639661377,0.01,38.4505227257138,-4.610043338743685,63.684131278538814,0
NYIS_shape,179,38832,2023-06-07 05:00:00,forecast_optimal_336,6017.5,10.0,6644.560639269406,10309.591232876712,0.6445028216133607,0.01,27.579128413604234,-20.952771263151245,62.70606392694064,0
NYIS_shape,180,39000,2023-06-14 05:00:00,forecast_optimal_336,6634.0,10.0,7250.145719178082,10533.93897688356,0.6882653995896812,0.01,27.02660212286469,-19.894881487852523,61.61457191780822,0
NYIS_shape,181,39168,2023-06-21 05:00:00,forecast_optimal_336,7838.25,13.75,8670.480883276256,12219.273535958904,0.7095741704906389,0.01,25.382576296902723,-13.053799445452555,60.52588242009132,0
NYIS_shape,182,39336,2023-06-28 05:00:00,forecast_optimal_336,9097.0,10.0,9694.830079908676,14335.13575913242,0.6762984489862564,0.01,23.48656560556018,-4.741483008967445,59.78300799086758,0
NYIS_shape,183,39504,2023-07-05 05:00:00,forecast_optimal_336,18201.75,13.75,19014.623206335615,22136.38680222603,0.8589759194315989,0.01,24.40501189270605,-15.326836221696015,59.11805136986302,0
NYIS_shape,184,39672,2023-07-12 05:00:00,forecast_optimal_336,20339.5,6.25,20705.989947203198,22921.46529252283,0.9033449512478446,0.01,27.061728403454453,-19.023858236230296,58.638391552511415,0
NYIS_shape,185,39840,2023-07-19 05:00:00,forecast_optimal_336,13470.0,6.25,13831.048066495434,15631.044091038813,0.8848447989744136,0.01,27.391593271468476,-17.29766994102621,57.767690639269404,0
NYIS_shape,186,40008,2023-07-26 05:00:00,forecast_optimal_336,32238.25,16.25,33146.41102311644,39898.433219178085,0.8307697407822988,0.01,29.000167529209875,-10.468326603041298,55.886832191780826,0
NYIS_shape,187,40176,2023-08-02 05:00:00,forecast_optimal_336,8327.5,6.25,8670.834046803653,11389.011130136987,0.7613333543822219,0.025164216509056248,23.845477452869336,-0.641554029300916,54.93344748858448,0
NYIS_shape,188,40344,2023-08-09 05:00:00,forecast_optimal_336,9919.5,6.25,10252.488334760274,12748.04368578767,0.8042401318557136,0.028386323599722582,22.280792743879356,-20.05271346949142,53.278133561643834,0
NYIS_shape,189,40512,2023-08-16 05:00:00,forecast_optimal_336,10865.5,6.25,11190.761729452055,14108.385325342466,0.7931993258895778,0.022646654260682665,24.504191641138373,-22.053772477024534,52.04187671232877,0
NYIS_shape,190,40680,2023-08-23 05:00:00,forecast_optimal_336,5877.75,20.0,6893.646073059361,8720.493356164385,0.7905110171532149,0.02004170562403286,25.90768193093931,-17.853478179984837,50.794803652968035,0
NYIS_shape,191,40848,2023-08-30 05:00:00,forecast_optimal_336,12431.75,13.75,13108.14328053653,14353.26491152968,0.9132516790662053,0.016518080048695358,27.482643590686155,-11.583977477555853,49.192238584474886,0
NYIS_shape,192,41016,2023-09-06 05:00:00,forecast_optimal_336,19754.0,6.25,20053.498194920092,21798.025811929223,0.9199685498099366,0.01,33.804009024699745,-16.372048182891835,47.91971118721462,0
NYIS_shape,193,41184,2023-09-13 05:00:00,forecast_optimal_336,5746.0,6.25,6040.152832477169,8619.034186643836,0.7007923047616015,0.01,35.60626210932286,-7.874459269544897,47.064453196347024,0
NYIS_shape,194,41352,2023-09-20 05:00:00,forecast_optimal_336,5899.5,20.0,6815.61205479452,9384.560273972602,0.7262580084542828,0.01,34.19385530015704,-12.016471821972976,45.80560273972602,0
NYIS_shape,195,41520,2023-09-27 05:00:00,forecast_optimal_336,6906.0,20.0,7804.856210045662,10046.31740582192,0.7768872806589494,0.01,33.055683371416876,-8.615664700204198,44.94281050228311,0
NYIS_shape,196,41688,2023-10-04 05:00:00,forecast_optimal_336,9112.75,20.0,10001.321940639269,13141.109703196347,0.7610713376973499,0.01,32.382200278345,-6.913244701699425,44.42859703196346,0
NYIS_shape,197,41856,2023-10-11 05:00:00,forecast_optimal_336,9577.75,20.0,10452.4649543379,13453.155087043378,0.7769526840885512,0.01,30.26033276420919,-6.6969030981079065,43.73574771689498,0
NYIS_shape,198,42024,2023-10-18 05:00:00,forecast_optimal_336,12353.75,12.5,12891.888627283104,15301.534253710046,0.842522613322733,0.01,31.58264629023218,-3.5974704007920337,43.05109018264841,0
NYIS_shape,199,42192,2023-10-25 05:00:00,forecast_optimal_336,12592.75,68.75,15519.780229737444,17061.155303938358,0.9096558792917672,0.01,34.109611739902405,0.7293009489017063,42.57498515981735,0
NYIS_shape,200,42360,2023-11-01 05:00:00,forecast_optimal_336,9463.0,8.75,9832.30917237443,13922.341723744292,0.7062252433874404,0.01,37.008040239729844,3.894276288830255,42.206762557077624,0
NYIS_shape,201,42528,2023-11-08 05:00:00,forecast_optimal_336,8860.75,1.25,8913.345418093608,11284.866322773973,0.7898494464312438,0.01,34.36274382268996,-20.621189517125615,42.07633447488585,0
NYIS_shape,202,42696,2023-11-15 05:00:00,forecast_optimal_336,9588.75,15.0,10217.271643835616,11858.8401826484,0.8615742759384942,0.01,32.46546027327389,-19.26703207166496,41.90144292237442,0
NYIS_shape,203,42864,2023-11-22 05:00:00,forecast_optimal_336,8794.5,11.25,9256.02274828767,11190.75,0.827113709830679,0.01,33.814848700481,-13.625924332553831,41.02424429223744,0
NYIS_shape,204,43032,2023-11-29 05:00:00,forecast_optimal_336,6117.25,3.75,6268.843642979452,11456.718500285388,0.5471761955941655,0.01,30.60265971812463,-7.413275854370166,40.424971461187205,0
NYIS_shape,205,43200,2023-12-06 05:00:00,forecast_optimal_336,8405.25,3.75,8555.244293664384,12796.859243721461,0.6685425017753364,0.01,31.977914264412895,-22.319855360714715,39.99847831050228,0
NYIS_shape,206,43368,2023-12-13 05:00:00,forecast_optimal_336,5539.0,25.0,6529.229880136986,9133.086194349315,0.71489852840507,0.01,35.54567924520287,-26.35590487153887,39.60919520547945,0
NYIS_shape,207,43536,2023-12-20 05:00:00,forecast_optimal_336,5583.5,12.5,6058.314169520548,8028.513356164383,0.7545997497617545,0.01,34.27795169018707,-22.859245366465494,37.985133561643835,0
NYIS_shape,208,43704,2023-12-27 05:00:00,forecast_optimal_336,5608.25,15.0,6136.694760273973,7672.8807876712335,0.7997901870356697,0.01,33.390944125279745,-7.315809057653363,35.229650684931514,0
NYIS_shape,209,43872,2024-01-03 05:00:00,forecast_optimal_336,9442.25,12.5,9866.216880707763,12911.75,0.7641270068509507,0.018668639073343124,23.876274008688075,-4.984599303861097,33.917350456621,0
NYIS_shape,210,44040,2024-01-10 05:00:00,forecast_optimal_336,27581.5,12.5,28006.22839611872,32565.25,0.8600034821203191,0.015871713463354083,23.819459547931253,0.24384818375541112,33.97827168949772,0
NYIS_shape,211,44208,2024-01-17 05:00:00,forecast_optimal_336,32605.75,8.75,32909.18688498859,39912.25,0.8245385034666948,0.01652070180650393,29.630751511286704,21.309956272267844,34.678501141552516,0
NYIS_shape,212,44376,2024-01-24 05:00:00,forecast_optimal_336,6390.75,15.0,6936.962482876712,8806.017706906392,0.7877525021822502,0.02019117223034791,32.49993199073794,29.24993879166415,36.41416552511415,0
NYIS_shape,213,44544,2024-01-31 05:00:00,forecast_optimal_336,4418.75,15.0,4965.144863013698,6255.796147260274,0.7936871256887397,0.019623616276182653,32.88413516976825,-17.321920964497078,36.42632420091324,0
NYIS_shape,214,44712,2024-02-07 05:00:00,forecast_optimal_336,4320.0,15.0,4847.278869863014,5966.25,0.8124498420051144,0.017557708212303645,34.70678061240946,-4.391623025511497,35.151924657534245,0
NYIS_shape,215,44880,2024-02-14 05:00:00,forecast_optimal_336,8235.75,15.0,8762.498441780823,9710.535174086759,0.9023702900705372,0.01663069461122476,34.75415472786731,-7.761129214339551,35.11656278538813,0
NYIS_shape,216,45048,2024-02-21 05:00:00,forecast_optimal_336,5073.25,15.0,5601.289623287671,8072.754249429223,0.6938511256779191,0.017033766058720347,34.29779946282597,-6.748859362171533,35.20264155251141,0
NYIS_shape,217,45216,2024-02-28 05:00:00,forecast_optimal_336,5819.75,13.75,6299.90756563927,8069.897457191781,0.7806676105933514,0.0180471545049288,32.76722887284331,-7.517267891303306,34.920550228310496,0
NYIS_shape,218,45384,2024-03-06 05:00:00,forecast_optimal_336,5841.75,10.0,6189.002831050228,7990.308498858448,0.7745636894913924,0.013688041990938208,37.15690605809198,-2.3442008092465114,34.72528310502283,0
NYIS_shape,219,45552,2024-03-13 05:00:00,forecast_optimal_336,6525.25,10.0,6870.224337899544,8827.160079908675,0.7783051712788948,0.013525589258201059,36.99843296984187,1.1301352634711537,34.497433789954336,0
NYIS_shape,220,45720,2024-03-20 05:00:00,forecast_optimal_336,7336.25,10.0,7678.833595890411,10037.513009417808,0.7650135634878541,0.012900063928831794,38.045188907689926,0.6004985499963748,34.25835958904109,0
NYIS_shape,221,45888,2024-03-27 05:00:00,forecast_optimal_336,5017.0,0.0,5017.0,6592.553988299087,0.7610100742298831,0.01318738821058388,37.993660973137025,4.268756124191132,34.25694634703196,0
NYIS_shape,222,46056,2024-04-03 05:00:00,forecast_optimal_336,4831.75,10.0,5173.5784589041095,6476.227572773973,0.7988568037129835,0.014234699618425018,36.784336127286124,-0.08346071687622651,34.18284589041097,0
NYIS_shape,223,46224,2024-04-10 05:00:00,forecast_optimal_336,5004.0,10.0,5345.658595890411,7775.3053895547955,0.6875175093536097,0.013327991504294466,37.308411572781885,-1.4368178857771337,34.165859589041105,0
NYIS_shape,224,46392,2024-04-17 05:00:00,forecast_optimal_336,6724.5,0.0,6724.5,8991.148030821918,0.7479022675356047,0.020160676381088562,28.410324915455014,-2.02722642117052,34.08169178082192,0
NYIS_shape,225,46560,2024-04-24 05:00:00,forecast_optimal_336,6439.0,0.0,6439.0,8383.64,0.7680434751492192,0.01690881662720875,33.33699578238875,-2.386070647542693,33.998666666666665,0
NYIS_shape,226,46728,2024-05-01 05:00:00,forecast_optimal_336,6195.25,0.0,6195.25,7486.673664383561,0.8275036788998477,0.01,44.57033527942045,-2.783166878755,33.93153424657534,0
NYIS_shape,227,46896,2024-05-08 05:00:00,forecast_optimal_336,5676.5,0.0,5676.5,6433.16158390411,0.8823810697064891,0.025156179459242804,25.728099993118118,0.6768880150900546,33.88680707762557,0
NYIS_shape,228,47064,2024-05-15 05:00:00,forecast_optimal_336,4918.75,10.0,5257.9375342465755,7325.72676369863,0.7177359603829854,0.014535928865688337,25.632970509144926,2.0798172389582636,33.91875342465753,0
NYIS_shape,229,47232,2024-05-22 05:00:00,forecast_optimal_336,7099.25,15.0,7609.225154109589,13365.64647545662,0.5693121666866197,0.01,18.73031336955532,2.2587418486520514,33.998343607305934,0
NYIS_shape,230,47400,2024-05-29 05:00:00,forecast_optimal_336,6926.5,8.75,7225.780684931507,8516.293698630136,0.8484654170738368,0.01,19.23481223077796,4.191099778232096,34.20350684931506,0
NYIS_shape,231,47568,2024-06-05 05:00:00,forecast_optimal_336,6802.5,20.0,7486.18406392694,8344.677017694064,0.8971208889275434,0.01003039051468673,18.789947263414952,-0.7116106795784487,34.184203196347035,0
NYIS_shape,232,47736,2024-06-12 05:00:00,forecast_optimal_336,14881.0,20.0,15565.843150684932,17448.5,0.8921020804473125,0.01,18.230926013138557,-1.6317128467182487,34.24215753424657,0
NYIS_shape,233,47904,2024-06-19 05:00:00,forecast_optimal_336,28462.75,20.0,29151.092739726028,29985.592739726028,0.9721699681829393,0.01,18.81858289626234,1.7134787361606587,34.41713698630137,0
NYIS_shape,234,48072,2024-06-26 05:00:00,forecast_optimal_336,9816.0,20.0,10512.463561643835,11117.948630136987,0.9455398573391599,0.01,25.017769289414794,10.532939951601373,34.82317808219178,0
NYIS_shape,235,48240,2024-07-03 05:00:00,forecast_optimal_336,19032.75,20.0,19727.481506849315,20294.981506849315,0.9720374221672251,0.026784767411264218,15.525505606689702,-2.640574085632147,34.736575342465756,0
NYIS_shape,236,48408,2024-07-10 05:00:00,forecast_optimal_336,39348.5,20.0,40041.87333333334,41428.25,0.9665354759936357,0.027497407575396288,16.865012509378918,-1.0065445961252955,34.66866666666667,0
NYIS_shape,237,48576,2024-07-17 05:00:00,forecast_optimal_336,17765.75,37.5,19079.109674657535,19655.708493150683,0.9706650707251752,0.04122618065503546,18.615145518555586,7.051674845036531,35.022924657534254,0
NYIS_shape,238,48744,2024-07-24 05:00:00,forecast_optimal_336,12896.5,20.0,13599.787557077625,13863.787557077625,0.9809575847211229,0.04821048970164009,18.354616528334386,-3.2768252869512238,35.16437785388128,0
NYIS_shape,239,48912,2024-07-31 05:00:00,forecast_optimal_336,25837.0,5.0,26010.98845890411,27278.904785958905,0.953520262745027,0.01,42.69954116745924,-4.697022956336894,34.79769178082192,0
NYIS_shape,240,49080,2024-08-07 05:00:00,forecast_optimal_336,6983.0,5.0,7158.863105022831,8435.538812785388,0.8486551083343303,0.0570402343618807,18.4417504649385,8.84657787733809,35.17262100456621,0
NYIS_shape,241,49248,2024-08-14 05:00:00,forecast_optimal_336,8831.25,20.0,9535.062488584475,10228.71479594749,0.9321857807944912,0.05686937211939148,18.40986676742566,-1.2687720439120103,35.190624429223746,0
NYIS_shape,242,49416,2024-08-21 05:00:00,forecast_optimal_336,10664.5,20.0,11369.439703196347,12383.939703196347,0.9180793814961685,0.05677283039784395,18.11044571015479,0.35972032589019093,35.246985159817356,0
NYIS_shape,243,49584,2024-08-28 05:00:00,forecast_optimal_336,9144.25,20.0,9851.67194063927,10813.07937642694,0.911088469591411,0.05193363521445065,17.561326002161124,-1.0561473548575013,35.37109703196347,0
NYIS_shape,244,49752,2024-09-04 05:00:00,forecast_optimal_336,7356.75,20.0,8066.271369863014,8764.254280821919,0.9203602624257216,0.029251087959524608,22.93289445977125,0.5388405877808915,35.476068493150684,0
NYIS_shape,245,49920,2024-09-11 05:00:00,forecast_optimal_336,10392.0,20.0,11094.899155251142,11510.848732876711,0.963864560530836,0.03659624740263793,19.983228408866992,1.9210774137890452,35.14495776255708,0
NYIS_shape,246,50088,2024-09-18 05:00:00,forecast_optimal_336,7199.75,12.5,7640.754780251142,8326.315774828767,0.9176633443749347,0.035607401370143836,19.10362426777352,4.0371805475421105,35.28038242009133,0
NYIS_shape,247,50256,2024-09-25 05:00:00,forecast_optimal_336,7644.0,20.0,8353.60609589041,8768.373240582192,0.9526973666253009,0.0238729208160689,20.610841451541454,2.951830810927834,35.48030479452054,0
NYIS_shape,248,50424,2024-10-02 05:00:00,forecast_optimal_336,9726.75,20.0,10439.619954337899,11513.588002283104,0.9067216885186232,0.01,31.841760305694823,2.4751570435173673,35.64349771689498,0
NYIS_shape,249,50592,2024-10-09 05:00:00,forecast_optimal_336,11062.5,12.5,11509.287428652968,13555.25,0.8490649326757506,0.010302352922950252,32.178383574909915,-1.2570030670539338,35.74299429223744,0
NYIS_shape,250,50760,2024-10-16 05:00:00,forecast_optimal_336,12927.25,15.0,13465.965034246576,16027.395976027397,0.8401842104848459,0.013539351485937984,28.777420863221497,-1.0476316691428467,35.91433561643836,0
NYIS_shape,251,50928,2024-10-23 05:00:00,forecast_optimal_336,13620.5,15.0,14161.325993150685,16494.49230022831,0.8585487649689387,0.014127148258546583,27.155566022764248,-1.0827047724416405,36.055066210045666,0
NYIS_shape,252,51096,2024-10-30 05:00:00,forecast_optimal_336,10991.75,2.5,11081.994280821918,12557.049828767122,0.8825316799678554,0.01766446629110754,26.224024574300543,-2.422963502617171,36.097712328767116,0
NYIS_shape,253,51264,2024-11-06 05:00:00,forecast_optimal_336,11727.5,2.5,11817.63022260274,13298.606892123287,0.8886367059697265,0.010720529814981537,37.729683136095794,0.3233200942859475,36.0520890410959,0
NYIS_shape,254,51432,2024-11-13 05:00:00,forecast_optimal_336,11878.25,2.5,11968.354928652969,13031.3732163242,0.9184262264594183,0.01,27.99945883494718,1.5372804563124658,36.04197146118721,0
NYIS_shape,255,51600,2024-11-20 05:00:00,forecast_optimal_336,8598.5,2.5,8688.56560216895,10526.295209760274,0.8254153459531204,0.01,27.11109408523675,3.2499529571433023,36.02624086757991,0
NYIS_shape,256,51768,2024-11-27 05:00:00,forecast_optimal_336,19115.0,0.0,19115.0,23458.101152968036,0.8148570881911077,0.01,26.67953235232553,6.272926347207984,36.04046118721461,0
NYIS_shape,257,51936,2024-12-04 05:00:00,forecast_optimal_336,13152.0,0.0,13152.0,15579.75,0.8441727242093101,0.01,29.900026250784514,16.275087094975913,36.48584931506849,0
NYIS_shape,258,52104,2024-12-11 05:00:00,forecast_optimal_336,9079.75,0.0,9079.75,14197.478515981735,0.6395325754343745,0.013318946983567486,29.521607693921105,9.810079931999262,36.99570319634704,0
NYIS_shape,259,52272,2024-12-18 05:00:00,forecast_optimal_336,19955.5,15.0,20519.01102739726,25207.709252283104,0.8139974490359063,0.017541146624400466,27.096846369889267,2.837422845957003,37.56740182648401,0
NYIS_shape,260,52440,2024-12-25 05:00:00,forecast_optimal_336,7879.25,15.0,8461.48279109589,13671.269399257992,0.6189244424921607,0.023504665604466655,26.011321780234887,18.26456907559106,38.815519406392696,0
NYIS_shape,261,52608,2025-01-01 05:00:00,forecast_optimal_336,22355.0,15.0,22947.00256849315,28225.75,0.8129811455317627,0.03121525758241422,23.378807988569648,-6.475774040638552,39.46683789954338,0
NYIS_shape,262,52776,2025-01-08 05:00:00,forecast_optimal_336,14779.25,8.75,15131.743010844748,24653.25,0.6137828891056858,0.02191412165362621,29.99467145473083,3.941685072550771,40.28491552511415,0
NYIS_shape,263,52944,2025-01-15 05:00:00,forecast_optimal_336,37458.75,15.0,38075.85993150685,52714.0,0.7223102009239832,0.020224842857688826,35.03791010418126,13.972989717312078,41.14066210045662,0
NYIS_shape,264,53112,2025-01-22 05:00:00,forecast_optimal_336,27855.5,0.0,27855.5,37859.0,0.7357695660212895,0.012211706750676773,57.19940598144176,51.47946538329757,41.76102853881278,0
NYIS_shape,265,53280,2025-01-29 05:00:00,forecast_optimal_336,20641.5,6.25,20918.230743436074,28469.25,0.7347657821486717,0.01573972327450446,58.570126452303924,32.67867955588666,44.27691894977169,0
NYIS_shape,266,53448,2025-02-05 05:00:00,forecast_optimal_336,27022.000000000004,8.75,27418.551078767126,35961.5,0.7624418080104314,0.017743631541456823,57.83749511729611,8.263151239546355,45.32012328767124,0
NYIS_shape,267,53616,2025-02-12 05:00:00,forecast_optimal_336,23029.5,6.25,23321.742101883563,34817.19842037671,0.6698339659699486,0.019138560113471224,57.320586318214545,24.087905430406742,46.758736301369865,0
NYIS_shape,268,53784,2025-02-19 05:00:00,forecast_optimal_336,21658.5,0.0,21658.5,27119.554454908677,0.7986303770591549,0.019873165348154333,57.33367320227349,22.397024939238168,48.42178196347032,0
NYIS_shape,269,53952,2025-02-26 05:00:00,forecast_optimal_336,20172.75,6.25,20486.371732305935,26676.25,0.7679629532751393,0.02075271089380936,57.38775210540944,13.326147945576658,50.179477168949774,0
NYIS_shape,270,54120,2025-03-05 05:00:00,forecast_optimal_336,9364.0,2.5,9491.440094178082,15099.511553938357,0.6285925250146559,0.023356593330611675,52.96422007859292,3.0869822681744368,50.97603767123288,0
NYIS_shape,271,54288,2025-03-12 05:00:00,forecast_optimal_336,11114.25,2.5,11242.812793949772,16694.696612442924,0.6734361848522756,0.023883376935511003,51.45416932413129,6.989368686870022,51.42511757990867,0
NYIS_shape,272,54456,2025-03-19 05:00:00,forecast_optimal_336,11895.25,2.5,12024.902037671232,13700.402037671232,0.8777043187934944,0.025323088781536978,50.03002264367565,1.8913224790180139,51.86081506849315,0
NYIS_shape,273,54624,2025-03-26 05:00:00,forecast_optimal_336,10653.25,6.25,10979.432377283105,13269.749183789954,0.8274031577548842,0.025556327115283814,48.495748704352486,0.30469326278309783,52.18918036529681,0
NYIS_shape,274,54792,2025-04-02 05:00:00,forecast_optimal_336,8374.75,8.75,8834.7429038242,12274.75,0.719749314961543,0.028588178812123843,46.164038124696944,-0.021149876864909396,52.57061757990867,0
NYIS_shape,275,54960,2025-04-09 05:00:00,forecast_optimal_336,11975.5,6.25,12306.589112442922,15462.952982305937,0.7958757377407276,0.029700508582636734,45.078180187967156,10.749631641331673,52.97425799086758,0
NYIS_shape,276,55128,2025-04-16 05:00:00,forecast_optimal_336,10102.0,6.25,10436.345448059361,12803.705362442925,0.8151035307851011,0.032680903386738416,41.72512676624566,10.685370870439309,53.49527168949773,0
NYIS_shape,277,55296,2025-04-23 05:00:00,forecast_optimal_336,10231.5,6.25,10567.445662100457,12923.489269406393,0.8176929188246888,0.05182409826087814,32.6464063162705,0.23411963576696979,53.75130593607307,0
NYIS_shape,278,55464,2025-04-30 05:00:00,forecast_optimal_336,10534.5,6.25,10871.416588184931,13671.798964041096,0.7951708927829033,0.06581339518023195,32.45231305215997,-4.89465287107194,53.90665410958905,0
NYIS_shape,279,55632,2025-05-07 05:00:00,forecast_optimal_336,9665.75,0.0,9665.75,12764.346399828766,0.7572459801098524,0.06537199428905582,33.8328258197942,3.7149932637726737,54.22140753424657,0
NYIS_shape,280,55800,2025-05-14 05:00:00,forecast_optimal_336,11622.25,0.0,11622.25,15091.086164383561,0.7701400597280827,0.08198514899467237,30.557005065171797,2.0791546466708186,54.46476712328767,0
NYIS_shape,281,55968,2025-05-21 05:00:00,forecast_optimal_336,9343.75,15.0,10163.75852739726,12880.973515981736,0.789052047563551,0.07861584997182447,27.064619194195835,0.16566767537846375,54.667235159817345,0
NYIS_shape,282,56136,2025-05-28 05:00:00,forecast_optimal_336,9815.25,15.0,10634.647140410958,13154.316652397261,0.8084530288749652,0.07117028942080598,24.376337295901184,-3.628250219198307,54.62647602739726,0
NYIS_shape,283,56304,2025-06-04 05:00:00,forecast_optimal_336,9877.0,15.0,10697.41984589041,15067.177472888128,0.7099816714271364,0.09981650068999949,19.765148156948776,-3.5491421723050824,54.694656392694064,0
NYIS_shape,284,56472,2025-06-11 05:00:00,forecast_optimal_336,10298.75,20.0,11396.180639269407,14022.49080194064,0.8127073000249168,0.09753693553658657,16.59474889759819,0.623831367079998,54.87153196347032,0
NYIS_shape,285,56640,2025-06-18 05:00:00,forecast_optimal_336,46459.25,8.75,46940.413778538816,55931.5,0.8392482550716289,0.06780278081259931,16.565735546225753,-1.0563871974017391,54.990146118721455,0
NYIS_shape,286,56808,2025-06-25 05:00:00,forecast_optimal_336,29469.0,8.75,29953.230953196347,32439.656803652968,0.9233522763355305,0.03791647436835478,24.74836164627027,20.116207776064222,55.340680365296805,0
NYIS_shape,287,56976,2025-07-02 05:00:00,forecast_optimal_336,27240.5,8.75,27729.437244577624,29668.070844748858,0.9346558928514098,0.04131305279814641,25.37658697378386,10.179334436946549,55.87854223744293,0
NYIS_shape,288,57144,2025-07-09 05:00:00,forecast_optimal_336,25816.5,8.75,26309.198695776256,28294.261863584474,0.9298421998997949,0.0399095016705656,26.39002775336037,5.016366559651744,56.30842237442922,0
NYIS_shape,289,57312,2025-07-16 05:00:00,forecast_optimal_336,37468.25,8.75,37962.913110730595,40206.307933789954,0.944202913961817,0.03395487866576493,28.970561333445946,7.293460299766608,56.53292694063927,0
NYIS_shape,290,57480,2025-07-23 05:00:00,forecast_optimal_336,76601.25,20.0,77741.8199543379,89095.0,0.8725721977028779,0.03620458945216634,31.64268911864846,9.645272780467986,57.02849771689498,0
NYIS_shape,291,57648,2025-07-30 05:00:00,forecast_optimal_336,33119.25,15.0,33989.831797945204,37308.92415810502,0.9110375751899354,0.04537921527650529,36.542380617285986,12.681111007501656,58.038786529680365,0
NYIS_shape,292,57816,2025-08-06 05:00:00,forecast_optimal_336,37489.5,0.0,37489.5,39063.25,0.9597127735147485,0.043738921002301784,39.60964740435016,8.758614499273207,58.29994178082192,0
NYIS_shape,293,57984,2025-08-13 05:00:00,forecast_optimal_336,21261.5,15.0,22145.281284246576,26849.945503710045,0.8247793754809151,0.045452867540584134,40.05382001139248,10.976342775454324,58.91875228310502,0
NYIS_shape,294,58152,2025-08-20 05:00:00,forecast_optimal_336,11187.25,15.0,12077.900719178082,15782.479674657534,0.7652726927677898,0.046650328027473424,39.688182312545415,4.993908668917321,59.37671461187214,0
NYIS_shape,295,58320,2025-08-27 05:00:00,forecast_optimal_336,9343.25,8.75,9864.09310074201,13079.180265410958,0.7541828234318684,0.0494791690846823,38.50340000629838,-7.763661278394043,59.52492579908675,0
NYIS_shape,296,58488,2025-09-03 05:00:00,forecast_optimal_336,9807.0,12.5,10549.914683219178,14156.817465753425,0.7452179636235574,0.04899146548141767,38.85094068662129,-8.080076298325237,59.43317465753425,0
NYIS_shape,297,58656,2025-09-10 05:00:00,forecast_optimal_336,12768.75,15.0,13662.364589041095,15649.430593607307,0.8730263064409567,0.048613960641540374,38.35896500521064,2.4529049929653657,59.57430593607306,0
NYIS_shape,298,58824,2025-09-17 05:00:00,forecast_optimal_336,15078.75,1.25,15153.296850742008,17529.68585045662,0.8644363042220343,0.04752086260010727,38.247662662538666,2.5348352564507284,59.6374805936073,0
NYIS_shape,299,58992,2025-09-24 05:00:00,forecast_optimal_336,14072.5,0.0,14072.5,18579.465376712327,0.7574222247341197,0.06428175348568975,28.844704048354803,4.02160213038639,59.75092694063927,0
NYIS_shape,300,59160,2025-10-01 05:00:00,forecast_optimal_336,24104.5,15.0,25003.65772260274,28007.58671518265,0.8927458826378816,0.04978088761670053,29.744325234475447,6.17639265188456,59.94384817351598,0
NYIS_shape,301,59328,2025-10-08 05:00:00,forecast_optimal_336,13493.75,15.0,14395.878339041095,18372.12475742009,0.7835717713176819,0.05162015567297729,29.565529747487155,2.2998302296839026,60.141889269406384,0
NYIS_shape,302,59496,2025-10-15 05:00:00,forecast_optimal_336,16525.0,0.0,16525.0,21185.198290525113,0.7800257412455117,0.054051326395935934,29.751267994560894,2.0197018493881536,60.32475570776257,0
NYIS_shape,303,59664,2025-10-22 05:00:00,forecast_optimal_336,24304.25,0.0,24304.25,28424.146638127855,0.855056452861052,0.05822796907504617,27.52648524432639,1.2610727920693812,60.47339269406393,0
NYIS_shape,304,59832,2025-10-29 05:00:00,forecast_optimal_336,17857.25,6.25,18237.628916952053,21432.039169520547,0.8509516417312541,0.08073979893202059,24.31448452091781,5.367902556364203,60.86062671232877,0
NYIS_shape,305,60000,2025-11-05 05:00:00,forecast_optimal_336,18749.75,2.5,18902.908116438357,22047.25,0.8573816741969341,0.06657422916804515,27.772293718035986,7.294328653663041,61.26324657534247,0
NYIS_shape,306,60168,2025-11-12 05:00:00,forecast_optimal_336,16782.0,2.5,16936.3996489726,19197.897016267125,0.8822007761903156,0.06525038355942969,29.442592161239027,9.065351264240446,61.75985958904109,0
NYIS_shape,307,60336,2025-11-19 05:00:00,forecast_optimal_336,16791.0,2.5,16946.613630136988,19202.43171232877,0.8825243533742942,0.058068308969209795,28.980932922957816,7.693317179215646,62.24545205479453,0
NYIS_shape,308,60504,2025-11-26 05:00:00,forecast_optimal_336,17559.75,0.0,17559.75,20455.0,0.8584575898313371,0.051700388152906444,20.491743203804347,7.545997876117498,62.72258561643835,0
NYIS_shape,309,60672,2025-12-03 05:00:00,forecast_optimal_336,32983.75,1.25,33062.346240011415,36626.75,0.902683045588577,0.07194655797684227,15.227810723922259,2.608908296976928,62.876992009132415,0
NYIS_shape,310,60840,2025-12-10 05:00:00,forecast_optimal_336,24800.25,15.0,25762.624623287673,29989.197885273974,0.8590634775176252,0.05014087329480109,21.23830640778759,19.11447576700883,64.15830821917808,0
NYIS_shape,311,61008,2025-12-17 05:00:00,forecast_optimal_336,10632.75,15.0,11616.790119863013,14355.586926369862,0.8092173576354488,0.048972356164004596,24.244596660959218,20.161647966914753,65.60267465753425,0
NYIS_shape,312,61176,2025-12-24 05:00:00,forecast_optimal_336,8375.0,15.0,9353.35470890411,16167.75,0.5785192564768821,0.041190559401262254,26.813605860654828,-18.192524782734196,65.22364726027398,0
NYIS_shape,313,61344,2025-12-31 05:00:00,forecast_optimal_336,13975.5,15.0,14954.259811643835,21240.313317636985,0.7040508107395244,0.03047489593520466,31.564904159213725,-15.741959180262661,65.25065410958904,0
NYIS_shape,314,61512,2026-01-07 05:00:00,forecast_optimal_336,7995.499999999999,8.75,8575.763571632418,13586.214900114155,0.631210652465122,0.04454630464779506,26.390613686189347,-8.585719063334215,66.31583675799087,0
NYIS_shape,315,61680,2026-01-14 05:00:00,forecast_optimal_336,21187.5,13.75,22081.992719748858,26290.81751997717,0.839912745313826,0.018373689114327192,40.29973451497436,-36.26976106347692,65.05401598173515,0
NYIS_shape,316,61848,2026-01-21 05:00:00,forecast_optimal_336,6898.25,20.0,8174.32493150685,79743.5,0.10250772704366938,0.016877010001618984,42.51123178916097,-20.655069002374557,63.80374657534247,0
NYIS_shape,317,62016,2026-01-28 05:00:00,forecast_optimal_336,47344.5,36.25,49733.06195062785,118196.47841038812,0.42076602128491913,0.01,88.26117748182988,79.4350597336469,65.89136415525114,0
NYIS_shape,318,62184,2026-02-04 05:00:00,forecast_optimal_336,48651.25,10.0,49365.80448630137,63277.638621575345,0.7801461236808772,0.021450989664553458,122.1504766744037,109.93542900696333,71.45544863013698,0
NYIS_shape,319,62352,2026-02-11 05:00:00,forecast_optimal_336,14598.75,10.0,15334.2075913242,19746.796332762555,0.7765415378231615,0.02137758386190481,124.34129440891695,34.630061184457595,73.54575913242009,0
NYIS_shape,320,62520,2026-02-18 05:00:00,forecast_optimal_336,6833.749999999998,8.75,7471.147285958902,15048.306755136986,0.49647760425992804,0.020660451293935723,125.53760145388436,-37.21795219492377,72.84540410958904,0
NYIS_shape,321,62688,2026-02-25 05:00:00,forecast_optimal_336,13642.5,15.0,14714.205479452055,24015.749429223746,0.6126898318462202,0.01898282673656157,130.76127774849377,-38.82264183319087,71.44703196347032,0
NYIS_shape,322,62856,2026-03-04 05:00:00,forecast_optimal_336,12068.5,8.75,12694.168710045662,18494.86829908676,0.6863616709653713,0.01974862107997854,128.68966896853354,-13.560870255041193,71.50499543378996,0
NYIS_shape,323,63024,2026-03-11 05:00:00,forecast_optimal_336,13405.0,6.25,13850.969870148401,18123.03062357306,0.7642744835475869,0.02001780744266832,126.66755675608198,-0.31964294330009496,71.3551792237443,0
NYIS_shape,324,63192,2026-03-18 05:00:00,forecast_optimal_336,17509.75,3.75,17777.492979452054,22901.836187214612,0.7762474953592009,0.02017281695183873,126.54362088239408,0.7688081986776256,71.39812785388128,0
NYIS_shape,325,63360,2026-03-25 05:00:00,forecast_optimal_336,12936.75,6.25,13383.791081621004,18585.09087328767,0.7201358967180252,0.020624454897192772,125.46034535266149,2.1469334041230783,71.52657305936073,0
NYIS_shape,326,63528,2026-04-01 05:00:00,forecast_optimal_336,11725.5,6.25,12171.699257990867,15564.198276255709,0.7820318812411725,0.01989702801549901,127.8508016321931,-4.642412331398113,71.39188127853882,0
NYIS_shape,327,63696,2026-04-08 05:00:00,forecast_optimal_336,15305.5,6.25,15750.44596175799,19718.015079908677,0.798784558076874,0.020698788286419655,125.41429838934462,-2.710221466507816,71.19135388127854,0
NYIS_shape,328,63864,2026-04-15 05:00:00,forecast_optimal_336,21282.25,6.25,21725.266088755707,28567.87202482877,0.7604789768686289,0.02081180874834997,125.52042486844998,0.2398698835071421,70.88257420091324,0
NYIS_shape,329,64032,2026-04-22 05:00:00,forecast_optimal_336,14469.0,6.25,14912.808747146119,19402.07246004566,0.7686193718663714,0.02132800390694456,124.68008042129277,5.8780914650452205,71.00939954337899,0
NYIS_shape,330,64200,2026-04-29 05:00:00,forecast_optimal_336,13521.25,6.25,13965.808982591325,20657.325756278537,0.6760705208101098,0.03587254103316367,91.03809375094396,-1.0391528567538588,71.12943721461187,0
NYIS_shape,331,64368,2026-05-06 05:00:00,forecast_optimal_336,13276.0,2.5,13453.831755136986,18414.27020547945,0.7306198727948279,0.03509415338207016,65.9214404474139,0.6234140385388028,71.13270205479452,0
NYIS_shape,332,64536,2026-05-13 05:00:00,forecast_optimal_336,17409.5,0.0,17409.5,23624.351686643837,0.736930275629217,0.05359335758071825,62.3553479702675,3.2202223176953972,71.19767351598173,0
NYIS_shape,0,8760,2020-01-01 05:00:00,pf,3035.75,83.75,5459.086461187215,5459.086461187215,1.0,0.018459614548610816,14.816626969999435,-7.575489766558105,28.935360730593608,0
NYIS_shape,1,8928,2020-01-08 05:00:00,pf,3078.75,100.0,5959.1180365296805,5959.1180365296805,1.0,0.012135514226248893,17.94662002979996,-12.767829758810143,28.803680365296803,0
NYIS_shape,2,9096,2020-01-15 05:00:00,pf,8265.75,1.25,8301.40102597032,8301.40102597032,1.0,0.01,18.90582352447063,-10.709038415978632,28.52082077625571,0
NYIS_shape,3,9264,2020-01-22 05:00:00,pf,4298.5,61.25,6009.613072203196,6009.613072203196,1.0,0.011851551237131983,17.424088410186034,-1.4286242247479726,27.9365399543379,0
NYIS_shape,4,9432,2020-01-29 05:00:00,pf,4099.25,90.0,6565.239212328767,6565.239212328767,1.0,0.01,18.953092336286044,-3.0132278598231017,27.3998801369863,0
NYIS_shape,5,9600,2020-02-05 05:00:00,pf,3075.5,82.5,5264.2485445205475,5264.2485445205475,1.0,0.02611063842109227,11.358212689677764,-3.764338170673485,26.530285388127854,0
NYIS_shape,6,9768,2020-02-12 05:00:00,pf,4194.75,86.25,6472.713125,6472.713125,1.0,0.025513840998526174,10.938604775387347,-3.520954908990074,26.411166666666666,0
NYIS_shape,7,9936,2020-02-19 05:00:00,pf,3267.0,90.0,5633.991883561644,5633.991883561644,1.0,0.028967187112069796,9.851058794018673,-1.8450885964435064,26.299909817351597,0
NYIS_shape,8,10104,2020-02-26 05:00:00,pf,2510.5,100.0,5126.37203196347,5126.37203196347,1.0,0.024868485686758535,10.76933955946441,-1.87543471374258,26.1587203196347,0
NYIS_shape,9,10272,2020-03-04 05:00:00,pf,2454.0,100.0,5037.006392694064,5037.006392694064,1.0,0.02432095410539461,10.92890027766045,-4.236773556958744,25.830063926940642,0
NYIS_shape,10,10440,2020-03-11 05:00:00,pf,2632.75,97.5,5102.709263698631,5102.709263698631,1.0,0.022741968730274505,11.318743188317365,-5.7224712547971945,25.332915525114156,0
NYIS_shape,11,10608,2020-03-18 05:00:00,pf,1524.5,100.0,4033.2843607305936,4033.2843607305936,1.0,0.020302922349942028,12.053794392691204,-4.625507324179166,25.087843607305935,0
NYIS_shape,12,10776,2020-03-25 05:00:00,pf,1200.25,100.0,3672.8869863013697,3672.8869863013697,1.0,0.05298819459106999,6.280383233583621,-3.4230963133859214,24.726369863013698,0
NYIS_shape,13,10944,2020-04-01 05:00:00,pf,949.0,100.0,3389.319292237443,3389.319292237443,1.0,0.01,14.662419172667969,-2.5764024780627857,24.40319292237443,0
NYIS_shape,14,11112,2020-04-08 05:00:00,pf,1306.75,100.0,3717.38904109589,3717.38904109589,1.0,0.031956709374687635,8.62221613551066,-5.21761962316649,24.106390410958902,0
NYIS_shape,15,11280,2020-04-15 05:00:00,pf,247.0,100.0,2624.7273972602748,2624.7273972602748,1.0,0.03412428335067737,8.580196139270253,-3.3369438597413903,23.777273972602746,0
NYIS_shape,16,11448,2020-04-22 05:00:00,pf,325.25,98.75,2652.1593778538813,2652.1593778538813,1.0,0.0511253445255147,6.074328286459222,-1.996444381553173,23.563639269406394,0
NYIS_shape,17,11616,2020-04-29 05:00:00,pf,1170.0,97.5,3450.399118150685,3450.399118150685,1.0,0.045297846286709624,6.658917773482803,0.05549484452190054,23.38870890410959,0
NYIS_shape,18,11784,2020-05-06 05:00:00,pf,1315.25,97.5,3578.867320205479,3578.867320205479,1.0,0.04020599639652189,7.052820729537522,-2.3022118243542415,23.216587899543374,0
NYIS_shape,19,11952,2020-05-13 05:00:00,pf,1476.75,97.5,3726.4663356164383,3726.4663356164383,1.0,0.043054765216995944,6.455947976257881,-1.9488695878878433,23.074013698630136,0
NYIS_shape,20,12120,2020-05-20 05:00:00,pf,2476.25,86.25,4448.569216609589,4448.569216609589,1.0,0.055469293910189336,5.1058024093992005,-2.2555485364195595,22.867469178082192,0
NYIS_shape,21,12288,2020-05-27 05:00:00,pf,1547.25,95.0,3705.186061643836,3705.186061643836,1.0,0.07343400600415456,4.10474667423514,-1.1114350440799994,22.71511643835617,0
NYIS_shape,22,12456,2020-06-03 05:00:00,pf,4983.25,83.75,6875.349981449772,6875.349981449772,1.0,0.0760949779697709,4.126081783727922,-0.6358625114799519,22.592238584474888,0
NYIS_shape,23,12624,2020-06-10 05:00:00,pf,3395.5,80.0,5197.449497716895,5197.449497716895,1.0,0.0660541966897249,4.7137850978722655,-1.6501532680731552,22.524368721461187,0
NYIS_shape,24,12792,2020-06-17 05:00:00,pf,7980.5,20.0,8429.728767123288,8429.728767123288,1.0,0.05056023111979634,5.090975971735214,-2.4243394067730244,22.461438356164383,0
NYIS_shape,25,12960,2020-06-24 05:00:00,pf,7868.0,62.5,9270.551655251142,9270.551655251142,1.0,0.03759715600265908,5.640441069404515,-0.48149675948365966,22.440826484018263,0
NYIS_shape,26,13128,2020-07-01 05:00:00,pf,7976.25,41.25,8897.093103595891,8897.093103595891,1.0,0.018548103764534626,8.160921500287888,0.5777840360452876,22.323469178082192,0
NYIS_shape,27,13296,2020-07-08 05:00:00,pf,9483.25,41.25,10399.220753424657,10399.220753424657,1.0,0.024723376263375427,7.1785300590161,-4.104694859990863,22.205351598173515,0
NYIS_shape,28,13464,2020-07-15 05:00:00,pf,11833.75,20.0,12275.819178082193,12275.819178082193,1.0,0.026461392094461515,7.3369508517238415,-1.656508042262774,22.103458904109587,0
NYIS_shape,29,13632,2020-07-22 05:00:00,pf,11100.25,20.0,11537.923698630137,11537.923698630137,1.0,0.04556634696983965,6.262222408387393,0.31741860949612694,21.88368493150685,0
NYIS_shape,30,13800,2020-07-29 05:00:00,pf,8792.5,20.0,9229.937351598173,9229.937351598173,1.0,0.03946008533687912,7.174720390025971,1.2484159885575272,21.871867579908674,0
NYIS_shape,31,13968,2020-08-05 05:00:00,pf,8194.25,20.0,8629.680228310503,8629.680228310503,1.0,0.05196942610894545,6.570182849675426,-0.2557299957962823,21.771511415525115,0
NYIS_shape,32,14136,2020-08-12 05:00:00,pf,7277.5,62.5,8634.503353310502,8634.503353310502,1.0,0.049452350518192315,6.955361899263218,-1.1511752449919708,21.712053652968034,0
NYIS_shape,33,14304,2020-08-19 05:00:00,pf,9146.5,20.0,9579.085616438357,9579.085616438357,1.0,0.04401672551842914,7.409997685837717,-0.5871280376060765,21.62928082191781,0
NYIS_shape,34,14472,2020-08-26 05:00:00,pf,6167.75,83.75,7973.463386130137,7973.463386130137,1.0,0.03617465504359864,8.123337182846894,-0.7600518986822515,21.560756849315066,0
NYIS_shape,35,14640,2020-09-02 05:00:00,pf,4941.5,62.5,6290.660744863014,6290.660744863014,1.0,0.04172900812538747,7.325335477305976,-0.8469267328695115,21.586571917808218,0
NYIS_shape,36,14808,2020-09-09 05:00:00,pf,2837.0,95.0,4887.436946347032,4887.436946347032,1.0,0.03910487968949677,6.5852391883847075,0.00678183058159405,21.583546803652972,0
NYIS_shape,37,14976,2020-09-16 05:00:00,pf,1971.75,87.5,3854.6246432648395,3854.6246432648395,1.0,0.03926635854431356,6.041281483141972,0.17033220858264142,21.51856735159817,0
NYIS_shape,38,15144,2020-09-23 05:00:00,pf,4669.25,41.25,5552.519250856164,5552.519250856164,1.0,0.044185627419998014,5.154419182450446,-1.453397162684776,21.41258789954338,0
NYIS_shape,39,15312,2020-09-30 05:00:00,pf,1956.75,97.5,4043.6748373287674,4043.6748373287674,1.0,0.025407439965537185,6.329051004575481,0.7607730673802324,21.404357305936074,0
NYIS_shape,40,15480,2020-10-07 05:00:00,pf,3317.5,83.75,5106.256974885845,5106.256974885845,1.0,0.0466944115668908,4.770696832521665,-1.5713669519293347,21.358292237442924,0
NYIS_shape,41,15648,2020-10-14 05:00:00,pf,4229.75,42.5,5135.970125570776,5135.970125570776,1.0,0.04762535289823995,4.9886766554583195,-1.501219516349274,21.322826484018265,0
NYIS_shape,42,15816,2020-10-21 05:00:00,pf,4829.5,26.25,5388.158702910959,5388.158702910959,1.0,0.05516047034201877,4.9601957544925535,0.2528654694305834,21.282236301369863,0
NYIS_shape,43,15984,2020-10-28 05:00:00,pf,7214.75,0.0,7214.75,7214.75,1.0,0.05962825404527873,5.153674291304284,0.5518032709970075,21.285076484018262,0
NYIS_shape,44,16152,2020-11-04 05:00:00,pf,5250.0,86.25,7101.574434931507,7101.574434931507,1.0,0.057332044653036145,6.014843797913338,3.8904276556881623,21.4675296803653,0
NYIS_shape,45,16320,2020-11-11 05:00:00,pf,7235.25,0.0,7235.25,7235.25,1.0,0.04572983441714382,6.810018941893203,-5.630562770569996,21.25838470319635,0
NYIS_shape,46,16488,2020-11-18 05:00:00,pf,6904.75,0.0,6904.75,6904.75,1.0,0.04529265805928959,6.987736201519854,-0.27166066579023546,21.022968036529683,0
NYIS_shape,47,16656,2020-11-25 05:00:00,pf,5068.0,18.75,5462.577846746575,5462.577846746575,1.0,0.04900677256450809,7.076948844038572,1.422871913167025,21.044151826484022,0
NYIS_shape,48,16824,2020-12-02 05:00:00,pf,6327.75,0.0,6327.75,6327.75,1.0,0.05215537652149264,6.952840680392401,-2.028569042695005,20.976074200913242,0
NYIS_shape,49,16992,2020-12-09 05:00:00,pf,6274.75,0.0,6274.75,6274.75,1.0,0.05500045108180135,7.11484304805883,-0.788984080790495,21.001519406392696,0
NYIS_shape,50,17160,2020-12-16 05:00:00,pf,11901.75,0.0,11901.75,11901.75,1.0,0.05526995932666001,7.362718987223228,-0.9671181199273596,21.01001484018265,0
NYIS_shape,51,17328,2020-12-23 05:00:00,pf,7341.25,0.0,7341.25,7341.25,1.0,0.0420899654002661,9.635671395076432,8.672104255568788,21.146299086757992,0
NYIS_shape,52,17496,2020-12-30 05:00:00,pf,4489.0,1.25,4515.689873002283,4515.689873002283,1.0,0.043508794679831646,9.745683656375876,0.8953875741494436,21.351898401826485,0
NYIS_shape,53,17664,2021-01-06 05:00:00,pf,6082.25,0.0,6082.25,6082.25,1.0,0.04631241543615829,9.454279900580127,-1.925008080529928,21.438682648401826,0
NYIS_shape,54,17832,2021-01-13 05:00:00,pf,6406.0,1.25,6432.984002568493,6432.984002568493,1.0,0.05075001384173185,9.134752269311686,0.8304974578643098,21.58720205479452,0
NYIS_shape,55,18000,2021-01-20 05:00:00,pf,6492.75,1.25,6519.787194634703,6519.787194634703,1.0,0.05034556534070871,9.175795331623183,1.168059998804495,21.629755707762556,0
NYIS_shape,56,18168,2021-01-27 05:00:00,pf,15563.0,8.75,15753.206481164383,15753.206481164383,1.0,0.0451846670828963,9.530194642241124,2.16075506747111,21.737883561643837,0
NYIS_shape,57,18336,2021-02-03 05:00:00,pf,13721.0,0.0,13721.0,13721.0,1.0,0.02083710780363128,15.547603629061355,13.992843266155218,22.5610502283105,0
NYIS_shape,58,18504,2021-02-10 05:00:00,pf,20477.75,0.0,20477.75,20477.75,1.0,0.019668963839555055,17.21866032215356,15.496794289938205,23.372569634703197,0
NYIS_shape,59,18672,2021-02-17 05:00:00,pf,14563.0,1.25,14593.592711187215,14593.592711187215,1.0,0.015470754278573489,21.886369173550904,19.697732256195813,24.47416894977169,0
NYIS_shape,60,18840,2021-02-24 05:00:00,pf,5738.5,0.0,5738.5,5738.5,1.0,0.014326175457063793,25.391468149759824,15.35419361706379,25.56799315068493,0
NYIS_shape,61,19008,2021-03-03 05:00:00,pf,8466.75,2.5,8531.146161529681,8531.146161529681,1.0,0.016331091151181382,24.19366991370116,-9.415641276271245,25.75846461187215,0
NYIS_shape,62,19176,2021-03-10 05:00:00,pf,7700.0,0.0,7700.0,7700.0,1.0,0.016316295923176294,24.375039416082185,6.39800775049618,26.194899543378995,0
NYIS_shape,63,19344,2021-03-17 05:00:00,pf,5462.25,73.75,7409.206305650685,7409.206305650685,1.0,0.01707536725776792,24.030746925218665,-2.3610235473185304,26.399407534246574,0
NYIS_shape,64,19512,2021-03-24 05:00:00,pf,4543.25,95.0,7069.138847031963,7069.138847031963,1.0,0.013593965874504142,25.197282596645337,-4.496302754995577,26.588303652968037,0
NYIS_shape,65,19680,2021-03-31 05:00:00,pf,4858.5,83.75,7097.480148401826,7097.480148401826,1.0,0.014631785536681935,24.54077736683446,-7.264926817085076,26.734091324200914,0
NYIS_shape,66,19848,2021-04-07 05:00:00,pf,3623.25,83.75,5877.481826484018,5877.481826484018,1.0,0.01239375510104047,27.038062112177325,5.296922998584063,26.916200913242008,0
NYIS_shape,67,20016,2021-04-14 05:00:00,pf,5365.0,62.5,7055.2612728310505,7055.2612728310505,1.0,0.013996387395345509,25.81710547711194,4.310088080702289,27.044180365296803,0
NYIS_shape,68,20184,2021-04-21 05:00:00,pf,5335.0,63.75,7072.0725898972605,7072.0725898972605,1.0,0.015668485788104314,25.102105434354772,5.61949963090305,27.248197488584477,0
NYIS_shape,69,20352,2021-04-28 05:00:00,pf,7232.5,21.25,7814.9454466324205,7814.9454466324205,1.0,0.01757016394641631,23.98564304743018,4.481741044628599,27.409197488584475,0
NYIS_shape,70,20520,2021-05-05 05:00:00,pf,3509.75,61.25,5200.874805936073,5200.874805936073,1.0,0.012542249003666718,26.73145409894999,4.333577274404135,27.610200913242007,0
NYIS_shape,71,20688,2021-05-12 05:00:00,pf,4288.0,40.0,5400.053378995433,5400.053378995433,1.0,0.011767683741937845,28.225462346080036,2.8722772168571233,27.801334474885845,0
NYIS_shape,72,20856,2021-05-19 05:00:00,pf,7875.25,20.0,8435.229657534246,8435.229657534246,1.0,0.010511804060710398,32.65071658057602,0.97111564197717,27.99898287671233,0
NYIS_shape,73,21024,2021-05-26 05:00:00,pf,4581.0,62.5,6349.653467465753,6349.653467465753,1.0,0.011199124119622254,34.84792079237584,2.3158795216642676,28.298455479452056,0
NYIS_shape,74,21192,2021-06-02 05:00:00,pf,11530.75,20.0,12100.342808219179,12100.342808219179,1.0,0.0126239209502883,30.40249778407539,0.1518849719371724,28.479640410958904,0
NYIS_shape,75,21360,2021-06-09 05:00:00,pf,6621.5,41.25,7807.486142979452,7807.486142979452,1.0,0.01219964006212965,28.674336939475385,5.1869576885549185,28.75117922374429,0
NYIS_shape,76,21528,2021-06-16 05:00:00,pf,9932.25,10.0,10222.23102739726,10222.23102739726,1.0,0.01,26.406474758147475,2.6010891038704202,28.998102739726033,0
NYIS_shape,77,21696,2021-06-23 05:00:00,pf,15189.25,6.25,15372.043842751142,15372.043842751142,1.0,0.01,21.76098404738281,2.0392575448626475,29.24701484018265,0
NYIS_shape,78,21864,2021-06-30 05:00:00,pf,15117.5,0.0,15117.5,15117.5,1.0,0.01,22.270259793741833,4.017382163566973,29.548995433789955,0
NYIS_shape,79,22032,2021-07-07 05:00:00,pf,15508.75,20.0,16107.476826484019,16107.476826484019,1.0,0.01,22.01868548316407,7.9761585474359435,29.93634132420091,0
NYIS_shape,80,22200,2021-07-14 05:00:00,pf,16855.75,8.75,17120.72080622146,17120.72080622146,1.0,0.01,23.28695319149232,7.4220664479643155,30.28237785388128,0
NYIS_shape,81,22368,2021-07-21 05:00:00,pf,16433.75,10.0,16740.554634703196,16740.554634703196,1.0,0.01,24.700107588281156,7.1388077074693,30.68046347031964,0
NYIS_shape,82,22536,2021-07-28 05:00:00,pf,7962.75,20.0,8582.421826484018,8582.421826484018,1.0,0.01,26.924076855389746,3.6431264829492855,30.983591324200916,0
NYIS_shape,83,22704,2021-08-04 05:00:00,pf,15489.75,20.0,16113.274634703197,16113.274634703197,1.0,0.012080824756884125,24.095365294787506,1.6543609352798434,31.17623173515982,0
NYIS_shape,84,22872,2021-08-11 05:00:00,pf,17784.25,20.0,18415.88719178082,18415.88719178082,1.0,0.014424655301660911,22.848204520060108,7.074287859003616,31.5818595890411,0
NYIS_shape,85,23040,2021-08-18 05:00:00,pf,16773.25,20.0,17413.823493150685,17413.823493150685,1.0,0.017550668644165816,21.860451029864205,7.112272163586151,32.028674657534246,0
NYIS_shape,86,23208,2021-08-25 05:00:00,pf,21360.75,20.0,22011.465662100458,22011.465662100458,1.0,0.0198590260437087,19.637518354137892,4.567565145153714,32.53578310502284,0
NYIS_shape,87,23376,2021-09-01 05:00:00,pf,6438.5,20.0,7100.070273972603,7100.070273972603,1.0,0.026610862111406567,17.518934918788553,4.330327702461435,33.07851369863013,0
NYIS_shape,88,23544,2021-09-08 05:00:00,pf,12859.5,6.25,13068.255607876712,13068.255607876712,1.0,0.04614079455026852,12.064062666478797,7.430064925492654,33.40089726027397,0
NYIS_shape,89,23712,2021-09-15 05:00:00,pf,14167.5,20.0,14845.505684931508,14845.505684931508,1.0,0.03884750071222031,12.496531678596957,10.694314489359021,33.900284246575346,0
NYIS_shape,90,23880,2021-09-22 05:00:00,pf,9956.25,2.5,10043.064320776255,10043.064320776255,1.0,0.027679589948661702,14.581851155897562,13.123666040307805,34.72572831050228,0
NYIS_shape,91,24048,2021-09-29 05:00:00,pf,9962.0,20.0,10668.474383561645,10668.474383561645,1.0,0.017650489098859225,17.252490582279698,5.202333439705299,35.3237191780822,0
NYIS_shape,92,24216,2021-10-06 05:00:00,pf,11648.75,20.0,12367.510639269407,12367.510639269407,1.0,0.02055870533127362,15.334577886102199,11.039247785272407,35.93803196347032,0
NYIS_shape,93,24384,2021-10-13 05:00:00,pf,11020.25,12.5,11479.466680936073,11479.466680936073,1.0,0.013017096559475055,19.207625153086052,14.712716453873444,36.73733447488584,0
NYIS_shape,94,24552,2021-10-20 05:00:00,pf,12291.5,8.75,12618.937415810502,12618.937415810502,1.0,0.010409771752993117,21.97786753751981,8.804240068308564,37.42141894977169,0
NYIS_shape,95,24720,2021-10-27 05:00:00,pf,13210.0,0.0,13210.0,13210.0,1.0,0.010008732904813872,23.4838812434984,4.038577137217491,38.04658333333333,0
NYIS_shape,96,24888,2021-11-03 05:00:00,pf,17733.0,2.5,17829.456055936073,17829.456055936073,1.0,0.01,24.808428897517324,7.760374468483242,38.58242237442923,0
NYIS_shape,97,25056,2021-11-10 05:00:00,pf,13047.0,0.0,13047.0,13047.0,1.0,0.01086404304156956,27.37768029542831,13.920319934180423,39.43566666666668,0
NYIS_shape,98,25224,2021-11-17 05:00:00,pf,11224.0,5.0,11424.30730022831,11424.30730022831,1.0,0.01642135795305087,23.40358103186437,4.476495909211176,40.061460045662095,0
NYIS_shape,99,25392,2021-11-24 05:00:00,pf,10880.75,1.25,10931.434677511415,10931.434677511415,1.0,0.021336497053721468,21.399309197212364,1.2201192639546423,40.54774200913242,0
NYIS_shape,100,25560,2021-12-01 05:00:00,pf,10053.25,0.0,10053.25,10053.25,1.0,0.01,36.37796243746671,3.2903822082966276,41.31473059360731,0
NYIS_shape,101,25728,2021-12-08 05:00:00,pf,6410.75,55.0,8708.573590182648,8708.573590182648,1.0,0.026072292790172157,22.040583096109586,8.223949957605596,41.778610730593606,0
NYIS_shape,102,25896,2021-12-15 05:00:00,pf,13695.75,1.25,13748.394135273973,13748.394135273973,1.0,0.02010894214654763,24.600734109393212,2.9468206293720858,42.11530821917808,0
NYIS_shape,103,26064,2021-12-22 05:00:00,pf,10958.25,7.5,11274.390410958904,11274.390410958904,1.0,0.019117858322293634,26.268229269786612,8.065349474796715,42.152054794520545,0
NYIS_shape,104,26232,2021-12-29 05:00:00,pf,10416.5,2.5,10522.697559931506,10522.697559931506,1.0,0.017316921106011553,26.818901534369502,4.5939311842165,42.47902397260274,0
NYIS_shape,105,26400,2022-01-05 05:00:00,pf,36767.75,0.0,36767.75,36767.75,1.0,0.01501695541996819,28.91225654625015,-1.422981421638703,42.77303310502283,0
NYIS_shape,106,26568,2022-01-12 05:00:00,pf,44918.5,2.5,45030.17195205479,45030.17195205479,1.0,0.01980420161906359,31.78782560081848,28.60904304073663,44.66878082191781,0
NYIS_shape,107,26736,2022-01-19 05:00:00,pf,40162.75,0.0,40162.75,40162.75,1.0,0.02997195628824743,31.87578619293858,28.68820757364472,46.76878538812785,0
NYIS_shape,108,26904,2022-01-26 05:00:00,pf,35442.25,0.0,35442.25,35442.25,1.0,0.031064916162144546,34.90223014784804,31.412007133063234,49.20828310502282,0
NYIS_shape,109,27072,2022-02-02 05:00:00,pf,26926.0,1.25,26990.371374143837,26990.371374143837,1.0,0.022061603344267905,46.99595640550785,40.39758250423785,51.49709931506849,0
NYIS_shape,110,27240,2022-02-09 05:00:00,pf,29770.25,0.0,29770.25,29770.25,1.0,0.019482615152629935,50.017852955303006,15.349605448928902,52.6888595890411,0
NYIS_shape,111,27408,2022-02-16 05:00:00,pf,12010.0,36.25,13928.314784531964,13928.314784531964,1.0,0.018593405773693446,52.09483932275418,-3.9468380272006907,52.91902853881279,0
NYIS_shape,112,27576,2022-02-23 05:00:00,pf,28466.25,11.25,29058.137067636988,29058.137067636988,1.0,0.015116211135915663,58.19346512464204,-16.815704783938227,52.61218378995434,0
NYIS_shape,113,27744,2022-03-02 05:00:00,pf,13204.75,12.5,13875.39723173516,13875.39723173516,1.0,0.016098561204229225,59.37026469631885,-2.4138491390043457,53.65177853881278,0
NYIS_shape,114,27912,2022-03-09 05:00:00,pf,10412.5,46.25,12905.57198487443,12905.57198487443,1.0,0.01836014109536861,56.70334943125638,14.216364806428567,53.9042591324201,0
NYIS_shape,115,28080,2022-03-16 05:00:00,pf,8902.5,52.5,11766.120950342465,11766.120950342465,1.0,0.019944078977236695,55.13810814775838,14.704284691382325,54.545160958904106,0
NYIS_shape,116,28248,2022-03-23 05:00:00,pf,17822.0,0.0,17822.0,17822.0,1.0,0.020737098848558407,54.12026940353106,3.7335521410184094,54.897344748858444,0
NYIS_shape,117,28416,2022-03-30 05:00:00,pf,11573.75,20.0,12689.72997716895,12689.72997716895,1.0,0.02405229046638239,50.73003065630464,13.380089653904419,55.79899885844748,0
NYIS_shape,118,28584,2022-04-06 05:00:00,pf,12845.75,0.0,12845.75,12845.75,1.0,0.02648400398139552,49.201214218541786,11.71843650162079,56.42028767123287,0
NYIS_shape,119,28752,2022-04-13 05:00:00,pf,13234.25,1.25,13305.824059646118,13305.824059646118,1.0,0.021488016787642318,51.14246552589902,14.819824430909394,57.25924771689498,0
NYIS_shape,120,28920,2022-04-20 05:00:00,pf,8940.25,8.75,9448.326211472602,9448.326211472602,1.0,0.014552074016657073,60.228813643252515,11.567635226862189,58.065852739726026,0
NYIS_shape,121,29088,2022-04-27 05:00:00,pf,13706.75,1.25,13780.318150684932,13780.318150684932,1.0,0.013397186806950994,67.2002301685179,6.721489777791999,58.8545205479452,0
NYIS_shape,122,29256,2022-05-04 05:00:00,pf,14443.0,1.25,14517.57499714612,14517.57499714612,1.0,0.01604559635716944,68.8013442705439,10.463013459163225,59.65999771689498,0
NYIS_shape,123,29424,2022-05-11 05:00:00,pf,16344.25,20.0,17556.37079908676,17556.37079908676,1.0,0.018814960375565834,63.34136398826831,17.255248867201594,60.6060399543379,0
NYIS_shape,124,29592,2022-05-18 05:00:00,pf,29971.25,20.0,31202.92689497717,31202.92689497717,1.0,0.018156022487166322,58.24452881036821,11.766669532884004,61.583844748858446,0
NYIS_shape,125,29760,2022-05-25 05:00:00,pf,21165.5,8.75,21714.32415239726,21714.32415239726,1.0,0.0208233368508446,49.129623710769316,13.828170083277849,62.722760273972604,0
NYIS_shape,126,29928,2022-06-01 05:00:00,pf,11990.0,10.0,12627.870319634703,12627.870319634703,1.0,0.026625906916734287,36.75144457869965,4.904491898261326,63.78703196347032,0
NYIS_shape,127,30096,2022-06-08 05:00:00,pf,17547.25,10.0,18193.221689497717,18193.221689497717,1.0,0.01652017269134763,42.540701301844706,18.02033227673986,64.59716894977169,0
NYIS_shape,128,30264,2022-06-15 05:00:00,pf,21800.0,10.0,22455.34392694064,22455.34392694064,1.0,0.01143340516767093,49.06924308751868,17.94882273134771,65.53439269406392,0
NYIS_shape,129,30432,2022-06-22 05:00:00,pf,18588.0,41.25,21328.91515839041,21328.91515839041,1.0,0.01,51.59146888375849,11.675413395273738,66.44642808219177,0
NYIS_shape,130,30600,2022-06-29 05:00:00,pf,30088.0,20.0,31430.181940639268,31430.181940639268,1.0,0.01,45.84856113380273,1.8164986939220273,67.10909703196347,0
NYIS_shape,131,30768,2022-07-06 05:00:00,pf,27393.0,20.0,28746.951369863014,28746.951369863014,1.0,0.01747874421592694,36.66292179727893,8.774733719417176,67.69756849315071,0
NYIS_shape,132,30936,2022-07-13 05:00:00,pf,33172.25,20.0,34536.14283105023,34536.14283105023,1.0,0.02122287238083527,35.62552525530786,6.213861735975164,68.19464155251141,0
NYIS_shape,133,31104,2022-07-20 05:00:00,pf,55796.25,20.0,57175.41956621005,57175.41956621005,1.0,0.02683151090452575,34.12922279844285,11.17922279430561,68.95847831050227,0
NYIS_shape,134,31272,2022-07-27 05:00:00,pf,37504.0,20.0,38917.90799086758,38917.90799086758,1.0,0.03271486807489151,34.04148001151693,30.397801769919084,70.695399543379,0
NYIS_shape,135,31440,2022-08-03 05:00:00,pf,53393.75,20.0,54832.02136986301,54832.02136986301,1.0,0.04210586942959993,31.0131900547637,13.376223697936997,71.91356849315068,0
NYIS_shape,136,31608,2022-08-10 05:00:00,pf,22485.5,20.0,23952.99121004566,23952.99121004566,1.0,0.05110283051403952,30.562342048456923,27.50610784361123,73.3745605022831,0
NYIS_shape,137,31776,2022-08-17 05:00:00,pf,29864.5,20.0,31346.500616438356,31346.500616438356,1.0,0.05000739842996273,28.987470195481198,7.3271122349658695,74.10003082191781,0
NYIS_shape,138,31944,2022-08-24 05:00:00,pf,44424.0,20.0,45925.19561643836,45925.19561643836,1.0,0.04746741539706652,27.66808458629303,7.623809905449358,75.05978082191781,0
NYIS_shape,139,32112,2022-08-31 05:00:00,pf,25054.75,20.0,26578.89319634703,26578.89319634703,1.0,0.02878614948476731,34.99793641083436,10.877222582213816,76.2071598173516,0
NYIS_shape,140,32280,2022-09-07 05:00:00,pf,25938.0,10.0,26710.422488584474,26710.422488584474,1.0,0.02712288262187558,34.14136436604259,16.266698885214428,77.24224885844748,0
NYIS_shape,141,32448,2022-09-14 05:00:00,pf,25328.25,20.0,26890.28105022831,26890.28105022831,1.0,0.023152000273125143,37.31849993561039,12.981484343084173,78.10155251141553,0
NYIS_shape,142,32616,2022-09-21 05:00:00,pf,7435.5,97.5,15105.714032534246,15105.714032534246,1.0,0.018151426985038535,39.54593522081089,9.049989276327592,78.66886187214611,0
NYIS_shape,143,32784,2022-09-28 05:00:00,pf,5380.0,100.0,13270.21392694064,13270.21392694064,1.0,0.017702826633967977,38.80619613315772,-7.293605744905297,78.90213926940639,0
NYIS_shape,144,32952,2022-10-05 05:00:00,pf,7951.5,100.0,15852.684360730593,15852.684360730593,1.0,0.01,48.79989965319106,-8.26651522525086,79.01184360730593,0
NYIS_shape,145,33120,2022-10-12 05:00:00,pf,8964.0,100.0,16876.93287671233,16876.93287671233,1.0,0.01,48.669357933386394,-0.11074685689967408,79.1293287671233,0
NYIS_shape,146,33288,2022-10-19 05:00:00,pf,8208.75,100.0,16132.181164383563,16132.181164383563,1.0,0.01,50.84970282796734,-2.4202441481428,79.23431164383562,0
NYIS_shape,147,33456,2022-10-26 05:00:00,pf,9696.25,98.75,17522.566267123286,17522.566267123286,1.0,0.011246307517009184,49.497247902742934,-7.92926411158546,79.25383561643835,0
NYIS_shape,148,33624,2022-11-02 05:00:00,pf,8220.75,100.0,16136.438470319636,16136.438470319636,1.0,0.01,54.6098733536166,-5.657875996924075,79.15688470319635,0
NYIS_shape,149,33792,2022-11-09 05:00:00,pf,15887.0,63.75,20901.5423244863,20901.5423244863,1.0,0.011992291011832468,55.44144914550995,-1.696019684398083,78.65948744292237,0
NYIS_shape,150,33960,2022-11-16 05:00:00,pf,28703.5,0.0,28703.5,28703.5,1.0,0.012355118903024714,55.21073214538906,4.783162502633729,78.52803652968036,0
NYIS_shape,151,34128,2022-11-23 05:00:00,pf,9490.75,53.75,13745.938330479452,13745.938330479452,1.0,0.01,59.3663467857704,24.82707268186072,79.16629452054795,0
NYIS_shape,152,34296,2022-11-30 05:00:00,pf,12940.5,96.25,20571.204724600455,20571.204724600455,1.0,0.013995679248475284,55.43145153304747,11.974552874203734,79.28004908675798,0
NYIS_shape,153,34464,2022-12-07 05:00:00,pf,17305.0,20.0,18893.43324200913,18893.43324200913,1.0,0.013545541100577882,51.282270241776686,-0.8223266172419126,79.42166210045662,0
NYIS_shape,154,34632,2022-12-14 05:00:00,pf,39564.25,0.0,39564.25,39564.25,1.0,0.015972908785131808,49.943559613944146,-0.769524134231297,79.81494748858447,0
NYIS_shape,155,34800,2022-12-21 05:00:00,pf,56356.5,0.0,56356.5,56356.5,1.0,0.021356132169259606,47.56151172987354,25.40806757428449,81.28012214611873,0
NYIS_shape,156,34968,2022-12-28 05:00:00,pf,7029.75,100.0,15415.719292237443,15415.719292237443,1.0,0.020098097582492674,51.09238298050545,45.9831446824549,83.85969292237444,0
NYIS_shape,157,35136,2023-01-04 05:00:00,pf,8470.5,100.0,16911.00993150685,16911.00993150685,1.0,0.020690966407602818,49.072379651429216,-32.0912993610925,84.4050993150685,0
NYIS_shape,158,35304,2023-01-11 05:00:00,pf,7113.5,100.0,15426.653310502285,15426.653310502285,1.0,0.016168046767292193,53.12478803717424,-47.81230923345681,83.13153310502284,0
NYIS_shape,159,35472,2023-01-18 05:00:00,pf,4379.0,100.0,12507.668721461185,12507.668721461185,1.0,0.01445077237348358,53.231191930307396,-34.28230404016848,81.28668721461186,0
NYIS_shape,160,35640,2023-01-25 05:00:00,pf,5505.25,100.0,13403.481621004566,13403.481621004566,1.0,0.013514848654224537,53.67651440836578,-28.236982255793137,78.98231621004567,0
NYIS_shape,161,35808,2023-02-01 05:00:00,pf,36669.5,100.0,44301.04109589041,44301.04109589041,1.0,0.010055145851873901,60.716247909867064,-15.679805047592144,76.31541095890411,0
NYIS_shape,162,35976,2023-02-08 05:00:00,pf,6141.5,100.0,13720.162557077627,13720.162557077627,1.0,0.01140120982599516,62.3666220552489,21.84587616704781,75.78662557077627,0
NYIS_shape,163,36144,2023-02-15 05:00:00,pf,5279.75,100.0,12752.545205479451,12752.545205479451,1.0,0.01,63.288341767521324,-16.675942279140823,74.72795205479451,0
NYIS_shape,164,36312,2023-02-22 05:00:00,pf,11587.5,98.75,18866.7328125,18866.7328125,1.0,0.01,59.75827807158306,-11.813979010888486,73.71374999999999,0
NYIS_shape,165,36480,2023-03-01 05:00:00,pf,5174.25,100.0,12477.56586757991,12477.56586757991,1.0,0.01,60.41659055677184,2.2162868015431316,73.03315867579909,0
NYIS_shape,166,36648,2023-03-08 05:00:00,pf,7489.25,98.75,14656.234837328768,14656.234837328768,1.0,0.010582757439246233,59.76285487191891,-13.612886021843435,72.57706164383562,0
NYIS_shape,167,36816,2023-03-15 05:00:00,pf,9504.0,98.75,16626.45557648402,16626.45557648402,1.0,0.01078666396903928,59.11577364724952,-9.823313087755043,72.12613242009131,0
NYIS_shape,168,36984,2023-03-22 05:00:00,pf,7162.5,98.75,14263.159106735158,14263.159106735158,1.0,0.0112037536113922,57.97661166845055,-10.725747271574702,71.90540867579908,0
NYIS_shape,169,37152,2023-03-29 05:00:00,pf,8489.5,97.5,15441.070136986302,15441.070136986302,1.0,0.02024578913977441,45.107813719168995,-10.650566437674764,71.29815525114157,0
NYIS_shape,170,37320,2023-04-05 05:00:00,pf,9124.0,98.75,16096.448690068493,16096.448690068493,1.0,0.01,64.44822841007137,-13.715535823722623,70.60707534246576,0
NYIS_shape,171,37488,2023-04-12 05:00:00,pf,9018.0,100.0,16014.696803652969,16014.696803652969,1.0,0.01,63.50512374371568,-12.719912913186587,69.96696803652968,0
NYIS_shape,172,37656,2023-04-19 05:00:00,pf,7027.75,98.75,13875.304853025114,13875.304853025114,1.0,0.01,55.065984829079305,-8.21680102968554,69.34232762557077,0
NYIS_shape,173,37824,2023-04-26 05:00:00,pf,4724.75,98.75,11499.308762842466,11499.308762842466,1.0,0.01,44.97241740007718,-5.227667001212279,68.60312671232877,0
NYIS_shape,174,37992,2023-05-03 05:00:00,pf,3500.0,100.0,10285.792579908677,10285.792579908677,1.0,0.01,46.39952186981228,-9.847530583291569,67.85792579908676,0
NYIS_shape,175,38160,2023-05-10 05:00:00,pf,9719.75,100.0,16413.615753424656,16413.615753424656,1.0,0.01,41.59170969376533,-19.7642189944559,66.93865753424656,0
NYIS_shape,176,38328,2023-05-17 05:00:00,pf,6083.75,100.0,12680.225570776256,12680.225570776256,1.0,0.01,40.52980537956319,-15.158103231982613,65.96475570776256,0
NYIS_shape,177,38496,2023-05-24 05:00:00,pf,4470.75,100.0,10942.902625570776,10942.902625570776,1.0,0.01,39.5797457388381,-9.277633619417262,64.72152625570776,0
NYIS_shape,178,38664,2023-05-31 05:00:00,pf,8651.0,98.75,14939.807963755708,14939.807963755708,1.0,0.01,38.4505227257138,-4.610043338743685,63.684131278538814,0
NYIS_shape,179,38832,2023-06-07 05:00:00,pf,4195.75,97.5,10309.591232876712,10309.591232876712,1.0,0.01,27.579128413604234,-20.952771263151245,62.70606392694064,0
NYIS_shape,180,39000,2023-06-14 05:00:00,pf,4449.5,98.75,10533.93897688356,10533.93897688356,1.0,0.01,27.02660212286469,-19.894881487852523,61.61457191780822,0
NYIS_shape,181,39168,2023-06-21 05:00:00,pf,6318.0,97.5,12219.273535958904,12219.273535958904,1.0,0.01,25.382576296902723,-13.053799445452555,60.52588242009132,0
NYIS_shape,182,39336,2023-06-28 05:00:00,pf,8655.75,95.0,14335.13575913242,14335.13575913242,1.0,0.01,23.48656560556018,-4.741483008967445,59.78300799086758,0
NYIS_shape,183,39504,2023-07-05 05:00:00,pf,17185.25,83.75,22136.38680222603,22136.38680222603,1.0,0.01,24.40501189270605,-15.326836221696015,59.11805136986302,0
NYIS_shape,184,39672,2023-07-12 05:00:00,pf,18010.5,83.75,22921.46529252283,22921.46529252283,1.0,0.01,27.061728403454453,-19.023858236230296,58.638391552511415,0
NYIS_shape,185,39840,2023-07-19 05:00:00,pf,10793.0,83.75,15631.044091038813,15631.044091038813,1.0,0.01,27.391593271468476,-17.29766994102621,57.767690639269404,0
NYIS_shape,186,40008,2023-07-26 05:00:00,pf,34309.75,100.0,39898.433219178085,39898.433219178085,1.0,0.01,29.000167529209875,-10.468326603041298,55.886832191780826,0
NYIS_shape,187,40176,2023-08-02 05:00:00,pf,6033.0,97.5,11389.011130136987,11389.011130136987,1.0,0.025164216509056248,23.845477452869336,-0.641554029300916,54.93344748858448,0
NYIS_shape,188,40344,2023-08-09 05:00:00,pf,8286.0,83.75,12748.04368578767,12748.04368578767,1.0,0.028386323599722582,22.280792743879356,-20.05271346949142,53.278133561643834,0
NYIS_shape,189,40512,2023-08-16 05:00:00,pf,8969.25,98.75,14108.385325342466,14108.385325342466,1.0,0.022646654260682665,24.504191641138373,-22.053772477024534,52.04187671232877,0
NYIS_shape,190,40680,2023-08-23 05:00:00,pf,3768.0,97.5,8720.493356164385,8720.493356164385,1.0,0.02004170562403286,25.90768193093931,-17.853478179984837,50.794803652968035,0
NYIS_shape,191,40848,2023-08-30 05:00:00,pf,11278.75,62.5,14353.26491152968,14353.26491152968,1.0,0.016518080048695358,27.482643590686155,-11.583977477555853,49.192238584474886,0
NYIS_shape,192,41016,2023-09-06 05:00:00,pf,17784.75,83.75,21798.025811929223,21798.025811929223,1.0,0.01,33.804009024699745,-16.372048182891835,47.91971118721462,0
NYIS_shape,193,41184,2023-09-13 05:00:00,pf,4030.25,97.5,8619.034186643836,8619.034186643836,1.0,0.01,35.60626210932286,-7.874459269544897,47.064453196347024,0
NYIS_shape,194,41352,2023-09-20 05:00:00,pf,4804.0,100.0,9384.560273972602,9384.560273972602,1.0,0.01,34.19385530015704,-12.016471821972976,45.80560273972602,0
NYIS_shape,195,41520,2023-09-27 05:00:00,pf,6170.0,86.25,10046.31740582192,10046.31740582192,1.0,0.01,33.055683371416876,-8.615664700204198,44.94281050228311,0
NYIS_shape,196,41688,2023-10-04 05:00:00,pf,8698.25,100.0,13141.109703196347,13141.109703196347,1.0,0.01,32.382200278345,-6.913244701699425,44.42859703196346,0
NYIS_shape,197,41856,2023-10-11 05:00:00,pf,9134.25,98.75,13453.155087043378,13453.155087043378,1.0,0.01,30.26033276420919,-6.6969030981079065,43.73574771689498,0
NYIS_shape,198,42024,2023-10-18 05:00:00,pf,11480.75,88.75,15301.534253710046,15301.534253710046,1.0,0.01,31.58264629023218,-3.5974704007920337,43.05109018264841,0
NYIS_shape,199,42192,2023-10-25 05:00:00,pf,14347.0,63.75,17061.155303938358,17061.155303938358,1.0,0.01,34.109611739902405,0.7293009489017063,42.57498515981735,0
NYIS_shape,200,42360,2023-11-01 05:00:00,pf,10229.25,87.5,13922.341723744292,13922.341723744292,1.0,0.01,37.008040239729844,3.894276288830255,42.206762557077624,0
NYIS_shape,201,42528,2023-11-08 05:00:00,pf,8602.5,63.75,11284.866322773973,11284.866322773973,1.0,0.01,34.36274382268996,-20.621189517125615,42.07633447488585,0
NYIS_shape,202,42696,2023-11-15 05:00:00,pf,9240.0,62.5,11858.8401826484,11858.8401826484,1.0,0.01,32.46546027327389,-19.26703207166496,41.90144292237442,0
NYIS_shape,203,42864,2023-11-22 05:00:00,pf,11190.75,0.0,11190.75,11190.75,1.0,0.01,33.814848700481,-13.625924332553831,41.02424429223744,0
NYIS_shape,204,43032,2023-11-29 05:00:00,pf,11103.0,8.75,11456.718500285388,11456.718500285388,1.0,0.01,30.60265971812463,-7.413275854370166,40.424971461187205,0
NYIS_shape,205,43200,2023-12-06 05:00:00,pf,9097.0,92.5,12796.859243721461,12796.859243721461,1.0,0.01,31.977914264412895,-22.319855360714715,39.99847831050228,0
NYIS_shape,206,43368,2023-12-13 05:00:00,pf,6608.0,63.75,9133.086194349315,9133.086194349315,1.0,0.01,35.54567924520287,-26.35590487153887,39.60919520547945,0
NYIS_shape,207,43536,2023-12-20 05:00:00,pf,4230.0,100.0,8028.513356164383,8028.513356164383,1.0,0.01,34.27795169018707,-22.859245366465494,37.985133561643835,0
NYIS_shape,208,43704,2023-12-27 05:00:00,pf,5735.25,55.0,7672.8807876712335,7672.8807876712335,1.0,0.01,33.390944125279745,-7.315809057653363,35.229650684931514,0
NYIS_shape,209,43872,2024-01-03 05:00:00,pf,12911.75,0.0,12911.75,12911.75,1.0,0.018668639073343124,23.876274008688075,-4.984599303861097,33.917350456621,0
NYIS_shape,210,44040,2024-01-10 05:00:00,pf,32565.25,0.0,32565.25,32565.25,1.0,0.015871713463354083,23.819459547931253,0.24384818375541112,33.97827168949772,0
NYIS_shape,211,44208,2024-01-17 05:00:00,pf,39912.25,0.0,39912.25,39912.25,1.0,0.01652070180650393,29.630751511286704,21.309956272267844,34.678501141552516,0
NYIS_shape,212,44376,2024-01-24 05:00:00,pf,8760.5,1.25,8806.017706906392,8806.017706906392,1.0,0.02019117223034791,32.49993199073794,29.24993879166415,36.41416552511415,0
NYIS_shape,213,44544,2024-01-31 05:00:00,pf,5846.0,11.25,6255.796147260274,6255.796147260274,1.0,0.019623616276182653,32.88413516976825,-17.321920964497078,36.42632420091324,0
NYIS_shape,214,44712,2024-02-07 05:00:00,pf,5966.25,0.0,5966.25,5966.25,1.0,0.017557708212303645,34.70678061240946,-4.391623025511497,35.151924657534245,0
NYIS_shape,215,44880,2024-02-14 05:00:00,pf,7515.75,62.5,9710.535174086759,9710.535174086759,1.0,0.01663069461122476,34.75415472786731,-7.761129214339551,35.11656278538813,0
NYIS_shape,216,45048,2024-02-21 05:00:00,pf,4684.5,96.25,8072.754249429223,8072.754249429223,1.0,0.017033766058720347,34.29779946282597,-6.748859362171533,35.20264155251141,0
NYIS_shape,217,45216,2024-02-28 05:00:00,pf,5058.0,86.25,8069.897457191781,8069.897457191781,1.0,0.0180471545049288,32.76722887284331,-7.517267891303306,34.920550228310496,0
NYIS_shape,218,45384,2024-03-06 05:00:00,pf,4648.0,96.25,7990.308498858448,7990.308498858448,1.0,0.013688041990938208,37.15690605809198,-2.3442008092465114,34.72528310502283,0
NYIS_shape,219,45552,2024-03-13 05:00:00,pf,5938.0,83.75,8827.160079908675,8827.160079908675,1.0,0.013525589258201059,36.99843296984187,1.1301352634711537,34.497433789954336,0
NYIS_shape,220,45720,2024-03-20 05:00:00,pf,6654.5,98.75,10037.513009417808,10037.513009417808,1.0,0.012900063928831794,38.045188907689926,0.6004985499963748,34.25835958904109,0
NYIS_shape,221,45888,2024-03-27 05:00:00,pf,3552.25,88.75,6592.553988299087,6592.553988299087,1.0,0.01318738821058388,37.993660973137025,4.268756124191132,34.25694634703196,0
NYIS_shape,222,46056,2024-04-03 05:00:00,pf,3442.5,88.75,6476.227572773973,6476.227572773973,1.0,0.014234699618425018,36.784336127286124,-0.08346071687622651,34.18284589041097,0
NYIS_shape,223,46224,2024-04-10 05:00:00,pf,4828.5,86.25,7775.3053895547955,7775.3053895547955,1.0,0.013327991504294466,37.308411572781885,-1.4368178857771337,34.165859589041105,0
NYIS_shape,224,46392,2024-04-17 05:00:00,pf,6009.0,87.5,8991.148030821918,8991.148030821918,1.0,0.020160676381088562,28.410324915455014,-2.02722642117052,34.08169178082192,0
NYIS_shape,225,46560,2024-04-24 05:00:00,pf,5578.75,82.5,8383.64,8383.64,1.0,0.01690881662720875,33.33699578238875,-2.386070647542693,33.998666666666665,0
NYIS_shape,226,46728,2024-05-01 05:00:00,pf,4475.25,88.75,7486.673664383561,7486.673664383561,1.0,0.01,44.57033527942045,-2.783166878755,33.93153424657534,0
NYIS_shape,227,46896,2024-05-08 05:00:00,pf,3637.5,82.5,6433.16158390411,6433.16158390411,1.0,0.025156179459242804,25.728099993118118,0.6768880150900546,33.88680707762557,0
NYIS_shape,228,47064,2024-05-15 05:00:00,pf,5333.0,58.75,7325.72676369863,7325.72676369863,1.0,0.014535928865688337,25.632970509144926,2.0798172389582636,33.91875342465753,0
NYIS_shape,229,47232,2024-05-22 05:00:00,pf,11240.75,62.5,13365.64647545662,13365.64647545662,1.0,0.01,18.73031336955532,2.2587418486520514,33.998343607305934,0
NYIS_shape,230,47400,2024-05-29 05:00:00,pf,5651.75,83.75,8516.293698630136,8516.293698630136,1.0,0.01,19.23481223077796,4.191099778232096,34.20350684931506,0
NYIS_shape,231,47568,2024-06-05 05:00:00,pf,5481.75,83.75,8344.677017694064,8344.677017694064,1.0,0.01003039051468673,18.789947263414952,-0.7116106795784487,34.184203196347035,0
NYIS_shape,232,47736,2024-06-12 05:00:00,pf,17448.5,0.0,17448.5,17448.5,1.0,0.01,18.230926013138557,-1.6317128467182487,34.24215753424657,0
NYIS_shape,233,47904,2024-06-19 05:00:00,pf,29297.25,20.0,29985.592739726028,29985.592739726028,1.0,0.01,18.81858289626234,1.7134787361606587,34.41713698630137,0
NYIS_shape,234,48072,2024-06-26 05:00:00,pf,8941.5,62.5,11117.948630136987,11117.948630136987,1.0,0.01,25.017769289414794,10.532939951601373,34.82317808219178,0
NYIS_shape,235,48240,2024-07-03 05:00:00,pf,19600.25,20.0,20294.981506849315,20294.981506849315,1.0,0.026784767411264218,15.525505606689702,-2.640574085632147,34.736575342465756,0
NYIS_shape,236,48408,2024-07-10 05:00:00,pf,41428.25,0.0,41428.25,41428.25,1.0,0.027497407575396288,16.865012509378918,-1.0065445961252955,34.66866666666667,0
NYIS_shape,237,48576,2024-07-17 05:00:00,pf,18955.25,20.0,19655.708493150683,19655.708493150683,1.0,0.04122618065503546,18.615145518555586,7.051674845036531,35.022924657534254,0
NYIS_shape,238,48744,2024-07-24 05:00:00,pf,13160.5,20.0,13863.787557077625,13863.787557077625,1.0,0.04821048970164009,18.354616528334386,-3.2768252869512238,35.16437785388128,0
NYIS_shape,239,48912,2024-07-31 05:00:00,pf,25843.5,41.25,27278.904785958905,27278.904785958905,1.0,0.01,42.69954116745924,-4.697022956336894,34.79769178082192,0
NYIS_shape,240,49080,2024-08-07 05:00:00,pf,6237.25,62.5,8435.538812785388,8435.538812785388,1.0,0.0570402343618807,18.4417504649385,8.84657787733809,35.17262100456621,0
NYIS_shape,241,49248,2024-08-14 05:00:00,pf,7281.5,83.75,10228.71479594749,10228.71479594749,1.0,0.05686937211939148,18.40986676742566,-1.2687720439120103,35.190624429223746,0
NYIS_shape,242,49416,2024-08-21 05:00:00,pf,11679.0,20.0,12383.939703196347,12383.939703196347,1.0,0.05677283039784395,18.11044571015479,0.35972032589019093,35.246985159817356,0
NYIS_shape,243,49584,2024-08-28 05:00:00,pf,7850.75,83.75,10813.07937642694,10813.07937642694,1.0,0.05193363521445065,17.561326002161124,-1.0561473548575013,35.37109703196347,0
NYIS_shape,244,49752,2024-09-04 05:00:00,pf,6547.0,62.5,8764.254280821919,8764.254280821919,1.0,0.029251087959524608,22.93289445977125,0.5388405877808915,35.476068493150684,0
NYIS_shape,245,49920,2024-09-11 05:00:00,pf,10456.5,30.0,11510.848732876711,11510.848732876711,1.0,0.03659624740263793,19.983228408866992,1.9210774137890452,35.14495776255708,0
NYIS_shape,246,50088,2024-09-18 05:00:00,pf,6871.0,41.25,8326.315774828767,8326.315774828767,1.0,0.035607401370143836,19.10362426777352,4.0371805475421105,35.28038242009133,0
NYIS_shape,247,50256,2024-09-25 05:00:00,pf,6063.0,76.25,8768.373240582192,8768.373240582192,1.0,0.0238729208160689,20.610841451541454,2.951830810927834,35.48030479452054,0
NYIS_shape,248,50424,2024-10-02 05:00:00,pf,9597.75,53.75,11513.588002283104,11513.588002283104,1.0,0.01,31.841760305694823,2.4751570435173673,35.64349771689498,0
NYIS_shape,249,50592,2024-10-09 05:00:00,pf,13555.25,0.0,13555.25,13555.25,1.0,0.010302352922950252,32.178383574909915,-1.2570030670539338,35.74299429223744,0
NYIS_shape,250,50760,2024-10-16 05:00:00,pf,13782.75,62.5,16027.395976027397,16027.395976027397,1.0,0.013539351485937984,28.777420863221497,-1.0476316691428467,35.91433561643836,0
NYIS_shape,251,50928,2024-10-23 05:00:00,pf,13880.5,72.5,16494.49230022831,16494.49230022831,1.0,0.014127148258546583,27.155566022764248,-1.0827047724416405,36.055066210045666,0
NYIS_shape,252,51096,2024-10-30 05:00:00,pf,9398.5,87.5,12557.049828767122,12557.049828767122,1.0,0.01766446629110754,26.224024574300543,-2.422963502617171,36.097712328767116,0
NYIS_shape,253,51264,2024-11-06 05:00:00,pf,12532.5,21.25,13298.606892123287,13298.606892123287,1.0,0.010720529814981537,37.729683136095794,0.3233200942859475,36.0520890410959,0
NYIS_shape,254,51432,2024-11-13 05:00:00,pf,10778.75,62.5,13031.3732163242,13031.3732163242,1.0,0.01,27.99945883494718,1.5372804563124658,36.04197146118721,0
NYIS_shape,255,51600,2024-11-20 05:00:00,pf,10121.0,11.25,10526.295209760274,10526.295209760274,1.0,0.01,27.11109408523675,3.2499529571433023,36.02624086757991,0
NYIS_shape,256,51768,2024-11-27 05:00:00,pf,23368.0,2.5,23458.101152968036,23458.101152968036,1.0,0.01,26.67953235232553,6.272926347207984,36.04046118721461,0
NYIS_shape,257,51936,2024-12-04 05:00:00,pf,15579.75,0.0,15579.75,15579.75,1.0,0.01,29.900026250784514,16.275087094975913,36.48584931506849,0
NYIS_shape,258,52104,2024-12-11 05:00:00,pf,14012.5,5.0,14197.478515981735,14197.478515981735,1.0,0.013318946983567486,29.521607693921105,9.810079931999262,36.99570319634704,0
NYIS_shape,259,52272,2024-12-18 05:00:00,pf,25160.75,1.25,25207.709252283104,25207.709252283104,1.0,0.017541146624400466,27.096846369889267,2.837422845957003,37.56740182648401,0
NYIS_shape,260,52440,2024-12-25 05:00:00,pf,13622.75,1.25,13671.269399257992,13671.269399257992,1.0,0.023504665604466655,26.011321780234887,18.26456907559106,38.815519406392696,0
NYIS_shape,261,52608,2025-01-01 05:00:00,pf,28225.75,0.0,28225.75,28225.75,1.0,0.03121525758241422,23.378807988569648,-6.475774040638552,39.46683789954338,0
NYIS_shape,262,52776,2025-01-08 05:00:00,pf,24653.25,0.0,24653.25,24653.25,1.0,0.02191412165362621,29.99467145473083,3.941685072550771,40.28491552511415,0
NYIS_shape,263,52944,2025-01-15 05:00:00,pf,52714.0,0.0,52714.0,52714.0,1.0,0.020224842857688826,35.03791010418126,13.972989717312078,41.14066210045662,0
NYIS_shape,264,53112,2025-01-22 05:00:00,pf,37859.0,0.0,37859.0,37859.0,1.0,0.012211706750676773,57.19940598144176,51.47946538329757,41.76102853881278,0
NYIS_shape,265,53280,2025-01-29 05:00:00,pf,28469.25,0.0,28469.25,28469.25,1.0,0.01573972327450446,58.570126452303924,32.67867955588666,44.27691894977169,0
NYIS_shape,266,53448,2025-02-05 05:00:00,pf,35961.5,0.0,35961.5,35961.5,1.0,0.017743631541456823,57.83749511729611,8.263151239546355,45.32012328767124,0
NYIS_shape,267,53616,2025-02-12 05:00:00,pf,34758.75,1.25,34817.19842037671,34817.19842037671,1.0,0.019138560113471224,57.320586318214545,24.087905430406742,46.758736301369865,0
NYIS_shape,268,53784,2025-02-19 05:00:00,pf,26998.5,2.5,27119.554454908677,27119.554454908677,1.0,0.019873165348154333,57.33367320227349,22.397024939238168,48.42178196347032,0
NYIS_shape,269,53952,2025-02-26 05:00:00,pf,26676.25,0.0,26676.25,26676.25,1.0,0.02075271089380936,57.38775210540944,13.326147945576658,50.179477168949774,0
NYIS_shape,270,54120,2025-03-05 05:00:00,pf,12996.75,41.25,15099.511553938357,15099.511553938357,1.0,0.023356593330611675,52.96422007859292,3.0869822681744368,50.97603767123288,0
NYIS_shape,271,54288,2025-03-12 05:00:00,pf,12709.25,77.5,16694.696612442924,16694.696612442924,1.0,0.023883376935511003,51.45416932413129,6.989368686870022,51.42511757990867,0
NYIS_shape,272,54456,2025-03-19 05:00:00,pf,13570.75,2.5,13700.402037671232,13700.402037671232,1.0,0.025323088781536978,50.03002264367565,1.8913224790180139,51.86081506849315,0
NYIS_shape,273,54624,2025-03-26 05:00:00,pf,8442.25,92.5,13269.749183789954,13269.749183789954,1.0,0.025556327115283814,48.495748704352486,0.30469326278309783,52.18918036529681,0
NYIS_shape,274,54792,2025-04-02 05:00:00,pf,12274.75,0.0,12274.75,12274.75,1.0,0.028588178812123843,46.164038124696944,-0.021149876864909396,52.57061757990867,0
NYIS_shape,275,54960,2025-04-09 05:00:00,pf,14337.25,21.25,15462.952982305937,15462.952982305937,1.0,0.029700508582636734,45.078180187967156,10.749631641331673,52.97425799086758,0
NYIS_shape,276,55128,2025-04-16 05:00:00,pf,8056.0,88.75,12803.705362442925,12803.705362442925,1.0,0.032680903386738416,41.72512676624566,10.685370870439309,53.49527168949773,0
NYIS_shape,277,55296,2025-04-23 05:00:00,pf,8220.25,87.5,12923.489269406393,12923.489269406393,1.0,0.05182409826087814,32.6464063162705,0.23411963576696979,53.75130593607307,0
NYIS_shape,278,55464,2025-04-30 05:00:00,pf,9224.5,82.5,13671.798964041096,13671.798964041096,1.0,0.06581339518023195,32.45231305215997,-4.89465287107194,53.90665410958905,0
NYIS_shape,279,55632,2025-05-07 05:00:00,pf,8087.75,86.25,12764.346399828766,12764.346399828766,1.0,0.06537199428905582,33.8328258197942,3.7149932637726737,54.22140753424657,0
NYIS_shape,280,55800,2025-05-14 05:00:00,pf,10393.5,86.25,15091.086164383561,15091.086164383561,1.0,0.08198514899467237,30.557005065171797,2.0791546466708186,54.46476712328767,0
NYIS_shape,281,55968,2025-05-21 05:00:00,pf,7414.25,100.0,12880.973515981736,12880.973515981736,1.0,0.07861584997182447,27.064619194195835,0.16566767537846375,54.667235159817345,0
NYIS_shape,282,56136,2025-05-28 05:00:00,pf,8374.5,87.5,13154.316652397261,13154.316652397261,1.0,0.07117028942080598,24.376337295901184,-3.628250219198307,54.62647602739726,0
NYIS_shape,283,56304,2025-06-04 05:00:00,pf,10486.5,83.75,15067.177472888128,15067.177472888128,1.0,0.09981650068999949,19.765148156948776,-3.5491421723050824,54.694656392694064,0
NYIS_shape,284,56472,2025-06-11 05:00:00,pf,9427.0,83.75,14022.49080194064,14022.49080194064,1.0,0.09753693553658657,16.59474889759819,0.623831367079998,54.87153196347032,0
NYIS_shape,285,56640,2025-06-18 05:00:00,pf,55931.5,0.0,55931.5,55931.5,1.0,0.06780278081259931,16.565735546225753,-1.0563871974017391,54.990146118721455,0
NYIS_shape,286,56808,2025-06-25 05:00:00,pf,31886.25,10.0,32439.656803652968,32439.656803652968,1.0,0.03791647436835478,24.74836164627027,20.116207776064222,55.340680365296805,0
NYIS_shape,287,56976,2025-07-02 05:00:00,pf,28550.5,20.0,29668.070844748858,29668.070844748858,1.0,0.04131305279814641,25.37658697378386,10.179334436946549,55.87854223744293,0
NYIS_shape,288,57144,2025-07-09 05:00:00,pf,27379.25,16.25,28294.261863584474,28294.261863584474,1.0,0.0399095016705656,26.39002775336037,5.016366559651744,56.30842237442922,0
NYIS_shape,289,57312,2025-07-16 05:00:00,pf,36673.0,62.5,40206.307933789954,40206.307933789954,1.0,0.03395487866576493,28.970561333445946,7.293460299766608,56.53292694063927,0
NYIS_shape,290,57480,2025-07-23 05:00:00,pf,89095.0,0.0,89095.0,89095.0,1.0,0.03620458945216634,31.64268911864846,9.645272780467986,57.02849771689498,0
NYIS_shape,291,57648,2025-07-30 05:00:00,pf,33681.5,62.5,37308.92415810502,37308.92415810502,1.0,0.04537921527650529,36.542380617285986,12.681111007501656,58.038786529680365,0
NYIS_shape,292,57816,2025-08-06 05:00:00,pf,39063.25,0.0,39063.25,39063.25,1.0,0.043738921002301784,39.60964740435016,8.758614499273207,58.29994178082192,0
NYIS_shape,293,57984,2025-08-13 05:00:00,pf,21915.5,83.75,26849.945503710045,26849.945503710045,1.0,0.045452867540584134,40.05382001139248,10.976342775454324,58.91875228310502,0
NYIS_shape,294,58152,2025-08-20 05:00:00,pf,9993.25,97.5,15782.479674657534,15782.479674657534,1.0,0.046650328027473424,39.688182312545415,4.993908668917321,59.37671461187214,0
NYIS_shape,295,58320,2025-08-27 05:00:00,pf,7275.5,97.5,13079.180265410958,13079.180265410958,1.0,0.0494791690846823,38.50340000629838,-7.763661278394043,59.52492579908675,0
NYIS_shape,296,58488,2025-09-03 05:00:00,pf,8213.5,100.0,14156.817465753425,14156.817465753425,1.0,0.04899146548141767,38.85094068662129,-8.080076298325237,59.43317465753425,0
NYIS_shape,297,58656,2025-09-10 05:00:00,pf,9692.0,100.0,15649.430593607307,15649.430593607307,1.0,0.048613960641540374,38.35896500521064,2.4529049929653657,59.57430593607306,0
NYIS_shape,298,58824,2025-09-17 05:00:00,pf,12460.5,85.0,17529.68585045662,17529.68585045662,1.0,0.04752086260010727,38.247662662538666,2.5348352564507284,59.6374805936073,0
NYIS_shape,299,58992,2025-09-24 05:00:00,pf,12753.75,97.5,18579.465376712327,18579.465376712327,1.0,0.06428175348568975,28.844704048354803,4.02160213038639,59.75092694063927,0
NYIS_shape,300,59160,2025-10-01 05:00:00,pf,22762.5,87.5,28007.58671518265,28007.58671518265,1.0,0.04978088761670053,29.744325234475447,6.17639265188456,59.94384817351598,0
NYIS_shape,301,59328,2025-10-08 05:00:00,pf,12809.0,92.5,18372.12475742009,18372.12475742009,1.0,0.05162015567297729,29.565529747487155,2.2998302296839026,60.141889269406384,0
NYIS_shape,302,59496,2025-10-15 05:00:00,pf,16133.0,83.75,21185.198290525113,21185.198290525113,1.0,0.054051326395935934,29.751267994560894,2.0197018493881536,60.32475570776257,0
NYIS_shape,303,59664,2025-10-22 05:00:00,pf,23359.5,83.75,28424.146638127855,28424.146638127855,1.0,0.05822796907504617,27.52648524432639,1.2610727920693812,60.47339269406393,0
NYIS_shape,304,59832,2025-10-29 05:00:00,pf,17628.25,62.5,21432.039169520547,21432.039169520547,1.0,0.08073979893202059,24.31448452091781,5.367902556364203,60.86062671232877,0
NYIS_shape,305,60000,2025-11-05 05:00:00,pf,22047.25,0.0,22047.25,22047.25,1.0,0.06657422916804515,27.772293718035986,7.294328653663041,61.26324657534247,0
NYIS_shape,306,60168,2025-11-12 05:00:00,pf,17885.5,21.25,19197.897016267125,19197.897016267125,1.0,0.06525038355942969,29.442592161239027,9.065351264240446,61.75985958904109,0
NYIS_shape,307,60336,2025-11-19 05:00:00,pf,16557.0,42.5,19202.43171232877,19202.43171232877,1.0,0.058068308969209795,28.980932922957816,7.693317179215646,62.24545205479453,0
NYIS_shape,308,60504,2025-11-26 05:00:00,pf,20455.0,0.0,20455.0,20455.0,1.0,0.051700388152906444,20.491743203804347,7.545997876117498,62.72258561643835,0
NYIS_shape,309,60672,2025-12-03 05:00:00,pf,36626.75,0.0,36626.75,36626.75,1.0,0.07194655797684227,15.227810723922259,2.608908296976928,62.876992009132415,0
NYIS_shape,310,60840,2025-12-10 05:00:00,pf,29909.0,1.25,29989.197885273974,29989.197885273974,1.0,0.05014087329480109,21.23830640778759,19.11447576700883,64.15830821917808,0
NYIS_shape,311,61008,2025-12-17 05:00:00,pf,12223.5,32.5,14355.586926369862,14355.586926369862,1.0,0.048972356164004596,24.244596660959218,20.161647966914753,65.60267465753425,0
NYIS_shape,312,61176,2025-12-24 05:00:00,pf,16167.75,0.0,16167.75,16167.75,1.0,0.041190559401262254,26.813605860654828,-18.192524782734196,65.22364726027398,0
NYIS_shape,313,61344,2025-12-31 05:00:00,pf,21158.75,1.25,21240.313317636985,21240.313317636985,1.0,0.03047489593520466,31.564904159213725,-15.741959180262661,65.25065410958904,0
NYIS_shape,314,61512,2026-01-07 05:00:00,pf,7452.0,92.5,13586.214900114155,13586.214900114155,1.0,0.04454630464779506,26.390613686189347,-8.585719063334215,66.31583675799087,0
NYIS_shape,315,61680,2026-01-14 05:00:00,pf,26209.5,1.25,26290.81751997717,26290.81751997717,1.0,0.018373689114327192,40.29973451497436,-36.26976106347692,65.05401598173515,0
NYIS_shape,316,61848,2026-01-21 05:00:00,pf,79743.5,0.0,79743.5,79743.5,1.0,0.016877010001618984,42.51123178916097,-20.655069002374557,63.80374657534247,0
NYIS_shape,317,62016,2026-01-28 05:00:00,pf,118031.75,2.5,118196.47841038812,118196.47841038812,1.0,0.01,88.26117748182988,79.4350597336469,65.89136415525114,0
NYIS_shape,318,62184,2026-02-04 05:00:00,pf,63099.0,2.5,63277.638621575345,63277.638621575345,1.0,0.021450989664553458,122.1504766744037,109.93542900696333,71.45544863013698,0
NYIS_shape,319,62352,2026-02-11 05:00:00,pf,14047.0,77.5,19746.796332762555,19746.796332762555,1.0,0.02137758386190481,124.34129440891695,34.630061184457595,73.54575913242009,0
NYIS_shape,320,62520,2026-02-18 05:00:00,pf,14957.25,1.25,15048.306755136986,15048.306755136986,1.0,0.020660451293935723,125.53760145388436,-37.21795219492377,72.84540410958904,0
NYIS_shape,321,62688,2026-02-25 05:00:00,pf,22497.5,21.25,24015.749429223746,24015.749429223746,1.0,0.01898282673656157,130.76127774849377,-38.82264183319087,71.44703196347032,0
NYIS_shape,322,62856,2026-03-04 05:00:00,pf,11433.75,98.75,18494.86829908676,18494.86829908676,1.0,0.01974862107997854,128.68966896853354,-13.560870255041193,71.50499543378996,0
NYIS_shape,323,63024,2026-03-11 05:00:00,pf,13395.75,66.25,18123.03062357306,18123.03062357306,1.0,0.02001780744266832,126.66755675608198,-0.31964294330009496,71.3551792237443,0
NYIS_shape,324,63192,2026-03-18 05:00:00,pf,16654.5,87.5,22901.836187214612,22901.836187214612,1.0,0.02017281695183873,126.54362088239408,0.7688081986776256,71.39812785388128,0
NYIS_shape,325,63360,2026-03-25 05:00:00,pf,11611.25,97.5,18585.09087328767,18585.09087328767,1.0,0.020624454897192772,125.46034535266149,2.1469334041230783,71.52657305936073,0
NYIS_shape,326,63528,2026-04-01 05:00:00,pf,8514.25,98.75,15564.198276255709,15564.198276255709,1.0,0.01989702801549901,127.8508016321931,-4.642412331398113,71.39188127853882,0
NYIS_shape,327,63696,2026-04-08 05:00:00,pf,13666.75,85.0,19718.015079908677,19718.015079908677,1.0,0.020698788286419655,125.41429838934462,-2.710221466507816,71.19135388127854,0
NYIS_shape,328,63864,2026-04-15 05:00:00,pf,22454.25,86.25,28567.87202482877,28567.87202482877,1.0,0.02081180874834997,125.52042486844998,0.2398698835071421,70.88257420091324,0
NYIS_shape,329,64032,2026-04-22 05:00:00,pf,13188.75,87.5,19402.07246004566,19402.07246004566,1.0,0.02132800390694456,124.68008042129277,5.8780914650452205,71.00939954337899,0
NYIS_shape,330,64200,2026-04-29 05:00:00,pf,14433.5,87.5,20657.325756278537,20657.325756278537,1.0,0.03587254103316367,91.03809375094396,-1.0391528567538588,71.12943721461187,0
NYIS_shape,331,64368,2026-05-06 05:00:00,pf,11301.0,100.0,18414.27020547945,18414.27020547945,1.0,0.03509415338207016,65.9214404474139,0.6234140385388028,71.13270205479452,0
NYIS_shape,332,64536,2026-05-13 05:00:00,pf,19085.5,63.75,23624.351686643837,23624.351686643837,1.0,0.05359335758071825,62.3553479702675,3.2202223176953972,71.19767351598173,0
NYIS_shape,0,8760,2020-01-01 05:00:00,schedule,4410.5,6.25,4591.3460045662105,5459.086461187215,0.8410465811834216,0.018459614548610816,14.816626969999435,-7.575489766558105,28.935360730593608,0
NYIS_shape,1,8928,2020-01-08 05:00:00,schedule,4239.5,6.25,4419.523002283105,5959.1180365296805,0.741640453367632,0.012135514226248893,17.94662002979996,-12.767829758810143,28.803680365296803,0
NYIS_shape,2,9096,2020-01-15 05:00:00,schedule,5556.25,6.25,5734.505129851598,8301.40102597032,0.6907876287281657,0.01,18.90582352447063,-10.709038415978632,28.52082077625571,0
NYIS_shape,3,9264,2020-01-22 05:00:00,schedule,4258.25,6.25,4432.853374714612,6009.613072203196,0.7376270853806358,0.011851551237131983,17.424088410186034,-1.4286242247479726,27.9365399543379,0
NYIS_shape,4,9432,2020-01-29 05:00:00,schedule,5182.0,6.25,5353.2492508561645,6565.239212328767,0.8153928711086986,0.01,18.953092336286044,-3.0132278598231017,27.3998801369863,0
NYIS_shape,5,9600,2020-02-05 05:00:00,schedule,3676.5,6.25,3842.3142836757993,5264.2485445205475,0.7298884638863012,0.02611063842109227,11.358212689677764,-3.764338170673485,26.530285388127854,0
NYIS_shape,6,9768,2020-02-12 05:00:00,schedule,4949.75,6.25,5114.819791666667,6472.713125,0.7902126500727107,0.025513840998526174,10.938604775387347,-3.520954908990074,26.411166666666666,0
NYIS_shape,7,9936,2020-02-19 05:00:00,schedule,3800.75,6.25,3965.1244363584474,5633.991883561644,0.7037859688665034,0.028967187112069796,9.851058794018673,-1.8450885964435064,26.299909817351597,0
NYIS_shape,8,10104,2020-02-26 05:00:00,schedule,3821.5,6.25,3984.9920019977167,5126.37203196347,0.7773513075428141,0.024868485686758535,10.76933955946441,-1.87543471374258,26.1587203196347,0
NYIS_shape,9,10272,2020-03-04 05:00:00,schedule,3621.75,6.25,3783.187899543379,5037.006392694064,0.7510786377064582,0.02432095410539461,10.92890027766045,-4.236773556958744,25.830063926940642,0
NYIS_shape,10,10440,2020-03-11 05:00:00,schedule,3200.25,6.25,3358.5807220319634,5102.709263698631,0.65819558757254,0.022741968730274505,11.318743188317365,-5.7224712547971945,25.332915525114156,0
NYIS_shape,11,10608,2020-03-18 05:00:00,schedule,2069.25,6.25,2226.049022545662,4033.2843607305936,0.5519196821873559,0.020302922349942028,12.053794392691204,-4.625507324179166,25.087843607305935,0
NYIS_shape,12,10776,2020-03-25 05:00:00,schedule,2089.25,6.25,2243.7898116438355,3672.8869863013697,0.6109063034099375,0.05298819459106999,6.280383233583621,-3.4230963133859214,24.726369863013698,0
NYIS_shape,13,10944,2020-04-01 05:00:00,schedule,1490.5,6.25,1643.0199557648402,3389.319292237443,0.48476399362191946,0.01,14.662419172667969,-2.5764024780627857,24.40319292237443,0
NYIS_shape,14,11112,2020-04-08 05:00:00,schedule,1715.25,6.25,1865.9149400684933,3717.38904109589,0.5019423362582517,0.031956709374687635,8.62221613551066,-5.21761962316649,24.106390410958902,0
NYIS_shape,15,11280,2020-04-15 05:00:00,schedule,821.75,6.25,970.3579623287671,2624.7273972602748,0.36969856882723884,0.03412428335067737,8.580196139270253,-3.3369438597413903,23.777273972602746,0
NYIS_shape,16,11448,2020-04-22 05:00:00,schedule,890.75,6.25,1038.02274543379,2652.1593778538813,0.3913877703208601,0.0511253445255147,6.074328286459222,-1.996444381553173,23.563639269406394,0
NYIS_shape,17,11616,2020-04-29 05:00:00,schedule,2403.75,6.25,2549.929430650685,3450.399118150685,0.7390244848014493,0.045297846286709624,6.658917773482803,0.05549484452190054,23.38870890410959,0
NYIS_shape,18,11784,2020-05-06 05:00:00,schedule,2575.75,6.25,2720.853674372146,3578.867320205479,0.7602555308521272,0.04020599639652189,7.052820729537522,-2.3022118243542415,23.216587899543374,0
NYIS_shape,19,11952,2020-05-13 05:00:00,schedule,2133.5,6.25,2277.7125856164384,3726.4663356164383,0.6112258586228864,0.043054765216995944,6.455947976257881,-1.9488695878878433,23.074013698630136,0
NYIS_shape,20,12120,2020-05-20 05:00:00,schedule,2597.5,6.25,2740.4216823630136,4448.569216609589,0.6160231636120491,0.055469293910189336,5.1058024093992005,-2.2555485364195595,22.867469178082192,0
NYIS_shape,21,12288,2020-05-27 05:00:00,schedule,2204.0,6.25,2345.9694777397262,3705.186061643836,0.6331583458183792,0.07343400600415456,4.10474667423514,-1.1114350440799994,22.71511643835617,0
NYIS_shape,22,12456,2020-06-03 05:00:00,schedule,5131.5,6.25,5272.701491152968,6875.349981449772,0.7668993586332515,0.0760949779697709,4.126081783727922,-0.6358625114799519,22.592238584474888,0
NYIS_shape,23,12624,2020-06-10 05:00:00,schedule,3902.5,6.25,4043.2773045091326,5197.449497716895,0.7779348902351508,0.0660541966897249,4.7137850978722655,-1.6501532680731552,22.524368721461187,0
NYIS_shape,24,12792,2020-06-17 05:00:00,schedule,7653.5,6.25,7793.883989726028,8429.728767123288,0.9245711463603535,0.05056023111979634,5.090975971735214,-2.4243394067730244,22.461438356164383,0
NYIS_shape,25,12960,2020-06-24 05:00:00,schedule,8416.75,6.25,8557.005165525114,9270.551655251142,0.9230308490518089,0.03759715600265908,5.640441069404515,-0.48149675948365966,22.440826484018263,0
NYIS_shape,26,13128,2020-07-01 05:00:00,schedule,8079.25,6.25,8218.771682363014,8897.093103595891,0.9237592083914775,0.018548103764534626,8.160921500287888,0.5777840360452876,22.323469178082192,0
NYIS_shape,27,13296,2020-07-08 05:00:00,schedule,9584.75,6.25,9723.533447488584,10399.220753424657,0.9350251983338697,0.024723376263375427,7.1785300590161,-4.104694859990863,22.205351598173515,0
NYIS_shape,28,13464,2020-07-15 05:00:00,schedule,11409.0,6.25,11547.146618150686,12275.819178082193,0.9406416346346554,0.026461392094461515,7.3369508517238415,-1.656508042262774,22.103458904109587,0
NYIS_shape,29,13632,2020-07-22 05:00:00,schedule,10739.0,6.25,10875.773030821918,11537.923698630137,0.9426109337257245,0.04556634696983965,6.262222408387393,0.31741860949612694,21.88368493150685,0
NYIS_shape,30,13800,2020-07-29 05:00:00,schedule,8535.5,6.25,8672.199172374429,9229.937351598173,0.9395729182141013,0.03946008533687912,7.174720390025971,1.2484159885575272,21.871867579908674,0
NYIS_shape,31,13968,2020-08-05 05:00:00,schedule,7936.5,6.25,8072.571946347032,8629.680228310503,0.9354427664496974,0.05196942610894545,6.570182849675426,-0.2557299957962823,21.771511415525115,0
NYIS_shape,32,14136,2020-08-12 05:00:00,schedule,8000.75,6.25,8136.45033533105,8634.503353310502,0.9423182784695432,0.049452350518192315,6.955361899263218,-1.1511752449919708,21.712053652968034,0
NYIS_shape,33,14304,2020-08-19 05:00:00,schedule,8988.25,6.25,9123.433005136987,9579.085616438357,0.9524325567651845,0.04401672551842914,7.409997685837717,-0.5871280376060765,21.62928082191781,0
NYIS_shape,34,14472,2020-08-26 05:00:00,schedule,7263.25,6.25,7398.004730308219,7973.463386130137,0.9278282688520361,0.03617465504359864,8.123337182846894,-0.7600518986822515,21.560756849315066,0
NYIS_shape,35,14640,2020-09-02 05:00:00,schedule,5564.75,6.25,5699.666074486301,6290.660744863014,0.9060520517086663,0.04172900812538747,7.325335477305976,-0.8469267328695115,21.586571917808218,0
NYIS_shape,36,14808,2020-09-09 05:00:00,schedule,4127.25,6.25,4262.147167522831,4887.436946347032,0.8720618218324935,0.03910487968949677,6.5852391883847075,0.00678183058159405,21.583546803652972,0
NYIS_shape,37,14976,2020-09-16 05:00:00,schedule,2359.25,6.25,2493.7410459474886,3854.6246432648395,0.6469478293573373,0.03926635854431356,6.041281483141972,0.17033220858264142,21.51856735159817,0
NYIS_shape,38,15144,2020-09-23 05:00:00,schedule,4572.25,6.25,4706.078674372146,5552.519250856164,0.8475573810296108,0.044185627419998014,5.154419182450446,-1.453397162684776,21.41258789954338,0
NYIS_shape,39,15312,2020-09-30 05:00:00,schedule,2759.25,6.25,2893.0272331621004,4043.6748373287674,0.7154450715115414,0.025407439965537185,6.329051004575481,0.7607730673802324,21.404357305936074,0
NYIS_shape,40,15480,2020-10-07 05:00:00,schedule,3602.5,6.25,3735.9893264840184,5106.256974885845,0.7316492970993768,0.0466944115668908,4.770696832521665,-1.5713669519293347,21.358292237442924,0
NYIS_shape,41,15648,2020-10-14 05:00:00,schedule,3610.75,6.25,3744.0176655251144,5135.970125570776,0.7289796424018394,0.04762535289823995,4.9886766554583195,-1.501219516349274,21.322826484018265,0
NYIS_shape,42,15816,2020-10-21 05:00:00,schedule,4237.75,6.25,4370.763976883562,5388.158702910959,0.8111795175079478,0.05516047034201877,4.9601957544925535,0.2528654694305834,21.282236301369863,0
NYIS_shape,43,15984,2020-10-28 05:00:00,schedule,4138.25,6.25,4271.281728025114,7214.75,0.5920207530441268,0.05962825404527873,5.153674291304284,0.5518032709970075,21.285076484018262,0
NYIS_shape,44,16152,2020-11-04 05:00:00,schedule,4459.5,6.25,4593.672060502283,7101.574434931507,0.6468526243851991,0.057332044653036145,6.014843797913338,3.8904276556881623,21.4675296803653,0
NYIS_shape,45,16320,2020-11-11 05:00:00,schedule,5665.5,6.25,5798.364904394977,7235.25,0.8014049140520337,0.04572983441714382,6.810018941893203,-5.630562770569996,21.25838470319635,0
NYIS_shape,46,16488,2020-11-18 05:00:00,schedule,4839.75,6.25,4971.14355022831,6904.75,0.7199599623778283,0.04529265805928959,6.987736201519854,-0.27166066579023546,21.022968036529683,0
NYIS_shape,47,16656,2020-11-25 05:00:00,schedule,4514.5,6.25,4646.025948915525,5462.577846746575,0.8505189453149166,0.04900677256450809,7.076948844038572,1.422871913167025,21.044151826484022,0
NYIS_shape,48,16824,2020-12-02 05:00:00,schedule,5215.0,6.25,5346.100463755708,6327.75,0.8448659418838779,0.05215537652149264,6.952840680392401,-2.028569042695005,20.976074200913242,0
NYIS_shape,49,16992,2020-12-09 05:00:00,schedule,5538.75,6.25,5670.009496289955,6274.75,0.9036231716466719,0.05500045108180135,7.11484304805883,-0.788984080790495,21.001519406392696,0
NYIS_shape,50,17160,2020-12-16 05:00:00,schedule,5581.0,6.25,5712.312592751142,11901.75,0.4799556865798006,0.05526995932666001,7.362718987223228,-0.9671181199273596,21.01001484018265,0
NYIS_shape,51,17328,2020-12-23 05:00:00,schedule,4106.5,31.25,4767.321846461187,7341.25,0.6493882985133577,0.0420899654002661,9.635671395076432,8.672104255568788,21.146299086757992,0
NYIS_shape,52,17496,2020-12-30 05:00:00,schedule,2504.25,31.25,3171.496825057078,4515.689873002283,0.7023283073574956,0.043508794679831646,9.745683656375876,0.8953875741494436,21.351898401826485,0
NYIS_shape,53,17664,2021-01-06 05:00:00,schedule,3162.25,31.25,3832.208832762557,6082.25,0.6300643401311287,0.04631241543615829,9.454279900580127,-1.925008080529928,21.438682648401826,0
NYIS_shape,54,17832,2021-01-13 05:00:00,schedule,5414.75,6.25,5549.670012842465,6432.984002568493,0.8626898513390756,0.05075001384173185,9.134752269311686,0.8304974578643098,21.58720205479452,0
NYIS_shape,55,18000,2021-01-20 05:00:00,schedule,5115.75,6.25,5250.935973173516,6519.787194634703,0.8053845649279233,0.05034556534070871,9.175795331623183,1.168059998804495,21.629755707762556,0
NYIS_shape,56,18168,2021-01-27 05:00:00,schedule,9096.75,6.25,9232.611772260274,15753.206481164383,0.5860782554522738,0.0451846670828963,9.530194642241124,2.16075506747111,21.737883561643837,0
NYIS_shape,57,18336,2021-02-03 05:00:00,schedule,10294.0,6.25,10435.006563926941,13721.0,0.7605135605223338,0.02083710780363128,15.547603629061355,13.992843266155218,22.5610502283105,0
NYIS_shape,58,18504,2021-02-10 05:00:00,schedule,16738.75,6.25,16884.828560216894,20477.75,0.8245451067728092,0.019668963839555055,17.21866032215356,15.496794289938205,23.372569634703197,0
NYIS_shape,59,18672,2021-02-17 05:00:00,schedule,9466.75,6.25,9619.713555936072,14593.592711187215,0.6591737721008037,0.015470754278573489,21.886369173550904,19.697732256195813,24.47416894977169,0
NYIS_shape,60,18840,2021-02-24 05:00:00,schedule,2882.5000000000005,6.25,3042.2999571917812,5738.5,0.53015595664229,0.014326175457063793,25.391468149759824,15.35419361706379,25.56799315068493,0
NYIS_shape,61,19008,2021-03-03 05:00:00,schedule,1725.0,6.25,1885.990403824201,8531.146161529681,0.22107116302014365,0.016331091151181382,24.19366991370116,-9.415641276271245,25.75846461187215,0
NYIS_shape,62,19176,2021-03-10 05:00:00,schedule,4242.75,6.25,4406.468122146119,7700.0,0.5722685872917037,0.016316295923176294,24.375039416082185,6.39800775049618,26.194899543378995,0
NYIS_shape,63,19344,2021-03-17 05:00:00,schedule,4097.5,6.25,4262.496297089041,7409.206305650685,0.5752972884340145,0.01707536725776792,24.030746925218665,-2.3610235473185304,26.399407534246574,0
NYIS_shape,64,19512,2021-03-24 05:00:00,schedule,3236.75,45.0,4433.223664383562,7069.138847031963,0.6271235804407616,0.013593965874504142,25.197282596645337,-4.496302754995577,26.588303652968037,0
NYIS_shape,65,19680,2021-03-31 05:00:00,schedule,3814.5,20.0,4349.1818264840185,7097.480148401826,0.6127783009669066,0.014631785536681935,24.54077736683446,-7.264926817085076,26.734091324200914,0
NYIS_shape,66,19848,2021-04-07 05:00:00,schedule,3367.5,6.25,3535.7262557077624,5877.481826484018,0.601571618609815,0.01239375510104047,27.038062112177325,5.296922998584063,26.916200913242008,0
NYIS_shape,67,20016,2021-04-14 05:00:00,schedule,4102.0,6.25,4271.026127283105,7055.2612728310505,0.6053675352506511,0.013996387395345509,25.81710547711194,4.310088080702289,27.044180365296803,0
NYIS_shape,68,20184,2021-04-21 05:00:00,schedule,3375.25,6.25,3545.551234303653,7072.0725898972605,0.5013454244472285,0.015668485788104314,25.102105434354772,5.61949963090305,27.248197488584477,0
NYIS_shape,69,20352,2021-04-28 05:00:00,schedule,4918.75,6.25,5090.057484303653,7814.9454466324205,0.6513234825582866,0.01757016394641631,23.98564304743018,4.481741044628599,27.409197488584475,0
NYIS_shape,70,20520,2021-05-05 05:00:00,schedule,3490.5,6.25,3663.0637557077625,5200.874805936073,0.7043168490667928,0.012542249003666718,26.73145409894999,4.333577274404135,27.610200913242007,0
NYIS_shape,71,20688,2021-05-12 05:00:00,schedule,3729.0,6.25,3902.7583404680363,5400.053378995433,0.7227258818678682,0.011767683741937845,28.225462346080036,2.8722772168571233,27.801334474885845,0
NYIS_shape,72,20856,2021-05-19 05:00:00,schedule,6961.5,6.25,7136.4936429794525,8435.229657534246,0.8460343028841214,0.010511804060710398,32.65071658057602,0.97111564197717,27.99898287671233,0
NYIS_shape,73,21024,2021-05-26 05:00:00,schedule,5369.25,6.25,5546.115346746576,6349.653467465753,0.8734516576634721,0.011199124119622254,34.84792079237584,2.3158795216642676,28.298455479452056,0
NYIS_shape,74,21192,2021-06-02 05:00:00,schedule,10114.0,6.25,10291.997752568494,12100.342808219179,0.8505542293874216,0.0126239209502883,30.40249778407539,0.1518849719371724,28.479640410958904,0
NYIS_shape,75,21360,2021-06-09 05:00:00,schedule,7071.25,6.25,7250.944870148402,7807.486142979452,0.9287169695034942,0.01219964006212965,28.674336939475385,5.1869576885549185,28.75117922374429,0
NYIS_shape,76,21528,2021-06-16 05:00:00,schedule,8900.75,6.25,9081.988142123288,10222.23102739726,0.8884545964361464,0.01,26.406474758147475,2.6010891038704202,28.998102739726033,0
NYIS_shape,77,21696,2021-06-23 05:00:00,schedule,14022.0,6.25,14204.793842751142,15372.043842751142,0.9240667010879995,0.01,21.76098404738281,2.0392575448626475,29.24701484018265,0
NYIS_shape,78,21864,2021-06-30 05:00:00,schedule,13602.0,6.25,13786.681221461187,15117.5,0.9119683295162022,0.01,22.270259793741833,4.017382163566973,29.548995433789955,0
NYIS_shape,79,22032,2021-07-07 05:00:00,schedule,15336.0,6.25,15523.102133276256,16107.476826484019,0.9637202834743844,0.01,22.01868548316407,7.9761585474359435,29.93634132420091,0
NYIS_shape,80,22200,2021-07-14 05:00:00,schedule,16165.0,6.25,16354.264861586758,17120.72080622146,0.9552322619292886,0.01,23.28695319149232,7.4220664479643155,30.28237785388128,0
NYIS_shape,81,22368,2021-07-21 05:00:00,schedule,15494.25,6.25,15686.002896689497,16740.554634703196,0.9370061649076064,0.01,24.700107588281156,7.1388077074693,30.68046347031964,0
NYIS_shape,82,22536,2021-07-28 05:00:00,schedule,7456.75,6.25,7650.397445776256,8582.421826484018,0.8914031028128121,0.01,26.924076855389746,3.6431264829492855,30.983591324200916,0
NYIS_shape,83,22704,2021-08-04 05:00:00,schedule,14780.0,6.25,14974.851448344749,16113.274634703197,0.9293487380953203,0.012080824756884125,24.095365294787506,1.6543609352798434,31.17623173515982,0
NYIS_shape,84,22872,2021-08-11 05:00:00,schedule,17815.75,6.25,18013.136622431506,18415.88719178082,0.9781302651805411,0.014424655301660911,22.848204520060108,7.074287859003616,31.5818595890411,0
NYIS_shape,85,23040,2021-08-18 05:00:00,schedule,16455.0,6.25,16655.179216609587,17413.823493150685,0.9564343650985384,0.017550668644165816,21.860451029864205,7.112272163586151,32.028674657534246,0
NYIS_shape,86,23208,2021-08-25 05:00:00,schedule,21161.0,6.25,21364.348644406393,22011.465662100458,0.9706009119234492,0.0198590260437087,19.637518354137892,4.567565145153714,32.53578310502284,0
NYIS_shape,87,23376,2021-09-01 05:00:00,schedule,6174.0,6.25,6380.740710616438,7100.070273972603,0.8986869797622878,0.026610862111406567,17.518934918788553,4.330327702461435,33.07851369863013,0
NYIS_shape,88,23544,2021-09-08 05:00:00,schedule,11600.0,6.25,11808.755607876712,13068.255607876712,0.9036214137684258,0.04614079455026852,12.064062666478797,7.430064925492654,33.40089726027397,0
NYIS_shape,89,23712,2021-09-15 05:00:00,schedule,14084.0,6.25,14295.876776541096,14845.505684931508,0.9629767473028354,0.03884750071222031,12.496531678596957,10.694314489359021,33.900284246575346,0
NYIS_shape,90,23880,2021-09-22 05:00:00,schedule,8132.0,6.25,8349.03580194064,10043.064320776255,0.8313235418266564,0.027679589948661702,14.581851155897562,13.123666040307805,34.72572831050228,0
NYIS_shape,91,24048,2021-09-29 05:00:00,schedule,9480.75,6.25,9701.523244863014,10668.474383561645,0.9093636911957588,0.017650489098859225,17.252490582279698,5.202333439705299,35.3237191780822,0
NYIS_shape,92,24216,2021-10-06 05:00:00,schedule,11107.0,6.25,11331.61269977169,12367.510639269407,0.9162403842040348,0.02055870533127362,15.334577886102199,11.039247785272407,35.93803196347032,0
NYIS_shape,93,24384,2021-10-13 05:00:00,schedule,9943.5,6.25,10173.108340468036,11479.466680936073,0.8862004327572548,0.013017096559475055,19.207625153086052,14.712716453873444,36.73733447488584,0
NYIS_shape,94,24552,2021-10-20 05:00:00,schedule,10182.5,6.25,10416.383868436073,12618.937415810502,0.82545649647055,0.010409771752993117,21.97786753751981,8.804240068308564,37.42141894977169,0
NYIS_shape,95,24720,2021-10-27 05:00:00,schedule,9837.0,6.25,10074.791145833333,13210.0,0.7626639777315165,0.010008732904813872,23.4838812434984,4.038577137217491,38.04658333333333,0
NYIS_shape,96,24888,2021-11-03 05:00:00,schedule,11223.75,6.25,11464.890139840183,17829.456055936073,0.6430308419881999,0.01,24.808428897517324,7.760374468483242,38.58242237442923,0
NYIS_shape,97,25056,2021-11-10 05:00:00,schedule,11546.75,6.25,11793.222916666668,13047.0,0.9039030364579342,0.01086404304156956,27.37768029542831,13.920319934180423,39.43566666666668,0
NYIS_shape,98,25224,2021-11-17 05:00:00,schedule,10505.5,6.25,10755.884125285387,11424.30730022831,0.941491141880474,0.01642135795305087,23.40358103186437,4.476495909211176,40.061460045662095,0
NYIS_shape,99,25392,2021-11-24 05:00:00,schedule,8880.25,6.25,9133.673387557077,10931.434677511415,0.8355420543606444,0.021336497053721468,21.399309197212364,1.2201192639546423,40.54774200913242,0
NYIS_shape,100,25560,2021-12-01 05:00:00,schedule,9061.75,6.25,9319.967066210045,10053.25,0.9270601115271226,0.01,36.37796243746671,3.2903822082966276,41.31473059360731,0
NYIS_shape,101,25728,2021-12-08 05:00:00,schedule,7249.5,6.25,7510.61631706621,8708.573590182648,0.8624393236491772,0.026072292790172157,22.040583096109586,8.223949957605596,41.778610730593606,0
NYIS_shape,102,25896,2021-12-15 05:00:00,schedule,10975.5,6.25,11238.720676369863,13748.394135273973,0.8174569746684021,0.02010894214654763,24.600734109393212,2.9468206293720858,42.11530821917808,0
NYIS_shape,103,26064,2021-12-22 05:00:00,schedule,7549.0,6.25,7812.450342465753,11274.390410958904,0.6929377161599722,0.019117858322293634,26.268229269786612,8.065349474796715,42.152054794520545,0
NYIS_shape,104,26232,2021-12-29 05:00:00,schedule,8564.25,6.25,8829.743899828767,10522.697559931506,0.8391141006894283,0.017316921106011553,26.818901534369502,4.5939311842165,42.47902397260274,0
NYIS_shape,105,26400,2022-01-05 05:00:00,schedule,24976.499999999996,6.25,25243.831456906388,36767.75,0.6865753671874506,0.01501695541996819,28.91225654625015,-1.422981421638703,42.77303310502283,0
NYIS_shape,106,26568,2022-01-12 05:00:00,schedule,31784.750000000004,6.25,32063.92988013699,45030.17195205479,0.7120543513419533,0.01980420161906359,31.78782560081848,28.60904304073663,44.66878082191781,0
NYIS_shape,107,26736,2022-01-19 05:00:00,schedule,23603.0,6.25,23895.3049086758,40162.75,0.5949618716018151,0.02997195628824743,31.87578619293858,28.68820757364472,46.76878538812785,0
NYIS_shape,108,26904,2022-01-26 05:00:00,schedule,10924.75,6.25,11232.301769406393,35442.25,0.31691841712663255,0.031064916162144546,34.90223014784804,31.412007133063234,49.20828310502282,0
NYIS_shape,109,27072,2022-02-02 05:00:00,schedule,14262.25,6.25,14584.106870719179,26990.371374143837,0.5403448018018168,0.022061603344267905,46.99595640550785,40.39758250423785,51.49709931506849,0
NYIS_shape,110,27240,2022-02-09 05:00:00,schedule,13434.5,6.25,13763.805372431507,29770.25,0.46233422199785046,0.019482615152629935,50.017852955303006,15.349605448928902,52.6888595890411,0
NYIS_shape,111,27408,2022-02-16 05:00:00,schedule,1899.5,6.25,2230.24392836758,13928.314784531964,0.16012302729145445,0.018593405773693446,52.09483932275418,-3.9468380272006907,52.91902853881279,0
NYIS_shape,112,27576,2022-02-23 05:00:00,schedule,10571.25,20.0,11623.493675799087,29058.137067636988,0.4000082196853754,0.015116211135915663,58.19346512464204,-16.815704783938227,52.61218378995434,0
NYIS_shape,113,27744,2022-03-02 05:00:00,schedule,8275.5,6.25,8610.823615867579,13875.39723173516,0.6205821334017959,0.016098561204229225,59.37026469631885,-2.4138491390043457,53.65177853881278,0
NYIS_shape,114,27912,2022-03-09 05:00:00,schedule,6476.5,6.25,6813.401619577626,12905.57198487443,0.5279426303276645,0.01836014109536861,56.70334943125638,14.216364806428567,53.9042591324201,0
NYIS_shape,115,28080,2022-03-16 05:00:00,schedule,6695.0,6.25,7035.907255993151,11766.120950342465,0.5979801912361239,0.019944078977236695,55.13810814775838,14.704284691382325,54.545160958904106,0
NYIS_shape,116,28248,2022-03-23 05:00:00,schedule,8711.5,6.25,9054.608404680364,17822.0,0.5080579286657145,0.020737098848558407,54.12026940353106,3.7335521410184094,54.897344748858444,0
NYIS_shape,117,28416,2022-03-30 05:00:00,schedule,4105.0,6.25,4453.743742865297,12689.72997716895,0.3509723020803723,0.02405229046638239,50.73003065630464,13.380089653904419,55.79899885844748,0
NYIS_shape,118,28584,2022-04-06 05:00:00,schedule,8589.0,6.25,8941.626797945206,12845.75,0.6960766633279649,0.02648400398139552,49.201214218541786,11.71843650162079,56.42028767123287,0
NYIS_shape,119,28752,2022-04-13 05:00:00,schedule,8173.5,6.25,8531.370298230593,13305.824059646118,0.6411756430858363,0.021488016787642318,51.14246552589902,14.819824430909394,57.25924771689498,0
NYIS_shape,120,28920,2022-04-20 05:00:00,schedule,5447.75,6.25,5810.661579623287,9448.326211472602,0.6149937512284143,0.014552074016657073,60.228813643252515,11.567635226862189,58.065852739726026,0
NYIS_shape,121,29088,2022-04-27 05:00:00,schedule,7579.75,6.25,7947.590753424657,13780.318150684932,0.5767349248775967,0.013397186806950994,67.2002301685179,6.721489777791999,58.8545205479452,0
NYIS_shape,122,29256,2022-05-04 05:00:00,schedule,10010.0,6.25,10382.874985730594,14517.57499714612,0.7151934801626078,0.01604559635716944,68.8013442705439,10.463013459163225,59.65999771689498,0
NYIS_shape,123,29424,2022-05-11 05:00:00,schedule,10817.0,6.25,11195.787749714611,17556.37079908676,0.6377051315353279,0.018814960375565834,63.34136398826831,17.255248867201594,60.6060399543379,0
NYIS_shape,124,29592,2022-05-18 05:00:00,schedule,26508.5,6.25,26893.399029680364,31202.92689497717,0.8618870633578121,0.018156022487166322,58.24452881036821,11.766669532884004,61.583844748858446,0
NYIS_shape,125,29760,2022-05-25 05:00:00,schedule,18587.75,6.25,18979.76725171233,21714.32415239726,0.8740666814452506,0.0208233368508446,49.129623710769316,13.828170083277849,62.722760273972604,0
NYIS_shape,126,29928,2022-06-01 05:00:00,schedule,10862.0,6.25,11260.668949771689,12627.870319634703,0.8917314372687852,0.026625906916734287,36.75144457869965,4.904491898261326,63.78703196347032,0
NYIS_shape,127,30096,2022-06-08 05:00:00,schedule,16852.75,6.25,17256.48230593607,18193.221689497717,0.94851162704721,0.01652017269134763,42.540701301844706,18.02033227673986,64.59716894977169,0
NYIS_shape,128,30264,2022-06-15 05:00:00,schedule,20305.5,6.25,20715.0899543379,22455.34392694064,0.9225015667422094,0.01143340516767093,49.06924308751868,17.94882273134771,65.53439269406392,0
NYIS_shape,129,30432,2022-06-22 05:00:00,schedule,19390.25,6.25,19805.5401755137,21328.91515839041,0.9285770058362559,0.01,51.59146888375849,11.675413395273738,66.44642808219177,0
NYIS_shape,130,30600,2022-06-29 05:00:00,schedule,29831.0,6.25,30250.431856449773,31430.181940639268,0.9624644207781669,0.01,45.84856113380273,1.8164986939220273,67.10909703196347,0
NYIS_shape,131,30768,2022-07-06 05:00:00,schedule,26527.75,6.25,26950.859803082192,28746.951369863014,0.9375206245812987,0.01747874421592694,36.66292179727893,8.774733719417176,67.69756849315071,0
NYIS_shape,132,30936,2022-07-13 05:00:00,schedule,32361.25,6.25,32787.4665097032,34536.14283105023,0.9493667741096189,0.02122287238083527,35.62552525530786,6.213861735975164,68.19464155251141,0
NYIS_shape,133,31104,2022-07-20 05:00:00,schedule,52304.75,6.25,52735.74048944064,57175.41956621005,0.9223498644967846,0.02683151090452575,34.12922279844285,11.17922279430561,68.95847831050227,0
NYIS_shape,134,31272,2022-07-27 05:00:00,schedule,35375.75,6.25,35817.59624714612,38917.90799086758,0.9203371428790834,0.03271486807489151,34.04148001151693,30.397801769919084,70.695399543379,0
NYIS_shape,135,31440,2022-08-03 05:00:00,schedule,51352.0,6.25,51801.459803082194,54832.02136986301,0.9447300775884493,0.04210586942959993,31.0131900547637,13.376223697936997,71.91356849315068,0
NYIS_shape,136,31608,2022-08-10 05:00:00,schedule,20867.5,6.25,21326.09100313927,23952.99121004566,0.8903310161194109,0.05110283051403952,30.562342048456923,27.50610784361123,73.3745605022831,0
NYIS_shape,137,31776,2022-08-17 05:00:00,schedule,28821.0,6.25,29284.125192636988,31346.500616438356,0.9342071560383413,0.05000739842996273,28.987470195481198,7.3271122349658695,74.10003082191781,0
NYIS_shape,138,31944,2022-08-24 05:00:00,schedule,44251.75,6.25,44720.873630136986,45925.19561643836,0.9737764429713109,0.04746741539706652,27.66808458629303,7.623809905449358,75.05978082191781,0
NYIS_shape,139,32112,2022-08-31 05:00:00,schedule,24769.5,6.25,25245.794748858447,26578.89319634703,0.94984371856117,0.02878614948476731,34.99793641083436,10.877222582213816,76.2071598173516,0
NYIS_shape,140,32280,2022-09-07 05:00:00,schedule,24334.5,6.25,24817.264055365296,26710.422488584474,0.9291228570409817,0.02712288262187558,34.14136436604259,16.266698885214428,77.24224885844748,0
NYIS_shape,141,32448,2022-09-14 05:00:00,schedule,24095.75,6.25,24583.88470319635,26890.28105022831,0.914229369982268,0.023152000273125143,37.31849993561039,12.981484343084173,78.10155251141553,0
NYIS_shape,142,32616,2022-09-21 05:00:00,schedule,9855.5,6.25,10347.180386700913,15105.714032534246,0.6849845273394861,0.018151426985038535,39.54593522081089,9.049989276327592,78.66886187214611,0
NYIS_shape,143,32784,2022-09-28 05:00:00,schedule,6103.25,6.25,6596.3883704337895,13270.21392694064,0.4970822932283009,0.017702826633967977,38.80619613315772,-7.293605744905297,78.90213926940639,0
NYIS_shape,144,32952,2022-10-05 05:00:00,schedule,10203.25,6.25,10697.074022545663,15852.684360730593,0.6747799791588529,0.01,48.79989965319106,-8.26651522525086,79.01184360730593,0
NYIS_shape,145,33120,2022-10-12 05:00:00,schedule,9741.25,6.25,10235.80830479452,16876.93287671233,0.6064969493905152,0.01,48.669357933386394,-0.11074685689967408,79.1293287671233,0
NYIS_shape,146,33288,2022-10-19 05:00:00,schedule,10008.75,6.25,10503.964447773973,16132.181164383563,0.6511186764356763,0.01,50.84970282796734,-2.4202441481428,79.23431164383562,0
NYIS_shape,147,33456,2022-10-26 05:00:00,schedule,11636.75,6.25,12132.08647260274,17522.566267123286,0.6923692732933512,0.011246307517009184,49.497247902742934,-7.92926411158546,79.25383561643835,0
NYIS_shape,148,33624,2022-11-02 05:00:00,schedule,8333.5,6.25,8828.230529394978,16136.438470319636,0.5470990730471955,0.01,54.6098733536166,-5.657875996924075,79.15688470319635,0
NYIS_shape,149,33792,2022-11-09 05:00:00,schedule,12254.25,6.25,12745.871796518264,20901.5423244863,0.6098053243461554,0.011992291011832468,55.44144914550995,-1.696019684398083,78.65948744292237,0
NYIS_shape,150,33960,2022-11-16 05:00:00,schedule,16042.75,6.25,16533.5502283105,28703.5,0.5760116441657116,0.012355118903024714,55.21073214538906,4.783162502633729,78.52803652968036,0
NYIS_shape,151,34128,2022-11-23 05:00:00,schedule,7971.5,6.25,8466.289340753425,13745.938330479452,0.6159120706936945,0.01,59.3663467857704,24.82707268186072,79.16629452054795,0
NYIS_shape,152,34296,2022-11-30 05:00:00,schedule,12613.25,6.25,13108.750306792237,20571.204724600455,0.637237851758672,0.013995679248475284,55.43145153304747,11.974552874203734,79.28004908675798,0
NYIS_shape,153,34464,2022-12-07 05:00:00,schedule,12305.25,6.25,12801.635388127854,18893.43324200913,0.6775706259497454,0.013545541100577882,51.282270241776686,-0.8223266172419126,79.42166210045662,0
NYIS_shape,154,34632,2022-12-14 05:00:00,schedule,20859.75,6.25,21358.593421803653,39564.25,0.5398457805165939,0.015972908785131808,49.943559613944146,-0.769524134231297,79.81494748858447,0
NYIS_shape,155,34800,2022-12-21 05:00:00,schedule,31544.25,6.25,32052.25076341324,56356.5,0.5687409751033731,0.021356132169259606,47.56151172987354,25.40806757428449,81.28012214611873,0
NYIS_shape,156,34968,2022-12-28 05:00:00,schedule,4913.75,6.25,5437.87308076484,15415.719292237443,0.3527485793999292,0.020098097582492674,51.09238298050545,45.9831446824549,83.85969292237444,0
NYIS_shape,157,35136,2023-01-04 05:00:00,schedule,10489.75,6.25,11017.281870719178,16911.00993150685,0.6514857430361337,0.020690966407602818,49.072379651429216,-32.0912993610925,84.4050993150685,0
NYIS_shape,158,35304,2023-01-11 05:00:00,schedule,8041.0,6.25,8560.572081906394,15426.653310502285,0.5549208833310888,0.016168046767292193,53.12478803717424,-47.81230923345681,83.13153310502284,0
NYIS_shape,159,35472,2023-01-18 05:00:00,schedule,7187.75,6.25,7695.791795091324,12507.668721461185,0.6152858671325825,0.01445077237348358,53.231191930307396,-34.28230404016848,81.28668721461186,0
NYIS_shape,160,35640,2023-01-25 05:00:00,schedule,9261.75,6.25,9755.389476312785,13403.481621004566,0.7278250347301656,0.013514848654224537,53.67651440836578,-28.236982255793137,78.98231621004567,0
NYIS_shape,161,35808,2023-02-01 05:00:00,schedule,21732.5,6.25,22209.47131849315,44301.04109589041,0.5013306858956281,0.010055145851873901,60.716247909867064,-15.679805047592144,76.31541095890411,0
NYIS_shape,162,35976,2023-02-08 05:00:00,schedule,6970.25,6.25,7443.916409817351,13720.162557077627,0.5425530768203153,0.01140120982599516,62.3666220552489,21.84587616704781,75.78662557077627,0
NYIS_shape,163,36144,2023-02-15 05:00:00,schedule,6359.5,6.25,6826.549700342466,12752.545205479451,0.5353088023094611,0.01,63.288341767521324,-16.675942279140823,74.72795205479451,0
NYIS_shape,164,36312,2023-02-22 05:00:00,schedule,9917.5,6.25,10378.2109375,18866.7328125,0.5500799232511525,0.01,59.75827807158306,-11.813979010888486,73.71374999999999,0
NYIS_shape,165,36480,2023-03-01 05:00:00,schedule,7142.0,6.25,7598.457241723744,12477.56586757991,0.6089695155580457,0.01,60.41659055677184,2.2162868015431316,73.03315867579909,0
NYIS_shape,166,36648,2023-03-08 05:00:00,schedule,7783.75,6.25,8237.356635273973,14656.234837328768,0.5620377079585132,0.010582757439246233,59.76285487191891,-13.612886021843435,72.57706164383562,0
NYIS_shape,167,36816,2023-03-15 05:00:00,schedule,5935.75,6.25,6386.538327625571,16626.45557648402,0.3841190504041347,0.01078666396903928,59.11577364724952,-9.823313087755043,72.12613242009131,0
NYIS_shape,168,36984,2023-03-22 05:00:00,schedule,6453.5,6.25,6902.9088042237445,14263.159106735158,0.48396773481718686,0.0112037536113922,57.97661166845055,-10.725747271574702,71.90540867579908,0
NYIS_shape,169,37152,2023-03-29 05:00:00,schedule,5710.0,6.25,6155.613470319635,15441.070136986302,0.39865199857974687,0.02024578913977441,45.107813719168995,-10.650566437674764,71.29815525114157,0
NYIS_shape,170,37320,2023-04-05 05:00:00,schedule,7120.5,6.25,7561.794220890411,16096.448690068493,0.4697802829984503,0.01,64.44822841007137,-13.715535823722623,70.60707534246576,0
NYIS_shape,171,37488,2023-04-12 05:00:00,schedule,8702.0,6.25,9139.29355022831,16014.696803652969,0.5706816471320036,0.01,63.50512374371568,-12.719912913186587,69.96696803652968,0
NYIS_shape,172,37656,2023-04-19 05:00:00,schedule,5520.0,6.25,5953.389547659817,13875.304853025114,0.4290636934266601,0.01,55.065984829079305,-8.21680102968554,69.34232762557077,0
NYIS_shape,173,37824,2023-04-26 05:00:00,schedule,4047.75,6.25,4476.519541952055,11499.308762842466,0.3892859679024327,0.01,44.97241740007718,-5.227667001212279,68.60312671232877,0
NYIS_shape,174,37992,2023-05-03 05:00:00,schedule,4462.749999999999,6.25,4886.862036244292,10285.792579908677,0.4751079703658267,0.01,46.39952186981228,-9.847530583291569,67.85792579908676,0
NYIS_shape,175,38160,2023-05-10 05:00:00,schedule,10610.0,6.25,11028.36660958904,16413.615753424656,0.6719035449144106,0.01,41.59170969376533,-19.7642189944559,66.93865753424656,0
NYIS_shape,176,38328,2023-05-17 05:00:00,schedule,5878.75,6.25,6291.029723173516,12680.225570776256,0.49612916490005254,0.01,40.52980537956319,-15.158103231982613,65.96475570776256,0
NYIS_shape,177,38496,2023-05-24 05:00:00,schedule,5933.5,6.25,6338.009539098173,10942.902625570776,0.5791890649093285,0.01,39.5797457388381,-9.277633619417262,64.72152625570776,0
NYIS_shape,178,38664,2023-05-31 05:00:00,schedule,9867.0,6.25,10265.025820490868,14939.807963755708,0.6870922200200993,0.01,38.4505227257138,-4.610043338743685,63.684131278538814,0
NYIS_shape,179,38832,2023-06-07 05:00:00,schedule,6235.25,6.25,6627.162899543379,10309.591232876712,0.642815292075764,0.01,27.579128413604234,-20.952771263151245,62.70606392694064,0
NYIS_shape,180,39000,2023-06-14 05:00:00,schedule,6636.5,6.25,7021.591074486301,10533.93897688356,0.6665684213564356,0.01,27.02660212286469,-19.894881487852523,61.61457191780822,0
NYIS_shape,181,39168,2023-06-21 05:00:00,schedule,8446.75,6.25,8825.036765125571,12219.273535958904,0.7222227032691619,0.01,25.382576296902723,-13.053799445452555,60.52588242009132,0
NYIS_shape,182,39336,2023-06-28 05:00:00,schedule,11391.5,6.25,11765.143799942922,14335.13575913242,0.8207207798815407,0.01,23.48656560556018,-4.741483008967445,59.78300799086758,0
NYIS_shape,183,39504,2023-07-05 05:00:00,schedule,19172.75,6.25,19542.237821061644,22136.38680222603,0.8828106409441889,0.01,24.40501189270605,-15.326836221696015,59.11805136986302,0
NYIS_shape,184,39672,2023-07-12 05:00:00,schedule,20279.25,6.25,20645.739947203198,22921.46529252283,0.9007164107408966,0.01,27.061728403454453,-19.023858236230296,58.638391552511415,0
NYIS_shape,185,39840,2023-07-19 05:00:00,schedule,13364.0,6.25,13725.048066495434,15631.044091038813,0.8780634221589794,0.01,27.391593271468476,-17.29766994102621,57.767690639269404,0
NYIS_shape,186,40008,2023-07-26 05:00:00,schedule,32021.5,6.25,32370.79270119863,39898.433219178085,0.8113299217383523,0.01,29.000167529209875,-10.468326603041298,55.886832191780826,0
NYIS_shape,187,40176,2023-08-02 05:00:00,schedule,7035.749999999999,6.25,7379.084046803652,11389.011130136987,0.6479126205503055,0.025164216509056248,23.845477452869336,-0.641554029300916,54.93344748858448,0
NYIS_shape,188,40344,2023-08-09 05:00:00,schedule,8451.75,6.25,8784.738334760274,12748.04368578767,0.689104818847935,0.028386323599722582,22.280792743879356,-20.05271346949142,53.278133561643834,0
NYIS_shape,189,40512,2023-08-16 05:00:00,schedule,10962.75,6.25,11288.011729452055,14108.385325342466,0.8000923896780548,0.022646654260682665,24.504191641138373,-22.053772477024534,52.04187671232877,0
NYIS_shape,190,40680,2023-08-23 05:00:00,schedule,6297.75,6.25,6615.21752283105,8720.493356164385,0.7585829439517723,0.02004170562403286,25.90768193093931,-17.853478179984837,50.794803652968035,0
NYIS_shape,191,40848,2023-08-30 05:00:00,schedule,12852.0,6.25,13159.451491152968,14353.26491152968,0.9168263508173846,0.016518080048695358,27.482643590686155,-11.583977477555853,49.192238584474886,0
NYIS_shape,192,41016,2023-09-06 05:00:00,schedule,19831.25,6.25,20130.748194920092,21798.025811929223,0.9235124487238338,0.01,33.804009024699745,-16.372048182891835,47.91971118721462,0
NYIS_shape,193,41184,2023-09-13 05:00:00,schedule,5571.0,6.25,5865.152832477169,8619.034186643836,0.6804884057155596,0.01,35.60626210932286,-7.874459269544897,47.064453196347024,0
NYIS_shape,194,41352,2023-09-20 05:00:00,schedule,5774.75,6.25,6061.035017123288,9384.560273972602,0.6458517863573352,0.01,34.19385530015704,-12.016471821972976,45.80560273972602,0
NYIS_shape,195,41520,2023-09-27 05:00:00,schedule,6838.5,6.25,7119.392565639269,10046.31740582192,0.7086569414493639,0.01,33.055683371416876,-8.615664700204198,44.94281050228311,0
NYIS_shape,196,41688,2023-10-04 05:00:00,schedule,8712.5,6.25,8990.178731449772,13141.109703196347,0.6841262978927166,0.01,32.382200278345,-6.913244701699425,44.42859703196346,0
NYIS_shape,197,41856,2023-10-11 05:00:00,schedule,7197.5,6.25,7470.848423230594,13453.155087043378,0.555323147238948,0.01,30.26033276420919,-6.6969030981079065,43.73574771689498,0
NYIS_shape,198,42024,2023-10-18 05:00:00,schedule,10742.5,6.25,11011.569313641552,15301.534253710046,0.7196382487574187,0.01,31.58264629023218,-3.5974704007920337,43.05109018264841,0
NYIS_shape,199,42192,2023-10-25 05:00:00,schedule,14020.25,6.25,14286.343657248859,17061.155303938358,0.8373608587896174,0.01,34.109611739902405,0.7293009489017063,42.57498515981735,0
NYIS_shape,200,42360,2023-11-01 05:00:00,schedule,7358.5,6.25,7622.292265981735,13922.341723744292,0.5474863652414205,0.01,37.008040239729844,3.894276288830255,42.206762557077624,0
NYIS_shape,201,42528,2023-11-08 05:00:00,schedule,6192.25,6.25,6455.227090468036,11284.866322773973,0.5720251269118494,0.01,34.36274382268996,-20.621189517125615,42.07633447488585,0
NYIS_shape,202,42696,2023-11-15 05:00:00,schedule,6232.75,6.25,6494.63401826484,11858.8401826484,0.5476618217494531,0.01,32.46546027327389,-19.26703207166496,41.90144292237442,0
NYIS_shape,203,42864,2023-11-22 05:00:00,schedule,6651.5,6.25,6907.901526826484,11190.75,0.6172867347431122,0.01,33.814848700481,-13.625924332553831,41.02424429223744,0
NYIS_shape,204,43032,2023-11-29 05:00:00,schedule,8482.0,6.25,8734.65607163242,11456.718500285388,0.7624047035296223,0.01,30.60265971812463,-7.413275854370166,40.424971461187205,0
NYIS_shape,205,43200,2023-12-06 05:00:00,schedule,8963.75,6.25,9213.740489440639,12796.859243721461,0.7200001433133828,0.01,31.977914264412895,-22.319855360714715,39.99847831050228,0
NYIS_shape,206,43368,2023-12-13 05:00:00,schedule,6076.5,6.25,6324.057470034247,9133.086194349315,0.6924337880383711,0.01,35.54567924520287,-26.35590487153887,39.60919520547945,0
NYIS_shape,207,43536,2023-12-20 05:00:00,schedule,5377.0,6.25,5614.407084760274,8028.513356164383,0.6993084317969613,0.01,34.27795169018707,-22.859245366465494,37.985133561643835,0
NYIS_shape,208,43704,2023-12-27 05:00:00,schedule,4965.5,6.25,5185.685316780822,7672.8807876712335,0.6758459384789568,0.01,33.390944125279745,-7.315809057653363,35.229650684931514,0
NYIS_shape,209,43872,2024-01-03 05:00:00,schedule,9486.5,6.25,9698.48344035388,12911.75,0.7511362472440901,0.018668639073343124,23.876274008688075,-4.984599303861097,33.917350456621,0
NYIS_shape,210,44040,2024-01-10 05:00:00,schedule,27583.75,6.25,27796.11419805936,32565.25,0.8535513837007043,0.015871713463354083,23.819459547931253,0.24384818375541112,33.97827168949772,0
NYIS_shape,211,44208,2024-01-17 05:00:00,schedule,29749.75,6.25,29966.490632134704,39912.25,0.7508093538233175,0.01652070180650393,29.630751511286704,21.309956272267844,34.678501141552516,0
NYIS_shape,212,44376,2024-01-24 05:00:00,schedule,6974.5,6.25,7202.088534531964,8806.017706906392,0.8178598742634259,0.02019117223034791,32.49993199073794,29.24993879166415,36.41416552511415,0
NYIS_shape,213,44544,2024-01-31 05:00:00,schedule,4078.25,6.25,4305.914526255708,6255.796147260274,0.6883079986775916,0.019623616276182653,32.88413516976825,-17.321920964497078,36.42632420091324,0
NYIS_shape,214,44712,2024-02-07 05:00:00,schedule,3458.75,6.25,3678.449529109589,5966.25,0.6165429757568974,0.017557708212303645,34.70678061240946,-4.391623025511497,35.151924657534245,0
NYIS_shape,215,44880,2024-02-14 05:00:00,schedule,5624.5,6.25,5843.9785174086755,9710.535174086759,0.6018183769112685,0.01663069461122476,34.75415472786731,-7.761129214339551,35.11656278538813,0
NYIS_shape,216,45048,2024-02-21 05:00:00,schedule,4246.25,6.25,4466.266509703196,8072.754249429223,0.5532518855035107,0.017033766058720347,34.29779946282597,-6.748859362171533,35.20264155251141,0
NYIS_shape,217,45216,2024-02-28 05:00:00,schedule,5305.0,6.25,5523.25343892694,8069.897457191781,0.6844267189547364,0.0180471545049288,32.76722887284331,-7.517267891303306,34.920550228310496,0
NYIS_shape,218,45384,2024-03-06 05:00:00,schedule,4436.25,6.25,4653.283019406393,7990.308498858448,0.5823658773714674,0.013688041990938208,37.15690605809198,-2.3442008092465114,34.72528310502283,0
NYIS_shape,219,45552,2024-03-13 05:00:00,schedule,4212.25,6.25,4427.858961187215,8827.160079908675,0.5016176121316047,0.013525589258201059,36.99843296984187,1.1301352634711537,34.497433789954336,0
NYIS_shape,220,45720,2024-03-20 05:00:00,schedule,3946.5,6.25,4160.614747431507,10037.513009417808,0.41450653598433834,0.012900063928831794,38.045188907689926,0.6004985499963748,34.25835958904109,0
NYIS_shape,221,45888,2024-03-27 05:00:00,schedule,3370.25,6.25,3584.35591466895,6592.553988299087,0.5436976202289293,0.01318738821058388,37.993660973137025,4.268756124191132,34.25694634703196,0
NYIS_shape,222,46056,2024-04-03 05:00:00,schedule,3887.5,6.25,4101.142786815069,6476.227572773973,0.633261067609213,0.014234699618425018,36.784336127286124,-0.08346071687622651,34.18284589041097,0
NYIS_shape,223,46224,2024-04-10 05:00:00,schedule,4963.5,6.25,5177.036622431507,7775.3053895547955,0.6658306475506729,0.013327991504294466,37.308411572781885,-1.4368178857771337,34.165859589041105,0
NYIS_shape,224,46392,2024-04-17 05:00:00,schedule,4044.25,6.25,4257.260573630137,8991.148030821918,0.47349465930670065,0.020160676381088562,28.410324915455014,-2.02722642117052,34.08169178082192,0
NYIS_shape,225,46560,2024-04-24 05:00:00,schedule,4213.75,6.25,4426.241666666667,8383.64,0.5279618002045253,0.01690881662720875,33.33699578238875,-2.386070647542693,33.998666666666665,0
NYIS_shape,226,46728,2024-05-01 05:00:00,schedule,4634.5,6.25,4846.572089041096,7486.673664383561,0.6473598698575241,0.01,44.57033527942045,-2.783166878755,33.93153424657534,0
NYIS_shape,227,46896,2024-05-08 05:00:00,schedule,5531.0,6.25,5742.79254423516,6433.16158390411,0.8926858853668053,0.025156179459242804,25.728099993118118,0.6768880150900546,33.88680707762557,0
NYIS_shape,228,47064,2024-05-15 05:00:00,schedule,6419.25,6.25,6631.242208904109,7325.72676369863,0.9051992277085847,0.014535928865688337,25.632970509144926,2.0798172389582636,33.91875342465753,0
NYIS_shape,229,47232,2024-05-22 05:00:00,schedule,9487.75,6.25,9700.239647545663,13365.64647545662,0.7257591067785792,0.01,18.73031336955532,2.2587418486520514,33.998343607305934,0
NYIS_shape,230,47400,2024-05-29 05:00:00,schedule,6969.0,6.25,7182.771917808219,8516.293698630136,0.8434152428260645,0.01,19.23481223077796,4.191099778232096,34.20350684931506,0
NYIS_shape,231,47568,2024-06-05 05:00:00,schedule,7098.25,6.25,7311.901269977169,8344.677017694064,0.8762353838828039,0.01003039051468673,18.789947263414952,-0.7116106795784487,34.184203196347035,0
NYIS_shape,232,47736,2024-06-12 05:00:00,schedule,15430.0,6.25,15644.01348458904,17448.5,0.8965821408481555,0.01,18.230926013138557,-1.6317128467182487,34.24215753424657,0
NYIS_shape,233,47904,2024-06-19 05:00:00,schedule,28800.5,6.25,29015.607106164385,29985.592739726028,0.9676516104923759,0.01,18.81858289626234,1.7134787361606587,34.41713698630137,0
NYIS_shape,234,48072,2024-06-26 05:00:00,schedule,10049.75,6.25,10267.394863013698,11117.948630136987,0.9234972389764667,0.01,25.017769289414794,10.532939951601373,34.82317808219178,0
NYIS_shape,235,48240,2024-07-03 05:00:00,schedule,19290.75,6.25,19507.85359589041,20294.981506849315,0.9612156379303298,0.026784767411264218,15.525505606689702,-2.640574085632147,34.736575342465756,0
NYIS_shape,236,48408,2024-07-10 05:00:00,schedule,38958.25,6.25,39174.92916666667,41428.25,0.9456090751278818,0.027497407575396288,16.865012509378918,-1.0065445961252955,34.66866666666667,0
NYIS_shape,237,48576,2024-07-17 05:00:00,schedule,17675.0,6.25,17893.89327910959,19655.708493150683,0.9103662320462769,0.04122618065503546,18.615145518555586,7.051674845036531,35.022924657534254,0
NYIS_shape,238,48744,2024-07-24 05:00:00,schedule,11497.25,6.25,11717.027361586757,13863.787557077625,0.8451534123231049,0.04821048970164009,18.354616528334386,-3.2768252869512238,35.16437785388128,0
NYIS_shape,239,48912,2024-07-31 05:00:00,schedule,23826.0,6.25,24043.485573630136,27278.904785958905,0.88139482733214,0.01,42.69954116745924,-4.697022956336894,34.79769178082192,0
NYIS_shape,240,49080,2024-08-07 05:00:00,schedule,6168.25,6.25,6388.078881278539,8435.538812785388,0.7572816654694776,0.0570402343618807,18.4417504649385,8.84657787733809,35.17262100456621,0
NYIS_shape,241,49248,2024-08-14 05:00:00,schedule,7823.5,6.25,8043.441402682648,10228.71479594749,0.7863589476430974,0.05686937211939148,18.40986676742566,-1.2687720439120103,35.190624429223746,0
NYIS_shape,242,49416,2024-08-21 05:00:00,schedule,10484.25,6.25,10704.543657248858,12383.939703196347,0.8643891938916636,0.05677283039784395,18.11044571015479,0.35972032589019093,35.246985159817356,0
NYIS_shape,243,49584,2024-08-28 05:00:00,schedule,9172.75,6.25,9393.819356449772,10813.07937642694,0.8687459907978455,0.05193363521445065,17.561326002161124,-1.0561473548575013,35.37109703196347,0
NYIS_shape,244,49752,2024-09-04 05:00:00,schedule,7323.75,6.25,7545.475428082192,8764.254280821919,0.8609375294591032,0.029251087959524608,22.93289445977125,0.5388405877808915,35.476068493150684,0
NYIS_shape,245,49920,2024-09-11 05:00:00,schedule,10176.5,6.25,10396.155986015981,11510.848732876711,0.9031615502272217,0.03659624740263793,19.983228408866992,1.9210774137890452,35.14495776255708,0
NYIS_shape,246,50088,2024-09-18 05:00:00,schedule,7534.75,6.25,7755.252390125571,8326.315774828767,0.9314146376204498,0.035607401370143836,19.10362426777352,4.0371805475421105,35.28038242009133,0
NYIS_shape,247,50256,2024-09-25 05:00:00,schedule,7165.5,6.25,7387.251904965753,8768.373240582192,0.8424883045324452,0.0238729208160689,20.610841451541454,2.951830810927834,35.48030479452054,0
NYIS_shape,248,50424,2024-10-02 05:00:00,schedule,7975.25,6.25,8198.021860730594,11513.588002283104,0.7120301559431305,0.01,31.841760305694823,2.4751570435173673,35.64349771689498,0
NYIS_shape,249,50592,2024-10-09 05:00:00,schedule,8159.75,6.25,8383.143714326485,13555.25,0.6184425749673731,0.010302352922950252,32.178383574909915,-1.2570030670539338,35.74299429223744,0
NYIS_shape,250,50760,2024-10-16 05:00:00,schedule,10212.25,6.25,10436.71459760274,16027.395976027397,0.6511796809171754,0.013539351485937984,28.777420863221497,-1.0476316691428467,35.91433561643836,0
NYIS_shape,251,50928,2024-10-23 05:00:00,schedule,10303.0,6.25,10528.344163812786,16494.49230022831,0.6382945271778421,0.014127148258546583,27.155566022764248,-1.0827047724416405,36.055066210045666,0
NYIS_shape,252,51096,2024-10-30 05:00:00,schedule,7763.25,6.25,7988.860702054794,12557.049828767122,0.63620522423611,0.01766446629110754,26.224024574300543,-2.422963502617171,36.097712328767116,0
NYIS_shape,253,51264,2024-11-06 05:00:00,schedule,8390.25,6.25,8615.57555650685,13298.606892123287,0.6478554954210897,0.010720529814981537,37.729683136095794,0.3233200942859475,36.0520890410959,0
NYIS_shape,254,51432,2024-11-13 05:00:00,schedule,6690.5,6.25,6915.76232163242,13031.3732163242,0.5307009635000823,0.01,27.99945883494718,1.5372804563124658,36.04197146118721,0
NYIS_shape,255,51600,2024-11-20 05:00:00,schedule,8795.5,6.25,9020.664005422375,10526.295209760274,0.8569647559435882,0.01,27.11109408523675,3.2499529571433023,36.02624086757991,0
NYIS_shape,256,51768,2024-11-27 05:00:00,schedule,16516.5,6.25,16741.752882420093,23458.101152968036,0.7136874708335821,0.01,26.67953235232553,6.272926347207984,36.04046118721461,0
NYIS_shape,257,51936,2024-12-04 05:00:00,schedule,10384.75,6.25,10612.786558219179,15579.75,0.6811910690620311,0.01,29.900026250784514,16.275087094975913,36.48584931506849,0
NYIS_shape,258,52104,2024-12-11 05:00:00,schedule,7799.25,6.25,8030.473144977169,14197.478515981735,0.5656267157536088,0.013318946983567486,29.521607693921105,9.810079931999262,36.99570319634704,0
NYIS_shape,259,52272,2024-12-18 05:00:00,schedule,19466.0,6.25,19700.796261415526,25207.709252283104,0.7815385390336963,0.017541146624400466,27.096846369889267,2.837422845957003,37.56740182648401,0
NYIS_shape,260,52440,2024-12-25 05:00:00,schedule,7086.5,6.25,7329.096996289954,13671.269399257992,0.5360948411043485,0.023504665604466655,26.011321780234887,18.26456907559106,38.815519406392696,0
NYIS_shape,261,52608,2025-01-01 05:00:00,schedule,23220.0,6.25,23466.667736872147,28225.75,0.8313921768906812,0.03121525758241422,23.378807988569648,-6.475774040638552,39.46683789954338,0
NYIS_shape,262,52776,2025-01-08 05:00:00,schedule,12220.25,6.25,12472.030722031963,24653.25,0.5058980346214784,0.02191412165362621,29.99467145473083,3.941685072550771,40.28491552511415,0
NYIS_shape,263,52944,2025-01-15 05:00:00,schedule,34450.5,6.25,34707.62913812786,52714.0,0.6584138774922764,0.020224842857688826,35.03791010418126,13.972989717312078,41.14066210045662,0
NYIS_shape,264,53112,2025-01-22 05:00:00,schedule,20536.0,6.25,20797.00642836758,37859.0,0.5493279386240413,0.012211706750676773,57.19940598144176,51.47946538329757,41.76102853881278,0
NYIS_shape,265,53280,2025-01-29 05:00:00,schedule,13533.75,6.25,13810.480743436074,28469.25,0.485101670870714,0.01573972327450446,58.570126452303924,32.67867955588666,44.27691894977169,0
NYIS_shape,266,53448,2025-02-05 05:00:00,schedule,24427.0,6.25,24710.250770547944,35961.5,0.6871307028502133,0.017743631541456823,57.83749511729611,8.263151239546355,45.32012328767124,0
NYIS_shape,267,53616,2025-02-12 05:00:00,schedule,20821.5,6.25,21113.742101883563,34817.19842037671,0.6064170312315186,0.019138560113471224,57.320586318214545,24.087905430406742,46.758736301369865,0
NYIS_shape,268,53784,2025-02-19 05:00:00,schedule,14318.5,6.25,14621.13613727169,27119.554454908677,0.5391362959735219,0.019873165348154333,57.33367320227349,22.397024939238168,48.42178196347032,0
NYIS_shape,269,53952,2025-02-26 05:00:00,schedule,15134.0,6.25,15447.621732305935,26676.25,0.5790777089098331,0.02075271089380936,57.38775210540944,13.326147945576658,50.179477168949774,0
NYIS_shape,270,54120,2025-03-05 05:00:00,schedule,8858.75,6.25,9177.350235445205,15099.511553938357,0.6077911992491907,0.023356593330611675,52.96422007859292,3.0869822681744368,50.97603767123288,0
NYIS_shape,271,54288,2025-03-12 05:00:00,schedule,9647.5,6.25,9968.90698487443,16694.696612442924,0.5971301675194495,0.023883376935511003,51.45416932413129,6.989368686870022,51.42511757990867,0
NYIS_shape,272,54456,2025-03-19 05:00:00,schedule,8804.25,6.25,9128.380094178083,13700.402037671232,0.6662855636701963,0.025323088781536978,50.03002264367565,1.8913224790180139,51.86081506849315,0
NYIS_shape,273,54624,2025-03-26 05:00:00,schedule,7191.0,20.0,8234.783607305937,13269.749183789954,0.6205681428677925,0.025556327115283814,48.495748704352486,0.30469326278309783,52.18918036529681,0
NYIS_shape,274,54792,2025-04-02 05:00:00,schedule,7811.5,6.25,8140.0663598744295,12274.75,0.6631553685308809,0.028588178812123843,46.164038124696944,-0.021149876864909396,52.57061757990867,0
NYIS_shape,275,54960,2025-04-09 05:00:00,schedule,8988.5,6.25,9319.589112442922,15462.952982305937,0.602704355572135,0.029700508582636734,45.078180187967156,10.749631641331673,52.97425799086758,0
NYIS_shape,276,55128,2025-04-16 05:00:00,schedule,7430.5,6.25,7764.845448059361,12803.705362442925,0.6064529937431988,0.032680903386738416,41.72512676624566,10.685370870439309,53.49527168949773,0
NYIS_shape,277,55296,2025-04-23 05:00:00,schedule,6495.75,6.25,6831.6956621004565,12923.489269406393,0.5286262494350531,0.05182409826087814,32.6464063162705,0.23411963576696979,53.75130593607307,0
NYIS_shape,278,55464,2025-04-30 05:00:00,schedule,8312.75,6.25,8649.666588184931,13671.798964041096,0.6326648461504493,0.06581339518023195,32.45231305215997,-4.89465287107194,53.90665410958905,0
NYIS_shape,279,55632,2025-05-07 05:00:00,schedule,7549.0,6.25,7887.883797089041,12764.346399828766,0.6179622167880728,0.06537199428905582,33.8328258197942,3.7149932637726737,54.22140753424657,0
NYIS_shape,280,55800,2025-05-14 05:00:00,schedule,11567.25,6.25,11907.654794520548,15091.086164383561,0.7890522037190256,0.08198514899467237,30.557005065171797,2.0791546466708186,54.46476712328767,0
NYIS_shape,281,55968,2025-05-21 05:00:00,schedule,7966.5,6.25,8308.170219748858,12880.973515981736,0.6449955206755693,0.07861584997182447,27.064619194195835,0.16566767537846375,54.667235159817345,0
NYIS_shape,282,56136,2025-05-28 05:00:00,schedule,8879.5,6.25,9220.915475171232,13154.316652397261,0.7009801967547131,0.07117028942080598,24.376337295901184,-3.628250219198307,54.62647602739726,0
NYIS_shape,283,56304,2025-06-04 05:00:00,schedule,11444.0,6.25,11785.841602454338,15067.177472888128,0.782219604412424,0.09981650068999949,19.765148156948776,-3.5491421723050824,54.694656392694064,0
NYIS_shape,284,56472,2025-06-11 05:00:00,schedule,11374.0,6.25,11716.94707477169,14022.49080194064,0.8355824396868298,0.09753693553658657,16.59474889759819,0.623831367079998,54.87153196347032,0
NYIS_shape,285,56640,2025-06-18 05:00:00,schedule,49352.75,6.25,49696.43841324201,55931.5,0.8885232545746495,0.06780278081259931,16.565735546225753,-1.0563871974017391,54.990146118721455,0
NYIS_shape,286,56808,2025-06-25 05:00:00,schedule,29371.5,6.25,29717.379252283106,32439.656803652968,0.9160818017327695,0.03791647436835478,24.74836164627027,20.116207776064222,55.340680365296805,0
NYIS_shape,287,56976,2025-07-02 05:00:00,schedule,26975.0,6.25,27324.24088898402,29668.070844748858,0.9209982351724197,0.04131305279814641,25.37658697378386,10.179334436946549,55.87854223744293,0
NYIS_shape,288,57144,2025-07-09 05:00:00,schedule,26240.0,6.25,26591.92763984018,28294.261863584474,0.9398346480303399,0.0399095016705656,26.39002775336037,5.016366559651744,56.30842237442922,0
NYIS_shape,289,57312,2025-07-16 05:00:00,schedule,36644.25,6.25,36997.580793379,40206.307933789954,0.9201934396539232,0.03395487866576493,28.970561333445946,7.293460299766608,56.53292694063927,0
NYIS_shape,290,57480,2025-07-23 05:00:00,schedule,76744.0,6.25,77100.42811073059,89095.0,0.865373232063871,0.03620458945216634,31.64268911864846,9.645272780467986,57.02849771689498,0
NYIS_shape,291,57648,2025-07-30 05:00:00,schedule,33751.5,6.25,34114.2424158105,37308.92415810502,0.914372182677894,0.04537921527650529,36.542380617285986,12.681111007501656,58.038786529680365,0
NYIS_shape,292,57816,2025-08-06 05:00:00,schedule,34216.75,6.25,34581.12463613014,39063.25,0.8852597936968926,0.043738921002301784,39.60964740435016,8.758614499273207,58.29994178082192,0
NYIS_shape,293,57984,2025-08-13 05:00:00,schedule,23629.0,6.25,23997.242201769408,26849.945503710045,0.8937538513235918,0.045452867540584134,40.05382001139248,10.976342775454324,58.91875228310502,0
NYIS_shape,294,58152,2025-08-20 05:00:00,schedule,11328.75,6.25,11699.854466324201,15782.479674657534,0.7413191531056464,0.046650328027473424,39.688182312545415,4.993908668917321,59.37671461187214,0
NYIS_shape,295,58320,2025-08-27 05:00:00,schedule,7207.0,6.25,7579.030786244292,13079.180265410958,0.5794729205076946,0.0494791690846823,38.50340000629838,-7.763661278394043,59.52492579908675,0
NYIS_shape,296,58488,2025-09-03 05:00:00,schedule,8122.5,6.25,8493.957341609588,14156.817465753425,0.5999905954962838,0.04899146548141767,38.85094068662129,-8.080076298325237,59.43317465753425,0
NYIS_shape,297,58656,2025-09-10 05:00:00,schedule,12435.75,6.25,12808.089412100457,15649.430593607307,0.8184380470259717,0.048613960641540374,38.35896500521064,2.4529049929653657,59.57430593607306,0
NYIS_shape,298,58824,2025-09-17 05:00:00,schedule,14532.0,6.25,14904.734253710045,17529.68585045662,0.8502567804614594,0.04752086260010727,38.247662662538666,2.5348352564507284,59.6374805936073,0
NYIS_shape,299,58992,2025-09-24 05:00:00,schedule,15706.0,6.25,16079.443293378996,18579.465376712327,0.8654416565469703,0.06428175348568975,28.844704048354803,4.02160213038639,59.75092694063927,0
NYIS_shape,300,59160,2025-10-01 05:00:00,schedule,22779.25,6.25,23153.899051084474,28007.58671518265,0.8267009680820863,0.04978088761670053,29.744325234475447,6.17639265188456,59.94384817351598,0
NYIS_shape,301,59328,2025-10-08 05:00:00,schedule,12636.75,6.25,13012.63680793379,18372.12475742009,0.7082815395469312,0.05162015567297729,29.565529747487155,2.2998302296839026,60.141889269406384,0
NYIS_shape,302,59496,2025-10-15 05:00:00,schedule,12793.75,6.25,13170.779723173517,21185.198290525113,0.6216972596883376,0.054051326395935934,29.751267994560894,2.0197018493881536,60.32475570776257,0
NYIS_shape,303,59664,2025-10-22 05:00:00,schedule,16119.0,6.25,16496.9587043379,28424.146638127855,0.5803853644003176,0.05822796907504617,27.52648524432639,1.2610727920693812,60.47339269406393,0
NYIS_shape,304,59832,2025-10-29 05:00:00,schedule,11468.25,6.25,11848.628916952055,21432.039169520547,0.5528465501221421,0.08073979893202059,24.31448452091781,5.367902556364203,60.86062671232877,0
NYIS_shape,305,60000,2025-11-05 05:00:00,schedule,12875.25,6.25,13258.14529109589,22047.25,0.6013514289127165,0.06657422916804515,27.772293718035986,7.294328653663041,61.26324657534247,0
NYIS_shape,306,60168,2025-11-12 05:00:00,schedule,11242.5,6.25,11628.499122431507,19197.897016267125,0.605717340424226,0.06525038355942969,29.442592161239027,9.065351264240446,61.75985958904109,0
NYIS_shape,307,60336,2025-11-19 05:00:00,schedule,13115.5,6.25,13504.534075342466,19202.43171232877,0.7032720791644314,0.058068308969209795,28.980932922957816,7.693317179215646,62.24545205479453,0
NYIS_shape,308,60504,2025-11-26 05:00:00,schedule,13305.25,6.25,13697.26616010274,20455.0,0.6696292427329621,0.051700388152906444,20.491743203804347,7.545997876117498,62.72258561643835,0
NYIS_shape,309,60672,2025-12-03 05:00:00,schedule,27721.0,6.25,28113.98120005708,36626.75,0.7675805579271182,0.07194655797684227,15.227810723922259,2.608908296976928,62.876992009132415,0
NYIS_shape,310,60840,2025-12-10 05:00:00,schedule,21210.75,6.25,21611.739426369862,29989.197885273974,0.7206507992993766,0.05014087329480109,21.23830640778759,19.11447576700883,64.15830821917808,0
NYIS_shape,311,61008,2025-12-17 05:00:00,schedule,8938.25,6.25,9348.266716609589,14355.586926369862,0.6511936268824859,0.048972356164004596,24.244596660959218,20.161647966914753,65.60267465753425,0
NYIS_shape,312,61176,2025-12-24 05:00:00,schedule,12083.0,6.25,12490.647795376712,16167.75,0.7725656195436416,0.041190559401262254,26.813605860654828,-18.192524782734196,65.22364726027398,0
NYIS_shape,313,61344,2025-12-31 05:00:00,schedule,15547.0,6.25,15954.81658818493,21240.313317636985,0.7511573087265516,0.03047489593520466,31.564904159213725,-15.741959180262661,65.25065410958904,0
NYIS_shape,314,61512,2026-01-07 05:00:00,schedule,6731.249999999999,6.25,7145.723979737442,13586.214900114155,0.5259539932404133,0.04454630464779506,26.390613686189347,-8.585719063334215,66.31583675799087,0
NYIS_shape,315,61680,2026-01-14 05:00:00,schedule,22674.0,6.25,23080.587599885846,26290.81751997717,0.8778953937947339,0.018373689114327192,40.29973451497436,-36.26976106347692,65.05401598173515,0
NYIS_shape,316,61848,2026-01-21 05:00:00,schedule,21113.25,6.25,21512.02341609589,79743.5,0.26976522746174786,0.016877010001618984,42.51123178916097,-20.655069002374557,63.80374657534247,0
NYIS_shape,317,62016,2026-01-28 05:00:00,schedule,29316.25,31.25,31375.3551298516,118196.47841038812,0.2654508455058511,0.01,88.26117748182988,79.4350597336469,65.89136415525114,0
NYIS_shape,318,62184,2026-02-04 05:00:00,schedule,30762.75,6.25,31209.346553938358,63277.638621575345,0.4932128826832852,0.021450989664553458,122.1504766744037,109.93542900696333,71.45544863013698,0
NYIS_shape,319,62352,2026-02-11 05:00:00,schedule,9663.75,6.25,10123.410994577625,19746.796332762555,0.51266093111932,0.02137758386190481,124.34129440891695,34.630061184457595,73.54575913242009,0
NYIS_shape,320,62520,2026-02-18 05:00:00,schedule,7002.749999999999,6.25,7458.03377568493,15048.306755136986,0.49560617663106904,0.020660451293935723,125.53760145388436,-37.21795219492377,72.84540410958904,0
NYIS_shape,321,62688,2026-02-25 05:00:00,schedule,7888.25,6.25,8334.793949771689,24015.749429223746,0.34705533443105596,0.01898282673656157,130.76127774849377,-38.82264183319087,71.44703196347032,0
NYIS_shape,322,62856,2026-03-04 05:00:00,schedule,7961.5,6.25,8408.406221461188,18494.86829908676,0.45463455513637685,0.01974862107997854,128.68966896853354,-13.560870255041193,71.50499543378996,0
NYIS_shape,323,63024,2026-03-11 05:00:00,schedule,9618.5,6.25,10064.469870148401,18123.03062357306,0.5553414370473614,0.02001780744266832,126.66755675608198,-0.31964294330009496,71.3551792237443,0
NYIS_shape,324,63192,2026-03-18 05:00:00,schedule,8037.25,6.25,8483.488299086757,22901.836187214612,0.37042830233074614,0.02017281695183873,126.54362088239408,0.7688081986776256,71.39812785388128,0
NYIS_shape,325,63360,2026-03-25 05:00:00,schedule,8364.5,20.0,9795.031461187215,18585.09087328767,0.5270370496420657,0.020624454897192772,125.46034535266149,2.1469334041230783,71.52657305936073,0
NYIS_shape,326,63528,2026-04-01 05:00:00,schedule,7505.25,20.0,8933.087625570777,15564.198276255709,0.573951029600981,0.01989702801549901,127.8508016321931,-4.642412331398113,71.39188127853882,0
NYIS_shape,327,63696,2026-04-08 05:00:00,schedule,9425.5,20.0,10849.32707762557,19718.015079908677,0.5502240988080134,0.020698788286419655,125.41429838934462,-2.710221466507816,71.19135388127854,0
NYIS_shape,328,63864,2026-04-15 05:00:00,schedule,14093.75,20.0,15511.401484018264,28567.87202482877,0.5429666399561393,0.02081180874834997,125.52042486844998,0.2398698835071421,70.88257420091324,0
NYIS_shape,329,64032,2026-04-22 05:00:00,schedule,9125.75,20.0,10545.93799086758,19402.07246004566,0.5435469851266993,0.02132800390694456,124.68008042129277,5.8780914650452205,71.00939954337899,0
NYIS_shape,330,64200,2026-04-29 05:00:00,schedule,6374.25,6.25,6818.808982591324,20657.325756278537,0.3300915647573032,0.03587254103316367,91.03809375094396,-1.0391528567538588,71.12943721461187,0
NYIS_shape,331,64368,2026-05-06 05:00:00,schedule,9956.5,6.25,10401.079387842467,18414.27020547945,0.5648379909591782,0.03509415338207016,65.9214404474139,0.6234140385388028,71.13270205479452,0
NYIS_shape,332,64536,2026-05-13 05:00:00,schedule,18616.25,6.25,19061.235459474887,23624.351686643837,0.8068469227137042,0.05359335758071825,62.3553479702675,3.2202223176953972,71.19767351598173,0
NYIS_shape,0,8760,2020-01-01 05:00:00,threshold,239.0,68.75,2228.3060502283106,5459.086461187215,0.40818295626402473,0.018459614548610816,14.816626969999435,-7.575489766558105,28.935360730593608,0
NYIS_shape,1,8928,2020-01-08 05:00:00,threshold,-484.7500000000002,93.75,2215.595034246575,5959.1180365296805,0.3717991522679817,0.012135514226248893,17.94662002979996,-12.767829758810143,28.803680365296803,0
NYIS_shape,2,9096,2020-01-15 05:00:00,threshold,951.25,20.0,1521.6664155251142,8301.40102597032,0.1833023619464586,0.01,18.90582352447063,-10.709038415978632,28.52082077625571,0
NYIS_shape,3,9264,2020-01-22 05:00:00,threshold,491.0,53.75,1992.5890225456621,6009.613072203196,0.33156694093371225,0.011851551237131983,17.424088410186034,-1.4286242247479726,27.9365399543379,0
NYIS_shape,4,9432,2020-01-29 05:00:00,threshold,-264.75,93.75,2303.988762842466,6565.239212328767,0.35093751930863976,0.01,18.953092336286044,-3.0132278598231017,27.3998801369863,0
NYIS_shape,5,9600,2020-02-05 05:00:00,threshold,886.75,81.25,3042.335687785388,5264.2485445205475,0.5779240212645536,0.02611063842109227,11.358212689677764,-3.764338170673485,26.530285388127854,0
NYIS_shape,6,9768,2020-02-12 05:00:00,threshold,600.75,82.5,2779.67125,6472.713125,0.42944453065035226,0.025513840998526174,10.938604775387347,-3.520954908990074,26.411166666666666,0
NYIS_shape,7,9936,2020-02-19 05:00:00,threshold,-303.25,90.0,2063.7418835616436,5633.991883561644,0.36630189148533293,0.028967187112069796,9.851058794018673,-1.8450885964435064,26.299909817351597,0
NYIS_shape,8,10104,2020-02-26 05:00:00,threshold,-626.75,93.75,1825.6300299657532,5126.37203196347,0.35612515412122986,0.024868485686758535,10.76933955946441,-1.87543471374258,26.1587203196347,0
NYIS_shape,9,10272,2020-03-04 05:00:00,threshold,-1080.25,81.25,1018.4426940639273,5037.006392694064,0.20219205906530704,0.02432095410539461,10.92890027766045,-4.236773556958744,25.830063926940642,0
NYIS_shape,10,10440,2020-03-11 05:00:00,threshold,-985.25,81.25,1073.049386415525,5102.709263698631,0.210290128432232,0.022741968730274505,11.318743188317365,-5.7224712547971945,25.332915525114156,0
NYIS_shape,11,10608,2020-03-18 05:00:00,threshold,-1426.5,85.0,705.9667066210045,4033.2843607305936,0.1750351930289202,0.020302922349942028,12.053794392691204,-4.625507324179166,25.087843607305935,0
NYIS_shape,12,10776,2020-03-25 05:00:00,threshold,-1206.75,85.0,894.9914383561645,3672.8869863013697,0.2436751911219106,0.05298819459106999,6.280383233583621,-3.4230963133859214,24.726369863013698,0
NYIS_shape,13,10944,2020-04-01 05:00:00,threshold,-1363.0,85.0,711.2713984018264,3389.319292237443,0.2098567107651531,0.01,14.662419172667969,-2.5764024780627857,24.40319292237443,0
NYIS_shape,14,11112,2020-04-08 05:00:00,threshold,-1140.25,85.0,908.7931849315069,3717.38904109589,0.24447083016729226,0.031956709374687635,8.62221613551066,-5.21761962316649,24.106390410958902,0
NYIS_shape,15,11280,2020-04-15 05:00:00,threshold,-1187.75,85.0,833.3182876712335,2624.7273972602748,0.31748755643769416,0.03412428335067737,8.580196139270253,-3.3369438597413903,23.777273972602746,0
NYIS_shape,16,11448,2020-04-22 05:00:00,threshold,-1282.5,85.0,720.4093378995435,2652.1593778538813,0.2716312390254979,0.0511253445255147,6.074328286459222,-1.996444381553173,23.563639269406394,0
NYIS_shape,17,11616,2020-04-29 05:00:00,threshold,-1403.75,85.0,584.290256849315,3450.399118150685,0.16933990441154467,0.045297846286709624,6.658917773482803,0.05549484452190054,23.38870890410959,0
NYIS_shape,18,11784,2020-05-06 05:00:00,threshold,-1193.25,81.25,693.0977668378991,3578.867320205479,0.19366400171496306,0.04020599639652189,7.052820729537522,-2.3022118243542415,23.216587899543374,0
NYIS_shape,19,11952,2020-05-13 05:00:00,threshold,-1324.0,85.0,637.2911643835616,3726.4663356164383,0.1710175557719455,0.043054765216995944,6.455947976257881,-1.9488695878878433,23.074013698630136,0
NYIS_shape,20,12120,2020-05-20 05:00:00,threshold,-963.75,85.0,979.9848801369862,4448.569216609589,0.22029215067128197,0.055469293910189336,5.1058024093992005,-2.2555485364195595,22.867469178082192,0
NYIS_shape,21,12288,2020-05-27 05:00:00,threshold,-53.0,80.0,1764.2093150684937,3705.186061643836,0.47614594401388516,0.07343400600415456,4.10474667423514,-1.1114350440799994,22.71511643835617,0
NYIS_shape,22,12456,2020-06-03 05:00:00,threshold,1720.25,81.25,3555.869384988585,6875.349981449772,0.5171910367592336,0.0760949779697709,4.126081783727922,-0.6358625114799519,22.592238584474888,0
NYIS_shape,23,12624,2020-06-10 05:00:00,threshold,199.75,86.25,2142.4768022260273,5197.449497716895,0.41221695432868793,0.0660541966897249,4.7137850978722655,-1.6501532680731552,22.524368721461187,0
NYIS_shape,24,12792,2020-06-17 05:00:00,threshold,3226.5,6.25,3366.8839897260273,8429.728767123288,0.39940596936608236,0.05056023111979634,5.090975971735214,-2.4243394067730244,22.461438356164383,0
NYIS_shape,25,12960,2020-06-24 05:00:00,threshold,1990.0,48.75,3083.9902910958904,9270.551655251142,0.33266523997512254,0.03759715600265908,5.640441069404515,-0.48149675948365966,22.440826484018263,0
NYIS_shape,26,13128,2020-07-01 05:00:00,threshold,2135.5,27.5,2749.39540239726,8897.093103595891,0.30902176366863593,0.018548103764534626,8.160921500287888,0.5777840360452876,22.323469178082192,0
NYIS_shape,27,13296,2020-07-08 05:00:00,threshold,2792.25,27.5,3402.8971689497716,10399.220753424657,0.3272261691174441,0.024723376263375427,7.1785300590161,-4.104694859990863,22.205351598173515,0
NYIS_shape,28,13464,2020-07-15 05:00:00,threshold,2730.75,10.0,2951.784589041096,12275.819178082193,0.24045520272173337,0.026461392094461515,7.3369508517238415,-1.656508042262774,22.103458904109587,0
NYIS_shape,29,13632,2020-07-22 05:00:00,threshold,2223.0,17.5,2605.96448630137,11537.923698630137,0.22586078347968,0.04556634696983965,6.262222408387393,0.31741860949612694,21.88368493150685,0
NYIS_shape,30,13800,2020-07-29 05:00:00,threshold,2621.25,6.25,2757.949172374429,9229.937351598173,0.29880475536455153,0.03946008533687912,7.174720390025971,1.2484159885575272,21.871867579908674,0
NYIS_shape,31,13968,2020-08-05 05:00:00,threshold,2591.0,6.25,2727.071946347032,8629.680228310503,0.316010776088853,0.05196942610894545,6.570182849675426,-0.2557299957962823,21.771511415525115,0
NYIS_shape,32,14136,2020-08-12 05:00:00,threshold,763.25,60.0,2065.973219178082,8634.503353310502,0.23926949062866254,0.049452350518192315,6.955361899263218,-1.1511752449919708,21.712053652968034,0
NYIS_shape,33,14304,2020-08-19 05:00:00,threshold,3085.25,6.25,3220.433005136986,9579.085616438357,0.33619419786900184,0.04401672551842914,7.409997685837717,-0.5871280376060765,21.62928082191781,0
NYIS_shape,34,14472,2020-08-26 05:00:00,threshold,1288.75,73.75,2878.855817636986,7973.463386130137,0.3610546230944967,0.03617465504359864,8.123337182846894,-0.7600518986822515,21.560756849315066,0
NYIS_shape,35,14640,2020-09-02 05:00:00,threshold,1138.0,63.75,2514.143959760274,6290.660744863014,0.3996629387164674,0.04172900812538747,7.325335477305976,-0.8469267328695115,21.586571917808218,0
NYIS_shape,36,14808,2020-09-09 05:00:00,threshold,-329.75,88.75,1585.7897788242012,4887.436946347032,0.3244624526582286,0.03910487968949677,6.5852391883847075,0.00678183058159405,21.583546803652972,0
NYIS_shape,37,14976,2020-09-16 05:00:00,threshold,136.25,82.5,1911.5318065068489,3854.6246432648395,0.49590608254083984,0.03926635854431356,6.041281483141972,0.17033220858264142,21.51856735159817,0
NYIS_shape,38,15144,2020-09-23 05:00:00,threshold,1850.5,27.5,2439.346167237443,5552.519250856164,0.43932241511117875,0.044185627419998014,5.154419182450446,-1.453397162684776,21.41258789954338,0
NYIS_shape,39,15312,2020-09-30 05:00:00,threshold,-267.75,82.5,1498.1094777397261,4043.6748373287674,0.3704821821750065,0.025407439965537185,6.329051004575481,0.7607730673802324,21.404357305936074,0
NYIS_shape,40,15480,2020-10-07 05:00:00,threshold,576.5,86.25,2418.6527054794524,5106.256974885845,0.47366450951746775,0.0466944115668908,4.770696832521665,-1.5713669519293347,21.358292237442924,0
NYIS_shape,41,15648,2020-10-14 05:00:00,threshold,1310.25,52.5,2429.698390410959,5135.970125570776,0.47307486823454586,0.04762535289823995,4.9886766554583195,-1.501219516349274,21.322826484018265,0
NYIS_shape,42,15816,2020-10-21 05:00:00,threshold,2249.25,31.25,2914.319884417808,5388.158702910959,0.540874915737605,0.05516047034201877,4.9601957544925535,0.2528654694305834,21.282236301369863,0
NYIS_shape,43,15984,2020-10-28 05:00:00,threshold,-426.25,21.25,26.057875285388093,7214.75,0.0036117502734520383,0.05962825404527873,5.153674291304284,0.5518032709970075,21.285076484018262,0
NYIS_shape,44,16152,2020-11-04 05:00:00,threshold,68.0,90.0,2000.0776712328768,7101.574434931507,0.2816386266959077,0.057332044653036145,6.014843797913338,3.8904276556881623,21.4675296803653,0
NYIS_shape,45,16320,2020-11-11 05:00:00,threshold,2185.0,18.75,2583.5947131849316,7235.25,0.3570843734749914,0.04572983441714382,6.810018941893203,-5.630562770569996,21.25838470319635,0
NYIS_shape,46,16488,2020-11-18 05:00:00,threshold,584.25,22.5,1057.2667808219178,6904.75,0.1531216598460361,0.04529265805928959,6.987736201519854,-0.27166066579023546,21.022968036529683,0
NYIS_shape,47,16656,2020-11-25 05:00:00,threshold,1761.75,17.5,2130.0226569634706,5462.577846746575,0.3899299409036483,0.04900677256450809,7.076948844038572,1.422871913167025,21.044151826484022,0
NYIS_shape,48,16824,2020-12-02 05:00:00,threshold,0.0,0.0,0.0,6327.75,0.0,0.05215537652149264,6.952840680392401,-2.028569042695005,20.976074200913242,0
NYIS_shape,49,16992,2020-12-09 05:00:00,threshold,0.0,0.0,0.0,6274.75,0.0,0.05500045108180135,7.11484304805883,-0.788984080790495,21.001519406392696,0
NYIS_shape,50,17160,2020-12-16 05:00:00,threshold,0.0,0.0,0.0,11901.75,0.0,0.05526995932666001,7.362718987223228,-0.9671181199273596,21.01001484018265,0
NYIS_shape,51,17328,2020-12-23 05:00:00,threshold,0.0,0.0,0.0,7341.25,0.0,0.0420899654002661,9.635671395076432,8.672104255568788,21.146299086757992,0
NYIS_shape,52,17496,2020-12-30 05:00:00,threshold,0.0,0.0,0.0,4515.689873002283,0.0,0.043508794679831646,9.745683656375876,0.8953875741494436,21.351898401826485,0
NYIS_shape,53,17664,2021-01-06 05:00:00,threshold,0.0,0.0,0.0,6082.25,0.0,0.04631241543615829,9.454279900580127,-1.925008080529928,21.438682648401826,0
NYIS_shape,54,17832,2021-01-13 05:00:00,threshold,0.0,0.0,0.0,6432.984002568493,0.0,0.05075001384173185,9.134752269311686,0.8304974578643098,21.58720205479452,0
NYIS_shape,55,18000,2021-01-20 05:00:00,threshold,0.0,0.0,0.0,6519.787194634703,0.0,0.05034556534070871,9.175795331623183,1.168059998804495,21.629755707762556,0
NYIS_shape,56,18168,2021-01-27 05:00:00,threshold,0.0,0.0,0.0,15753.206481164383,0.0,0.0451846670828963,9.530194642241124,2.16075506747111,21.737883561643837,0
NYIS_shape,57,18336,2021-02-03 05:00:00,threshold,0.0,0.0,0.0,13721.0,0.0,0.02083710780363128,15.547603629061355,13.992843266155218,22.5610502283105,0
NYIS_shape,58,18504,2021-02-10 05:00:00,threshold,0.0,0.0,0.0,20477.75,0.0,0.019668963839555055,17.21866032215356,15.496794289938205,23.372569634703197,0
NYIS_shape,59,18672,2021-02-17 05:00:00,threshold,0.0,0.0,0.0,14593.592711187215,0.0,0.015470754278573489,21.886369173550904,19.697732256195813,24.47416894977169,0
NYIS_shape,60,18840,2021-02-24 05:00:00,threshold,-539.5,21.25,3.8198544520547557,5738.5,0.0006656538210429129,0.014326175457063793,25.391468149759824,15.35419361706379,25.56799315068493,0
NYIS_shape,61,19008,2021-03-03 05:00:00,threshold,0.0,0.0,0.0,8531.146161529681,0.0,0.016331091151181382,24.19366991370116,-9.415641276271245,25.75846461187215,0
NYIS_shape,62,19176,2021-03-10 05:00:00,threshold,2194.25,0.0,2194.25,7700.0,0.2849675324675325,0.016316295923176294,24.375039416082185,6.39800775049618,26.194899543378995,0
NYIS_shape,63,19344,2021-03-17 05:00:00,threshold,2250.5,70.0,4098.458527397261,7409.206305650685,0.5531575661851312,0.01707536725776792,24.030746925218665,-2.3610235473185304,26.399407534246574,0
NYIS_shape,64,19512,2021-03-24 05:00:00,threshold,1168.5,97.5,3760.8596061643834,7069.138847031963,0.5320109970316131,0.013593965874504142,25.197282596645337,-4.496302754995577,26.588303652968037,0
NYIS_shape,65,19680,2021-03-31 05:00:00,threshold,2811.25,72.5,4749.471621004566,7097.480148401826,0.6691771617105583,0.014631785536681935,24.54077736683446,-7.264926817085076,26.734091324200914,0
NYIS_shape,66,19848,2021-04-07 05:00:00,threshold,1023.75,77.5,3109.755570776256,5877.481826484018,0.5290965863584047,0.01239375510104047,27.038062112177325,5.296922998584063,26.916200913242008,0
NYIS_shape,67,20016,2021-04-14 05:00:00,threshold,2702.0,51.25,4088.014243721461,7055.2612728310505,0.5794277611608665,0.013996387395345509,25.81710547711194,4.310088080702289,27.044180365296803,0
NYIS_shape,68,20184,2021-04-21 05:00:00,threshold,2104.5,68.75,3977.8135773401827,7072.0725898972605,0.5624678659298052,0.015668485788104314,25.102105434354772,5.61949963090305,27.248197488584477,0
NYIS_shape,69,20352,2021-04-28 05:00:00,threshold,1872.5,27.5,2626.252930936073,7814.9454466324205,0.336055184117474,0.01757016394641631,23.98564304743018,4.481741044628599,27.409197488584475,0
NYIS_shape,70,20520,2021-05-05 05:00:00,threshold,1230.25,66.25,3059.4258105022827,5200.874805936073,0.588252154620291,0.012542249003666718,26.73145409894999,4.333577274404135,27.610200913242007,0
NYIS_shape,71,20688,2021-05-12 05:00:00,threshold,1371.75,41.25,2518.555047089041,5400.053378995433,0.4663944724853008,0.011767683741937845,28.225462346080036,2.8722772168571233,27.801334474885845,0
NYIS_shape,72,20856,2021-05-19 05:00:00,threshold,2671.5,6.25,2846.493642979452,8435.229657534246,0.33745301059313754,0.010511804060710398,32.65071658057602,0.97111564197717,27.99898287671233,0
NYIS_shape,73,21024,2021-05-26 05:00:00,threshold,312.25,60.0,2010.1573287671233,6349.653467465753,0.31657748553786963,0.011199124119622254,34.84792079237584,2.3158795216642676,28.298455479452056,0
NYIS_shape,74,21192,2021-06-02 05:00:00,threshold,2298.75,0.0,2298.75,12100.342808219179,0.18997395664183747,0.0126239209502883,30.40249778407539,0.1518849719371724,28.479640410958904,0
NYIS_shape,75,21360,2021-06-09 05:00:00,threshold,693.75,28.75,1520.3464026826482,7807.486142979452,0.19472931169397653,0.01219964006212965,28.674336939475385,5.1869576885549185,28.75117922374429,0
NYIS_shape,76,21528,2021-06-16 05:00:00,threshold,1777.75,7.5,1995.2357705479453,10222.23102739726,0.19518593985993718,0.01,26.406474758147475,2.6010891038704202,28.998102739726033,0
NYIS_shape,77,21696,2021-06-23 05:00:00,threshold,1076.5,18.75,1624.8815282534247,15372.043842751142,0.10570367511797435,0.01,21.76098404738281,2.0392575448626475,29.24701484018265,0
NYIS_shape,78,21864,2021-06-30 05:00:00,threshold,1034.5,8.75,1293.0537100456622,15117.5,0.08553356772255083,0.01,22.270259793741833,4.017382163566973,29.548995433789955,0
NYIS_shape,79,22032,2021-07-07 05:00:00,threshold,-627.75,21.25,8.39725313926931,16107.476826484019,0.0005213264144178368,0.01,22.01868548316407,7.9761585474359435,29.93634132420091,0
NYIS_shape,80,22200,2021-07-14 05:00:00,threshold,0.0,0.0,0.0,17120.72080622146,0.0,0.01,23.28695319149232,7.4220664479643155,30.28237785388128,0
NYIS_shape,81,22368,2021-07-21 05:00:00,threshold,-333.25,13.75,88.60637271689507,16740.554634703196,0.005292917388365014,0.01,24.700107588281156,7.1388077074693,30.68046347031964,0
NYIS_shape,82,22536,2021-07-28 05:00:00,threshold,523.25,6.25,716.8974457762557,8582.421826484018,0.08353090307959715,0.01,26.924076855389746,3.6431264829492855,30.983591324200916,0
NYIS_shape,83,22704,2021-08-04 05:00:00,threshold,-659.0,21.25,3.4949243721462153,16113.274634703197,0.00021689721371838277,0.012080824756884125,24.095365294787506,1.6543609352798434,31.17623173515982,0
NYIS_shape,84,22872,2021-08-11 05:00:00,threshold,0.0,0.0,0.0,18415.88719178082,0.0,0.014424655301660911,22.848204520060108,7.074287859003616,31.5818595890411,0
NYIS_shape,85,23040,2021-08-18 05:00:00,threshold,0.0,0.0,0.0,17413.823493150685,0.0,0.017550668644165816,21.860451029864205,7.112272163586151,32.028674657534246,0
NYIS_shape,86,23208,2021-08-25 05:00:00,threshold,0.0,0.0,0.0,22011.465662100458,0.0,0.0198590260437087,19.637518354137892,4.567565145153714,32.53578310502284,0
NYIS_shape,87,23376,2021-09-01 05:00:00,threshold,68.75,6.25,275.4907106164383,7100.070273972603,0.03880112449398291,0.026610862111406567,17.518934918788553,4.330327702461435,33.07851369863013,0
NYIS_shape,88,23544,2021-09-08 05:00:00,threshold,0.0,0.0,0.0,13068.255607876712,0.0,0.04614079455026852,12.064062666478797,7.430064925492654,33.40089726027397,0
NYIS_shape,89,23712,2021-09-15 05:00:00,threshold,0.0,0.0,0.0,14845.505684931508,0.0,0.03884750071222031,12.496531678596957,10.694314489359021,33.900284246575346,0
NYIS_shape,90,23880,2021-09-22 05:00:00,threshold,0.0,0.0,0.0,10043.064320776255,0.0,0.027679589948661702,14.581851155897562,13.123666040307805,34.72572831050228,0
NYIS_shape,91,24048,2021-09-29 05:00:00,threshold,0.0,0.0,0.0,10668.474383561645,0.0,0.017650489098859225,17.252490582279698,5.202333439705299,35.3237191780822,0
NYIS_shape,92,24216,2021-10-06 05:00:00,threshold,0.0,0.0,0.0,12367.510639269407,0.0,0.02055870533127362,15.334577886102199,11.039247785272407,35.93803196347032,0
NYIS_shape,93,24384,2021-10-13 05:00:00,threshold,0.0,0.0,0.0,11479.466680936073,0.0,0.013017096559475055,19.207625153086052,14.712716453873444,36.73733447488584,0
NYIS_shape,94,24552,2021-10-20 05:00:00,threshold,0.0,0.0,0.0,12618.937415810502,0.0,0.010409771752993117,21.97786753751981,8.804240068308564,37.42141894977169,0
NYIS_shape,95,24720,2021-10-27 05:00:00,threshold,0.0,0.0,0.0,13210.0,0.0,0.010008732904813872,23.4838812434984,4.038577137217491,38.04658333333333,0
NYIS_shape,96,24888,2021-11-03 05:00:00,threshold,0.0,0.0,0.0,17829.456055936073,0.0,0.01,24.808428897517324,7.760374468483242,38.58242237442923,0
NYIS_shape,97,25056,2021-11-10 05:00:00,threshold,0.0,0.0,0.0,13047.0,0.0,0.01086404304156956,27.37768029542831,13.920319934180423,39.43566666666668,0
NYIS_shape,98,25224,2021-11-17 05:00:00,threshold,0.0,0.0,0.0,11424.30730022831,0.0,0.01642135795305087,23.40358103186437,4.476495909211176,40.061460045662095,0
NYIS_shape,99,25392,2021-11-24 05:00:00,threshold,0.0,0.0,0.0,10931.434677511415,0.0,0.021336497053721468,21.399309197212364,1.2201192639546423,40.54774200913242,0
NYIS_shape,100,25560,2021-12-01 05:00:00,threshold,372.75,20.0,1199.044611872146,10053.25,0.11926935188840883,0.01,36.37796243746671,3.2903822082966276,41.31473059360731,0
NYIS_shape,101,25728,2021-12-08 05:00:00,threshold,39.0,51.25,2180.1537999429224,8708.573590182648,0.25034568260417,0.026072292790172157,22.040583096109586,8.223949957605596,41.778610730593606,0
NYIS_shape,102,25896,2021-12-15 05:00:00,threshold,1166.5,12.5,1692.941352739726,13748.394135273973,0.12313738870754229,0.02010894214654763,24.600734109393212,2.9468206293720858,42.11530821917808,0
NYIS_shape,103,26064,2021-12-22 05:00:00,threshold,1340.25,8.75,1709.0804794520548,11274.390410958904,0.15158961302163165,0.019117858322293634,26.268229269786612,8.065349474796715,42.152054794520545,0
NYIS_shape,104,26232,2021-12-29 05:00:00,threshold,1391.25,22.5,2347.028039383562,10522.697559931506,0.22304433117232336,0.017316921106011553,26.818901534369502,4.5939311842165,42.47902397260274,0
NYIS_shape,105,26400,2022-01-05 05:00:00,threshold,0.0,0.0,0.0,36767.75,0.0,0.01501695541996819,28.91225654625015,-1.422981421638703,42.77303310502283,0
NYIS_shape,106,26568,2022-01-12 05:00:00,threshold,0.0,0.0,0.0,45030.17195205479,0.0,0.01980420161906359,31.78782560081848,28.60904304073663,44.66878082191781,0
NYIS_shape,107,26736,2022-01-19 05:00:00,threshold,0.0,0.0,0.0,40162.75,0.0,0.02997195628824743,31.87578619293858,28.68820757364472,46.76878538812785,0
NYIS_shape,108,26904,2022-01-26 05:00:00,threshold,0.0,0.0,0.0,35442.25,0.0,0.031064916162144546,34.90223014784804,31.412007133063234,49.20828310502282,0
NYIS_shape,109,27072,2022-02-02 05:00:00,threshold,0.0,0.0,0.0,26990.371374143837,0.0,0.022061603344267905,46.99595640550785,40.39758250423785,51.49709931506849,0
NYIS_shape,110,27240,2022-02-09 05:00:00,threshold,473.0,23.75,1724.360415239726,29770.25,0.05792226854795395,0.019482615152629935,50.017852955303006,15.349605448928902,52.6888595890411,0
NYIS_shape,111,27408,2022-02-16 05:00:00,threshold,-650.25,27.5,805.0232848173516,13928.314784531964,0.057797608488240594,0.018593405773693446,52.09483932275418,-3.9468380272006907,52.91902853881279,0
NYIS_shape,112,27576,2022-02-23 05:00:00,threshold,1036.7500000000002,20.0,2088.993675799087,29058.137067636988,0.07189014460688427,0.015116211135915663,58.19346512464204,-16.815704783938227,52.61218378995434,0
NYIS_shape,113,27744,2022-03-02 05:00:00,threshold,3647.25,7.5,4049.6383390410956,13875.39723173516,0.2918574705579565,0.016098561204229225,59.37026469631885,-2.4138491390043457,53.65177853881278,0
NYIS_shape,114,27912,2022-03-09 05:00:00,threshold,466.0000000000001,43.75,2824.3113370433794,12905.57198487443,0.21884433641170842,0.01836014109536861,56.70334943125638,14.216364806428567,53.9042591324201,0
NYIS_shape,115,28080,2022-03-16 05:00:00,threshold,5249.5,47.5,7840.3951455479455,11766.120950342465,0.6663534378609072,0.019944078977236695,55.13810814775838,14.704284691382325,54.545160958904106,0
NYIS_shape,116,28248,2022-03-23 05:00:00,threshold,2795.25,21.25,3961.818575913242,17822.0,0.22229932532337796,0.020737098848558407,54.12026940353106,3.7335521410184094,54.897344748858444,0
NYIS_shape,117,28416,2022-03-30 05:00:00,threshold,4761.5,17.5,5737.982480022831,12689.72997716895,0.45217530162946473,0.02405229046638239,50.73003065630464,13.380089653904419,55.79899885844748,0
NYIS_shape,118,28584,2022-04-06 05:00:00,threshold,601.0,10.0,1165.2028767123288,12845.75,0.09070726712821975,0.02648400398139552,49.201214218541786,11.71843650162079,56.42028767123287,0
NYIS_shape,119,28752,2022-04-13 05:00:00,threshold,-108.74999999999977,13.75,678.5646561073063,13305.824059646118,0.05099756716047795,0.021488016787642318,51.14246552589902,14.819824430909394,57.25924771689498,0
NYIS_shape,120,28920,2022-04-20 05:00:00,threshold,21.250000000000455,10.0,601.9085273972607,9448.326211472602,0.06370530757780093,0.014552074016657073,60.228813643252515,11.567635226862189,58.065852739726026,0
NYIS_shape,121,29088,2022-04-27 05:00:00,threshold,1487.75,6.25,1855.5907534246576,13780.318150684932,0.134655146066597,0.013397186806950994,67.2002301685179,6.721489777791999,58.8545205479452,0
NYIS_shape,122,29256,2022-05-04 05:00:00,threshold,0.0,0.0,0.0,14517.57499714612,0.0,0.01604559635716944,68.8013442705439,10.463013459163225,59.65999771689498,0
NYIS_shape,123,29424,2022-05-11 05:00:00,threshold,-458.75,23.75,980.6434489155251,17556.37079908676,0.055856843087783034,0.018814960375565834,63.34136398826831,17.255248867201594,60.6060399543379,0
NYIS_shape,124,29592,2022-05-18 05:00:00,threshold,0.0,0.0,0.0,31202.92689497717,0.0,0.018156022487166322,58.24452881036821,11.766669532884004,61.583844748858446,0
NYIS_shape,125,29760,2022-05-25 05:00:00,threshold,0.0,0.0,0.0,21714.32415239726,0.0,0.0208233368508446,49.129623710769316,13.828170083277849,62.722760273972604,0
NYIS_shape,126,29928,2022-06-01 05:00:00,threshold,0.0,0.0,0.0,12627.870319634703,0.0,0.026625906916734287,36.75144457869965,4.904491898261326,63.78703196347032,0
NYIS_shape,127,30096,2022-06-08 05:00:00,threshold,0.0,0.0,0.0,18193.221689497717,0.0,0.01652017269134763,42.540701301844706,18.02033227673986,64.59716894977169,0
NYIS_shape,128,30264,2022-06-15 05:00:00,threshold,1147.2499999999998,8.75,1720.6759360730591,22455.34392694064,0.07662656789721622,0.01143340516767093,49.06924308751868,17.94882273134771,65.53439269406392,0
NYIS_shape,129,30432,2022-06-22 05:00:00,threshold,5920.0,31.25,7996.4508775684935,21328.91515839041,0.3749112797433035,0.01,51.59146888375849,11.675413395273738,66.44642808219177,0
NYIS_shape,130,30600,2022-06-29 05:00:00,threshold,7660.25,6.25,8079.681856449772,31430.181940639268,0.25706761328042876,0.01,45.84856113380273,1.8164986939220273,67.10909703196347,0
NYIS_shape,131,30768,2022-07-06 05:00:00,threshold,7619.75,6.25,8042.859803082192,28746.951369863014,0.27978131314174615,0.01747874421592694,36.66292179727893,8.774733719417176,67.69756849315071,0
NYIS_shape,132,30936,2022-07-13 05:00:00,threshold,6092.5,7.5,6603.959811643836,34536.14283105023,0.19121880066196761,0.02122287238083527,35.62552525530786,6.213861735975164,68.19464155251141,0
NYIS_shape,133,31104,2022-07-20 05:00:00,threshold,0.0,0.0,0.0,57175.41956621005,0.0,0.02683151090452575,34.12922279844285,11.17922279430561,68.95847831050227,0
NYIS_shape,134,31272,2022-07-27 05:00:00,threshold,-1484.0,21.25,18.27724029680371,38917.90799086758,0.00046963573430238397,0.03271486807489151,34.04148001151693,30.397801769919084,70.695399543379,0
NYIS_shape,135,31440,2022-08-03 05:00:00,threshold,0.0,0.0,0.0,54832.02136986301,0.0,0.04210586942959993,31.0131900547637,13.376223697936997,71.91356849315068,0
NYIS_shape,136,31608,2022-08-10 05:00:00,threshold,1732.7500000000002,1.25,1824.468200627854,23952.99121004566,0.07616869996022414,0.05110283051403952,30.562342048456923,27.50610784361123,73.3745605022831,0
NYIS_shape,137,31776,2022-08-17 05:00:00,threshold,440.2500000000002,6.25,903.3751926369865,31346.500616438356,0.028819012485344197,0.05000739842996273,28.987470195481198,7.3271122349658695,74.10003082191781,0
NYIS_shape,138,31944,2022-08-24 05:00:00,threshold,0.0,0.0,0.0,45925.19561643836,0.0,0.04746741539706652,27.66808458629303,7.623809905449358,75.05978082191781,0
NYIS_shape,139,32112,2022-08-31 05:00:00,threshold,-58.75,16.25,1179.6163470319634,26578.89319634703,0.044381695592730266,0.02878614948476731,34.99793641083436,10.877222582213816,76.2071598173516,0
NYIS_shape,140,32280,2022-09-07 05:00:00,threshold,2001.75,22.5,3739.7005993150683,26710.422488584474,0.14000903957671748,0.02712288262187558,34.14136436604259,16.266698885214428,77.24224885844748,0
NYIS_shape,141,32448,2022-09-14 05:00:00,threshold,3170.25,7.5,3756.0116438356163,26890.28105022831,0.1396791516168897,0.023152000273125143,37.31849993561039,12.981484343084173,78.10155251141553,0
NYIS_shape,142,32616,2022-09-21 05:00:00,threshold,-3754.5,93.75,3620.705800513698,15105.714032534246,0.23969113891044985,0.018151426985038535,39.54593522081089,9.049989276327592,78.66886187214611,0
NYIS_shape,143,32784,2022-09-28 05:00:00,threshold,-3627.25,81.25,2783.5488156392694,13270.21392694064,0.20975915165830322,0.017702826633967977,38.80619613315772,-7.293605744905297,78.90213926940639,0
NYIS_shape,144,32952,2022-10-05 05:00:00,threshold,919.75,98.75,8722.16955622146,15852.684360730593,0.5502014269474478,0.01,48.79989965319106,-8.26651522525086,79.01184360730593,0
NYIS_shape,145,33120,2022-10-12 05:00:00,threshold,-26.0,92.5,7293.462910958905,16876.93287671233,0.43215571005930853,0.01,48.669357933386394,-0.11074685689967408,79.1293287671233,0
NYIS_shape,146,33288,2022-10-19 05:00:00,threshold,-3076.75,83.75,3559.123600171233,16132.181164383563,0.2206225905787014,0.01,50.84970282796734,-2.4202441481428,79.23431164383562,0
NYIS_shape,147,33456,2022-10-26 05:00:00,threshold,-3563.0,85.0,3173.57602739726,17522.566267123286,0.18111365532979504,0.011246307517009184,49.497247902742934,-7.92926411158546,79.25383561643835,0
NYIS_shape,148,33624,2022-11-02 05:00:00,threshold,-3370.25,85.0,3358.08519977169,16136.438470319636,0.2081057233260204,0.01,54.6098733536166,-5.657875996924075,79.15688470319635,0
NYIS_shape,149,33792,2022-11-09 05:00:00,threshold,2848.25,76.25,8846.03591752283,20901.5423244863,0.42322407505591764,0.011992291011832468,55.44144914550995,-1.696019684398083,78.65948744292237,0
NYIS_shape,150,33960,2022-11-16 05:00:00,threshold,5931.0,11.25,6814.440410958904,28703.5,0.2374079959224103,0.012355118903024714,55.21073214538906,4.783162502633729,78.52803652968036,0
NYIS_shape,151,34128,2022-11-23 05:00:00,threshold,734.0,65.0,5879.809143835617,13745.938330479452,0.42774883769106303,0.01,59.3663467857704,24.82707268186072,79.16629452054795,0
NYIS_shape,152,34296,2022-11-30 05:00:00,threshold,3388.75,88.75,10424.85435644977,20571.204724600455,0.5067692678194494,0.013995679248475284,55.43145153304747,11.974552874203734,79.28004908675798,0
NYIS_shape,153,34464,2022-12-07 05:00:00,threshold,5319.25,8.75,6014.189543378995,18893.43324200913,0.31832168702968067,0.013545541100577882,51.282270241776686,-0.8223266172419126,79.42166210045662,0
NYIS_shape,154,34632,2022-12-14 05:00:00,threshold,-1262.5,17.5,134.2615810502282,39564.25,0.0033935075491189188,0.015972908785131808,49.943559613944146,-0.769524134231297,79.81494748858447,0
NYIS_shape,155,34800,2022-12-21 05:00:00,threshold,1494.25,10.0,2307.051221461187,56356.5,0.04093673704827637,0.021356132169259606,47.56151172987354,25.40806757428449,81.28012214611873,0
NYIS_shape,156,34968,2022-12-28 05:00:00,threshold,-4860.5,85.0,2267.573898401827,15415.719292237443,0.1470949136667051,0.020098097582492674,51.09238298050545,45.9831446824549,83.85969292237444,0
NYIS_shape,157,35136,2023-01-04 05:00:00,threshold,-2919.0,85.0,4255.433441780822,16911.00993150685,0.25163686018849396,0.020690966407602818,49.072379651429216,-32.0912993610925,84.4050993150685,0
NYIS_shape,158,35304,2023-01-11 05:00:00,threshold,-4748.75,98.75,3460.4888941210047,15426.653310502285,0.22431883471220193,0.016168046767292193,53.12478803717424,-47.81230923345681,83.13153310502284,0
NYIS_shape,159,35472,2023-01-18 05:00:00,threshold,-4336.25,85.0,2573.1184132420085,12507.668721461185,0.2057232623076228,0.01445077237348358,53.231191930307396,-34.28230404016848,81.28668721461186,0
NYIS_shape,160,35640,2023-01-25 05:00:00,threshold,-3381.25,98.75,4418.25372574201,13403.481621004566,0.3296347807735398,0.013514848654224537,53.67651440836578,-28.236982255793137,78.98231621004567,0
NYIS_shape,161,35808,2023-02-01 05:00:00,threshold,5395.0,96.25,12740.358304794521,44301.04109589041,0.2875859796887794,0.010055145851873901,60.716247909867064,-15.679805047592144,76.31541095890411,0
NYIS_shape,162,35976,2023-02-08 05:00:00,threshold,-2584.75,85.0,3857.1131735159825,13720.162557077627,0.28112736692950246,0.01140120982599516,62.3666220552489,21.84587616704781,75.78662557077627,0
NYIS_shape,163,36144,2023-02-15 05:00:00,threshold,-2115.5,85.0,4236.375924657534,12752.545205479451,0.33219846363197114,0.01,63.288341767521324,-16.675942279140823,74.72795205479451,0
NYIS_shape,164,36312,2023-02-22 05:00:00,threshold,46.25,97.5,7233.340624999999,18866.7328125,0.38339126847694627,0.01,59.75827807158306,-11.813979010888486,73.71374999999999,0
NYIS_shape,165,36480,2023-03-01 05:00:00,threshold,-2927.5,85.0,3280.3184874429226,12477.56586757991,0.2628973088385834,0.01,60.41659055677184,2.2162868015431316,73.03315867579909,0
NYIS_shape,166,36648,2023-03-08 05:00:00,threshold,-3828.0,85.0,2341.050239726028,14656.234837328768,0.15973067201157823,0.010582757439246233,59.76285487191891,-13.612886021843435,72.57706164383562,0
NYIS_shape,167,36816,2023-03-15 05:00:00,threshold,-3057.25,85.0,3073.471255707761,16626.45557648402,0.1848542668381342,0.01078666396903928,59.11577364724952,-9.823313087755043,72.12613242009131,0
NYIS_shape,168,36984,2023-03-22 05:00:00,threshold,-2315.0,85.0,3796.9597374429222,14263.159106735158,0.26620748664648725,0.0112037536113922,57.97661166845055,-10.725747271574702,71.90540867579908,0
NYIS_shape,169,37152,2023-03-29 05:00:00,threshold,-2234.75,85.0,3825.593196347033,15441.070136986302,0.2477544083673005,0.02024578913977441,45.107813719168995,-10.650566437674764,71.29815525114157,0
NYIS_shape,170,37320,2023-04-05 05:00:00,threshold,-2081.75,85.0,3919.8514041095896,16096.448690068493,0.24352274713416366,0.01,64.44822841007137,-13.715535823722623,70.60707534246576,0
NYIS_shape,171,37488,2023-04-12 05:00:00,threshold,-2040.75,85.0,3906.4422831050224,16014.696803652969,0.2439285820393402,0.01,63.50512374371568,-12.719912913186587,69.96696803652968,0
NYIS_shape,172,37656,2023-04-19 05:00:00,threshold,-2638.25,85.0,3255.8478481735156,13875.304853025114,0.23465054517080905,0.01,55.065984829079305,-8.21680102968554,69.34232762557077,0
NYIS_shape,173,37824,2023-04-26 05:00:00,threshold,-2562.75,85.0,3268.515770547946,11499.308762842466,0.2842358473849706,0.01,44.97241740007718,-5.227667001212279,68.60312671232877,0
NYIS_shape,174,37992,2023-05-03 05:00:00,threshold,-2271.75,85.0,3496.1736929223744,10285.792579908677,0.33990318837961786,0.01,46.39952186981228,-9.847530583291569,67.85792579908676,0
NYIS_shape,175,38160,2023-05-10 05:00:00,threshold,-1828.0,85.0,3861.785890410957,16413.615753424656,0.23527941365419172,0.01,41.59170969376533,-19.7642189944559,66.93865753424656,0
NYIS_shape,176,38328,2023-05-17 05:00:00,threshold,-1772.25,85.0,3834.7542351598177,12680.225570776256,0.3024200329683143,0.01,40.52980537956319,-15.158103231982613,65.96475570776256,0
NYIS_shape,177,38496,2023-05-24 05:00:00,threshold,-1936.25,85.0,3565.07973173516,10942.902625570776,0.32578922190210086,0.01,39.5797457388381,-9.277633619417262,64.72152625570776,0
NYIS_shape,178,38664,2023-05-31 05:00:00,threshold,-1605.75,98.75,4683.0579637557075,14939.807963755708,0.31346172421472257,0.01,38.4505227257138,-4.610043338743685,63.684131278538814,0
NYIS_shape,179,38832,2023-06-07 05:00:00,threshold,-1687.75,85.0,3642.265433789954,10309.591232876712,0.3532890249009071,0.01,27.579128413604234,-20.952771263151245,62.70606392694064,0
NYIS_shape,180,39000,2023-06-14 05:00:00,threshold,-1890.25,85.0,3346.9886130136983,10533.93897688356,0.3177338145169222,0.01,27.02660212286469,-19.894881487852523,61.61457191780822,0
NYIS_shape,181,39168,2023-06-21 05:00:00,threshold,-1779.0,85.0,3365.700005707762,12219.273535958904,0.27544190706617483,0.01,25.382576296902723,-13.053799445452555,60.52588242009132,0
NYIS_shape,182,39336,2023-06-28 05:00:00,threshold,-584.5,83.75,4422.32691923516,14335.13575913242,0.3084956427020824,0.01,23.48656560556018,-4.741483008967445,59.78300799086758,0
NYIS_shape,183,39504,2023-07-05 05:00:00,threshold,4379.5,96.25,10069.612444349315,22136.38680222603,0.45488961384324555,0.01,24.40501189270605,-15.326836221696015,59.11805136986302,0
NYIS_shape,184,39672,2023-07-12 05:00:00,threshold,5725.25,96.25,11369.195186929224,22921.46529252283,0.49600647436086687,0.01,27.061728403454453,-19.023858236230296,58.638391552511415,0
NYIS_shape,185,39840,2023-07-19 05:00:00,threshold,-310.5,83.75,4527.544091038812,15631.044091038813,0.2896507785832699,0.01,27.391593271468476,-17.29766994102621,57.767690639269404,0
NYIS_shape,186,40008,2023-07-26 05:00:00,threshold,5000.75,82.5,9611.413655821918,39898.433219178085,0.24089701976572792,0.01,29.000167529209875,-10.468326603041298,55.886832191780826,0
NYIS_shape,187,40176,2023-08-02 05:00:00,threshold,-1982.25,85.0,2687.093036529681,11389.011130136987,0.23593734397354657,0.025164216509056248,23.845477452869336,-0.641554029300916,54.93344748858448,0
NYIS_shape,188,40344,2023-08-09 05:00:00,threshold,-1986.25,85.0,2542.3913527397262,12748.04368578767,0.19943384376491788,0.028386323599722582,22.280792743879356,-20.05271346949142,53.278133561643834,0
NYIS_shape,189,40512,2023-08-16 05:00:00,threshold,-333.5000000000001,87.5,4220.1642123287675,14108.385325342466,0.29912453587075016,0.022646654260682665,24.504191641138373,-22.053772477024534,52.04187671232877,0
NYIS_shape,190,40680,2023-08-23 05:00:00,threshold,-1792.5,85.0,2525.0583105022833,8720.493356164385,0.2895545248844617,0.02004170562403286,25.90768193093931,-17.853478179984837,50.794803652968035,0
NYIS_shape,191,40848,2023-08-30 05:00:00,threshold,2404.75,58.75,5294.794016837899,14353.26491152968,0.36889126268300815,0.016518080048695358,27.482643590686155,-11.583977477555853,49.192238584474886,0
NYIS_shape,192,41016,2023-09-06 05:00:00,threshold,-445.9999999999999,100.0,4345.971118721462,21798.025811929223,0.1993745285108837,0.01,33.804009024699745,-16.372048182891835,47.91971118721462,0
NYIS_shape,193,41184,2023-09-13 05:00:00,threshold,-2561.75,85.0,1438.728521689497,8619.034186643836,0.16692456376596915,0.01,35.60626210932286,-7.874459269544897,47.064453196347024,0
NYIS_shape,194,41352,2023-09-20 05:00:00,threshold,-1661.5,85.0,2231.9762328767115,9384.560273972602,0.2378349296841255,0.01,34.19385530015704,-12.016471821972976,45.80560273972602,0
NYIS_shape,195,41520,2023-09-27 05:00:00,threshold,-1057.75,95.0,3211.8169977168955,10046.31740582192,0.31970092800926464,0.01,33.055683371416876,-8.615664700204198,44.94281050228311,0
NYIS_shape,196,41688,2023-10-04 05:00:00,threshold,-52.0,87.5,3835.502240296803,13141.109703196347,0.2918704985290461,0.01,32.382200278345,-6.913244701699425,44.42859703196346,0
NYIS_shape,197,41856,2023-10-11 05:00:00,threshold,266.0,83.75,3928.8688712899543,13453.155087043378,0.2920407031562295,0.01,30.26033276420919,-6.6969030981079065,43.73574771689498,0
NYIS_shape,198,42024,2023-10-18 05:00:00,threshold,2134.25,90.0,6008.848116438357,15301.534253710046,0.3926957922524297,0.01,31.58264629023218,-3.5974704007920337,43.05109018264841,0
NYIS_shape,199,42192,2023-10-25 05:00:00,threshold,6045.75,87.5,9771.061201484019,17061.155303938358,0.57270806269658,0.01,34.109611739902405,0.7293009489017063,42.57498515981735,0
NYIS_shape,200,42360,2023-11-01 05:00:00,threshold,2612.0,92.5,6516.12553652968,13922.341723744292,0.4680337306630357,0.01,37.008040239729844,3.894276288830255,42.206762557077624,0
NYIS_shape,201,42528,2023-11-08 05:00:00,threshold,3696.75,77.5,6957.665921803653,11284.866322773973,0.6165483686556745,0.01,34.36274382268996,-20.621189517125615,42.07633447488585,0
NYIS_shape,202,42696,2023-11-15 05:00:00,threshold,4963.0,58.75,7424.709771689497,11858.8401826484,0.6260907185976898,0.01,32.46546027327389,-19.26703207166496,41.90144292237442,0
NYIS_shape,203,42864,2023-11-22 05:00:00,threshold,3488.25,21.25,4360.0151912100455,11190.75,0.3896088458065854,0.01,33.814848700481,-13.625924332553831,41.02424429223744,0
NYIS_shape,204,43032,2023-11-29 05:00:00,threshold,1500.0,8.75,1853.718500285388,11456.718500285388,0.16180187199669885,0.01,30.60265971812463,-7.413275854370166,40.424971461187205,0
NYIS_shape,205,43200,2023-12-06 05:00:00,threshold,33.250000000000114,72.5,2933.1396775114154,12796.859243721461,0.22920777838128564,0.01,31.977914264412895,-22.319855360714715,39.99847831050228,0
NYIS_shape,206,43368,2023-12-13 05:00:00,threshold,1694.25,75.0,4664.939640410959,9133.086194349315,0.5107736356739062,0.01,35.54567924520287,-26.35590487153887,39.60919520547945,0
NYIS_shape,207,43536,2023-12-20 05:00:00,threshold,-725.75,100.0,3072.7633561643834,8028.513356164383,0.3827313002855106,0.01,34.27795169018707,-22.859245366465494,37.985133561643835,0
NYIS_shape,208,43704,2023-12-27 05:00:00,threshold,2351.25,63.75,4597.140231164384,7672.8807876712335,0.5991413601200554,0.01,33.390944125279745,-7.315809057653363,35.229650684931514,0
NYIS_shape,209,43872,2024-01-03 05:00:00,threshold,657.5,20.0,1335.84700913242,12911.75,0.1034597950806374,0.018668639073343124,23.876274008688075,-4.984599303861097,33.917350456621,0
NYIS_shape,210,44040,2024-01-10 05:00:00,threshold,-263.75,13.75,203.45123573059362,32565.25,0.0062474949748763985,0.015871713463354083,23.819459547931253,0.24384818375541112,33.97827168949772,0
NYIS_shape,211,44208,2024-01-17 05:00:00,threshold,0.0,0.0,0.0,39912.25,0.0,0.01652070180650393,29.630751511286704,21.309956272267844,34.678501141552516,0
NYIS_shape,212,44376,2024-01-24 05:00:00,threshold,2973.25,7.5,3246.356241438356,8806.017706906392,0.36865202291068533,0.02019117223034791,32.49993199073794,29.24993879166415,36.41416552511415,0
NYIS_shape,213,44544,2024-01-31 05:00:00,threshold,1281.0,18.75,1963.9935787671234,6255.796147260274,0.31394782255289033,0.019623616276182653,32.88413516976825,-17.321920964497078,36.42632420091324,0
NYIS_shape,214,44712,2024-02-07 05:00:00,threshold,930.4999999999997,8.75,1238.0793407534243,5966.25,0.20751382204121924,0.017557708212303645,34.70678061240946,-4.391623025511497,35.151924657534245,0
NYIS_shape,215,44880,2024-02-14 05:00:00,threshold,3436.75,48.75,5148.682435787671,9710.535174086759,0.5302161357210557,0.01663069461122476,34.75415472786731,-7.761129214339551,35.11656278538813,0
NYIS_shape,216,45048,2024-02-21 05:00:00,threshold,1460.25,92.5,4716.494343607305,8072.754249429223,0.5842484730587186,0.017033766058720347,34.29779946282597,-6.748859362171533,35.20264155251141,0
NYIS_shape,217,45216,2024-02-28 05:00:00,threshold,1597.25,78.75,4347.243330479452,8069.897457191781,0.5386987075784029,0.0180471545049288,32.76722887284331,-7.517267891303306,34.920550228310496,0
NYIS_shape,218,45384,2024-03-06 05:00:00,threshold,-65.0,96.25,3277.308498858448,7990.308498858448,0.41016044616132996,0.013688041990938208,37.15690605809198,-2.3442008092465114,34.72528310502283,0
NYIS_shape,219,45552,2024-03-13 05:00:00,threshold,-867.2500000000001,87.5,2151.275456621004,8827.160079908675,0.24371093728292972,0.013525589258201059,36.99843296984187,1.1301352634711537,34.497433789954336,0
NYIS_shape,220,45720,2024-03-20 05:00:00,threshold,4262.0,90.0,7345.252363013698,10037.513009417808,0.7317801088897155,0.012900063928831794,38.045188907689926,0.6004985499963748,34.25835958904109,0
NYIS_shape,221,45888,2024-03-27 05:00:00,threshold,-1338.25,80.0,1402.3057077625572,6592.553988299087,0.21271053832118245,0.01318738821058388,37.993660973137025,4.268756124191132,34.25694634703196,0
NYIS_shape,222,46056,2024-04-03 05:00:00,threshold,1191.7500000000005,87.5,4182.74901541096,6476.227572773973,0.6458619571979242,0.014234699618425018,36.784336127286124,-0.08346071687622651,34.18284589041097,0
NYIS_shape,223,46224,2024-04-10 05:00:00,threshold,1122.75,88.75,4154.970038527398,7775.3053895547955,0.5343803015260481,0.013327991504294466,37.308411572781885,-1.4368178857771337,34.165859589041105,0
NYIS_shape,224,46392,2024-04-17 05:00:00,threshold,794.25,96.25,4074.6128339041097,8991.148030821918,0.4531804859553216,0.020160676381088562,28.410324915455014,-2.02722642117052,34.08169178082192,0
NYIS_shape,225,46560,2024-04-24 05:00:00,threshold,784.5,92.5,3929.3766666666666,8383.64,0.46869577733140577,0.01690881662720875,33.33699578238875,-2.386070647542693,33.998666666666665,0
NYIS_shape,226,46728,2024-05-01 05:00:00,threshold,441.25,72.5,2901.286232876712,7486.673664383561,0.3875267392352139,0.01,44.57033527942045,-2.783166878755,33.93153424657534,0
NYIS_shape,227,46896,2024-05-08 05:00:00,threshold,527.25,78.75,3195.8360573630134,6433.16158390411,0.49677534376861526,0.025156179459242804,25.728099993118118,0.6768880150900546,33.88680707762557,0
NYIS_shape,228,47064,2024-05-15 05:00:00,threshold,1441.75,50.0,3137.6876712328767,7325.72676369863,0.4283107700359703,0.014535928865688337,25.632970509144926,2.0798172389582636,33.91875342465753,0
NYIS_shape,229,47232,2024-05-22 05:00:00,threshold,2675.0,60.0,4714.900616438356,13365.64647545662,0.3527626310553959,0.01,18.73031336955532,2.2587418486520514,33.998343607305934,0
NYIS_shape,230,47400,2024-05-29 05:00:00,threshold,718.5,78.75,3412.026164383561,8516.293698630136,0.4006468406476391,0.01,19.23481223077796,4.191099778232096,34.20350684931506,0
NYIS_shape,231,47568,2024-06-05 05:00:00,threshold,-259.75,86.25,2688.637525684932,8344.677017694064,0.3221979137100143,0.01003039051468673,18.789947263414952,-0.7116106795784487,34.184203196347035,0
NYIS_shape,232,47736,2024-06-12 05:00:00,threshold,3703.5000000000005,7.5,3960.3161815068497,17448.5,0.2269717271689171,0.01,18.230926013138557,-1.6317128467182487,34.24215753424657,0
NYIS_shape,233,47904,2024-06-19 05:00:00,threshold,1520.0,8.75,1821.149948630137,29985.592739726028,0.06073416538527884,0.01,18.81858289626234,1.7134787361606587,34.41713698630137,0
NYIS_shape,234,48072,2024-06-26 05:00:00,threshold,2664.9999999999995,48.75,4362.629931506849,11117.948630136987,0.3923952229533818,0.01,25.017769289414794,10.532939951601373,34.82317808219178,0
NYIS_shape,235,48240,2024-07-03 05:00:00,threshold,3042.75,17.5,3650.6400684931505,20294.981506849315,0.17987895516244262,0.026784767411264218,15.525505606689702,-2.640574085632147,34.736575342465756,0
NYIS_shape,236,48408,2024-07-10 05:00:00,threshold,700.25,12.5,1133.6083333333333,41428.25,0.027363172070587905,0.027497407575396288,16.865012509378918,-1.0065445961252955,34.66866666666667,0
NYIS_shape,237,48576,2024-07-17 05:00:00,threshold,2774.75,7.5,3037.4219349315067,19655.708493150683,0.15453128723342333,0.04122618065503546,18.615145518555586,7.051674845036531,35.022924657534254,0
NYIS_shape,238,48744,2024-07-24 05:00:00,threshold,4274.25,6.25,4494.027361586758,13863.787557077625,0.3241558155074661,0.04821048970164009,18.354616528334386,-3.2768252869512238,35.16437785388128,0
NYIS_shape,239,48912,2024-07-31 05:00:00,threshold,1027.0,32.5,2157.9249828767124,27278.904785958905,0.07910599783270798,0.01,42.69954116745924,-4.697022956336894,34.79769178082192,0
NYIS_shape,240,49080,2024-08-07 05:00:00,threshold,2781.25,52.5,4627.812602739727,8435.538812785388,0.5486090106924228,0.0570402343618807,18.4417504649385,8.84657787733809,35.17262100456621,0
NYIS_shape,241,49248,2024-08-14 05:00:00,threshold,1132.75,81.25,3991.9882348744295,10228.71479594749,0.3902727091829771,0.05686937211939148,18.40986676742566,-1.2687720439120103,35.190624429223746,0
NYIS_shape,242,49416,2024-08-21 05:00:00,threshold,4176.5,17.5,4793.322240296804,12383.939703196347,0.387059559007674,0.05677283039784395,18.11044571015479,0.35972032589019093,35.246985159817356,0
NYIS_shape,243,49584,2024-08-28 05:00:00,threshold,932.25,85.0,3938.793247716895,10813.07937642694,0.364261937843873,0.05193363521445065,17.561326002161124,-1.0561473548575013,35.37109703196347,0
NYIS_shape,244,49752,2024-09-04 05:00:00,threshold,3704.5,42.5,5212.2329109589045,8764.254280821919,0.5947149345454747,0.029251087959524608,22.93289445977125,0.5388405877808915,35.476068493150684,0
NYIS_shape,245,49920,2024-09-11 05:00:00,threshold,4920.5,27.5,5886.986338470319,11510.848732876711,0.5114293893599873,0.03659624740263793,19.983228408866992,1.9210774137890452,35.14495776255708,0
NYIS_shape,246,50088,2024-09-18 05:00:00,threshold,2708.25,27.5,3678.4605165525118,8326.315774828767,0.4417872941683094,0.035607401370143836,19.10362426777352,4.0371805475421105,35.28038242009133,0
NYIS_shape,247,50256,2024-09-25 05:00:00,threshold,1159.25,73.75,3775.92247859589,8768.373240582192,0.4306297616438121,0.0238729208160689,20.610841451541454,2.951830810927834,35.48030479452054,0
NYIS_shape,248,50424,2024-10-02 05:00:00,threshold,4926.75,51.25,6753.479257990868,11513.588002283104,0.586565999812715,0.01,31.841760305694823,2.4751570435173673,35.64349771689498,0
NYIS_shape,249,50592,2024-10-09 05:00:00,threshold,6160.5,16.25,6741.323657248859,13555.25,0.49732197172673753,0.010302352922950252,32.178383574909915,-1.2570030670539338,35.74299429223744,0
NYIS_shape,250,50760,2024-10-16 05:00:00,threshold,6027.5,62.5,8272.145976027397,16027.395976027397,0.5161253885784233,0.013539351485937984,28.777420863221497,-1.0476316691428467,35.91433561643836,0
NYIS_shape,251,50928,2024-10-23 05:00:00,threshold,8147.5,86.25,11257.249460616438,16494.49230022831,0.6824853566702759,0.014127148258546583,27.155566022764248,-1.0827047724416405,36.055066210045666,0
NYIS_shape,252,51096,2024-10-30 05:00:00,threshold,6073.75,68.75,8555.46772260274,12557.049828767122,0.681327846848461,0.01766446629110754,26.224024574300543,-2.422963502617171,36.097712328767116,0
NYIS_shape,253,51264,2024-11-06 05:00:00,threshold,7354.5,37.5,8706.453339041096,13298.606892123287,0.6546891271895475,0.010720529814981537,37.729683136095794,0.3233200942859475,36.0520890410959,0
NYIS_shape,254,51432,2024-11-13 05:00:00,threshold,6818.5,65.0,9161.228144977169,13031.3732163242,0.7030132583035101,0.01,27.99945883494718,1.5372804563124658,36.04197146118721,0
NYIS_shape,255,51600,2024-11-20 05:00:00,threshold,3308.0,7.5,3578.1968065068495,10526.295209760274,0.3399293612047899,0.01,27.11109408523675,3.2499529571433023,36.02624086757991,0
NYIS_shape,256,51768,2024-11-27 05:00:00,threshold,0.0,0.0,0.0,23458.101152968036,0.0,0.01,26.67953235232553,6.272926347207984,36.04046118721461,0
NYIS_shape,257,51936,2024-12-04 05:00:00,threshold,0.0,0.0,0.0,15579.75,0.0,0.01,29.900026250784514,16.275087094975913,36.48584931506849,0
NYIS_shape,258,52104,2024-12-11 05:00:00,threshold,0.0,0.0,0.0,14197.478515981735,0.0,0.013318946983567486,29.521607693921105,9.810079931999262,36.99570319634704,0
NYIS_shape,259,52272,2024-12-18 05:00:00,threshold,0.0,0.0,0.0,25207.709252283104,0.0,0.017541146624400466,27.096846369889267,2.837422845957003,37.56740182648401,0
NYIS_shape,260,52440,2024-12-25 05:00:00,threshold,486.0,20.0,1262.310388127854,13671.269399257992,0.09233307831651433,0.023504665604466655,26.011321780234887,18.26456907559106,38.815519406392696,0
NYIS_shape,261,52608,2025-01-01 05:00:00,threshold,226.7499999999999,6.25,473.417736872146,28225.75,0.01677254765142276,0.03121525758241422,23.378807988569648,-6.475774040638552,39.46683789954338,0
NYIS_shape,262,52776,2025-01-08 05:00:00,threshold,0.0,0.0,0.0,24653.25,0.0,0.02191412165362621,29.99467145473083,3.941685072550771,40.28491552511415,0
NYIS_shape,263,52944,2025-01-15 05:00:00,threshold,0.0,0.0,0.0,52714.0,0.0,0.020224842857688826,35.03791010418126,13.972989717312078,41.14066210045662,0
NYIS_shape,264,53112,2025-01-22 05:00:00,threshold,0.0,0.0,0.0,37859.0,0.0,0.012211706750676773,57.19940598144176,51.47946538329757,41.76102853881278,0
NYIS_shape,265,53280,2025-01-29 05:00:00,threshold,0.0,0.0,0.0,28469.25,0.0,0.01573972327450446,58.570126452303924,32.67867955588666,44.27691894977169,0
NYIS_shape,266,53448,2025-02-05 05:00:00,threshold,0.0,0.0,0.0,35961.5,0.0,0.017743631541456823,57.83749511729611,8.263151239546355,45.32012328767124,0
NYIS_shape,267,53616,2025-02-12 05:00:00,threshold,0.0,0.0,0.0,34817.19842037671,0.0,0.019138560113471224,57.320586318214545,24.087905430406742,46.758736301369865,0
NYIS_shape,268,53784,2025-02-19 05:00:00,threshold,0.0,0.0,0.0,27119.554454908677,0.0,0.019873165348154333,57.33367320227349,22.397024939238168,48.42178196347032,0
NYIS_shape,269,53952,2025-02-26 05:00:00,threshold,3451.0,11.25,4015.519118150685,26676.25,0.1505278709770183,0.02075271089380936,57.38775210540944,13.326147945576658,50.179477168949774,0
NYIS_shape,270,54120,2025-03-05 05:00:00,threshold,6864.75,27.5,8266.591035958903,15099.511553938357,0.5474740693716517,0.023356593330611675,52.96422007859292,3.0869822681744368,50.97603767123288,0
NYIS_shape,271,54288,2025-03-12 05:00:00,threshold,7022.5,72.5,10750.821024543378,16694.696612442924,0.6439662411433434,0.023883376935511003,51.45416932413129,6.989368686870022,51.42511757990867,0
NYIS_shape,272,54456,2025-03-19 05:00:00,threshold,7903.75,5.0,8163.054075342466,13700.402037671232,0.5958258781674414,0.025323088781536978,50.03002264367565,1.8913224790180139,51.86081506849315,0
NYIS_shape,273,54624,2025-03-26 05:00:00,threshold,3510.75,90.0,8207.776232876713,13269.749183789954,0.6185328840203822,0.025556327115283814,48.495748704352486,0.30469326278309783,52.18918036529681,0
NYIS_shape,274,54792,2025-04-02 05:00:00,threshold,5477.0,20.0,6528.412351598174,12274.75,0.5318570522086539,0.028588178812123843,46.164038124696944,-0.021149876864909396,52.57061757990867,0
NYIS_shape,275,54960,2025-04-09 05:00:00,threshold,4274.75,21.25,5400.4529823059365,15462.952982305937,0.34925107697640984,0.029700508582636734,45.078180187967156,10.749631641331673,52.97425799086758,0
NYIS_shape,276,55128,2025-04-16 05:00:00,threshold,-833.75,80.0,3445.871735159818,12803.705362442925,0.26913082093153945,0.032680903386738416,41.72512676624566,10.685370870439309,53.49527168949773,0
NYIS_shape,277,55296,2025-04-23 05:00:00,threshold,-2640.25,98.75,2667.6914611872153,12923.489269406393,0.2064219194658525,0.05182409826087814,32.6464063162705,0.23411963576696979,53.75130593607307,0
NYIS_shape,278,55464,2025-04-30 05:00:00,threshold,2140.25,71.25,5981.09910530822,13671.798964041096,0.4374771104402147,0.06581339518023195,32.45231305215997,-4.89465287107194,53.90665410958905,0
NYIS_shape,279,55632,2025-05-07 05:00:00,threshold,703.0,86.25,5379.596399828767,12764.346399828766,0.42145490503931593,0.06537199428905582,33.8328258197942,3.7149932637726737,54.22140753424657,0
NYIS_shape,280,55800,2025-05-14 05:00:00,threshold,1124.0,86.25,5821.5861643835615,15091.086164383561,0.3857632314182311,0.08198514899467237,30.557005065171797,2.0791546466708186,54.46476712328767,0
NYIS_shape,281,55968,2025-05-21 05:00:00,threshold,-2370.0,85.0,2276.7149885844747,12880.973515981736,0.176750226662581,0.07861584997182447,27.064619194195835,0.16566767537846375,54.667235159817345,0
NYIS_shape,282,56136,2025-05-28 05:00:00,threshold,-2192.25,85.0,2451.000462328767,13154.316652397261,0.186326703780701,0.07117028942080598,24.376337295901184,-3.628250219198307,54.62647602739726,0
NYIS_shape,283,56304,2025-06-04 05:00:00,threshold,549.5,97.5,5882.228998287671,15067.177472888128,0.3904001933256677,0.09981650068999949,19.765148156948776,-3.5491421723050824,54.694656392694064,0
NYIS_shape,284,56472,2025-06-11 05:00:00,threshold,1294.25,80.0,5683.972557077625,14022.49080194064,0.40534685580189456,0.09753693553658657,16.59474889759819,0.623831367079998,54.87153196347032,0
NYIS_shape,285,56640,2025-06-18 05:00:00,threshold,5771.75,7.5,6184.176095890411,55931.5,0.11056696308681889,0.06780278081259931,16.565735546225753,-1.0563871974017391,54.990146118721455,0
NYIS_shape,286,56808,2025-06-25 05:00:00,threshold,4123.75,18.75,5161.387756849315,32439.656803652968,0.15910734777773916,0.03791647436835478,24.74836164627027,20.116207776064222,55.340680365296805,0
NYIS_shape,287,56976,2025-07-02 05:00:00,threshold,5994.0,17.5,6971.8744891552515,29668.070844748858,0.23499588246363004,0.04131305279814641,25.37658697378386,10.179334436946549,55.87854223744293,0
NYIS_shape,288,57144,2025-07-09 05:00:00,threshold,3901.0,13.75,4675.240807648402,28294.261863584474,0.16523635888397464,0.0399095016705656,26.39002775336037,5.016366559651744,56.30842237442922,0
NYIS_shape,289,57312,2025-07-16 05:00:00,threshold,2337.75,61.25,5800.391775114155,40206.307933789954,0.144265715336658,0.03395487866576493,28.970561333445946,7.293460299766608,56.53292694063927,0
NYIS_shape,290,57480,2025-07-23 05:00:00,threshold,7317.75,7.5,7745.463732876712,89095.0,0.08693488672626648,0.03620458945216634,31.64268911864846,9.645272780467986,57.02849771689498,0
NYIS_shape,291,57648,2025-07-30 05:00:00,threshold,2473.500000000001,53.75,5593.084775970321,37308.92415810502,0.14991278634217262,0.04537921527650529,36.542380617285986,12.681111007501656,58.038786529680365,0
NYIS_shape,292,57816,2025-08-06 05:00:00,threshold,9659.5,10.0,10242.49941780822,39063.25,0.26220295079923506,0.043738921002301784,39.60964740435016,8.758614499273207,58.29994178082192,0
NYIS_shape,293,57984,2025-08-13 05:00:00,threshold,1539.75,88.75,6768.789265125571,26849.945503710045,0.25209694612565525,0.045452867540584134,40.05382001139248,10.976342775454324,58.91875228310502,0
NYIS_shape,294,58152,2025-08-20 05:00:00,threshold,126.25,83.75,5099.049848744292,15782.479674657534,0.32308293461210724,0.046650328027473424,39.688182312545415,4.993908668917321,59.37671461187214,0
NYIS_shape,295,58320,2025-08-27 05:00:00,threshold,-2115.0,98.75,3763.086422659817,13079.180265410958,0.28771577012449545,0.0494791690846823,38.50340000629838,-7.763661278394043,59.52492579908675,0
NYIS_shape,296,58488,2025-09-03 05:00:00,threshold,-2390.25,98.75,3478.7759974315077,14156.817465753425,0.2457315004482448,0.04899146548141767,38.85094068662129,-8.080076298325237,59.43317465753425,0
NYIS_shape,297,58656,2025-09-10 05:00:00,threshold,-485.0,87.5,4727.751769406393,15649.430593607307,0.30210375649946325,0.048613960641540374,38.35896500521064,2.4529049929653657,59.57430593607306,0
NYIS_shape,298,58824,2025-09-17 05:00:00,threshold,2292.25,100.0,8255.998059360729,17529.68585045662,0.4709723910509026,0.04752086260010727,38.247662662538666,2.5348352564507284,59.6374805936073,0
NYIS_shape,299,58992,2025-09-24 05:00:00,threshold,5274.5,81.25,10129.26281392694,18579.465376712327,0.5451859140480464,0.06428175348568975,28.844704048354803,4.02160213038639,59.75092694063927,0
NYIS_shape,300,59160,2025-10-01 05:00:00,threshold,9526.5,78.75,14247.078043664384,28007.58671518265,0.5086863851765271,0.04978088761670053,29.744325234475447,6.17639265188456,59.94384817351598,0
NYIS_shape,301,59328,2025-10-08 05:00:00,threshold,2750.250000000001,95.0,8463.729480593607,18372.12475742009,0.46068321396387735,0.05162015567297729,29.565529747487155,2.2998302296839026,60.141889269406384,0
NYIS_shape,302,59496,2025-10-15 05:00:00,threshold,5445.25,85.0,10572.854235159819,21185.198290525113,0.49906798558918525,0.054051326395935934,29.751267994560894,2.0197018493881536,60.32475570776257,0
NYIS_shape,303,59664,2025-10-22 05:00:00,threshold,17260.25,81.25,22173.713156392696,28424.146638127855,0.7801012793344201,0.05822796907504617,27.52648524432639,1.2610727920693812,60.47339269406393,0
NYIS_shape,304,59832,2025-10-29 05:00:00,threshold,9662.5,65.0,13618.44073630137,21432.039169520547,0.6354244049567042,0.08073979893202059,24.31448452091781,5.367902556364203,60.86062671232877,0
NYIS_shape,305,60000,2025-11-05 05:00:00,threshold,10884.5,12.5,11650.290582191781,22047.25,0.528423752721622,0.06657422916804515,27.772293718035986,7.294328653663041,61.26324657534247,0
NYIS_shape,306,60168,2025-11-12 05:00:00,threshold,8831.0,31.25,10760.995612157534,19197.897016267125,0.5605299165340518,0.06525038355942969,29.442592161239027,9.065351264240446,61.75985958904109,0
NYIS_shape,307,60336,2025-11-19 05:00:00,threshold,7521.500000000002,58.75,11178.42030821918,19202.43171232877,0.5821356625912208,0.058068308969209795,28.980932922957816,7.693317179215646,62.24545205479453,0
NYIS_shape,308,60504,2025-11-26 05:00:00,threshold,8244.75,7.5,8715.169392123287,20455.0,0.4260654799375843,0.051700388152906444,20.491743203804347,7.545997876117498,62.72258561643835,0
NYIS_shape,309,60672,2025-12-03 05:00:00,threshold,0.0,0.0,0.0,36626.75,0.0,0.07194655797684227,15.227810723922259,2.608908296976928,62.876992009132415,0
NYIS_shape,310,60840,2025-12-10 05:00:00,threshold,0.0,0.0,0.0,29989.197885273974,0.0,0.05014087329480109,21.23830640778759,19.11447576700883,64.15830821917808,0
NYIS_shape,311,61008,2025-12-17 05:00:00,threshold,1709.75,40.0,4333.85698630137,14355.586926369862,0.30189340279361776,0.048972356164004596,24.244596660959218,20.161647966914753,65.60267465753425,0
NYIS_shape,312,61176,2025-12-24 05:00:00,threshold,2862.25,12.5,3677.5455907534247,16167.75,0.2274618045648544,0.041190559401262254,26.813605860654828,-18.192524782734196,65.22364726027398,0
NYIS_shape,313,61344,2025-12-31 05:00:00,threshold,0.0,0.0,0.0,21240.313317636985,0.0,0.03047489593520466,31.564904159213725,-15.741959180262661,65.25065410958904,0
NYIS_shape,314,61512,2026-01-07 05:00:00,threshold,-2032.250000000001,100.0,4599.3336757990855,13586.214900114155,0.3385294366100775,0.04454630464779506,26.390613686189347,-8.585719063334215,66.31583675799087,0
NYIS_shape,315,61680,2026-01-14 05:00:00,threshold,2685.5,20.0,3986.580319634703,26290.81751997717,0.15163394278650658,0.018373689114327192,40.29973451497436,-36.26976106347692,65.05401598173515,0
NYIS_shape,316,61848,2026-01-21 05:00:00,threshold,0.0,0.0,0.0,79743.5,0.0,0.016877010001618984,42.51123178916097,-20.655069002374557,63.80374657534247,0
NYIS_shape,317,62016,2026-01-28 05:00:00,threshold,0.0,0.0,0.0,118196.47841038812,0.0,0.01,88.26117748182988,79.4350597336469,65.89136415525114,0
NYIS_shape,318,62184,2026-02-04 05:00:00,threshold,0.0,0.0,0.0,63277.638621575345,0.0,0.021450989664553458,122.1504766744037,109.93542900696333,71.45544863013698,0
NYIS_shape,319,62352,2026-02-11 05:00:00,threshold,1802.0000000000018,63.75,6490.542144691783,19746.796332762555,0.3286883621685565,0.02137758386190481,124.34129440891695,34.630061184457595,73.54575913242009,0
NYIS_shape,320,62520,2026-02-18 05:00:00,threshold,4633.75,11.25,5453.260796232877,15048.306755136986,0.3623836810989593,0.020660451293935723,125.53760145388436,-37.21795219492377,72.84540410958904,0
NYIS_shape,321,62688,2026-02-25 05:00:00,threshold,2717.25,43.75,5843.057648401827,24015.749429223746,0.2433010748060045,0.01898282673656157,130.76127774849377,-38.82264183319087,71.44703196347032,0
NYIS_shape,322,62856,2026-03-04 05:00:00,threshold,-3832.75,87.5,2423.937100456621,18494.86829908676,0.13105998168023236,0.01974862107997854,128.68966896853354,-13.560870255041193,71.50499543378996,0
NYIS_shape,323,63024,2026-03-11 05:00:00,threshold,3120.75,47.5,6510.121013127855,18123.03062357306,0.35921812131465386,0.02001780744266832,126.66755675608198,-0.31964294330009496,71.3551792237443,0
NYIS_shape,324,63192,2026-03-18 05:00:00,threshold,4551.75,96.25,11423.819805936073,22901.836187214612,0.49881676353591414,0.02017281695183873,126.54362088239408,0.7688081986776256,71.39812785388128,0
NYIS_shape,325,63360,2026-03-25 05:00:00,threshold,-3272.25,81.25,2539.284061073059,18585.09087328767,0.13663016653433582,0.020624454897192772,125.46034535266149,2.1469334041230783,71.52657305936073,0
NYIS_shape,326,63528,2026-04-01 05:00:00,threshold,-2759.5,85.0,3308.8099086757993,15564.198276255709,0.21259109206566867,0.01989702801549901,127.8508016321931,-4.642412331398113,71.39188127853882,0
NYIS_shape,327,63696,2026-04-08 05:00:00,threshold,-3353.0,95.0,3410.178618721462,19718.015079908677,0.1729473582863928,0.020698788286419655,125.41429838934462,-2.710221466507816,71.19135388127854,0
NYIS_shape,328,63864,2026-04-15 05:00:00,threshold,8713.0,92.5,15269.638113584475,28567.87202482877,0.5345038685525265,0.02081180874834997,125.52042486844998,0.2398698835071421,70.88257420091324,0
NYIS_shape,329,64032,2026-04-22 05:00:00,threshold,-2923.75,81.25,2845.763712899543,19402.07246004566,0.14667318240150753,0.02132800390694456,124.68008042129277,5.8780914650452205,71.00939954337899,0
NYIS_shape,330,64200,2026-04-29 05:00:00,threshold,-2158.5,95.0,4598.796535388127,20657.325756278537,0.222623034058045,0.03587254103316367,91.03809375094396,-1.0391528567538588,71.12943721461187,0
NYIS_shape,331,64368,2026-05-06 05:00:00,threshold,-2486.75,91.25,4004.1090624999997,18414.27020547945,0.21744598172066115,0.03509415338207016,65.9214404474139,0.6234140385388028,71.13270205479452,0
NYIS_shape,332,64536,2026-05-13 05:00:00,threshold,5650.25,72.5,10812.081329908677,23624.351686643837,0.4576667954033782,0.05359335758071825,62.3553479702675,3.2202223176953972,71.19767351598173,0
