market,week_idx,eval_start,eval_start_ts,method,revenue,pf_revenue,value_capture,theta,sigma_stat,mu_eff,q,mask_violations,soc_end,score,pf_score
NYIS,0,8760,2020-01-01 05:00:00,dp,4345.25,,0.901974579376974,0.014388275785694557,14.854455487719099,-7.594523882460141,28.935360730593608,0,20.0,4923.957214611872,5459.086461187215
NYIS,1,8928,2020-01-08 05:00:00,dp,4056.5,,0.7773924897791984,0.010195649412776833,18.027934438369183,-12.823384861076232,28.803680365296803,0,20.0,4632.573607305936,5959.1180365296805
NYIS,2,9096,2020-01-15 05:00:00,dp,5367.75,,0.7153209918359564,0.01,18.949012243229017,-10.764894491378026,28.52082077625571,0,20.0,5938.166415525115,8301.40102597032
NYIS,3,9264,2020-01-22 05:00:00,dp,3761.25,,0.7188450815691202,0.012639247706578012,17.66295145206966,-1.4745658052392385,27.9365399543379,0,20.0,4319.9807990867575,6009.613072203196
NYIS,4,9432,2020-01-29 05:00:00,dp,4576.75,,0.7805880999912443,0.011741336019849464,20.46686977872069,-3.0751713320611755,27.3998801369863,0,20.0,5124.747602739726,6565.239212328767
NYIS,5,9600,2020-02-05 05:00:00,dp,3844.75,,0.8311453516602628,0.029273873005653803,11.632744871549269,-3.8224811909935235,26.530285388127854,0,20.0,4375.355707762557,5264.2485445205475
NYIS,6,9768,2020-02-12 05:00:00,dp,4475.25,,0.7730102102019751,0.030560386850405335,11.24693905830206,-3.5778373133207304,26.411166666666666,0,20.0,5003.473333333333,6472.713125
NYIS,7,9936,2020-02-19 05:00:00,dp,3124.75,,0.6479860588721928,0.03564401710552407,10.206539226908493,-1.8913686426202834,26.299909817351597,0,20.0,3650.748196347032,5633.991883561644
NYIS,8,10104,2020-02-26 05:00:00,dp,2969.75,,0.681363815309139,0.031205297729017714,11.131588473328659,-1.925450849540538,26.1587203196347,0,20.0,3492.924406392694,5126.37203196347
NYIS,9,10272,2020-03-04 05:00:00,dp,3077.25,,0.7134895210281095,0.030141197388665008,11.298394804561394,-4.294743340954243,25.830063926940642,0,20.0,3593.851278538813,5037.006392694064
NYIS,10,10440,2020-03-11 05:00:00,dp,2627.0,,0.614116569955407,0.028365094467709046,11.66709107795114,-5.7767925862659935,25.332915525114156,0,20.0,3133.6583105022833,5102.709263698631
NYIS,11,10608,2020-03-18 05:00:00,dp,1723.0,,0.551599310429757,0.02505326196177562,12.372995510430572,-4.688216943570554,25.087843607305935,0,20.0,2224.7568721461184,4033.2843607305936
NYIS,12,10776,2020-03-25 05:00:00,dp,2041.75,,0.6905405493606892,0.05041709652652179,6.914049856171896,-3.4843730524225616,24.726369863013698,0,20.0,2536.277397260274,3672.8869863013697
NYIS,13,10944,2020-04-01 05:00:00,dp,1653.5,,0.6048565237520754,0.01225214780214315,16.435632517427518,-2.6070981868321983,24.40319292237443,0,16.25,2050.0518849885843,3389.319292237443
NYIS,14,11112,2020-04-08 05:00:00,dp,1545.0,,0.5453095669592813,0.028710292272503254,9.109179591635355,-5.271054363705803,24.106390410958902,0,20.0,2027.127808219178,3717.38904109589
NYIS,15,11280,2020-04-15 05:00:00,dp,519.5000000000001,,0.37910431402921946,0.027994261819428434,9.070346583411135,-3.3900029781284133,23.777273972602746,0,20.0,995.045479452055,2624.7273972602748
NYIS,16,11448,2020-04-22 05:00:00,dp,842.0,,0.4951711410536813,0.04147880086581715,6.71828675018304,-2.0503654802757416,23.563639269406394,0,20.0,1313.2727853881279,2652.1593778538813
NYIS,17,11616,2020-04-29 05:00:00,dp,2040.25,,0.7268794397983792,0.029427178132048554,7.228600951204179,0.004550510707538383,23.38870890410959,0,20.0,2508.0241780821916,3450.399118150685
NYIS,18,11784,2020-05-06 05:00:00,dp,1735.75,,0.6147424760816645,0.025431691412707826,7.572570420590093,-2.3564604404478304,23.216587899543374,0,20.0,2200.0817579908676,3578.867320205479
NYIS,19,11952,2020-05-13 05:00:00,dp,2112.75,,0.6907965998159942,0.028811648983551246,7.036397097131345,-1.9969929673594131,23.074013698630136,0,20.0,2574.230273972603,3726.4663356164383
NYIS,20,12120,2020-05-20 05:00:00,dp,2833.25,,0.7396983666738416,0.036408491098986924,5.83770907689371,-2.3127126012177093,22.867469178082192,0,20.0,3290.5993835616437,4448.569216609589
NYIS,21,12288,2020-05-27 05:00:00,dp,2517.5,,0.7177694813414662,0.04230891657803585,5.008129868164184,-1.1588006904384254,22.71511643835617,0,6.25,2659.4694777397262,3705.186061643836
NYIS,22,12456,2020-06-03 05:00:00,dp,4942.0,,0.7845193024707847,0.03916928408745549,5.019144704451828,-0.6869976317561435,22.592238584474888,0,20.0,5393.844771689498,6875.349981449772
NYIS,23,12624,2020-06-10 05:00:00,dp,3612.0,,0.7816309472970866,0.037079904402904644,5.367465659598016,-1.685984820489906,22.524368721461187,0,20.0,4062.4873744292236,5197.449497716895
NYIS,24,12792,2020-06-17 05:00:00,dp,6360.0,,0.7977716198314445,0.03347505274924383,5.58448091440383,-2.475233070538579,22.461438356164383,0,16.25,6724.998373287671,8429.728767123288
NYIS,25,12960,2020-06-24 05:00:00,dp,5633.0,,0.7770689514254288,0.030200627431238965,5.876084442054731,-0.5113585228051245,22.440826484018263,0,70.0,7203.857853881278,9270.551655251142
NYIS,26,13128,2020-07-01 05:00:00,dp,7124.5,,0.8509486520380151,0.01748749420211206,8.091122884727035,0.5784285346486665,22.323469178082192,0,20.0,7570.969383561644,8897.093103595891
NYIS,27,13296,2020-07-08 05:00:00,dp,7993.75,,0.8113932026286419,0.02380126359857694,7.016088313073572,-4.137999859756505,22.205351598173515,0,20.0,8437.857031963471,10399.220753424657
NYIS,28,13464,2020-07-15 05:00:00,dp,10721.5,,0.884637225476569,0.026531300663279522,7.03910678506765,-1.6877364220881603,22.103458904109587,0,6.25,10859.646618150686,12275.819178082193
NYIS,29,13632,2020-07-22 05:00:00,dp,9626.25,,0.8722473784278012,0.04964742196105564,5.63583534359973,0.29376286378301075,21.88368493150685,0,20.0,10063.923698630137,11537.923698630137
NYIS,30,13800,2020-07-29 05:00:00,dp,7422.5,,0.8515699567816911,0.04261477298499139,6.495004208057456,1.224686611912292,21.871867579908674,0,20.0,7859.937351598173,9229.937351598173
NYIS,31,13968,2020-08-05 05:00:00,dp,7204.5,,0.8853086123917977,0.06036292385417453,5.775741642148455,-0.29757839764847316,21.771511415525115,0,20.0,7639.930228310503,8629.680228310503
NYIS,32,14136,2020-08-12 05:00:00,dp,6948.0,,0.8549699700132702,0.05646145460900092,6.173477525573746,-1.178336218242451,21.712053652968034,0,20.0,7382.241073059361,8634.503353310502
NYIS,33,14304,2020-08-19 05:00:00,dp,7524.25,,0.8306466749586088,0.049367912788662066,6.894123538983096,-0.6171443444602923,21.62928082191781,0,20.0,7956.835616438356,9579.085616438357
NYIS,34,14472,2020-08-26 05:00:00,dp,6047.75,,0.812565985849572,0.0416920172135407,7.813872415590446,-0.7797987054073191,21.560756849315066,0,20.0,6478.965136986301,7973.463386130137
NYIS,35,14640,2020-09-02 05:00:00,dp,5069.5,,0.8745077284367144,0.05246494918677814,7.217962965278248,-0.8867715278817402,21.586571917808218,0,20.0,5501.231438356164,6290.660744863014
NYIS,36,14808,2020-09-09 05:00:00,dp,3502.75,,0.8050069963590475,0.05331246204635117,7.054044659208898,-0.027342165043694727,21.583546803652972,0,20.0,3934.4209360730592,4887.436946347032
NYIS,37,14976,2020-09-16 05:00:00,dp,2839.25,,0.8482333948507675,0.056155738235051,6.854477745460556,0.1256304556169755,21.51856735159817,0,20.0,3269.6213470319635,3854.6246432648395
NYIS,38,15144,2020-09-23 05:00:00,dp,4862.25,,0.9383496603931988,0.06187501162992669,6.382564922913517,-1.4936205546089074,21.41258789954338,0,16.25,5210.20455336758,5552.519250856164
NYIS,39,15312,2020-09-30 05:00:00,dp,2882.0,,0.8185839067874582,0.04426323353659525,7.4056097065376605,0.7218237222218494,21.404357305936074,0,20.0,3310.0871461187216,4043.6748373287674
NYIS,40,15480,2020-10-07 05:00:00,dp,4082.75,,0.8832136468904764,0.06083136524934361,5.994018602404719,-1.6145295649653866,21.358292237442924,0,20.0,4509.915844748859,5106.256974885845
NYIS,41,15648,2020-10-14 05:00:00,dp,4121.25,,0.8854620292743554,0.059041585707383465,5.7501591227540905,-1.5457983470253018,21.322826484018265,0,20.0,4547.706529680365,5135.970125570776
NYIS,42,15816,2020-10-21 05:00:00,dp,4541.5,,0.9070512969962952,0.06628859376498367,4.978504889745947,0.21567112080960033,21.282236301369863,0,16.25,4887.336339897261,5388.158702910959
NYIS,43,15984,2020-10-28 05:00:00,dp,5395.75,,0.7663164666863181,0.07519324659968692,4.426842542265773,0.5072540576629085,21.285076484018262,0,6.25,5528.781728025114,7214.75
NYIS,44,16152,2020-11-04 05:00:00,dp,3118.75,,0.6092027316140177,0.06516443058169841,4.810783312001933,3.8616776185622,21.4675296803653,0,56.25,4326.298544520549,7101.574434931507
NYIS,45,16320,2020-11-11 05:00:00,dp,6570.75,,0.9155033981905243,0.04456411344376338,5.763310117266899,-5.1869791055402095,21.25838470319635,0,2.5,6623.895961757991,7235.25
NYIS,46,16488,2020-11-18 05:00:00,dp,5631.75,,0.8460812745378612,0.04080721586933678,6.052961387601683,-0.30143676252252455,21.022968036529683,0,10.0,5841.979680365297,6904.75
NYIS,47,16656,2020-11-25 05:00:00,dp,4008.0,,0.8252145291739447,0.04010229564779197,6.212164531218707,1.3931845794349547,21.044151826484022,0,23.75,4507.798605878996,5462.577846746575
NYIS,48,16824,2020-12-02 05:00:00,dp,5318.75,,0.8612619752290638,0.03939892126634468,6.0413105594450895,-2.0657838296476254,20.976074200913242,0,6.25,5449.850463755708,6327.75
NYIS,49,16992,2020-12-09 05:00:00,dp,5114.25,,0.8819921730950004,0.040683640564596855,6.3251179504677815,-0.8241532175541758,21.001519406392696,0,20.0,5534.280388127854,6274.75
NYIS,50,17160,2020-12-16 05:00:00,dp,18.0,,0.02578509076837536,0.04123981267317524,6.87386467898831,-0.9931164977430287,21.01001484018265,0,13.75,306.8877040525114,11901.75
NYIS,51,17328,2020-12-23 05:00:00,dp,5389.25,,0.7521082062717163,0.034772407701957594,9.513356415667639,8.562020774100874,21.146299086757992,0,6.25,5521.414369292237,7341.25
NYIS,52,17496,2020-12-30 05:00:00,dp,3166.25,,0.7957340005830628,0.03755794084357627,9.70954147817529,0.8703028756855832,21.351898401826485,0,20.0,3593.2879680365295,4515.689873002283
NYIS,53,17664,2021-01-06 05:00:00,dp,4337.25,,0.7483475402168636,0.04225251485995201,9.50798810543702,-1.9627557766019899,21.438682648401826,0,10.0,4551.6368264840185,6082.25
NYIS,54,17832,2021-01-13 05:00:00,dp,5560.0,,0.885268797585795,0.0494501744942094,9.25327277704157,0.7915280881843302,21.58720205479452,0,6.25,5694.920012842465,6432.984002568493
NYIS,55,18000,2021-01-20 05:00:00,dp,5059.0,,0.8091211261341168,0.052049982887378325,9.334305232814733,1.141189527059181,21.629755707762556,0,10.0,5275.297557077625,6519.787194634703
NYIS,56,18168,2021-01-27 05:00:00,dp,1515.75,,0.09966826187299854,0.05076885675909957,9.712897876022854,2.133289222031214,21.737883561643837,0,2.5,1570.0947089041097,15753.206481164383
NYIS,57,18336,2021-02-03 05:00:00,dp,3629.75,,0.26865043550548623,0.026005121374164858,15.63520492110075,14.071684428990674,22.5610502283105,0,2.5,3686.1526255707763,13721.0
NYIS,58,18504,2021-02-10 05:00:00,dp,0.0,,0.0,0.026880552117728423,17.3336178196404,15.60025603767636,23.372569634703197,0,0.0,0.0,20477.75
NYIS,59,18672,2021-02-17 05:00:00,dp,939.7499999999999,,0.13147665526666438,0.02221300498607092,21.874247357118335,19.686822621406503,24.47416894977169,0,40.0,1918.7167579908676,14593.592711187215
NYIS,60,18840,2021-02-24 05:00:00,dp,2233.5,,0.47832357985775004,0.02012120045887494,25.654425741243312,15.332051114351453,25.56799315068493,0,20.0,2744.8598630136985,5738.5
NYIS,61,19008,2021-03-03 05:00:00,dp,1190.25,,0.17725998113449865,0.02240917212669583,24.520444037060884,-9.458557680586868,25.75846461187215,0,12.5,1512.2308076484019,8531.146161529681
NYIS,62,19176,2021-03-10 05:00:00,dp,4841.5,,0.6968049338789065,0.022759925427397146,24.65718578029347,6.355965755206002,26.194899543378995,0,20.0,5365.39799086758,7700.0
NYIS,63,19344,2021-03-17 05:00:00,dp,3043.0,,0.4819663542046996,0.02353054975349245,24.298343459620618,-2.4175614687013884,26.399407534246574,0,20.0,3570.9881506849315,7409.206305650685
NYIS,64,19512,2021-03-24 05:00:00,dp,4356.0,,0.6914231250545503,0.01963210899513768,25.498144916505606,-4.541600115164411,26.588303652968037,0,20.0,4887.766073059361,7069.138847031963
NYIS,65,19680,2021-03-31 05:00:00,dp,4127.0,,0.586182353055552,0.020348011315488954,24.789982424701027,-7.302492067251532,26.734091324200914,0,1.25,4160.417614155251,7097.480148401826
NYIS,66,19848,2021-04-07 05:00:00,dp,3202.75,,0.6365096700780097,0.016462570312658666,27.415082992802198,5.257747990115636,26.916200913242008,0,20.0,3741.07401826484,5877.481826484018
NYIS,67,20016,2021-04-14 05:00:00,dp,3680.0,,0.5982604249625797,0.017603295888100737,26.134897285439813,4.270806958322609,27.044180365296803,0,20.0,4220.883607305936,7055.2612728310505
NYIS,68,20184,2021-04-21 05:00:00,dp,3276.5,,0.5403598310388957,0.018497623833024054,25.312911337318354,5.582243145606487,27.248197488584477,0,20.0,3821.4639497716894,7072.0725898972605
NYIS,69,20352,2021-04-28 05:00:00,dp,6378.25,,0.8863061165393542,0.01992354385188712,24.23093717610651,4.443632480971772,27.409197488584475,0,20.0,6926.433949771689,7814.9454466324205
NYIS,70,20520,2021-05-05 05:00:00,dp,3386.75,,0.7573637446087096,0.014624720088323858,26.82075287699914,4.298124108613464,27.610200913242007,0,20.0,3938.95401826484,5200.874805936073
NYIS,71,20688,2021-05-12 05:00:00,dp,3684.25,,0.7852286619963988,0.011468433839991753,27.990157106809853,2.821177686604806,27.801334474885845,0,20.0,4240.276689497717,5400.053378995433
NYIS,72,20856,2021-05-19 05:00:00,dp,7047.0,,0.9018106164708608,0.01,26.179431535612874,0.9258990222433845,27.99898287671233,0,20.0,7606.979657534246,8435.229657534246
NYIS,73,21024,2021-05-26 05:00:00,dp,5243.25,,0.9148875823466933,0.01,21.130678775405453,2.270326880011733,28.298455479452056,0,20.0,5809.219109589041,6349.653467465753
NYIS,74,21192,2021-06-02 05:00:00,dp,9866.75,,0.8624832348658977,0.01,21.240950930804875,0.10935662632888145,28.479640410958904,0,20.0,10436.342808219179,12100.342808219179
NYIS,75,21360,2021-06-09 05:00:00,dp,6006.25,,0.8429439981001843,0.01,20.062891991944603,5.165712354830987,28.75117922374429,0,20.0,6581.273584474886,7807.486142979452
NYIS,76,21528,2021-06-16 05:00:00,dp,8126.5,,0.8517183804063684,0.01,20.04082317210373,2.5517570245887953,28.998102739726033,0,20.0,8706.462054794521,10222.23102739726
NYIS,77,21696,2021-06-23 05:00:00,dp,12323.25,,0.839718545487408,0.01,20.14691981628794,1.9933387982183564,29.24701484018265,0,20.0,12908.190296803654,15372.043842751142
NYIS,78,21864,2021-06-30 05:00:00,dp,11660.0,,0.8103839860212204,0.01,23.46428430120689,3.9994783797019506,29.548995433789955,0,20.0,12250.9799086758,15117.5
NYIS,79,22032,2021-07-07 05:00:00,dp,12818.25,,0.8329657693142689,0.01,20.91256089415164,7.953016687236184,29.93634132420091,0,20.0,13416.976826484019,16107.476826484019
NYIS,80,22200,2021-07-14 05:00:00,dp,13797.25,,0.8169349304793424,0.01,22.584234549930127,7.389721549789849,30.28237785388128,0,6.25,13986.514861586758,17120.72080622146
NYIS,81,22368,2021-07-21 05:00:00,dp,12239.5,,0.7425830964357352,0.01,24.568000809965444,7.1125814615625265,30.68046347031964,0,6.25,12431.252896689497,16740.554634703196
NYIS,82,22536,2021-07-28 05:00:00,dp,6709.5,,0.8539747841183166,0.01,26.604572208668326,3.6239923053903507,30.983591324200916,0,20.0,7329.171826484018,8582.421826484018
NYIS,83,22704,2021-08-04 05:00:00,dp,13389.5,,0.8430534299395667,0.011362020409883518,23.902232334302376,1.6076924777706734,31.17623173515982,0,6.25,13584.351448344749,16113.274634703197
NYIS,84,22872,2021-08-11 05:00:00,dp,14061.0,,0.7978240222028662,0.013974342799282948,22.72312709023803,7.062429517666695,31.5818595890411,0,20.0,14692.637191780821,18415.88719178082
NYIS,85,23040,2021-08-18 05:00:00,dp,14303.0,,0.8328543827444944,0.017700743807092495,21.810893072708136,7.064548128724144,32.028674657534246,0,6.25,14503.17921660959,17413.823493150685
NYIS,86,23208,2021-08-25 05:00:00,dp,17414.25,,0.8003828057093233,0.02261635881357276,20.073196931486642,4.547276909282252,32.53578310502284,0,6.25,17617.598644406393,22011.465662100458
NYIS,87,23376,2021-09-01 05:00:00,dp,5659.75,,0.8903179870127853,0.031168023791578015,17.999569645046442,4.2046976137015735,33.07851369863013,0,20.0,6321.320273972603,7100.070273972603
NYIS,88,23544,2021-09-08 05:00:00,dp,8509.0,,0.6511198017026325,0.05563143995131605,13.321086778639751,7.385403856101729,33.40089726027397,0,0.0,8509.0,13068.255607876712
NYIS,89,23712,2021-09-15 05:00:00,dp,12121.0,,0.8478747154545637,0.05052944260616071,14.170007353961042,10.635965064797814,33.900284246575346,0,13.75,12587.12890839041,14845.505684931508
NYIS,90,23880,2021-09-22 05:00:00,dp,8656.0,,0.931041987540245,0.039365789133021405,16.192404225178656,13.716191822029243,34.72572831050228,0,20.0,9350.514566210046,10043.064320776255
NYIS,91,24048,2021-09-29 05:00:00,dp,7928.5,,0.8011140842017145,0.027795795829588656,19.022011703281894,5.157035642248934,35.3237191780822,0,17.5,8546.665085616438,10668.474383561645
NYIS,92,24216,2021-10-06 05:00:00,dp,11168.75,,0.9321302124479686,0.031634271863464916,16.797459718614668,10.982870985298659,35.93803196347032,0,10.0,11528.130319634703,12367.510639269407
NYIS,93,24384,2021-10-13 05:00:00,dp,10799.25,,0.9607465788270145,0.019970808014379986,20.244659076805917,14.681981144038714,36.73733447488584,0,6.25,11028.858340468036,11479.466680936073
NYIS,94,24552,2021-10-20 05:00:00,dp,11801.5,,0.9537557301264301,0.014272880688378665,22.67054516680691,8.766223534812017,37.42141894977169,0,6.25,12035.383868436073,12618.937415810502
NYIS,95,24720,2021-10-27 05:00:00,dp,10906.25,,0.8832083017915721,0.011627424294649765,23.843515197717817,3.9938779733579266,38.04658333333333,0,20.0,11667.181666666667,13210.0
NYIS,96,24888,2021-11-03 05:00:00,dp,10904.5,,0.6332399703234544,0.01,29.204235626871814,7.725101841781968,38.58242237442923,0,10.0,11290.324223744292,17829.456055936073
NYIS,97,25056,2021-11-10 05:00:00,dp,10890.75,,0.8951838225901229,0.011102154410218978,27.93761948228378,13.888700628071495,39.43566666666668,0,20.0,11679.463333333333,13047.0
NYIS,98,25224,2021-11-17 05:00:00,dp,10592.5,,0.9491064832498594,0.014478585717079513,23.651946821712574,4.440386113147887,40.061460045662095,0,6.25,10842.884125285387,11424.30730022831
NYIS,99,25392,2021-11-24 05:00:00,dp,8957.75,,0.842631700165274,0.01719602118564506,21.478308902189003,1.1818000200346814,40.54774200913242,0,6.25,9211.173387557077,10931.434677511415
NYIS,100,25560,2021-12-01 05:00:00,dp,9277.75,,0.9485457007644339,0.01,53.77107354681417,3.1610891367234655,41.31473059360731,0,6.25,9535.967066210045,10053.25
NYIS,101,25728,2021-12-08 05:00:00,dp,6839.5,,0.8813236903990955,0.017077357330118347,21.553934016612104,8.167456416829983,41.778610730593606,0,20.0,7675.072214611872,8708.573590182648
NYIS,102,25896,2021-12-15 05:00:00,dp,10908.0,,0.8010599756004505,0.01458809371510201,24.17302422257261,2.8778240455251405,42.11530821917808,0,2.5,11013.288270547946,13748.394135273973
NYIS,103,26064,2021-12-22 05:00:00,dp,7053.0,,0.7003519310645232,0.013933861893154369,25.977579136458825,8.025153166368757,42.152054794520545,0,20.0,7896.041095890411,11274.390410958904
NYIS,104,26232,2021-12-29 05:00:00,dp,7604.5,,0.8034138044263133,0.014276506125326867,26.72799629399674,4.52351716117506,42.47902397260274,0,20.0,8454.080479452055,10522.697559931506
NYIS,105,26400,2022-01-05 05:00:00,dp,2317.75,,0.06594590593013054,0.012966479027492178,29.036865260378228,-1.4671391541567878,42.77303310502283,0,2.5,2424.682582762557,36767.75
NYIS,106,26568,2022-01-12 05:00:00,dp,19787.5,,0.44066755945669706,0.01824843784089809,31.889753171738462,28.700777854564617,44.66878082191781,0,1.25,19843.335976027396,45030.17195205479
NYIS,107,26736,2022-01-19 05:00:00,dp,10116.75,,0.2548050609948353,0.03000547857741342,32.109939004160935,28.89894510374484,46.76878538812785,0,2.5,10233.67196347032,40162.75
NYIS,108,26904,2022-01-26 05:00:00,dp,5384.0,,0.15538011011610597,0.03283907614249056,35.198381324263636,31.67854319183727,49.20828310502282,0,2.5,5507.020707762557,35442.25
NYIS,109,27072,2022-02-02 05:00:00,dp,10690.999999999998,,0.4438037297386642,0.024811507437437822,47.21571809321042,40.38087376575477,51.49709931506849,0,25.0,11978.42748287671,26990.371374143837
NYIS,110,27240,2022-02-09 05:00:00,dp,9864.75,,0.35127349183754625,0.02352292322454837,50.39276872851256,15.266120876249742,52.6888595890411,0,11.25,10457.499670376712,29770.25
NYIS,111,27408,2022-02-16 05:00:00,dp,3483.5,,0.273848199683387,0.02355173806321159,52.49037358219637,-4.022049073995708,52.91902853881279,0,6.25,3814.24392836758,13928.314784531964
NYIS,112,27576,2022-02-23 05:00:00,dp,13428.25,,0.4621166858957207,0.019463947912300876,58.81149843063475,-16.879166868860978,52.61218378995434,0,0.0,13428.25,29058.137067636988
NYIS,113,27744,2022-03-02 05:00:00,dp,9119.0,,0.6668731202292145,0.02056997200327117,59.87968277465475,-2.5088315275146993,53.65177853881278,0,2.5,9253.129446347031,13875.39723173516
NYIS,114,27912,2022-03-09 05:00:00,dp,4654.0,,0.3606194289919559,0.022719381423402973,57.31231530301314,14.116225487942755,53.9042591324201,0,0.0,4654.0,12905.57198487443
NYIS,115,28080,2022-03-16 05:00:00,dp,5457.25,,0.55652608423913,0.024245435554584492,55.78667830506109,14.60783541039396,54.545160958904106,0,20.0,6548.1532191780825,11766.120950342465
NYIS,116,28248,2022-03-23 05:00:00,dp,7797.0,,0.43749298619683535,0.02514839469386514,54.54384856409966,3.620087680399673,54.897344748858444,0,0.0,7797.0,17822.0
NYIS,117,28416,2022-03-30 05:00:00,dp,4614.0,,0.4075728953957091,0.028769763590303574,51.38047328656066,13.268349366940535,55.79899885844748,0,10.0,5171.989988584475,12689.72997716895
NYIS,118,28584,2022-04-06 05:00:00,dp,6547.0,,0.553584094094337,0.03115919778607462,49.63318383625944,11.610750461599395,56.42028767123287,0,10.0,7111.202876712328,12845.75
NYIS,119,28752,2022-04-13 05:00:00,dp,9067.5,,0.69222680820095,0.026023497522967818,52.13518256347952,14.740672219745658,57.25924771689498,0,2.5,9210.648119292238,13305.824059646118
NYIS,120,28920,2022-04-20 05:00:00,dp,4654.75,,0.5541096285435383,0.016316401209725797,60.129981472322044,11.452570212909404,58.065852739726026,0,10.0,5235.4085273972605,9448.326211472602
NYIS,121,29088,2022-04-27 05:00:00,dp,7408.5,,0.5803236992087857,0.011386497611128447,66.47983195724647,6.604711879398404,58.8545205479452,0,10.0,7997.045205479452,13780.318150684932
NYIS,122,29256,2022-05-04 05:00:00,dp,10629.0,,0.8143371022131396,0.01,58.85891602787391,10.368120336588436,59.65999771689498,0,20.0,11822.199954337899,14517.57499714612
NYIS,123,29424,2022-05-11 05:00:00,dp,14585.75,,0.8998369298459182,0.01,55.82052438295362,17.185016283926018,60.6060399543379,0,20.0,15797.870799086759,17556.37079908676
NYIS,124,29592,2022-05-18 05:00:00,dp,25826.25,,0.8400221273440747,0.01,52.564799662056366,11.668294411677367,61.583844748858446,0,6.25,26211.149029680364,31202.92689497717
NYIS,125,29760,2022-05-25 05:00:00,dp,18438.25,,0.8563497887468,0.012254901183130266,48.19428911722724,13.72690281203568,62.722760273972604,0,2.5,18595.056900684933,21714.32415239726
NYIS,126,29928,2022-06-01 05:00:00,dp,8253.25,,0.7356576393536425,0.01603696267887652,36.67716552624365,4.723953301206109,63.78703196347032,0,16.25,9289.789269406392,12627.870319634703
NYIS,127,30096,2022-06-08 05:00:00,dp,14387.75,,0.8618425942694223,0.011151880107007508,42.71097917478867,17.885088925628683,64.59716894977169,0,20.0,15679.693378995435,18193.221689497717
NYIS,128,30264,2022-06-15 05:00:00,dp,17039.0,,0.8171635185630076,0.01,45.0542487515471,17.836272915928728,65.53439269406392,0,20.0,18349.687853881278,22455.34392694064
NYIS,129,30432,2022-06-22 05:00:00,dp,17235.75,,0.8703995690254704,0.01,46.264076393802014,11.56387985021871,66.44642808219177,0,20.0,18564.678561643836,21328.91515839041
NYIS,130,30600,2022-06-29 05:00:00,dp,24934.0,,0.8360174939574285,0.01,48.99925665642684,1.6821657860328647,67.10909703196347,0,20.0,26276.181940639268,31430.181940639268
NYIS,131,30768,2022-07-06 05:00:00,dp,22363.75,,0.8250510137477591,0.015093372898914114,35.52254812063104,8.681389051804732,67.69756849315071,0,20.0,23717.701369863014,28746.951369863014
NYIS,132,30936,2022-07-13 05:00:00,dp,26055.25,,0.7939260317860002,0.018109315093924886,34.33964566443032,6.1343079624333425,68.19464155251141,0,20.0,27419.142831050227,34536.14283105023
NYIS,133,31104,2022-07-20 05:00:00,dp,46543.5,,0.8261082321994744,0.0228177763760482,32.96234632037428,11.048388179678982,68.95847831050227,0,10.0,47233.08478310502,57175.41956621005
NYIS,134,31272,2022-07-27 05:00:00,dp,33555.0,,0.8985300031819113,0.029912063730018437,32.953834007245796,29.658450606521214,70.695399543379,0,20.0,34968.90799086758,38917.90799086758
NYIS,135,31440,2022-08-03 05:00:00,dp,47451.5,,0.8686764181087107,0.03814527273128766,29.859575949467597,13.299788142540184,71.91356849315068,0,2.5,47631.283921232876,54832.02136986301
NYIS,136,31608,2022-08-10 05:00:00,dp,20210.25,,0.9050118634433523,0.04616485416544235,29.63629666112143,26.672666995009287,73.3745605022831,0,20.0,21677.74121004566,23952.99121004566
NYIS,137,31776,2022-08-17 05:00:00,dp,26967.25,,0.907573415117327,0.04878389810629904,29.221039186241512,7.197713893582347,74.10003082191781,0,20.0,28449.250616438356,31346.500616438356
NYIS,138,31944,2022-08-24 05:00:00,dp,40645.0,,0.9177140140771147,0.046669743656014444,29.40695211612769,7.5052098528760665,75.05978082191781,0,20.0,42146.19561643836,45925.19561643836
NYIS,139,32112,2022-08-31 05:00:00,dp,21064.25,,0.8498620702329152,0.032915426555554274,37.251995214678445,10.812408449380714,76.2071598173516,0,20.0,22588.39319634703,26578.89319634703
NYIS,140,32280,2022-09-07 05:00:00,dp,21007.5,,0.8443275274588933,0.03484805117014951,37.132169173645046,16.117861181952406,77.24224885844748,0,20.0,22552.34497716895,26710.422488584474
NYIS,141,32448,2022-09-14 05:00:00,dp,22426.25,,0.8920799676812838,0.030610825636118867,40.19090120449742,12.865760811513486,78.10155251141553,0,20.0,23988.28105022831,26890.28105022831
NYIS,142,32616,2022-09-21 05:00:00,dp,11497.0,,0.8652604709246001,0.027508621595904753,42.24419101482972,8.91593144413943,78.66886187214611,0,20.0,13070.377237442923,15105.714032534246
NYIS,143,32784,2022-09-28 05:00:00,dp,9170.75,,0.8099939341268925,0.027381570140740184,41.63328989419473,-7.4484799207448695,78.90213926940639,0,20.0,10748.792785388128,13270.21392694064
NYIS,144,32952,2022-10-05 05:00:00,dp,12167.75,,0.8672340002051567,0.013559314046246447,58.931052708695674,-8.440303228082263,79.01184360730593,0,20.0,13747.986872146119,15852.684360730593
NYIS,145,33120,2022-10-12 05:00:00,dp,12444.25,,0.8311247474769201,0.01327847541981612,57.63714267022015,-0.271048213319394,79.1293287671233,0,20.0,14026.836575342466,16876.93287671233
NYIS,146,33288,2022-10-19 05:00:00,dp,9099.0,,0.662259252113039,0.01268185037341894,56.06537123397557,-2.5732183436036093,79.23431164383562,0,20.0,10683.686232876713,16132.181164383563
NYIS,147,33456,2022-10-26 05:00:00,dp,10887.5,,0.6948397080176075,0.012429161914491463,50.02733373662818,-8.088442397260646,79.25383561643835,0,16.25,12175.374828767122,17522.566267123286
NYIS,148,33624,2022-11-02 05:00:00,dp,9708.0,,0.6813337030131633,0.01,55.791795192877025,-5.806592369012901,79.15688470319635,0,16.25,10994.299376426941,16136.438470319636
NYIS,149,33792,2022-11-09 05:00:00,dp,15167.75,,0.786830292981821,0.01,49.6958158476622,-1.856856736171685,78.65948744292237,0,16.25,16445.966670947488,20901.5423244863
NYIS,150,33960,2022-11-16 05:00:00,dp,18191.75,,0.6884982922150124,0.01,48.80634999220327,4.646049443819191,78.52803652968036,0,20.0,19762.310730593606,28703.5
NYIS,151,34128,2022-11-23 05:00:00,dp,8401.5,,0.7263837251671049,0.01,50.495053914063654,24.677667152009715,79.16629452054795,0,20.0,9984.825890410959,13745.938330479452
NYIS,152,34296,2022-11-30 05:00:00,dp,13936.0,,0.7400782307831274,0.01,45.54921378417111,11.823149103999045,79.28004908675798,0,16.25,15224.300797659816,20571.204724600455
NYIS,153,34464,2022-12-07 05:00:00,dp,13842.0,,0.8167088027018777,0.01,47.13137884814214,-0.9976958573758119,79.42166210045662,0,20.0,15430.433242009132,18893.43324200913
NYIS,154,34632,2022-12-14 05:00:00,dp,24596.25,,0.6418521638824405,0.01,46.10640591111225,-0.9306309671819551,79.81494748858447,0,10.0,25394.399474885846,39564.25
NYIS,155,34800,2022-12-21 05:00:00,dp,15929.75,,0.2898716316792312,0.012817107117819568,45.094554570728725,25.28385223236167,81.28012214611873,0,5.0,16336.150610730594,56356.5
NYIS,156,34968,2022-12-28 05:00:00,dp,2024.250000000001,,0.32170663971420216,0.017018177291462606,50.43092485642326,45.387832370780934,83.85969292237444,0,35.0,4959.339252283106,15415.719292237443
NYIS,157,35136,2023-01-04 05:00:00,dp,9652.25,,0.6705898720556716,0.016988078086036276,49.15593843780397,-32.28895167879334,84.4050993150685,0,20.0,11340.35198630137,16911.00993150685
NYIS,158,35304,2023-01-11 05:00:00,dp,7324.25,,0.5825554306054376,0.014672480057550286,53.40914582990298,-48.06823124691269,83.13153310502284,0,20.0,8986.880662100457,15426.653310502285
NYIS,159,35472,2023-01-18 05:00:00,dp,6588.499999999999,,0.6567357936333817,0.01484047140308219,53.72118847072492,-34.46001591367748,81.28668721461186,0,20.0,8214.233744292236,12507.668721461185
NYIS,160,35640,2023-01-25 05:00:00,dp,9168.25,,0.7797759517970605,0.014776409828987522,54.23407616597148,-28.426335584188152,78.98231621004567,0,16.25,10451.712638413243,13403.481621004566
NYIS,161,35808,2023-02-01 05:00:00,dp,19918.5,,0.4668435232667157,0.011214180355373332,61.008228262975464,-15.820540549786639,76.31541095890411,0,10.0,20681.654109589042,44301.04109589041
NYIS,162,35976,2023-02-08 05:00:00,dp,5759.75,,0.5095626700077703,0.013415548828475177,62.662731810898045,21.669058672263976,75.78662557077627,0,16.25,6991.282665525114,13720.162557077627
NYIS,163,36144,2023-02-15 05:00:00,dp,5908.25,,0.5585221699767052,0.012328347964130017,64.62161638015642,-16.85440337208045,74.72795205479451,0,16.25,7122.579220890411,12752.545205479451
NYIS,164,36312,2023-02-22 05:00:00,dp,8894.25,,0.5495665361376411,0.012930903974539876,61.04865704543099,-11.98655423492399,73.71374999999999,0,20.0,10368.525,18866.7328125
NYIS,165,36480,2023-03-01 05:00:00,dp,5752.0,,0.5780504987961178,0.011652669862078047,65.22496664008621,2.1344190161626857,73.03315867579909,0,20.0,7212.663173515982,12477.56586757991
NYIS,166,36648,2023-03-08 05:00:00,dp,6718.0,,0.5388407963823059,0.013123011050976395,60.40225401579641,-13.77914033865112,72.57706164383562,0,16.25,7897.377251712329,14656.234837328768
NYIS,167,36816,2023-03-15 05:00:00,dp,5448.25,,0.3981786509681622,0.013244013073605813,59.74468907958249,-9.991133588095922,72.12613242009131,0,16.25,6620.299651826484,16626.45557648402
NYIS,168,36984,2023-03-22 05:00:00,dp,6472.5,,0.5357132198976607,0.01215199987257125,58.63509237309176,-10.885910946803573,71.90540867579908,0,16.25,7640.962890981735,14263.159106735158
NYIS,169,37152,2023-03-29 05:00:00,dp,5567.0,,0.3836191872522522,0.015657850520937468,42.02338969546644,-10.811735207059142,71.29815525114157,0,5.0,5923.490776255708,15441.070136986302
NYIS,170,37320,2023-04-05 05:00:00,dp,6527.0,,0.4767737978781712,0.01,53.8709091248918,-13.87337444246637,70.60707534246576,0,16.25,7674.364974315069,16096.448690068493
NYIS,171,37488,2023-04-12 05:00:00,dp,10668.0,,0.7371331081273348,0.01,53.597983582373715,-12.858988569072508,69.96696803652968,0,16.25,11804.963230593607,16014.696803652969
NYIS,172,37656,2023-04-19 05:00:00,dp,5206.75,,0.4564629671927296,0.01,52.67220652998932,-8.370330760721066,69.34232762557077,0,16.25,6333.562823915525,13875.304853025114
NYIS,173,37824,2023-04-26 05:00:00,dp,2876.25,,0.3396114480640833,0.01,53.19422270391629,-5.380749377590484,68.60312671232877,0,15.0,3905.2969006849316,11499.308762842466
NYIS,174,37992,2023-05-03 05:00:00,dp,4256.5,,0.5210285209040004,0.01,71.85792130788228,-9.99891849842557,67.85792579908676,0,16.25,5359.19129423516,10285.792579908677
NYIS,175,38160,2023-05-10 05:00:00,dp,9771.5,,0.6565025052914013,0.01,49.16554283445555,-19.91292115717784,66.93865753424656,0,15.0,10775.579863013698,16413.615753424656
NYIS,176,38328,2023-05-17 05:00:00,dp,5848.25,,0.48722112584315835,0.01,44.30363882922031,-15.299205038708864,65.96475570776256,0,5.0,6178.073778538813,12680.225570776256
NYIS,177,38496,2023-05-24 05:00:00,dp,5818.25,,0.6056225943846112,0.01,42.06723875106961,-9.42531256936751,64.72152625570776,0,12.5,6627.2690781963465,10942.902625570776
NYIS,178,38664,2023-05-31 05:00:00,dp,7916.0,,0.5938002677611354,0.01,47.8795071045331,-4.747996525908922,63.684131278538814,0,15.0,8871.261969178082,14939.807963755708
NYIS,179,38832,2023-06-07 05:00:00,dp,6231.75,,0.7032988384341207,0.01,37.26244424897159,-21.097514906132197,62.70606392694064,0,16.25,7250.723538812786,10309.591232876712
NYIS,180,39000,2023-06-14 05:00:00,dp,6657.75,,0.7270771940555019,0.01,36.94570653464104,-20.0458980488494,61.61457191780822,0,16.25,7658.986793664383,10533.93897688356
NYIS,181,39168,2023-06-21 05:00:00,dp,8108.25,,0.6883289245754997,0.01,36.97507686703765,-13.190805162391515,60.52588242009132,0,5.0,8410.879412100456,12219.273535958904
NYIS,182,39336,2023-06-28 05:00:00,dp,8337.0,,0.6493467544541035,0.01,38.55634719430754,-4.893934508320402,59.78300799086758,0,16.25,9308.473879851597,14335.13575913242
NYIS,183,39504,2023-07-05 05:00:00,dp,16642.75,,0.7952254580675324,0.01,29.71752805852711,-15.464202994917368,59.11805136986302,0,16.25,17603.418334760274,22136.38680222603
NYIS,184,39672,2023-07-12 05:00:00,dp,16700.75,,0.77017867913039,0.01,31.369032129429236,-19.144086517808514,58.638391552511415,0,16.25,17653.62386272831,22921.46529252283
NYIS,185,39840,2023-07-19 05:00:00,dp,11608.5,,0.8027118917847195,0.01,33.91687715985839,-17.412274894813585,57.767690639269404,0,16.25,12547.224972888127,15631.044091038813
NYIS,186,40008,2023-07-26 05:00:00,dp,29238.25,,0.7555788182836685,0.0106615902493189,31.630369429845388,-10.581512886607767,55.886832191780826,0,16.25,30146.411023116438,39898.433219178085
NYIS,187,40176,2023-08-02 05:00:00,dp,6243.0,,0.6205105633471942,0.024792863815084675,23.70666684434503,-0.7799099572469214,54.93344748858448,0,15.0,7067.001712328767,11389.011130136987
NYIS,188,40344,2023-08-09 05:00:00,dp,8786.25,,0.7728097670559684,0.028693615152204643,22.09417389191393,-19.884756502722535,53.278133561643834,0,20.0,9851.812671232878,12748.04368578767
NYIS,189,40512,2023-08-16 05:00:00,dp,9670.0,,0.7453496806389561,0.02403667718934167,24.39495276188885,-21.955457485699963,52.04187671232877,0,16.25,10515.680496575342,14108.385325342466
NYIS,190,40680,2023-08-23 05:00:00,dp,5855.5,,0.7661166962116991,0.02240444459306805,25.92015698031752,-17.97336763607567,50.794803652968035,0,16.25,6680.91555936073,8720.493356164385
NYIS,191,40848,2023-08-30 05:00:00,dp,10889.75,,0.7886834220220438,0.020244323122656754,27.599310481117822,-11.710885859216273,49.192238584474886,0,8.75,11320.182087614156,14353.26491152968
NYIS,192,41016,2023-09-06 05:00:00,dp,16402.0,,0.7881766658607177,0.012183409045973924,37.15595209867928,-16.44362898288404,47.91971118721462,0,16.25,17180.695306792237,21798.025811929223
NYIS,193,41184,2023-09-13 05:00:00,dp,5481.75,,0.7179130125198678,0.01195572649382713,39.237750088602134,-7.98368783644762,47.064453196347024,0,15.0,6187.716797945205,8619.034186643836
NYIS,194,41352,2023-09-20 05:00:00,dp,6573.25,,0.7004323919396024,0.010065590330394515,43.023224032119046,-12.118458623571014,45.80560273972602,0,0.0,6573.25,9384.560273972602
NYIS,195,41520,2023-09-27 05:00:00,dp,7304.75,,0.7942106381100816,0.01,42.65255939482518,-8.72187371748853,44.94281050228311,0,15.0,7978.8921575342465,10046.31740582192
NYIS,196,41688,2023-10-04 05:00:00,dp,9532.25,,0.7760896290972139,0.01,47.540092590191016,-6.995187442355132,44.42859703196346,0,15.0,10198.678955479452,13141.109703196347
NYIS,197,41856,2023-10-11 05:00:00,dp,9822.75,,0.7301447085420288,0.01,45.690931371393724,-6.788510713473232,43.73574771689498,0,0.0,9822.75,13453.155087043378
NYIS,198,42024,2023-10-18 05:00:00,dp,10880.75,,0.75329154329377,0.01,43.40991927851578,-3.679982552018849,43.05109018264841,0,15.0,11526.516352739725,15301.534253710046
NYIS,199,42192,2023-10-25 05:00:00,dp,9750.0,,0.6962453038129724,0.01,42.44750163394673,0.6523417525472558,42.57498515981735,0,50.0,11878.749257990869,17061.155303938358
NYIS,200,42360,2023-11-01 05:00:00,dp,7384.0,,0.5910022476397504,0.01,46.54541711408531,3.9730933826029484,42.206762557077624,0,20.0,8228.135251141553,13922.341723744292
NYIS,201,42528,2023-11-08 05:00:00,dp,7511.75,,0.7402193743881558,0.01,41.869628073019584,-20.703967637722297,42.07633447488585,0,20.0,8353.276689497718,11284.866322773973
NYIS,202,42696,2023-11-15 05:00:00,dp,7684.25,,0.7186435374107751,0.01,40.309825376329655,-19.34383402523368,41.90144292237442,0,20.0,8522.27885844749,11858.8401826484
NYIS,203,42864,2023-11-22 05:00:00,dp,9530.5,,0.8699703971102194,0.01,40.265278446944514,-13.694385795346651,41.02424429223744,0,5.0,9735.621221461188,11190.75
NYIS,204,43032,2023-11-29 05:00:00,dp,6676.249999999999,,0.6533065667134352,0.01,39.711488944932015,-7.468144083584817,40.424971461187205,0,20.0,7484.749429223743,11456.718500285388
NYIS,205,43200,2023-12-06 05:00:00,dp,9326.25,,0.7913050673881785,0.01,38.52710241289712,-22.39432080215642,39.99847831050228,0,20.0,10126.219566210046,12796.859243721461
NYIS,206,43368,2023-12-13 05:00:00,dp,6998.75,,0.853045042860745,0.01,42.25861939540944,-26.43895143215233,39.60919520547945,0,20.0,7790.933904109589,9133.086194349315
NYIS,207,43536,2023-12-20 05:00:00,dp,5211.25,,0.7259760508340586,0.01,44.235504809731296,-22.940032755170762,37.985133561643835,0,16.25,5828.508420376713,8028.513356164383
NYIS,208,43704,2023-12-27 05:00:00,dp,6237.25,,0.9047244712641394,0.01,39.22288924542327,-7.388282116498219,35.229650684931514,0,20.0,6941.84301369863,7672.8807876712335
NYIS,209,43872,2024-01-03 05:00:00,dp,8907.0,,0.7423739624088462,0.01612268668121981,24.055885597577003,-5.045936203546435,33.917350456621,0,20.0,9585.34700913242,12911.75
NYIS,210,44040,2024-01-10 05:00:00,dp,10935.75,,0.33972312568875157,0.01722074987667635,24.118767385077216,0.1787265263358017,33.97827168949772,0,3.75,11063.168518835617,32565.25
NYIS,211,44208,2024-01-17 05:00:00,dp,11289.75,,0.28720862656722596,0.01889653227854619,29.730431282970912,21.327623065369483,34.678501141552516,0,5.0,11463.142505707763,39912.25
NYIS,212,44376,2024-01-24 05:00:00,dp,4874.0,,0.6982152430328237,0.023250083654898897,32.771832447674136,29.494649202906718,36.41416552511415,0,35.0,6148.495793378996,8806.017706906392
NYIS,213,44544,2024-01-31 05:00:00,dp,3700.75,,0.7080276242629912,0.022305410635649024,32.95829401967098,-17.38666958307425,36.42632420091324,0,20.0,4429.2764840182645,6255.796147260274
NYIS,214,44712,2024-02-07 05:00:00,dp,3339.75,,0.6776096363965112,0.019104644360591373,34.76319842303002,-4.474956139780843,35.151924657534245,0,20.0,4042.788493150685,5966.25
NYIS,215,44880,2024-02-14 05:00:00,dp,5281.75,,0.6162462880188829,0.01873248631621146,34.80034155263092,-7.820055322644982,35.11656278538813,0,20.0,5984.0812557077625,9710.535174086759
NYIS,216,45048,2024-02-21 05:00:00,dp,2972.25,,0.4553963514137889,0.019345069080797653,34.364252350056304,-6.828245421340832,35.20264155251141,0,20.0,3676.302831050228,8072.754249429223
NYIS,217,45216,2024-02-28 05:00:00,dp,4995.0,,0.6406032763817183,0.021586674663195474,32.96217802242355,-7.596323375071649,34.920550228310496,0,5.0,5169.602751141552,8069.897457191781
NYIS,218,45384,2024-03-06 05:00:00,dp,4327.25,,0.6121836035686808,0.01589545011164179,37.24916001015842,-2.41228530858645,34.72528310502283,0,16.25,4891.535850456621,7990.308498858448
NYIS,219,45552,2024-03-13 05:00:00,dp,3810.5,,0.49518568367596444,0.015029243927331645,37.203321875181,1.0536078360969727,34.497433789954336,0,16.25,4371.083299086758,8827.160079908675
NYIS,220,45720,2024-03-20 05:00:00,dp,2798.0,,0.3470149616257236,0.014184032610033035,38.25842390496875,0.5223356610281131,34.25835958904109,0,20.0,3483.1671917808217,10037.513009417808
NYIS,221,45888,2024-03-27 05:00:00,dp,2592.75,,0.5166969404858626,0.014347770822217495,38.25272141655661,4.1897934381678406,34.25694634703196,0,23.75,3406.352475742009,6592.553988299087
NYIS,222,46056,2024-04-03 05:00:00,dp,2729.0,,0.5269513585586477,0.015322701597194769,36.92744673192762,-0.15846369640205488,34.18284589041097,0,20.0,3412.656917808219,6476.227572773973
NYIS,223,46224,2024-04-10 05:00:00,dp,5097.25,,0.7434521092311476,0.01441318791477619,37.46518916835828,-1.499942205310386,34.165859589041105,0,20.0,5780.567191780822,7775.3053895547955
NYIS,224,46392,2024-04-17 05:00:00,dp,3263.25,,0.4387519616063779,0.018960052128796853,27.560819318086864,-2.095124656810636,34.08169178082192,0,20.0,3944.8838356164383,8991.148030821918
NYIS,225,46560,2024-04-24 05:00:00,dp,3875.25,,0.5281391297018161,0.01,25.425832679886035,-2.45473048762367,33.998666666666665,0,16.25,4427.7283333333335,8383.64
NYIS,226,46728,2024-05-01 05:00:00,dp,5071.75,,0.7680821874590126,0.01,53.47430818541309,-2.8720754107448716,33.93153424657534,0,20.0,5750.380684931507,7486.673664383561
NYIS,227,46896,2024-05-08 05:00:00,dp,4572.75,,0.7964063311934033,0.01,24.079664243953005,0.6097985211576857,33.88680707762557,0,16.25,5123.410615011416,6433.16158390411
NYIS,228,47064,2024-05-15 05:00:00,dp,5402.75,,0.8127425353419339,0.01,24.272759203317126,2.012569476610266,33.91875342465753,0,16.25,5953.929743150685,7325.72676369863
NYIS,229,47232,2024-05-22 05:00:00,dp,11351.25,,0.8906208244754614,0.01,23.700673730433554,2.2018773755770504,33.998343607305934,0,16.25,11903.723083618721,13365.64647545662
NYIS,230,47400,2024-05-29 05:00:00,dp,7054.25,,0.8935878981634304,0.01,24.105710645785198,4.136209813540547,34.20350684931506,0,16.25,7610.05698630137,8516.293698630136
NYIS,231,47568,2024-06-05 05:00:00,dp,6855.5,,0.8881102631325765,0.011745759945759932,19.261767232476824,-0.776919193864124,34.184203196347035,0,16.25,7410.993301940639,8344.677017694064
NYIS,232,47736,2024-06-12 05:00:00,dp,13975.5,,0.8328472395868703,0.010329981390699957,20.570856910062947,-1.7037722311063197,34.24215753424657,0,16.25,14531.935059931508,17448.5
NYIS,233,47904,2024-06-19 05:00:00,dp,25399.75,,0.8657167027295716,0.01,21.829169099016124,1.7161081318221343,34.41713698630137,0,16.25,25959.028476027397,29985.592739726028
NYIS,234,48072,2024-06-26 05:00:00,dp,9328.25,,0.9016693542251345,0.01,26.44295840640462,10.474720438757931,34.82317808219178,0,20.0,10024.713561643835,11117.948630136987
NYIS,235,48240,2024-07-03 05:00:00,dp,17898.75,,0.916161539766579,0.026061022484227196,14.909988082445649,-2.711185086393377,34.736575342465756,0,20.0,18593.481506849315,20294.981506849315
NYIS,236,48408,2024-07-10 05:00:00,dp,37011.25,,0.910118658966607,0.02602903596795549,16.037152083353718,-1.0350219799074818,34.66866666666667,0,20.0,37704.62333333334,41428.25
NYIS,237,48576,2024-07-17 05:00:00,dp,17464.0,,0.9241314552197573,0.03960623831160655,17.659032037212604,7.111521630863973,35.022924657534254,0,20.0,18164.458493150683,19655.708493150683
NYIS,238,48744,2024-07-24 05:00:00,dp,11928.0,,0.9110993301847882,0.04584671233052041,17.33398553137874,-3.344322978254631,35.16437785388128,0,20.0,12631.287557077625,13863.787557077625
NYIS,239,48912,2024-07-31 05:00:00,dp,22859.25,,0.8634952180243268,0.01,82.14309212873063,-4.763797945934949,34.79769178082192,0,20.0,23555.203835616438,27278.904785958905
NYIS,240,49080,2024-08-07 05:00:00,dp,6780.5,,0.8871931700140144,0.05399798014792869,17.466171417752992,8.784590515352381,35.17262100456621,0,20.0,7483.952420091324,8435.538812785388
NYIS,241,49248,2024-08-14 05:00:00,dp,8184.0,,0.8689080364334466,0.05504648219361472,17.406708474303056,-1.343769004183431,35.190624429223746,0,20.0,8887.812488584475,10228.71479594749
NYIS,242,49416,2024-08-21 05:00:00,dp,11165.5,,0.9585350048282726,0.05613078200312531,17.40901519713439,0.27403957374724125,35.246985159817356,0,20.0,11870.439703196347,12383.939703196347
NYIS,243,49584,2024-08-28 05:00:00,dp,9512.25,,0.9451213280574515,0.05443413035738909,17.731173918931464,-1.1301086434317218,35.37109703196347,0,20.0,10219.67194063927,10813.07937642694
NYIS,244,49752,2024-09-04 05:00:00,dp,7719.5,,0.9617499789237669,0.032987409647066965,23.39101779502195,0.45837755393639623,35.476068493150684,0,20.0,8429.021369863014,8764.254280821919
NYIS,245,49920,2024-09-11 05:00:00,dp,10258.0,,0.9522233685466797,0.041884634660509505,20.787958014746522,1.8434876896766703,35.14495776255708,0,20.0,10960.899155251142,11510.848732876711
NYIS,246,50088,2024-09-18 05:00:00,dp,7171.5,,0.9460495928121129,0.04274281292065012,20.23348640214399,3.970501095841134,35.28038242009133,0,20.0,7877.107648401827,8326.315774828767
NYIS,247,50256,2024-09-25 05:00:00,dp,7490.0,,0.9351342456478259,0.031657427967530335,21.59382027182869,2.8629666133790797,35.48030479452054,0,20.0,8199.60609589041,8768.373240582192
NYIS,248,50424,2024-10-02 05:00:00,dp,9449.75,,0.8826631587236479,0.012443220623491623,36.98549797325883,2.3970991062342333,35.64349771689498,0,20.0,10162.619954337899,11513.588002283104
NYIS,249,50592,2024-10-09 05:00:00,dp,9916.75,,0.7843167692108038,0.013739514956389589,32.8657022298097,-1.3264414609428128,35.74299429223744,0,20.0,10631.60988584475,13555.25
NYIS,250,50760,2024-10-16 05:00:00,dp,9921.25,,0.6638343950722004,0.012138049219464486,27.469913666161872,-1.1234781888321956,35.91433561643836,0,20.0,10639.536712328767,16027.395976027397
NYIS,251,50928,2024-10-23 05:00:00,dp,10122.75,,0.6574225581984611,0.010447920475632285,26.423090959060094,-1.1391521127522644,36.055066210045666,0,20.0,10843.851324200914,16494.49230022831
NYIS,252,51096,2024-10-30 05:00:00,dp,9760.75,,0.8240261818215935,0.011036552729664643,24.87181442160522,-2.488268877616946,36.097712328767116,0,16.25,10347.337825342465,12557.049828767122
NYIS,253,51264,2024-11-06 05:00:00,dp,11734.25,,0.9264200789493938,0.01,27.212316094937155,0.258461011413239,36.0520890410959,0,16.25,12320.096446917809,13298.606892123287
NYIS,254,51432,2024-11-13 05:00:00,dp,7895.0,,0.6611612825600617,0.01,26.462831053635977,1.4778099371576099,36.04197146118721,0,20.0,8615.839429223744,13031.3732163242
NYIS,255,51600,2024-11-20 05:00:00,dp,8259.5,,0.8531040255288554,0.01,27.282110082449513,3.181037911351534,36.02624086757991,0,20.0,8980.024817351597,10526.295209760274
NYIS,256,51768,2024-11-27 05:00:00,dp,16939.25,,0.7259475539781018,0.01,27.321243907447872,6.204378606342885,36.04046118721461,0,2.5,17029.351152968036,23458.101152968036
NYIS,257,51936,2024-12-04 05:00:00,dp,10676.0,,0.6998852072863286,0.010523886972989038,30.208335861823613,16.25412659074034,36.48584931506849,0,6.25,10904.036558219179,15579.75
NYIS,258,52104,2024-12-11 05:00:00,dp,10644.75,,0.775821355853048,0.013373908845693049,29.794971983263764,9.7539474513263,36.99570319634704,0,10.0,11014.70703196347,14197.478515981735
NYIS,259,52272,2024-12-18 05:00:00,dp,15119.0,,0.6165428645262684,0.01741972972716505,27.40997544940113,2.7683471876349466,37.56740182648401,0,11.25,15541.633270547945,25207.709252283104
NYIS,260,52440,2024-12-25 05:00:00,dp,5289.75,,0.425963619161361,0.023360465948906714,26.329928136602426,18.226838824805984,38.815519406392696,0,13.75,5823.4633918378995,13671.269399257992
NYIS,261,52608,2025-01-01 05:00:00,dp,13835.25,,0.5006510468011152,0.02959132475283466,23.416350374344418,-6.5598428759297684,39.46683789954338,0,7.5,14131.251284246575,28225.75
NYIS,262,52776,2025-01-08 05:00:00,dp,5713.750000000001,,0.26240321929546373,0.022263042478043338,30.066219066557064,3.89351289710099,40.28491552511415,0,18.75,6469.092166095891,24653.25
NYIS,263,52944,2025-01-15 05:00:00,dp,11055.0,,0.22727671770801447,0.021897984633615555,35.16574443599629,13.933556593642889,41.14066210045662,0,22.5,11980.664897260274,52714.0
NYIS,264,53112,2025-01-22 05:00:00,dp,9963.5,,0.2686892190151368,0.01340624336951742,56.65943729402568,50.99349356462311,41.76102853881278,0,5.0,10172.305142694064,37859.0
NYIS,265,53280,2025-01-29 05:00:00,dp,9444.25,,0.34728765912335996,0.016909421460820865,58.495449134181236,32.63499845974328,44.27691894977169,0,10.0,9887.019189497716,28469.25
NYIS,266,53448,2025-02-05 05:00:00,dp,12078.0,,0.3374344828249542,0.018984959221348616,58.034697532671466,8.187568926095842,45.32012328767124,0,1.25,12134.65015410959,35961.5
NYIS,267,53616,2025-02-12 05:00:00,dp,13004.5,,0.39365261038634286,0.02123635630793325,57.52069350155694,24.029900464925472,46.758736301369865,0,15.0,13705.881044520547,34817.19842037671
NYIS,268,53784,2025-02-19 05:00:00,dp,7882.0,,0.330812591670518,0.022865753699130683,57.56285652259534,22.438577450306955,48.42178196347032,0,22.5,8971.490094178082,27119.554454908677
NYIS,269,53952,2025-02-26 05:00:00,dp,14753.5,,0.5695167208744973,0.024341379518883263,57.77992852032338,13.22660519611719,50.179477168949774,0,8.75,15192.57042522831,26676.25
NYIS,270,54120,2025-03-05 05:00:00,dp,7595.75,,0.5072660807422772,0.029239803260724232,53.500110172057674,3.0715517695622108,50.97603767123288,0,1.25,7659.470047089041,15099.511553938357
NYIS,271,54288,2025-03-12 05:00:00,dp,10521.0,,0.6456017643271439,0.029887814893656314,52.26430743950184,6.924492646541842,51.42511757990867,0,5.0,10778.125587899543,16694.696612442924
NYIS,272,54456,2025-03-19 05:00:00,dp,8067.0,,0.5935465248739407,0.031323787877047156,50.897110405813144,1.808652882317468,51.86081506849315,0,1.25,8131.826018835616,13700.402037671232
NYIS,273,54624,2025-03-26 05:00:00,dp,8387.0,,0.6320390750297965,0.03233609786137865,49.367819148292284,0.20008001479692422,52.18918036529681,0,0.0,8387.0,13269.749183789954
NYIS,274,54792,2025-04-02 05:00:00,dp,8513.0,,0.7042446114136558,0.03475478442561201,47.43033142691788,-0.1426706289568887,52.57061757990867,0,2.5,8644.426543949772,12274.75
NYIS,275,54960,2025-04-09 05:00:00,dp,9832.5,,0.6401570148868436,0.035440977130954704,45.7832878331192,10.665167802998694,52.97425799086758,0,1.25,9898.717822488585,15462.952982305937
NYIS,276,55128,2025-04-16 05:00:00,dp,7958.75,,0.6842690320757935,0.037504008259950775,42.54605970122743,10.64497736453638,53.49527168949773,0,15.0,8761.179075342467,12803.705362442925
NYIS,277,55296,2025-04-23 05:00:00,dp,7715.25,,0.6593822621274564,0.04888484382914971,32.67311508626756,0.14434180851350362,53.75130593607307,0,15.0,8521.519589041096,12923.489269406393
NYIS,278,55464,2025-04-30 05:00:00,dp,9205.25,,0.6831593018475207,0.036579063488401196,31.470544458487865,-4.989845607443033,53.90665410958905,0,2.5,9340.016635273972,13671.798964041096
NYIS,279,55632,2025-05-07 05:00:00,dp,7717.25,,0.6683124106635132,0.02932534455995715,32.7416361157753,3.624332030149493,54.22140753424657,0,15.0,8530.571113013699,12764.346399828766
NYIS,280,55800,2025-05-14 05:00:00,dp,10579.25,,0.7551624437573958,0.031801607148318575,28.04501106309265,1.994757458888951,54.46476712328767,0,15.0,11396.221506849315,15091.086164383561
NYIS,281,55968,2025-05-21 05:00:00,dp,8993.75,,0.7618801882653584,0.03369722358473455,24.034428845407245,0.06380915753480057,54.667235159817345,0,15.0,9813.75852739726,12880.973515981736
NYIS,282,56136,2025-05-28 05:00:00,dp,8815.0,,0.7324133510694508,0.029127230996192643,22.268118887111036,-3.73412249978397,54.62647602739726,0,15.0,9634.397140410958,13154.316652397261
NYIS,283,56304,2025-06-04 05:00:00,dp,9936.75,,0.6594964463570023,0.037780592871160146,16.864583987261838,-3.6415041803739547,54.694656392694064,0,0.0,9936.75,15067.177472888128
NYIS,284,56472,2025-06-11 05:00:00,dp,10271.0,,0.7911627924132205,0.04114883777698992,14.923346833410887,0.5142499448885176,54.87153196347032,0,15.0,11094.072979452056,14022.49080194064
NYIS,285,56640,2025-06-18 05:00:00,dp,36756.5,,0.6620857786863146,0.03324844202654895,15.952340944007613,-1.1687014726655398,54.990146118721455,0,5.0,37031.450730593606,55931.5
NYIS,286,56808,2025-06-25 05:00:00,dp,28677.25,,0.9181374447818452,0.030836483413184075,24.431513091104346,20.294581394004467,55.340680365296805,0,20.0,29784.063607305936,32439.656803652968
NYIS,287,56976,2025-07-02 05:00:00,dp,27154.5,,0.9529460473751333,0.0371001787711414,24.677238747455856,10.114949779078497,55.87854223744293,0,20.0,28272.070844748858,29668.070844748858
NYIS,288,57144,2025-07-09 05:00:00,dp,26439.75,,0.9742582641099647,0.03680216685737158,25.42958488056712,4.968362434195564,56.30842237442922,0,20.0,27565.918447488584,28294.261863584474
NYIS,289,57312,2025-07-16 05:00:00,dp,33755.0,,0.8676663024185411,0.03142366792891298,28.024422655822246,7.232976542599788,56.53292694063927,0,20.0,34885.658538812786,40206.307933789954
NYIS,290,57480,2025-07-23 05:00:00,dp,73121.75,,0.8335183787455851,0.033645359695817174,30.92921208378657,9.518837673995254,57.02849771689498,0,20.0,74262.3199543379,89095.0
NYIS,291,57648,2025-07-30 05:00:00,dp,33428.5,,0.9271046140063893,0.04412664892600818,35.79300247581134,12.839185220901077,58.038786529680365,0,20.0,34589.27573059361,37308.92415810502
NYIS,292,57816,2025-08-06 05:00:00,dp,33793.5,,0.8725592394105485,0.04292366964389268,39.0865859769913,8.650558533042657,58.29994178082192,0,5.0,34084.999708904106,39063.25
NYIS,293,57984,2025-08-13 05:00:00,dp,22079.75,,0.8662261546284465,0.044714678493340806,39.53512289455724,10.989129343959613,58.91875228310502,0,20.0,23258.125045662102,26849.945503710045
NYIS,294,58152,2025-08-20 05:00:00,dp,12151.75,,0.8451957212817949,0.04633897906711006,39.32860461173639,4.858953861189952,59.37671461187214,0,20.0,13339.284292237442,15782.479674657534
NYIS,295,58320,2025-08-27 05:00:00,dp,8847.75,,0.6764758815503639,0.0493144280659814,38.24958637228188,-7.9148739264693155,59.52492579908675,0,0.0,8847.75,13079.180265410958
NYIS,296,58488,2025-09-03 05:00:00,dp,9170.0,,0.6582399581817241,0.048490593928739,38.660149327519655,-8.222352406219962,59.43317465753425,0,2.5,9318.582936643836,14156.817465753425
NYIS,297,58656,2025-09-10 05:00:00,dp,10866.5,,0.7181628331379323,0.04881763312633523,38.52844934526729,2.310536807245641,59.57430593607306,0,6.25,11238.839412100457,15649.430593607307
NYIS,298,58824,2025-09-17 05:00:00,dp,13431.25,,0.787463299198284,0.048658041767282285,38.5437804964775,2.3938583812800607,59.6374805936073,0,6.25,13803.984253710045,17529.68585045662
NYIS,299,58992,2025-09-24 05:00:00,dp,12213.0,,0.6653785276753289,0.06651980693737426,30.922067274089216,3.890358137273425,59.75092694063927,0,2.5,12362.377317351598,18579.465376712327
NYIS,300,59160,2025-10-01 05:00:00,dp,21769.25,,0.8093666888591443,0.053993799067872446,32.18161353931601,6.060440825097298,59.94384817351598,0,15.0,22668.40772260274,28007.58671518265
NYIS,301,59328,2025-10-08 05:00:00,dp,13877.5,,0.8044593934662856,0.05619254413006605,31.401908702481137,2.1923668469317983,60.141889269406384,0,15.0,14779.628339041095,18372.12475742009
NYIS,302,59496,2025-10-15 05:00:00,dp,14788.75,,0.7407823670281749,0.059062445792035824,30.386183053891035,1.8941511960819528,60.32475570776257,0,15.0,15693.621335616439,21185.198290525113
NYIS,303,59664,2025-10-22 05:00:00,dp,26231.0,,0.928160968827341,0.06225866355664163,27.571893373055072,1.1277439633711184,60.47339269406393,0,2.5,26382.18348173516,28424.146638127855
NYIS,304,59832,2025-10-29 05:00:00,dp,19979.0,,0.9393017345456436,0.09789722122699651,17.275326762248802,5.236397182202158,60.86062671232877,0,2.5,20131.151566780823,21432.039169520547
NYIS,305,60000,2025-11-05 05:00:00,dp,20790.75,,0.9430087652655093,0.0687677188715755,15.712657043054449,7.168551212974957,61.26324657534247,0,0.0,20790.75,22047.25
NYIS,306,60168,2025-11-12 05:00:00,dp,15903.25,,0.8444700627473991,0.06375594367348257,15.0719317028978,8.957638824867614,61.75985958904109,0,5.0,16212.049297945205,19197.897016267125
NYIS,307,60336,2025-11-19 05:00:00,dp,17120.0,,0.9077614502897772,0.04443136028808431,17.613165096110265,7.576476094139935,62.24545205479453,0,5.0,17431.227260273972,19202.43171232877
NYIS,308,60504,2025-11-26 05:00:00,dp,15258.75,,0.7612986031817254,0.05005500764191731,17.144527637060563,7.441913383968476,62.72258561643835,0,5.0,15572.362928082192,20455.0
NYIS,309,60672,2025-12-03 05:00:00,dp,9506.5,,0.26813421775193436,0.07626471625169884,14.73212019870687,2.505452509710651,62.876992009132415,0,5.0,9820.884960045662,36626.75
NYIS,310,60840,2025-12-10 05:00:00,dp,18266.25,,0.6385108001643627,0.04805869272251728,21.427111295401154,19.28440016586104,64.15830821917808,0,13.75,19148.4267380137,29989.197885273974
NYIS,311,61008,2025-12-17 05:00:00,dp,3346.5,,0.4901680778067414,0.04588075395236894,24.151328156233728,20.02687957113908,65.60267465753425,0,56.25,7036.650449486302,14355.586926369862
NYIS,312,61176,2025-12-24 05:00:00,dp,9637.25,,0.6465058892395927,0.039319563618833,26.74098656245149,-18.341401227701155,65.22364726027398,0,12.5,10452.545590753425,16167.75
NYIS,313,61344,2025-12-31 05:00:00,dp,10740.75,,0.6131982470814424,0.030080436982434202,31.58050058174785,-15.857509659268402,65.25065410958904,0,35.0,13024.522893835616,21240.313317636985
NYIS,314,61512,2026-01-07 05:00:00,dp,-3701.25,,0.215684331312503,0.0445206295923681,26.739779478144854,-8.701185762495578,66.31583675799087,0,100.0,2930.3336757990864,13586.214900114155
NYIS,315,61680,2026-01-14 05:00:00,dp,19633.75,,0.7962791687146016,0.01933101203482903,40.5063586526287,-36.45572278736582,65.05401598173515,0,20.0,20934.830319634704,26290.81751997717
NYIS,316,61848,2026-01-21 05:00:00,dp,6190.0,,0.0846248632494717,0.017931175605578144,42.72658584609079,-20.77618444639939,63.80374657534247,0,8.75,6748.2827825342465,79743.5
NYIS,317,62016,2026-01-28 05:00:00,dp,0.0,,0.0,0.01,88.6523460477812,79.78711144300307,65.89136415525114,0,0.0,0.0,118196.47841038812
NYIS,318,62184,2026-02-04 05:00:00,dp,26822.0,,0.46340131112378063,0.022062520469162225,122.22634051830119,110.00370646647106,71.45544863013698,0,35.0,29322.940702054795,63277.638621575345
NYIS,319,62352,2026-02-11 05:00:00,dp,4457.0,,0.35606290008517344,0.022496100718563818,124.55691662415516,34.53787694478329,73.54575913242009,0,35.0,7031.101569634703,19746.796332762555
NYIS,320,62520,2026-02-18 05:00:00,dp,9870.5,,0.7527363886521642,0.02207302356021542,125.88053587698539,-37.342299387593435,72.84540410958904,0,20.0,11327.408082191781,15048.306755136986
NYIS,321,62688,2026-02-25 05:00:00,dp,9535.25,,0.4007602935031717,0.02024123919346665,131.13249087856212,-38.73445377149765,71.44703196347032,0,1.25,9624.558789954337,24015.749429223746
NYIS,322,62856,2026-03-04 05:00:00,dp,11348.0,,0.6232411230067338,0.02110516471866901,129.07050404659185,-13.649677066881253,71.50499543378996,0,2.5,11526.762488584474,18494.86829908676
NYIS,323,63024,2026-03-11 05:00:00,dp,13230.75,,0.7398949009454177,0.02151984477757954,127.15718858046276,-0.461950316400376,71.3551792237443,0,2.5,13409.13794805936,18123.03062357306
NYIS,324,63192,2026-03-18 05:00:00,dp,15186.5,,0.6709066990974508,0.02131515017786549,127.02220802326383,0.6005829727408946,71.39812785388128,0,2.5,15364.995319634703,22901.836187214612
NYIS,325,63360,2026-03-25 05:00:00,dp,10266.0,,0.5619997504376331,0.021650812324700973,126.04329436136796,2.016739527876684,71.52657305936073,0,2.5,10444.816432648402,18585.09087328767
NYIS,326,63528,2026-04-01 05:00:00,dp,9314.25,,0.6099080424642354,0.020801209772136283,128.52648679113213,-4.815290000472507,71.39188127853882,0,2.5,9492.729703196346,15564.198276255709
NYIS,327,63696,2026-04-08 05:00:00,dp,9880.25,,0.5101034938832079,0.021446987041458497,125.88443337133438,-2.8590334350821913,71.19135388127854,0,2.5,10058.228384703196,19718.015079908677
NYIS,328,63864,2026-04-15 05:00:00,dp,19301.75,,0.6818483511327981,0.021516546607183898,125.93851518011004,0.13910431921629618,70.88257420091324,0,2.5,19478.956435502285,28567.87202482877
NYIS,329,64032,2026-04-22 05:00:00,dp,10531.25,,0.5519396714402975,0.021893587025789203,125.05360350607279,5.7735045646080785,71.00939954337899,0,2.5,10708.773498858447,19402.07246004566
NYIS,330,64200,2026-04-29 05:00:00,dp,10141.5,,0.49954789476561845,0.035375301430840146,91.54415713089882,-1.1704382797855484,71.12943721461187,0,2.5,10319.32359303653,20657.325756278537
NYIS,331,64368,2026-05-06 05:00:00,dp,9311.0,,0.5056404568902964,0.011913487119597355,63.19318574738222,0.5078167672853477,71.13270205479452,0,0.0,9311.0,18414.27020547945
NYIS,332,64536,2026-05-13 05:00:00,dp,20149.5,,0.8529122943674952,0.01,53.43941064465612,3.080764795146312,71.19767351598173,0,0.0,20149.5,23624.351686643837
NYIS,0,8760,2020-01-01 05:00:00,pf,3035.75,,1.0,0.014388275785694557,14.854455487719099,-7.594523882460141,28.935360730593608,0,83.75,5459.086461187215,5459.086461187215
NYIS,1,8928,2020-01-08 05:00:00,pf,3078.75,,1.0,0.010195649412776833,18.027934438369183,-12.823384861076232,28.803680365296803,0,100.0,5959.1180365296805,5959.1180365296805
NYIS,2,9096,2020-01-15 05:00:00,pf,8265.75,,1.0,0.01,18.949012243229017,-10.764894491378026,28.52082077625571,0,1.25,8301.40102597032,8301.40102597032
NYIS,3,9264,2020-01-22 05:00:00,pf,4298.5,,1.0,0.012639247706578012,17.66295145206966,-1.4745658052392385,27.9365399543379,0,61.25,6009.613072203196,6009.613072203196
NYIS,4,9432,2020-01-29 05:00:00,pf,4099.25,,1.0,0.011741336019849464,20.46686977872069,-3.0751713320611755,27.3998801369863,0,90.0,6565.239212328767,6565.239212328767
NYIS,5,9600,2020-02-05 05:00:00,pf,3075.5,,1.0,0.029273873005653803,11.632744871549269,-3.8224811909935235,26.530285388127854,0,82.5,5264.2485445205475,5264.2485445205475
NYIS,6,9768,2020-02-12 05:00:00,pf,4194.75,,1.0,0.030560386850405335,11.24693905830206,-3.5778373133207304,26.411166666666666,0,86.25,6472.713125,6472.713125
NYIS,7,9936,2020-02-19 05:00:00,pf,3267.0,,1.0,0.03564401710552407,10.206539226908493,-1.8913686426202834,26.299909817351597,0,90.0,5633.991883561644,5633.991883561644
NYIS,8,10104,2020-02-26 05:00:00,pf,2510.5,,1.0,0.031205297729017714,11.131588473328659,-1.925450849540538,26.1587203196347,0,100.0,5126.37203196347,5126.37203196347
NYIS,9,10272,2020-03-04 05:00:00,pf,2454.0,,1.0,0.030141197388665008,11.298394804561394,-4.294743340954243,25.830063926940642,0,100.0,5037.006392694064,5037.006392694064
NYIS,10,10440,2020-03-11 05:00:00,pf,2632.75,,1.0,0.028365094467709046,11.66709107795114,-5.7767925862659935,25.332915525114156,0,97.5,5102.709263698631,5102.709263698631
NYIS,11,10608,2020-03-18 05:00:00,pf,1524.5,,1.0,0.02505326196177562,12.372995510430572,-4.688216943570554,25.087843607305935,0,100.0,4033.2843607305936,4033.2843607305936
NYIS,12,10776,2020-03-25 05:00:00,pf,1200.25,,1.0,0.05041709652652179,6.914049856171896,-3.4843730524225616,24.726369863013698,0,100.0,3672.8869863013697,3672.8869863013697
NYIS,13,10944,2020-04-01 05:00:00,pf,949.0,,1.0,0.01225214780214315,16.435632517427518,-2.6070981868321983,24.40319292237443,0,100.0,3389.319292237443,3389.319292237443
NYIS,14,11112,2020-04-08 05:00:00,pf,1306.75,,1.0,0.028710292272503254,9.109179591635355,-5.271054363705803,24.106390410958902,0,100.0,3717.38904109589,3717.38904109589
NYIS,15,11280,2020-04-15 05:00:00,pf,247.0,,1.0,0.027994261819428434,9.070346583411135,-3.3900029781284133,23.777273972602746,0,100.0,2624.7273972602748,2624.7273972602748
NYIS,16,11448,2020-04-22 05:00:00,pf,325.25,,1.0,0.04147880086581715,6.71828675018304,-2.0503654802757416,23.563639269406394,0,98.75,2652.1593778538813,2652.1593778538813
NYIS,17,11616,2020-04-29 05:00:00,pf,1170.0,,1.0,0.029427178132048554,7.228600951204179,0.004550510707538383,23.38870890410959,0,97.5,3450.399118150685,3450.399118150685
NYIS,18,11784,2020-05-06 05:00:00,pf,1315.25,,1.0,0.025431691412707826,7.572570420590093,-2.3564604404478304,23.216587899543374,0,97.5,3578.867320205479,3578.867320205479
NYIS,19,11952,2020-05-13 05:00:00,pf,1476.75,,1.0,0.028811648983551246,7.036397097131345,-1.9969929673594131,23.074013698630136,0,97.5,3726.4663356164383,3726.4663356164383
NYIS,20,12120,2020-05-20 05:00:00,pf,2476.25,,1.0,0.036408491098986924,5.83770907689371,-2.3127126012177093,22.867469178082192,0,86.25,4448.569216609589,4448.569216609589
NYIS,21,12288,2020-05-27 05:00:00,pf,1547.25,,1.0,0.04230891657803585,5.008129868164184,-1.1588006904384254,22.71511643835617,0,95.0,3705.186061643836,3705.186061643836
NYIS,22,12456,2020-06-03 05:00:00,pf,4983.25,,1.0,0.03916928408745549,5.019144704451828,-0.6869976317561435,22.592238584474888,0,83.75,6875.349981449772,6875.349981449772
NYIS,23,12624,2020-06-10 05:00:00,pf,3395.5,,1.0,0.037079904402904644,5.367465659598016,-1.685984820489906,22.524368721461187,0,80.0,5197.449497716895,5197.449497716895
NYIS,24,12792,2020-06-17 05:00:00,pf,7980.5,,1.0,0.03347505274924383,5.58448091440383,-2.475233070538579,22.461438356164383,0,20.0,8429.728767123288,8429.728767123288
NYIS,25,12960,2020-06-24 05:00:00,pf,7868.0,,1.0,0.030200627431238965,5.876084442054731,-0.5113585228051245,22.440826484018263,0,62.5,9270.551655251142,9270.551655251142
NYIS,26,13128,2020-07-01 05:00:00,pf,7976.25,,1.0,0.01748749420211206,8.091122884727035,0.5784285346486665,22.323469178082192,0,41.25,8897.093103595891,8897.093103595891
NYIS,27,13296,2020-07-08 05:00:00,pf,9483.25,,1.0,0.02380126359857694,7.016088313073572,-4.137999859756505,22.205351598173515,0,41.25,10399.220753424657,10399.220753424657
NYIS,28,13464,2020-07-15 05:00:00,pf,11833.75,,1.0,0.026531300663279522,7.03910678506765,-1.6877364220881603,22.103458904109587,0,20.0,12275.819178082193,12275.819178082193
NYIS,29,13632,2020-07-22 05:00:00,pf,11100.25,,1.0,0.04964742196105564,5.63583534359973,0.29376286378301075,21.88368493150685,0,20.0,11537.923698630137,11537.923698630137
NYIS,30,13800,2020-07-29 05:00:00,pf,8792.5,,1.0,0.04261477298499139,6.495004208057456,1.224686611912292,21.871867579908674,0,20.0,9229.937351598173,9229.937351598173
NYIS,31,13968,2020-08-05 05:00:00,pf,8194.25,,1.0,0.06036292385417453,5.775741642148455,-0.29757839764847316,21.771511415525115,0,20.0,8629.680228310503,8629.680228310503
NYIS,32,14136,2020-08-12 05:00:00,pf,7277.5,,1.0,0.05646145460900092,6.173477525573746,-1.178336218242451,21.712053652968034,0,62.5,8634.503353310502,8634.503353310502
NYIS,33,14304,2020-08-19 05:00:00,pf,9146.5,,1.0,0.049367912788662066,6.894123538983096,-0.6171443444602923,21.62928082191781,0,20.0,9579.085616438357,9579.085616438357
NYIS,34,14472,2020-08-26 05:00:00,pf,6167.75,,1.0,0.0416920172135407,7.813872415590446,-0.7797987054073191,21.560756849315066,0,83.75,7973.463386130137,7973.463386130137
NYIS,35,14640,2020-09-02 05:00:00,pf,4941.5,,1.0,0.05246494918677814,7.217962965278248,-0.8867715278817402,21.586571917808218,0,62.5,6290.660744863014,6290.660744863014
NYIS,36,14808,2020-09-09 05:00:00,pf,2837.0,,1.0,0.05331246204635117,7.054044659208898,-0.027342165043694727,21.583546803652972,0,95.0,4887.436946347032,4887.436946347032
NYIS,37,14976,2020-09-16 05:00:00,pf,1971.75,,1.0,0.056155738235051,6.854477745460556,0.1256304556169755,21.51856735159817,0,87.5,3854.6246432648395,3854.6246432648395
NYIS,38,15144,2020-09-23 05:00:00,pf,4669.25,,1.0,0.06187501162992669,6.382564922913517,-1.4936205546089074,21.41258789954338,0,41.25,5552.519250856164,5552.519250856164
NYIS,39,15312,2020-09-30 05:00:00,pf,1956.75,,1.0,0.04426323353659525,7.4056097065376605,0.7218237222218494,21.404357305936074,0,97.5,4043.6748373287674,4043.6748373287674
NYIS,40,15480,2020-10-07 05:00:00,pf,3317.5,,1.0,0.06083136524934361,5.994018602404719,-1.6145295649653866,21.358292237442924,0,83.75,5106.256974885845,5106.256974885845
NYIS,41,15648,2020-10-14 05:00:00,pf,4229.75,,1.0,0.059041585707383465,5.7501591227540905,-1.5457983470253018,21.322826484018265,0,42.5,5135.970125570776,5135.970125570776
NYIS,42,15816,2020-10-21 05:00:00,pf,4829.5,,1.0,0.06628859376498367,4.978504889745947,0.21567112080960033,21.282236301369863,0,26.25,5388.158702910959,5388.158702910959
NYIS,43,15984,2020-10-28 05:00:00,pf,7214.75,,1.0,0.07519324659968692,4.426842542265773,0.5072540576629085,21.285076484018262,0,0.0,7214.75,7214.75
NYIS,44,16152,2020-11-04 05:00:00,pf,5250.0,,1.0,0.06516443058169841,4.810783312001933,3.8616776185622,21.4675296803653,0,86.25,7101.574434931507,7101.574434931507
NYIS,45,16320,2020-11-11 05:00:00,pf,7235.25,,1.0,0.04456411344376338,5.763310117266899,-5.1869791055402095,21.25838470319635,0,0.0,7235.25,7235.25
NYIS,46,16488,2020-11-18 05:00:00,pf,6904.75,,1.0,0.04080721586933678,6.052961387601683,-0.30143676252252455,21.022968036529683,0,0.0,6904.75,6904.75
NYIS,47,16656,2020-11-25 05:00:00,pf,5068.0,,1.0,0.04010229564779197,6.212164531218707,1.3931845794349547,21.044151826484022,0,18.75,5462.577846746575,5462.577846746575
NYIS,48,16824,2020-12-02 05:00:00,pf,6327.75,,1.0,0.03939892126634468,6.0413105594450895,-2.0657838296476254,20.976074200913242,0,0.0,6327.75,6327.75
NYIS,49,16992,2020-12-09 05:00:00,pf,6274.75,,1.0,0.040683640564596855,6.3251179504677815,-0.8241532175541758,21.001519406392696,0,0.0,6274.75,6274.75
NYIS,50,17160,2020-12-16 05:00:00,pf,11901.75,,1.0,0.04123981267317524,6.87386467898831,-0.9931164977430287,21.01001484018265,0,0.0,11901.75,11901.75
NYIS,51,17328,2020-12-23 05:00:00,pf,7341.25,,1.0,0.034772407701957594,9.513356415667639,8.562020774100874,21.146299086757992,0,0.0,7341.25,7341.25
NYIS,52,17496,2020-12-30 05:00:00,pf,4489.0,,1.0,0.03755794084357627,9.70954147817529,0.8703028756855832,21.351898401826485,0,1.25,4515.689873002283,4515.689873002283
NYIS,53,17664,2021-01-06 05:00:00,pf,6082.25,,1.0,0.04225251485995201,9.50798810543702,-1.9627557766019899,21.438682648401826,0,0.0,6082.25,6082.25
NYIS,54,17832,2021-01-13 05:00:00,pf,6406.0,,1.0,0.0494501744942094,9.25327277704157,0.7915280881843302,21.58720205479452,0,1.25,6432.984002568493,6432.984002568493
NYIS,55,18000,2021-01-20 05:00:00,pf,6492.75,,1.0,0.052049982887378325,9.334305232814733,1.141189527059181,21.629755707762556,0,1.25,6519.787194634703,6519.787194634703
NYIS,56,18168,2021-01-27 05:00:00,pf,15563.0,,1.0,0.05076885675909957,9.712897876022854,2.133289222031214,21.737883561643837,0,8.75,15753.206481164383,15753.206481164383
NYIS,57,18336,2021-02-03 05:00:00,pf,13721.0,,1.0,0.026005121374164858,15.63520492110075,14.071684428990674,22.5610502283105,0,0.0,13721.0,13721.0
NYIS,58,18504,2021-02-10 05:00:00,pf,20477.75,,1.0,0.026880552117728423,17.3336178196404,15.60025603767636,23.372569634703197,0,0.0,20477.75,20477.75
NYIS,59,18672,2021-02-17 05:00:00,pf,14563.0,,1.0,0.02221300498607092,21.874247357118335,19.686822621406503,24.47416894977169,0,1.25,14593.592711187215,14593.592711187215
NYIS,60,18840,2021-02-24 05:00:00,pf,5738.5,,1.0,0.02012120045887494,25.654425741243312,15.332051114351453,25.56799315068493,0,0.0,5738.5,5738.5
NYIS,61,19008,2021-03-03 05:00:00,pf,8466.75,,1.0,0.02240917212669583,24.520444037060884,-9.458557680586868,25.75846461187215,0,2.5,8531.146161529681,8531.146161529681
NYIS,62,19176,2021-03-10 05:00:00,pf,7700.0,,1.0,0.022759925427397146,24.65718578029347,6.355965755206002,26.194899543378995,0,0.0,7700.0,7700.0
NYIS,63,19344,2021-03-17 05:00:00,pf,5462.25,,1.0,0.02353054975349245,24.298343459620618,-2.4175614687013884,26.399407534246574,0,73.75,7409.206305650685,7409.206305650685
NYIS,64,19512,2021-03-24 05:00:00,pf,4543.25,,1.0,0.01963210899513768,25.498144916505606,-4.541600115164411,26.588303652968037,0,95.0,7069.138847031963,7069.138847031963
NYIS,65,19680,2021-03-31 05:00:00,pf,4858.5,,1.0,0.020348011315488954,24.789982424701027,-7.302492067251532,26.734091324200914,0,83.75,7097.480148401826,7097.480148401826
NYIS,66,19848,2021-04-07 05:00:00,pf,3623.25,,1.0,0.016462570312658666,27.415082992802198,5.257747990115636,26.916200913242008,0,83.75,5877.481826484018,5877.481826484018
NYIS,67,20016,2021-04-14 05:00:00,pf,5365.0,,1.0,0.017603295888100737,26.134897285439813,4.270806958322609,27.044180365296803,0,62.5,7055.2612728310505,7055.2612728310505
NYIS,68,20184,2021-04-21 05:00:00,pf,5335.0,,1.0,0.018497623833024054,25.312911337318354,5.582243145606487,27.248197488584477,0,63.75,7072.0725898972605,7072.0725898972605
NYIS,69,20352,2021-04-28 05:00:00,pf,7232.5,,1.0,0.01992354385188712,24.23093717610651,4.443632480971772,27.409197488584475,0,21.25,7814.9454466324205,7814.9454466324205
NYIS,70,20520,2021-05-05 05:00:00,pf,3509.75,,1.0,0.014624720088323858,26.82075287699914,4.298124108613464,27.610200913242007,0,61.25,5200.874805936073,5200.874805936073
NYIS,71,20688,2021-05-12 05:00:00,pf,4288.0,,1.0,0.011468433839991753,27.990157106809853,2.821177686604806,27.801334474885845,0,40.0,5400.053378995433,5400.053378995433
NYIS,72,20856,2021-05-19 05:00:00,pf,7875.25,,1.0,0.01,26.179431535612874,0.9258990222433845,27.99898287671233,0,20.0,8435.229657534246,8435.229657534246
NYIS,73,21024,2021-05-26 05:00:00,pf,4581.0,,1.0,0.01,21.130678775405453,2.270326880011733,28.298455479452056,0,62.5,6349.653467465753,6349.653467465753
NYIS,74,21192,2021-06-02 05:00:00,pf,11530.75,,1.0,0.01,21.240950930804875,0.10935662632888145,28.479640410958904,0,20.0,12100.342808219179,12100.342808219179
NYIS,75,21360,2021-06-09 05:00:00,pf,6621.5,,1.0,0.01,20.062891991944603,5.165712354830987,28.75117922374429,0,41.25,7807.486142979452,7807.486142979452
NYIS,76,21528,2021-06-16 05:00:00,pf,9932.25,,1.0,0.01,20.04082317210373,2.5517570245887953,28.998102739726033,0,10.0,10222.23102739726,10222.23102739726
NYIS,77,21696,2021-06-23 05:00:00,pf,15189.25,,1.0,0.01,20.14691981628794,1.9933387982183564,29.24701484018265,0,6.25,15372.043842751142,15372.043842751142
NYIS,78,21864,2021-06-30 05:00:00,pf,15117.5,,1.0,0.01,23.46428430120689,3.9994783797019506,29.548995433789955,0,0.0,15117.5,15117.5
NYIS,79,22032,2021-07-07 05:00:00,pf,15508.75,,1.0,0.01,20.91256089415164,7.953016687236184,29.93634132420091,0,20.0,16107.476826484019,16107.476826484019
NYIS,80,22200,2021-07-14 05:00:00,pf,16855.75,,1.0,0.01,22.584234549930127,7.389721549789849,30.28237785388128,0,8.75,17120.72080622146,17120.72080622146
NYIS,81,22368,2021-07-21 05:00:00,pf,16433.75,,1.0,0.01,24.568000809965444,7.1125814615625265,30.68046347031964,0,10.0,16740.554634703196,16740.554634703196
NYIS,82,22536,2021-07-28 05:00:00,pf,7962.75,,1.0,0.01,26.604572208668326,3.6239923053903507,30.983591324200916,0,20.0,8582.421826484018,8582.421826484018
NYIS,83,22704,2021-08-04 05:00:00,pf,15489.75,,1.0,0.011362020409883518,23.902232334302376,1.6076924777706734,31.17623173515982,0,20.0,16113.274634703197,16113.274634703197
NYIS,84,22872,2021-08-11 05:00:00,pf,17784.25,,1.0,0.013974342799282948,22.72312709023803,7.062429517666695,31.5818595890411,0,20.0,18415.88719178082,18415.88719178082
NYIS,85,23040,2021-08-18 05:00:00,pf,16773.25,,1.0,0.017700743807092495,21.810893072708136,7.064548128724144,32.028674657534246,0,20.0,17413.823493150685,17413.823493150685
NYIS,86,23208,2021-08-25 05:00:00,pf,21360.75,,1.0,0.02261635881357276,20.073196931486642,4.547276909282252,32.53578310502284,0,20.0,22011.465662100458,22011.465662100458
NYIS,87,23376,2021-09-01 05:00:00,pf,6438.5,,1.0,0.031168023791578015,17.999569645046442,4.2046976137015735,33.07851369863013,0,20.0,7100.070273972603,7100.070273972603
NYIS,88,23544,2021-09-08 05:00:00,pf,12859.5,,1.0,0.05563143995131605,13.321086778639751,7.385403856101729,33.40089726027397,0,6.25,13068.255607876712,13068.255607876712
NYIS,89,23712,2021-09-15 05:00:00,pf,14167.5,,1.0,0.05052944260616071,14.170007353961042,10.635965064797814,33.900284246575346,0,20.0,14845.505684931508,14845.505684931508
NYIS,90,23880,2021-09-22 05:00:00,pf,9956.25,,1.0,0.039365789133021405,16.192404225178656,13.716191822029243,34.72572831050228,0,2.5,10043.064320776255,10043.064320776255
NYIS,91,24048,2021-09-29 05:00:00,pf,9962.0,,1.0,0.027795795829588656,19.022011703281894,5.157035642248934,35.3237191780822,0,20.0,10668.474383561645,10668.474383561645
NYIS,92,24216,2021-10-06 05:00:00,pf,11648.75,,1.0,0.031634271863464916,16.797459718614668,10.982870985298659,35.93803196347032,0,20.0,12367.510639269407,12367.510639269407
NYIS,93,24384,2021-10-13 05:00:00,pf,11020.25,,1.0,0.019970808014379986,20.244659076805917,14.681981144038714,36.73733447488584,0,12.5,11479.466680936073,11479.466680936073
NYIS,94,24552,2021-10-20 05:00:00,pf,12291.5,,1.0,0.014272880688378665,22.67054516680691,8.766223534812017,37.42141894977169,0,8.75,12618.937415810502,12618.937415810502
NYIS,95,24720,2021-10-27 05:00:00,pf,13210.0,,1.0,0.011627424294649765,23.843515197717817,3.9938779733579266,38.04658333333333,0,0.0,13210.0,13210.0
NYIS,96,24888,2021-11-03 05:00:00,pf,17733.0,,1.0,0.01,29.204235626871814,7.725101841781968,38.58242237442923,0,2.5,17829.456055936073,17829.456055936073
NYIS,97,25056,2021-11-10 05:00:00,pf,13047.0,,1.0,0.011102154410218978,27.93761948228378,13.888700628071495,39.43566666666668,0,0.0,13047.0,13047.0
NYIS,98,25224,2021-11-17 05:00:00,pf,11224.0,,1.0,0.014478585717079513,23.651946821712574,4.440386113147887,40.061460045662095,0,5.0,11424.30730022831,11424.30730022831
NYIS,99,25392,2021-11-24 05:00:00,pf,10880.75,,1.0,0.01719602118564506,21.478308902189003,1.1818000200346814,40.54774200913242,0,1.25,10931.434677511415,10931.434677511415
NYIS,100,25560,2021-12-01 05:00:00,pf,10053.25,,1.0,0.01,53.77107354681417,3.1610891367234655,41.31473059360731,0,0.0,10053.25,10053.25
NYIS,101,25728,2021-12-08 05:00:00,pf,6410.75,,1.0,0.017077357330118347,21.553934016612104,8.167456416829983,41.778610730593606,0,55.0,8708.573590182648,8708.573590182648
NYIS,102,25896,2021-12-15 05:00:00,pf,13695.75,,1.0,0.01458809371510201,24.17302422257261,2.8778240455251405,42.11530821917808,0,1.25,13748.394135273973,13748.394135273973
NYIS,103,26064,2021-12-22 05:00:00,pf,10958.25,,1.0,0.013933861893154369,25.977579136458825,8.025153166368757,42.152054794520545,0,7.5,11274.390410958904,11274.390410958904
NYIS,104,26232,2021-12-29 05:00:00,pf,10416.5,,1.0,0.014276506125326867,26.72799629399674,4.52351716117506,42.47902397260274,0,2.5,10522.697559931506,10522.697559931506
NYIS,105,26400,2022-01-05 05:00:00,pf,36767.75,,1.0,0.012966479027492178,29.036865260378228,-1.4671391541567878,42.77303310502283,0,0.0,36767.75,36767.75
NYIS,106,26568,2022-01-12 05:00:00,pf,44918.5,,1.0,0.01824843784089809,31.889753171738462,28.700777854564617,44.66878082191781,0,2.5,45030.17195205479,45030.17195205479
NYIS,107,26736,2022-01-19 05:00:00,pf,40162.75,,1.0,0.03000547857741342,32.109939004160935,28.89894510374484,46.76878538812785,0,0.0,40162.75,40162.75
NYIS,108,26904,2022-01-26 05:00:00,pf,35442.25,,1.0,0.03283907614249056,35.198381324263636,31.67854319183727,49.20828310502282,0,0.0,35442.25,35442.25
NYIS,109,27072,2022-02-02 05:00:00,pf,26926.0,,1.0,0.024811507437437822,47.21571809321042,40.38087376575477,51.49709931506849,0,1.25,26990.371374143837,26990.371374143837
NYIS,110,27240,2022-02-09 05:00:00,pf,29770.25,,1.0,0.02352292322454837,50.39276872851256,15.266120876249742,52.6888595890411,0,0.0,29770.25,29770.25
NYIS,111,27408,2022-02-16 05:00:00,pf,12010.0,,1.0,0.02355173806321159,52.49037358219637,-4.022049073995708,52.91902853881279,0,36.25,13928.314784531964,13928.314784531964
NYIS,112,27576,2022-02-23 05:00:00,pf,28466.25,,1.0,0.019463947912300876,58.81149843063475,-16.879166868860978,52.61218378995434,0,11.25,29058.137067636988,29058.137067636988
NYIS,113,27744,2022-03-02 05:00:00,pf,13204.75,,1.0,0.02056997200327117,59.87968277465475,-2.5088315275146993,53.65177853881278,0,12.5,13875.39723173516,13875.39723173516
NYIS,114,27912,2022-03-09 05:00:00,pf,10412.5,,1.0,0.022719381423402973,57.31231530301314,14.116225487942755,53.9042591324201,0,46.25,12905.57198487443,12905.57198487443
NYIS,115,28080,2022-03-16 05:00:00,pf,8902.5,,1.0,0.024245435554584492,55.78667830506109,14.60783541039396,54.545160958904106,0,52.5,11766.120950342465,11766.120950342465
NYIS,116,28248,2022-03-23 05:00:00,pf,17822.0,,1.0,0.02514839469386514,54.54384856409966,3.620087680399673,54.897344748858444,0,0.0,17822.0,17822.0
NYIS,117,28416,2022-03-30 05:00:00,pf,11573.75,,1.0,0.028769763590303574,51.38047328656066,13.268349366940535,55.79899885844748,0,20.0,12689.72997716895,12689.72997716895
NYIS,118,28584,2022-04-06 05:00:00,pf,12845.75,,1.0,0.03115919778607462,49.63318383625944,11.610750461599395,56.42028767123287,0,0.0,12845.75,12845.75
NYIS,119,28752,2022-04-13 05:00:00,pf,13234.25,,1.0,0.026023497522967818,52.13518256347952,14.740672219745658,57.25924771689498,0,1.25,13305.824059646118,13305.824059646118
NYIS,120,28920,2022-04-20 05:00:00,pf,8940.25,,1.0,0.016316401209725797,60.129981472322044,11.452570212909404,58.065852739726026,0,8.75,9448.326211472602,9448.326211472602
NYIS,121,29088,2022-04-27 05:00:00,pf,13706.75,,1.0,0.011386497611128447,66.47983195724647,6.604711879398404,58.8545205479452,0,1.25,13780.318150684932,13780.318150684932
NYIS,122,29256,2022-05-04 05:00:00,pf,14443.0,,1.0,0.01,58.85891602787391,10.368120336588436,59.65999771689498,0,1.25,14517.57499714612,14517.57499714612
NYIS,123,29424,2022-05-11 05:00:00,pf,16344.25,,1.0,0.01,55.82052438295362,17.185016283926018,60.6060399543379,0,20.0,17556.37079908676,17556.37079908676
NYIS,124,29592,2022-05-18 05:00:00,pf,29971.25,,1.0,0.01,52.564799662056366,11.668294411677367,61.583844748858446,0,20.0,31202.92689497717,31202.92689497717
NYIS,125,29760,2022-05-25 05:00:00,pf,21165.5,,1.0,0.012254901183130266,48.19428911722724,13.72690281203568,62.722760273972604,0,8.75,21714.32415239726,21714.32415239726
NYIS,126,29928,2022-06-01 05:00:00,pf,11990.0,,1.0,0.01603696267887652,36.67716552624365,4.723953301206109,63.78703196347032,0,10.0,12627.870319634703,12627.870319634703
NYIS,127,30096,2022-06-08 05:00:00,pf,17547.25,,1.0,0.011151880107007508,42.71097917478867,17.885088925628683,64.59716894977169,0,10.0,18193.221689497717,18193.221689497717
NYIS,128,30264,2022-06-15 05:00:00,pf,21800.0,,1.0,0.01,45.0542487515471,17.836272915928728,65.53439269406392,0,10.0,22455.34392694064,22455.34392694064
NYIS,129,30432,2022-06-22 05:00:00,pf,18588.0,,1.0,0.01,46.264076393802014,11.56387985021871,66.44642808219177,0,41.25,21328.91515839041,21328.91515839041
NYIS,130,30600,2022-06-29 05:00:00,pf,30088.0,,1.0,0.01,48.99925665642684,1.6821657860328647,67.10909703196347,0,20.0,31430.181940639268,31430.181940639268
NYIS,131,30768,2022-07-06 05:00:00,pf,27393.0,,1.0,0.015093372898914114,35.52254812063104,8.681389051804732,67.69756849315071,0,20.0,28746.951369863014,28746.951369863014
NYIS,132,30936,2022-07-13 05:00:00,pf,33172.25,,1.0,0.018109315093924886,34.33964566443032,6.1343079624333425,68.19464155251141,0,20.0,34536.14283105023,34536.14283105023
NYIS,133,31104,2022-07-20 05:00:00,pf,55796.25,,1.0,0.0228177763760482,32.96234632037428,11.048388179678982,68.95847831050227,0,20.0,57175.41956621005,57175.41956621005
NYIS,134,31272,2022-07-27 05:00:00,pf,37504.0,,1.0,0.029912063730018437,32.953834007245796,29.658450606521214,70.695399543379,0,20.0,38917.90799086758,38917.90799086758
NYIS,135,31440,2022-08-03 05:00:00,pf,53393.75,,1.0,0.03814527273128766,29.859575949467597,13.299788142540184,71.91356849315068,0,20.0,54832.02136986301,54832.02136986301
NYIS,136,31608,2022-08-10 05:00:00,pf,22485.5,,1.0,0.04616485416544235,29.63629666112143,26.672666995009287,73.3745605022831,0,20.0,23952.99121004566,23952.99121004566
NYIS,137,31776,2022-08-17 05:00:00,pf,29864.5,,1.0,0.04878389810629904,29.221039186241512,7.197713893582347,74.10003082191781,0,20.0,31346.500616438356,31346.500616438356
NYIS,138,31944,2022-08-24 05:00:00,pf,44424.0,,1.0,0.046669743656014444,29.40695211612769,7.5052098528760665,75.05978082191781,0,20.0,45925.19561643836,45925.19561643836
NYIS,139,32112,2022-08-31 05:00:00,pf,25054.75,,1.0,0.032915426555554274,37.251995214678445,10.812408449380714,76.2071598173516,0,20.0,26578.89319634703,26578.89319634703
NYIS,140,32280,2022-09-07 05:00:00,pf,25938.0,,1.0,0.03484805117014951,37.132169173645046,16.117861181952406,77.24224885844748,0,10.0,26710.422488584474,26710.422488584474
NYIS,141,32448,2022-09-14 05:00:00,pf,25328.25,,1.0,0.030610825636118867,40.19090120449742,12.865760811513486,78.10155251141553,0,20.0,26890.28105022831,26890.28105022831
NYIS,142,32616,2022-09-21 05:00:00,pf,7435.5,,1.0,0.027508621595904753,42.24419101482972,8.91593144413943,78.66886187214611,0,97.5,15105.714032534246,15105.714032534246
NYIS,143,32784,2022-09-28 05:00:00,pf,5380.0,,1.0,0.027381570140740184,41.63328989419473,-7.4484799207448695,78.90213926940639,0,100.0,13270.21392694064,13270.21392694064
NYIS,144,32952,2022-10-05 05:00:00,pf,7951.5,,1.0,0.013559314046246447,58.931052708695674,-8.440303228082263,79.01184360730593,0,100.0,15852.684360730593,15852.684360730593
NYIS,145,33120,2022-10-12 05:00:00,pf,8964.0,,1.0,0.01327847541981612,57.63714267022015,-0.271048213319394,79.1293287671233,0,100.0,16876.93287671233,16876.93287671233
NYIS,146,33288,2022-10-19 05:00:00,pf,8208.75,,1.0,0.01268185037341894,56.06537123397557,-2.5732183436036093,79.23431164383562,0,100.0,16132.181164383563,16132.181164383563
NYIS,147,33456,2022-10-26 05:00:00,pf,9696.25,,1.0,0.012429161914491463,50.02733373662818,-8.088442397260646,79.25383561643835,0,98.75,17522.566267123286,17522.566267123286
NYIS,148,33624,2022-11-02 05:00:00,pf,8220.75,,1.0,0.01,55.791795192877025,-5.806592369012901,79.15688470319635,0,100.0,16136.438470319636,16136.438470319636
NYIS,149,33792,2022-11-09 05:00:00,pf,15887.0,,1.0,0.01,49.6958158476622,-1.856856736171685,78.65948744292237,0,63.75,20901.5423244863,20901.5423244863
NYIS,150,33960,2022-11-16 05:00:00,pf,28703.5,,1.0,0.01,48.80634999220327,4.646049443819191,78.52803652968036,0,0.0,28703.5,28703.5
NYIS,151,34128,2022-11-23 05:00:00,pf,9490.75,,1.0,0.01,50.495053914063654,24.677667152009715,79.16629452054795,0,53.75,13745.938330479452,13745.938330479452
NYIS,152,34296,2022-11-30 05:00:00,pf,12940.5,,1.0,0.01,45.54921378417111,11.823149103999045,79.28004908675798,0,96.25,20571.204724600455,20571.204724600455
NYIS,153,34464,2022-12-07 05:00:00,pf,17305.0,,1.0,0.01,47.13137884814214,-0.9976958573758119,79.42166210045662,0,20.0,18893.43324200913,18893.43324200913
NYIS,154,34632,2022-12-14 05:00:00,pf,39564.25,,1.0,0.01,46.10640591111225,-0.9306309671819551,79.81494748858447,0,0.0,39564.25,39564.25
NYIS,155,34800,2022-12-21 05:00:00,pf,56356.5,,1.0,0.012817107117819568,45.094554570728725,25.28385223236167,81.28012214611873,0,0.0,56356.5,56356.5
NYIS,156,34968,2022-12-28 05:00:00,pf,7029.75,,1.0,0.017018177291462606,50.43092485642326,45.387832370780934,83.85969292237444,0,100.0,15415.719292237443,15415.719292237443
NYIS,157,35136,2023-01-04 05:00:00,pf,8470.5,,1.0,0.016988078086036276,49.15593843780397,-32.28895167879334,84.4050993150685,0,100.0,16911.00993150685,16911.00993150685
NYIS,158,35304,2023-01-11 05:00:00,pf,7113.5,,1.0,0.014672480057550286,53.40914582990298,-48.06823124691269,83.13153310502284,0,100.0,15426.653310502285,15426.653310502285
NYIS,159,35472,2023-01-18 05:00:00,pf,4379.0,,1.0,0.01484047140308219,53.72118847072492,-34.46001591367748,81.28668721461186,0,100.0,12507.668721461185,12507.668721461185
NYIS,160,35640,2023-01-25 05:00:00,pf,5505.25,,1.0,0.014776409828987522,54.23407616597148,-28.426335584188152,78.98231621004567,0,100.0,13403.481621004566,13403.481621004566
NYIS,161,35808,2023-02-01 05:00:00,pf,36669.5,,1.0,0.011214180355373332,61.008228262975464,-15.820540549786639,76.31541095890411,0,100.0,44301.04109589041,44301.04109589041
NYIS,162,35976,2023-02-08 05:00:00,pf,6141.5,,1.0,0.013415548828475177,62.662731810898045,21.669058672263976,75.78662557077627,0,100.0,13720.162557077627,13720.162557077627
NYIS,163,36144,2023-02-15 05:00:00,pf,5279.75,,1.0,0.012328347964130017,64.62161638015642,-16.85440337208045,74.72795205479451,0,100.0,12752.545205479451,12752.545205479451
NYIS,164,36312,2023-02-22 05:00:00,pf,11587.5,,1.0,0.012930903974539876,61.04865704543099,-11.98655423492399,73.71374999999999,0,98.75,18866.7328125,18866.7328125
NYIS,165,36480,2023-03-01 05:00:00,pf,5174.25,,1.0,0.011652669862078047,65.22496664008621,2.1344190161626857,73.03315867579909,0,100.0,12477.56586757991,12477.56586757991
NYIS,166,36648,2023-03-08 05:00:00,pf,7489.25,,1.0,0.013123011050976395,60.40225401579641,-13.77914033865112,72.57706164383562,0,98.75,14656.234837328768,14656.234837328768
NYIS,167,36816,2023-03-15 05:00:00,pf,9504.0,,1.0,0.013244013073605813,59.74468907958249,-9.991133588095922,72.12613242009131,0,98.75,16626.45557648402,16626.45557648402
NYIS,168,36984,2023-03-22 05:00:00,pf,7162.5,,1.0,0.01215199987257125,58.63509237309176,-10.885910946803573,71.90540867579908,0,98.75,14263.159106735158,14263.159106735158
NYIS,169,37152,2023-03-29 05:00:00,pf,8489.5,,1.0,0.015657850520937468,42.02338969546644,-10.811735207059142,71.29815525114157,0,97.5,15441.070136986302,15441.070136986302
NYIS,170,37320,2023-04-05 05:00:00,pf,9124.0,,1.0,0.01,53.8709091248918,-13.87337444246637,70.60707534246576,0,98.75,16096.448690068493,16096.448690068493
NYIS,171,37488,2023-04-12 05:00:00,pf,9018.0,,1.0,0.01,53.597983582373715,-12.858988569072508,69.96696803652968,0,100.0,16014.696803652969,16014.696803652969
NYIS,172,37656,2023-04-19 05:00:00,pf,7027.75,,1.0,0.01,52.67220652998932,-8.370330760721066,69.34232762557077,0,98.75,13875.304853025114,13875.304853025114
NYIS,173,37824,2023-04-26 05:00:00,pf,4724.75,,1.0,0.01,53.19422270391629,-5.380749377590484,68.60312671232877,0,98.75,11499.308762842466,11499.308762842466
NYIS,174,37992,2023-05-03 05:00:00,pf,3500.0,,1.0,0.01,71.85792130788228,-9.99891849842557,67.85792579908676,0,100.0,10285.792579908677,10285.792579908677
NYIS,175,38160,2023-05-10 05:00:00,pf,9719.75,,1.0,0.01,49.16554283445555,-19.91292115717784,66.93865753424656,0,100.0,16413.615753424656,16413.615753424656
NYIS,176,38328,2023-05-17 05:00:00,pf,6083.75,,1.0,0.01,44.30363882922031,-15.299205038708864,65.96475570776256,0,100.0,12680.225570776256,12680.225570776256
NYIS,177,38496,2023-05-24 05:00:00,pf,4470.75,,1.0,0.01,42.06723875106961,-9.42531256936751,64.72152625570776,0,100.0,10942.902625570776,10942.902625570776
NYIS,178,38664,2023-05-31 05:00:00,pf,8651.0,,1.0,0.01,47.8795071045331,-4.747996525908922,63.684131278538814,0,98.75,14939.807963755708,14939.807963755708
NYIS,179,38832,2023-06-07 05:00:00,pf,4195.75,,1.0,0.01,37.26244424897159,-21.097514906132197,62.70606392694064,0,97.5,10309.591232876712,10309.591232876712
NYIS,180,39000,2023-06-14 05:00:00,pf,4449.5,,1.0,0.01,36.94570653464104,-20.0458980488494,61.61457191780822,0,98.75,10533.93897688356,10533.93897688356
NYIS,181,39168,2023-06-21 05:00:00,pf,6318.0,,1.0,0.01,36.97507686703765,-13.190805162391515,60.52588242009132,0,97.5,12219.273535958904,12219.273535958904
NYIS,182,39336,2023-06-28 05:00:00,pf,8655.75,,1.0,0.01,38.55634719430754,-4.893934508320402,59.78300799086758,0,95.0,14335.13575913242,14335.13575913242
NYIS,183,39504,2023-07-05 05:00:00,pf,17185.25,,1.0,0.01,29.71752805852711,-15.464202994917368,59.11805136986302,0,83.75,22136.38680222603,22136.38680222603
NYIS,184,39672,2023-07-12 05:00:00,pf,18010.5,,1.0,0.01,31.369032129429236,-19.144086517808514,58.638391552511415,0,83.75,22921.46529252283,22921.46529252283
NYIS,185,39840,2023-07-19 05:00:00,pf,10793.0,,1.0,0.01,33.91687715985839,-17.412274894813585,57.767690639269404,0,83.75,15631.044091038813,15631.044091038813
NYIS,186,40008,2023-07-26 05:00:00,pf,34309.75,,1.0,0.0106615902493189,31.630369429845388,-10.581512886607767,55.886832191780826,0,100.0,39898.433219178085,39898.433219178085
NYIS,187,40176,2023-08-02 05:00:00,pf,6033.0,,1.0,0.024792863815084675,23.70666684434503,-0.7799099572469214,54.93344748858448,0,97.5,11389.011130136987,11389.011130136987
NYIS,188,40344,2023-08-09 05:00:00,pf,8286.0,,1.0,0.028693615152204643,22.09417389191393,-19.884756502722535,53.278133561643834,0,83.75,12748.04368578767,12748.04368578767
NYIS,189,40512,2023-08-16 05:00:00,pf,8969.25,,1.0,0.02403667718934167,24.39495276188885,-21.955457485699963,52.04187671232877,0,98.75,14108.385325342466,14108.385325342466
NYIS,190,40680,2023-08-23 05:00:00,pf,3768.0,,1.0,0.02240444459306805,25.92015698031752,-17.97336763607567,50.794803652968035,0,97.5,8720.493356164385,8720.493356164385
NYIS,191,40848,2023-08-30 05:00:00,pf,11278.75,,1.0,0.020244323122656754,27.599310481117822,-11.710885859216273,49.192238584474886,0,62.5,14353.26491152968,14353.26491152968
NYIS,192,41016,2023-09-06 05:00:00,pf,17784.75,,1.0,0.012183409045973924,37.15595209867928,-16.44362898288404,47.91971118721462,0,83.75,21798.025811929223,21798.025811929223
NYIS,193,41184,2023-09-13 05:00:00,pf,4030.25,,1.0,0.01195572649382713,39.237750088602134,-7.98368783644762,47.064453196347024,0,97.5,8619.034186643836,8619.034186643836
NYIS,194,41352,2023-09-20 05:00:00,pf,4804.0,,1.0,0.010065590330394515,43.023224032119046,-12.118458623571014,45.80560273972602,0,100.0,9384.560273972602,9384.560273972602
NYIS,195,41520,2023-09-27 05:00:00,pf,6170.0,,1.0,0.01,42.65255939482518,-8.72187371748853,44.94281050228311,0,86.25,10046.31740582192,10046.31740582192
NYIS,196,41688,2023-10-04 05:00:00,pf,8698.25,,1.0,0.01,47.540092590191016,-6.995187442355132,44.42859703196346,0,100.0,13141.109703196347,13141.109703196347
NYIS,197,41856,2023-10-11 05:00:00,pf,9134.25,,1.0,0.01,45.690931371393724,-6.788510713473232,43.73574771689498,0,98.75,13453.155087043378,13453.155087043378
NYIS,198,42024,2023-10-18 05:00:00,pf,11480.75,,1.0,0.01,43.40991927851578,-3.679982552018849,43.05109018264841,0,88.75,15301.534253710046,15301.534253710046
NYIS,199,42192,2023-10-25 05:00:00,pf,14347.0,,1.0,0.01,42.44750163394673,0.6523417525472558,42.57498515981735,0,63.75,17061.155303938358,17061.155303938358
NYIS,200,42360,2023-11-01 05:00:00,pf,10229.25,,1.0,0.01,46.54541711408531,3.9730933826029484,42.206762557077624,0,87.5,13922.341723744292,13922.341723744292
NYIS,201,42528,2023-11-08 05:00:00,pf,8602.5,,1.0,0.01,41.869628073019584,-20.703967637722297,42.07633447488585,0,63.75,11284.866322773973,11284.866322773973
NYIS,202,42696,2023-11-15 05:00:00,pf,9240.0,,1.0,0.01,40.309825376329655,-19.34383402523368,41.90144292237442,0,62.5,11858.8401826484,11858.8401826484
NYIS,203,42864,2023-11-22 05:00:00,pf,11190.75,,1.0,0.01,40.265278446944514,-13.694385795346651,41.02424429223744,0,0.0,11190.75,11190.75
NYIS,204,43032,2023-11-29 05:00:00,pf,11103.0,,1.0,0.01,39.711488944932015,-7.468144083584817,40.424971461187205,0,8.75,11456.718500285388,11456.718500285388
NYIS,205,43200,2023-12-06 05:00:00,pf,9097.0,,1.0,0.01,38.52710241289712,-22.39432080215642,39.99847831050228,0,92.5,12796.859243721461,12796.859243721461
NYIS,206,43368,2023-12-13 05:00:00,pf,6608.0,,1.0,0.01,42.25861939540944,-26.43895143215233,39.60919520547945,0,63.75,9133.086194349315,9133.086194349315
NYIS,207,43536,2023-12-20 05:00:00,pf,4230.0,,1.0,0.01,44.235504809731296,-22.940032755170762,37.985133561643835,0,100.0,8028.513356164383,8028.513356164383
NYIS,208,43704,2023-12-27 05:00:00,pf,5735.25,,1.0,0.01,39.22288924542327,-7.388282116498219,35.229650684931514,0,55.0,7672.8807876712335,7672.8807876712335
NYIS,209,43872,2024-01-03 05:00:00,pf,12911.75,,1.0,0.01612268668121981,24.055885597577003,-5.045936203546435,33.917350456621,0,0.0,12911.75,12911.75
NYIS,210,44040,2024-01-10 05:00:00,pf,32565.25,,1.0,0.01722074987667635,24.118767385077216,0.1787265263358017,33.97827168949772,0,0.0,32565.25,32565.25
NYIS,211,44208,2024-01-17 05:00:00,pf,39912.25,,1.0,0.01889653227854619,29.730431282970912,21.327623065369483,34.678501141552516,0,0.0,39912.25,39912.25
NYIS,212,44376,2024-01-24 05:00:00,pf,8760.5,,1.0,0.023250083654898897,32.771832447674136,29.494649202906718,36.41416552511415,0,1.25,8806.017706906392,8806.017706906392
NYIS,213,44544,2024-01-31 05:00:00,pf,5846.0,,1.0,0.022305410635649024,32.95829401967098,-17.38666958307425,36.42632420091324,0,11.25,6255.796147260274,6255.796147260274
NYIS,214,44712,2024-02-07 05:00:00,pf,5966.25,,1.0,0.019104644360591373,34.76319842303002,-4.474956139780843,35.151924657534245,0,0.0,5966.25,5966.25
NYIS,215,44880,2024-02-14 05:00:00,pf,7515.75,,1.0,0.01873248631621146,34.80034155263092,-7.820055322644982,35.11656278538813,0,62.5,9710.535174086759,9710.535174086759
NYIS,216,45048,2024-02-21 05:00:00,pf,4684.5,,1.0,0.019345069080797653,34.364252350056304,-6.828245421340832,35.20264155251141,0,96.25,8072.754249429223,8072.754249429223
NYIS,217,45216,2024-02-28 05:00:00,pf,5058.0,,1.0,0.021586674663195474,32.96217802242355,-7.596323375071649,34.920550228310496,0,86.25,8069.897457191781,8069.897457191781
NYIS,218,45384,2024-03-06 05:00:00,pf,4648.0,,1.0,0.01589545011164179,37.24916001015842,-2.41228530858645,34.72528310502283,0,96.25,7990.308498858448,7990.308498858448
NYIS,219,45552,2024-03-13 05:00:00,pf,5938.0,,1.0,0.015029243927331645,37.203321875181,1.0536078360969727,34.497433789954336,0,83.75,8827.160079908675,8827.160079908675
NYIS,220,45720,2024-03-20 05:00:00,pf,6654.5,,1.0,0.014184032610033035,38.25842390496875,0.5223356610281131,34.25835958904109,0,98.75,10037.513009417808,10037.513009417808
NYIS,221,45888,2024-03-27 05:00:00,pf,3552.25,,1.0,0.014347770822217495,38.25272141655661,4.1897934381678406,34.25694634703196,0,88.75,6592.553988299087,6592.553988299087
NYIS,222,46056,2024-04-03 05:00:00,pf,3442.5,,1.0,0.015322701597194769,36.92744673192762,-0.15846369640205488,34.18284589041097,0,88.75,6476.227572773973,6476.227572773973
NYIS,223,46224,2024-04-10 05:00:00,pf,4828.5,,1.0,0.01441318791477619,37.46518916835828,-1.499942205310386,34.165859589041105,0,86.25,7775.3053895547955,7775.3053895547955
NYIS,224,46392,2024-04-17 05:00:00,pf,6009.0,,1.0,0.018960052128796853,27.560819318086864,-2.095124656810636,34.08169178082192,0,87.5,8991.148030821918,8991.148030821918
NYIS,225,46560,2024-04-24 05:00:00,pf,5578.75,,1.0,0.01,25.425832679886035,-2.45473048762367,33.998666666666665,0,82.5,8383.64,8383.64
NYIS,226,46728,2024-05-01 05:00:00,pf,4475.25,,1.0,0.01,53.47430818541309,-2.8720754107448716,33.93153424657534,0,88.75,7486.673664383561,7486.673664383561
NYIS,227,46896,2024-05-08 05:00:00,pf,3637.5,,1.0,0.01,24.079664243953005,0.6097985211576857,33.88680707762557,0,82.5,6433.16158390411,6433.16158390411
NYIS,228,47064,2024-05-15 05:00:00,pf,5333.0,,1.0,0.01,24.272759203317126,2.012569476610266,33.91875342465753,0,58.75,7325.72676369863,7325.72676369863
NYIS,229,47232,2024-05-22 05:00:00,pf,11240.75,,1.0,0.01,23.700673730433554,2.2018773755770504,33.998343607305934,0,62.5,13365.64647545662,13365.64647545662
NYIS,230,47400,2024-05-29 05:00:00,pf,5651.75,,1.0,0.01,24.105710645785198,4.136209813540547,34.20350684931506,0,83.75,8516.293698630136,8516.293698630136
NYIS,231,47568,2024-06-05 05:00:00,pf,5481.75,,1.0,0.011745759945759932,19.261767232476824,-0.776919193864124,34.184203196347035,0,83.75,8344.677017694064,8344.677017694064
NYIS,232,47736,2024-06-12 05:00:00,pf,17448.5,,1.0,0.010329981390699957,20.570856910062947,-1.7037722311063197,34.24215753424657,0,0.0,17448.5,17448.5
NYIS,233,47904,2024-06-19 05:00:00,pf,29297.25,,1.0,0.01,21.829169099016124,1.7161081318221343,34.41713698630137,0,20.0,29985.592739726028,29985.592739726028
NYIS,234,48072,2024-06-26 05:00:00,pf,8941.5,,1.0,0.01,26.44295840640462,10.474720438757931,34.82317808219178,0,62.5,11117.948630136987,11117.948630136987
NYIS,235,48240,2024-07-03 05:00:00,pf,19600.25,,1.0,0.026061022484227196,14.909988082445649,-2.711185086393377,34.736575342465756,0,20.0,20294.981506849315,20294.981506849315
NYIS,236,48408,2024-07-10 05:00:00,pf,41428.25,,1.0,0.02602903596795549,16.037152083353718,-1.0350219799074818,34.66866666666667,0,0.0,41428.25,41428.25
NYIS,237,48576,2024-07-17 05:00:00,pf,18955.25,,1.0,0.03960623831160655,17.659032037212604,7.111521630863973,35.022924657534254,0,20.0,19655.708493150683,19655.708493150683
NYIS,238,48744,2024-07-24 05:00:00,pf,13160.5,,1.0,0.04584671233052041,17.33398553137874,-3.344322978254631,35.16437785388128,0,20.0,13863.787557077625,13863.787557077625
NYIS,239,48912,2024-07-31 05:00:00,pf,25843.5,,1.0,0.01,82.14309212873063,-4.763797945934949,34.79769178082192,0,41.25,27278.904785958905,27278.904785958905
NYIS,240,49080,2024-08-07 05:00:00,pf,6237.25,,1.0,0.05399798014792869,17.466171417752992,8.784590515352381,35.17262100456621,0,62.5,8435.538812785388,8435.538812785388
NYIS,241,49248,2024-08-14 05:00:00,pf,7281.5,,1.0,0.05504648219361472,17.406708474303056,-1.343769004183431,35.190624429223746,0,83.75,10228.71479594749,10228.71479594749
NYIS,242,49416,2024-08-21 05:00:00,pf,11679.0,,1.0,0.05613078200312531,17.40901519713439,0.27403957374724125,35.246985159817356,0,20.0,12383.939703196347,12383.939703196347
NYIS,243,49584,2024-08-28 05:00:00,pf,7850.75,,1.0,0.05443413035738909,17.731173918931464,-1.1301086434317218,35.37109703196347,0,83.75,10813.07937642694,10813.07937642694
NYIS,244,49752,2024-09-04 05:00:00,pf,6547.0,,1.0,0.032987409647066965,23.39101779502195,0.45837755393639623,35.476068493150684,0,62.5,8764.254280821919,8764.254280821919
NYIS,245,49920,2024-09-11 05:00:00,pf,10456.5,,1.0,0.041884634660509505,20.787958014746522,1.8434876896766703,35.14495776255708,0,30.0,11510.848732876711,11510.848732876711
NYIS,246,50088,2024-09-18 05:00:00,pf,6871.0,,1.0,0.04274281292065012,20.23348640214399,3.970501095841134,35.28038242009133,0,41.25,8326.315774828767,8326.315774828767
NYIS,247,50256,2024-09-25 05:00:00,pf,6063.0,,1.0,0.031657427967530335,21.59382027182869,2.8629666133790797,35.48030479452054,0,76.25,8768.373240582192,8768.373240582192
NYIS,248,50424,2024-10-02 05:00:00,pf,9597.75,,1.0,0.012443220623491623,36.98549797325883,2.3970991062342333,35.64349771689498,0,53.75,11513.588002283104,11513.588002283104
NYIS,249,50592,2024-10-09 05:00:00,pf,13555.25,,1.0,0.013739514956389589,32.8657022298097,-1.3264414609428128,35.74299429223744,0,0.0,13555.25,13555.25
NYIS,250,50760,2024-10-16 05:00:00,pf,13782.75,,1.0,0.012138049219464486,27.469913666161872,-1.1234781888321956,35.91433561643836,0,62.5,16027.395976027397,16027.395976027397
NYIS,251,50928,2024-10-23 05:00:00,pf,13880.5,,1.0,0.010447920475632285,26.423090959060094,-1.1391521127522644,36.055066210045666,0,72.5,16494.49230022831,16494.49230022831
NYIS,252,51096,2024-10-30 05:00:00,pf,9398.5,,1.0,0.011036552729664643,24.87181442160522,-2.488268877616946,36.097712328767116,0,87.5,12557.049828767122,12557.049828767122
NYIS,253,51264,2024-11-06 05:00:00,pf,12532.5,,1.0,0.01,27.212316094937155,0.258461011413239,36.0520890410959,0,21.25,13298.606892123287,13298.606892123287
NYIS,254,51432,2024-11-13 05:00:00,pf,10778.75,,1.0,0.01,26.462831053635977,1.4778099371576099,36.04197146118721,0,62.5,13031.3732163242,13031.3732163242
NYIS,255,51600,2024-11-20 05:00:00,pf,10121.0,,1.0,0.01,27.282110082449513,3.181037911351534,36.02624086757991,0,11.25,10526.295209760274,10526.295209760274
NYIS,256,51768,2024-11-27 05:00:00,pf,23368.0,,1.0,0.01,27.321243907447872,6.204378606342885,36.04046118721461,0,2.5,23458.101152968036,23458.101152968036
NYIS,257,51936,2024-12-04 05:00:00,pf,15579.75,,1.0,0.010523886972989038,30.208335861823613,16.25412659074034,36.48584931506849,0,0.0,15579.75,15579.75
NYIS,258,52104,2024-12-11 05:00:00,pf,14012.5,,1.0,0.013373908845693049,29.794971983263764,9.7539474513263,36.99570319634704,0,5.0,14197.478515981735,14197.478515981735
NYIS,259,52272,2024-12-18 05:00:00,pf,25160.75,,1.0,0.01741972972716505,27.40997544940113,2.7683471876349466,37.56740182648401,0,1.25,25207.709252283104,25207.709252283104
NYIS,260,52440,2024-12-25 05:00:00,pf,13622.75,,1.0,0.023360465948906714,26.329928136602426,18.226838824805984,38.815519406392696,0,1.25,13671.269399257992,13671.269399257992
NYIS,261,52608,2025-01-01 05:00:00,pf,28225.75,,1.0,0.02959132475283466,23.416350374344418,-6.5598428759297684,39.46683789954338,0,0.0,28225.75,28225.75
NYIS,262,52776,2025-01-08 05:00:00,pf,24653.25,,1.0,0.022263042478043338,30.066219066557064,3.89351289710099,40.28491552511415,0,0.0,24653.25,24653.25
NYIS,263,52944,2025-01-15 05:00:00,pf,52714.0,,1.0,0.021897984633615555,35.16574443599629,13.933556593642889,41.14066210045662,0,0.0,52714.0,52714.0
NYIS,264,53112,2025-01-22 05:00:00,pf,37859.0,,1.0,0.01340624336951742,56.65943729402568,50.99349356462311,41.76102853881278,0,0.0,37859.0,37859.0
NYIS,265,53280,2025-01-29 05:00:00,pf,28469.25,,1.0,0.016909421460820865,58.495449134181236,32.63499845974328,44.27691894977169,0,0.0,28469.25,28469.25
NYIS,266,53448,2025-02-05 05:00:00,pf,35961.5,,1.0,0.018984959221348616,58.034697532671466,8.187568926095842,45.32012328767124,0,0.0,35961.5,35961.5
NYIS,267,53616,2025-02-12 05:00:00,pf,34758.75,,1.0,0.02123635630793325,57.52069350155694,24.029900464925472,46.758736301369865,0,1.25,34817.19842037671,34817.19842037671
NYIS,268,53784,2025-02-19 05:00:00,pf,26998.5,,1.0,0.022865753699130683,57.56285652259534,22.438577450306955,48.42178196347032,0,2.5,27119.554454908677,27119.554454908677
NYIS,269,53952,2025-02-26 05:00:00,pf,26676.25,,1.0,0.024341379518883263,57.77992852032338,13.22660519611719,50.179477168949774,0,0.0,26676.25,26676.25
NYIS,270,54120,2025-03-05 05:00:00,pf,12996.75,,1.0,0.029239803260724232,53.500110172057674,3.0715517695622108,50.97603767123288,0,41.25,15099.511553938357,15099.511553938357
NYIS,271,54288,2025-03-12 05:00:00,pf,12709.25,,1.0,0.029887814893656314,52.26430743950184,6.924492646541842,51.42511757990867,0,77.5,16694.696612442924,16694.696612442924
NYIS,272,54456,2025-03-19 05:00:00,pf,13570.75,,1.0,0.031323787877047156,50.897110405813144,1.808652882317468,51.86081506849315,0,2.5,13700.402037671232,13700.402037671232
NYIS,273,54624,2025-03-26 05:00:00,pf,8442.25,,1.0,0.03233609786137865,49.367819148292284,0.20008001479692422,52.18918036529681,0,92.5,13269.749183789954,13269.749183789954
NYIS,274,54792,2025-04-02 05:00:00,pf,12274.75,,1.0,0.03475478442561201,47.43033142691788,-0.1426706289568887,52.57061757990867,0,0.0,12274.75,12274.75
NYIS,275,54960,2025-04-09 05:00:00,pf,14337.25,,1.0,0.035440977130954704,45.7832878331192,10.665167802998694,52.97425799086758,0,21.25,15462.952982305937,15462.952982305937
NYIS,276,55128,2025-04-16 05:00:00,pf,8056.0,,1.0,0.037504008259950775,42.54605970122743,10.64497736453638,53.49527168949773,0,88.75,12803.705362442925,12803.705362442925
NYIS,277,55296,2025-04-23 05:00:00,pf,8220.25,,1.0,0.04888484382914971,32.67311508626756,0.14434180851350362,53.75130593607307,0,87.5,12923.489269406393,12923.489269406393
NYIS,278,55464,2025-04-30 05:00:00,pf,9224.5,,1.0,0.036579063488401196,31.470544458487865,-4.989845607443033,53.90665410958905,0,82.5,13671.798964041096,13671.798964041096
NYIS,279,55632,2025-05-07 05:00:00,pf,8087.75,,1.0,0.02932534455995715,32.7416361157753,3.624332030149493,54.22140753424657,0,86.25,12764.346399828766,12764.346399828766
NYIS,280,55800,2025-05-14 05:00:00,pf,10393.5,,1.0,0.031801607148318575,28.04501106309265,1.994757458888951,54.46476712328767,0,86.25,15091.086164383561,15091.086164383561
NYIS,281,55968,2025-05-21 05:00:00,pf,7414.25,,1.0,0.03369722358473455,24.034428845407245,0.06380915753480057,54.667235159817345,0,100.0,12880.973515981736,12880.973515981736
NYIS,282,56136,2025-05-28 05:00:00,pf,8374.5,,1.0,0.029127230996192643,22.268118887111036,-3.73412249978397,54.62647602739726,0,87.5,13154.316652397261,13154.316652397261
NYIS,283,56304,2025-06-04 05:00:00,pf,10486.5,,1.0,0.037780592871160146,16.864583987261838,-3.6415041803739547,54.694656392694064,0,83.75,15067.177472888128,15067.177472888128
NYIS,284,56472,2025-06-11 05:00:00,pf,9427.0,,1.0,0.04114883777698992,14.923346833410887,0.5142499448885176,54.87153196347032,0,83.75,14022.49080194064,14022.49080194064
NYIS,285,56640,2025-06-18 05:00:00,pf,55931.5,,1.0,0.03324844202654895,15.952340944007613,-1.1687014726655398,54.990146118721455,0,0.0,55931.5,55931.5
NYIS,286,56808,2025-06-25 05:00:00,pf,31886.25,,1.0,0.030836483413184075,24.431513091104346,20.294581394004467,55.340680365296805,0,10.0,32439.656803652968,32439.656803652968
NYIS,287,56976,2025-07-02 05:00:00,pf,28550.5,,1.0,0.0371001787711414,24.677238747455856,10.114949779078497,55.87854223744293,0,20.0,29668.070844748858,29668.070844748858
NYIS,288,57144,2025-07-09 05:00:00,pf,27379.25,,1.0,0.03680216685737158,25.42958488056712,4.968362434195564,56.30842237442922,0,16.25,28294.261863584474,28294.261863584474
NYIS,289,57312,2025-07-16 05:00:00,pf,36673.0,,1.0,0.03142366792891298,28.024422655822246,7.232976542599788,56.53292694063927,0,62.5,40206.307933789954,40206.307933789954
NYIS,290,57480,2025-07-23 05:00:00,pf,89095.0,,1.0,0.033645359695817174,30.92921208378657,9.518837673995254,57.02849771689498,0,0.0,89095.0,89095.0
NYIS,291,57648,2025-07-30 05:00:00,pf,33681.5,,1.0,0.04412664892600818,35.79300247581134,12.839185220901077,58.038786529680365,0,62.5,37308.92415810502,37308.92415810502
NYIS,292,57816,2025-08-06 05:00:00,pf,39063.25,,1.0,0.04292366964389268,39.0865859769913,8.650558533042657,58.29994178082192,0,0.0,39063.25,39063.25
NYIS,293,57984,2025-08-13 05:00:00,pf,21915.5,,1.0,0.044714678493340806,39.53512289455724,10.989129343959613,58.91875228310502,0,83.75,26849.945503710045,26849.945503710045
NYIS,294,58152,2025-08-20 05:00:00,pf,9993.25,,1.0,0.04633897906711006,39.32860461173639,4.858953861189952,59.37671461187214,0,97.5,15782.479674657534,15782.479674657534
NYIS,295,58320,2025-08-27 05:00:00,pf,7275.5,,1.0,0.0493144280659814,38.24958637228188,-7.9148739264693155,59.52492579908675,0,97.5,13079.180265410958,13079.180265410958
NYIS,296,58488,2025-09-03 05:00:00,pf,8213.5,,1.0,0.048490593928739,38.660149327519655,-8.222352406219962,59.43317465753425,0,100.0,14156.817465753425,14156.817465753425
NYIS,297,58656,2025-09-10 05:00:00,pf,9692.0,,1.0,0.04881763312633523,38.52844934526729,2.310536807245641,59.57430593607306,0,100.0,15649.430593607307,15649.430593607307
NYIS,298,58824,2025-09-17 05:00:00,pf,12460.5,,1.0,0.048658041767282285,38.5437804964775,2.3938583812800607,59.6374805936073,0,85.0,17529.68585045662,17529.68585045662
NYIS,299,58992,2025-09-24 05:00:00,pf,12753.75,,1.0,0.06651980693737426,30.922067274089216,3.890358137273425,59.75092694063927,0,97.5,18579.465376712327,18579.465376712327
NYIS,300,59160,2025-10-01 05:00:00,pf,22762.5,,1.0,0.053993799067872446,32.18161353931601,6.060440825097298,59.94384817351598,0,87.5,28007.58671518265,28007.58671518265
NYIS,301,59328,2025-10-08 05:00:00,pf,12809.0,,1.0,0.05619254413006605,31.401908702481137,2.1923668469317983,60.141889269406384,0,92.5,18372.12475742009,18372.12475742009
NYIS,302,59496,2025-10-15 05:00:00,pf,16133.0,,1.0,0.059062445792035824,30.386183053891035,1.8941511960819528,60.32475570776257,0,83.75,21185.198290525113,21185.198290525113
NYIS,303,59664,2025-10-22 05:00:00,pf,23359.5,,1.0,0.06225866355664163,27.571893373055072,1.1277439633711184,60.47339269406393,0,83.75,28424.146638127855,28424.146638127855
NYIS,304,59832,2025-10-29 05:00:00,pf,17628.25,,1.0,0.09789722122699651,17.275326762248802,5.236397182202158,60.86062671232877,0,62.5,21432.039169520547,21432.039169520547
NYIS,305,60000,2025-11-05 05:00:00,pf,22047.25,,1.0,0.0687677188715755,15.712657043054449,7.168551212974957,61.26324657534247,0,0.0,22047.25,22047.25
NYIS,306,60168,2025-11-12 05:00:00,pf,17885.5,,1.0,0.06375594367348257,15.0719317028978,8.957638824867614,61.75985958904109,0,21.25,19197.897016267125,19197.897016267125
NYIS,307,60336,2025-11-19 05:00:00,pf,16557.0,,1.0,0.04443136028808431,17.613165096110265,7.576476094139935,62.24545205479453,0,42.5,19202.43171232877,19202.43171232877
NYIS,308,60504,2025-11-26 05:00:00,pf,20455.0,,1.0,0.05005500764191731,17.144527637060563,7.441913383968476,62.72258561643835,0,0.0,20455.0,20455.0
NYIS,309,60672,2025-12-03 05:00:00,pf,36626.75,,1.0,0.07626471625169884,14.73212019870687,2.505452509710651,62.876992009132415,0,0.0,36626.75,36626.75
NYIS,310,60840,2025-12-10 05:00:00,pf,29909.0,,1.0,0.04805869272251728,21.427111295401154,19.28440016586104,64.15830821917808,0,1.25,29989.197885273974,29989.197885273974
NYIS,311,61008,2025-12-17 05:00:00,pf,12223.5,,1.0,0.04588075395236894,24.151328156233728,20.02687957113908,65.60267465753425,0,32.5,14355.586926369862,14355.586926369862
NYIS,312,61176,2025-12-24 05:00:00,pf,16167.75,,1.0,0.039319563618833,26.74098656245149,-18.341401227701155,65.22364726027398,0,0.0,16167.75,16167.75
NYIS,313,61344,2025-12-31 05:00:00,pf,21158.75,,1.0,0.030080436982434202,31.58050058174785,-15.857509659268402,65.25065410958904,0,1.25,21240.313317636985,21240.313317636985
NYIS,314,61512,2026-01-07 05:00:00,pf,7452.0,,1.0,0.0445206295923681,26.739779478144854,-8.701185762495578,66.31583675799087,0,92.5,13586.214900114155,13586.214900114155
NYIS,315,61680,2026-01-14 05:00:00,pf,26209.5,,1.0,0.01933101203482903,40.5063586526287,-36.45572278736582,65.05401598173515,0,1.25,26290.81751997717,26290.81751997717
NYIS,316,61848,2026-01-21 05:00:00,pf,79743.5,,1.0,0.017931175605578144,42.72658584609079,-20.77618444639939,63.80374657534247,0,0.0,79743.5,79743.5
NYIS,317,62016,2026-01-28 05:00:00,pf,118031.75,,1.0,0.01,88.6523460477812,79.78711144300307,65.89136415525114,0,2.5,118196.47841038812,118196.47841038812
NYIS,318,62184,2026-02-04 05:00:00,pf,63099.0,,1.0,0.022062520469162225,122.22634051830119,110.00370646647106,71.45544863013698,0,2.5,63277.638621575345,63277.638621575345
NYIS,319,62352,2026-02-11 05:00:00,pf,14047.0,,1.0,0.022496100718563818,124.55691662415516,34.53787694478329,73.54575913242009,0,77.5,19746.796332762555,19746.796332762555
NYIS,320,62520,2026-02-18 05:00:00,pf,14957.25,,1.0,0.02207302356021542,125.88053587698539,-37.342299387593435,72.84540410958904,0,1.25,15048.306755136986,15048.306755136986
NYIS,321,62688,2026-02-25 05:00:00,pf,22497.5,,1.0,0.02024123919346665,131.13249087856212,-38.73445377149765,71.44703196347032,0,21.25,24015.749429223746,24015.749429223746
NYIS,322,62856,2026-03-04 05:00:00,pf,11433.75,,1.0,0.02110516471866901,129.07050404659185,-13.649677066881253,71.50499543378996,0,98.75,18494.86829908676,18494.86829908676
NYIS,323,63024,2026-03-11 05:00:00,pf,13395.75,,1.0,0.02151984477757954,127.15718858046276,-0.461950316400376,71.3551792237443,0,66.25,18123.03062357306,18123.03062357306
NYIS,324,63192,2026-03-18 05:00:00,pf,16654.5,,1.0,0.02131515017786549,127.02220802326383,0.6005829727408946,71.39812785388128,0,87.5,22901.836187214612,22901.836187214612
NYIS,325,63360,2026-03-25 05:00:00,pf,11611.25,,1.0,0.021650812324700973,126.04329436136796,2.016739527876684,71.52657305936073,0,97.5,18585.09087328767,18585.09087328767
NYIS,326,63528,2026-04-01 05:00:00,pf,8514.25,,1.0,0.020801209772136283,128.52648679113213,-4.815290000472507,71.39188127853882,0,98.75,15564.198276255709,15564.198276255709
NYIS,327,63696,2026-04-08 05:00:00,pf,13666.75,,1.0,0.021446987041458497,125.88443337133438,-2.8590334350821913,71.19135388127854,0,85.0,19718.015079908677,19718.015079908677
NYIS,328,63864,2026-04-15 05:00:00,pf,22454.25,,1.0,0.021516546607183898,125.93851518011004,0.13910431921629618,70.88257420091324,0,86.25,28567.87202482877,28567.87202482877
NYIS,329,64032,2026-04-22 05:00:00,pf,13188.75,,1.0,0.021893587025789203,125.05360350607279,5.7735045646080785,71.00939954337899,0,87.5,19402.07246004566,19402.07246004566
NYIS,330,64200,2026-04-29 05:00:00,pf,14433.5,,1.0,0.035375301430840146,91.54415713089882,-1.1704382797855484,71.12943721461187,0,87.5,20657.325756278537,20657.325756278537
NYIS,331,64368,2026-05-06 05:00:00,pf,11301.0,,1.0,0.011913487119597355,63.19318574738222,0.5078167672853477,71.13270205479452,0,100.0,18414.27020547945,18414.27020547945
NYIS,332,64536,2026-05-13 05:00:00,pf,19085.5,,1.0,0.01,53.43941064465612,3.080764795146312,71.19767351598173,0,63.75,23624.351686643837,23624.351686643837
