market,week_idx,eval_start,eval_start_ts,method,revenue,soc_end,score,pf_score,value_capture,theta,sigma_stat,mu_eff,q,mask_violations
CISO_shape,0,8760,2024-02-20 08:00:00,dp,18702.9685,0.0,18702.9685,21037.71179490011,0.8890210438444122,0.013305966475412106,37.03092862409754,-14.513296597014397,55.042351836757994,0
CISO_shape,1,8928,2024-02-27 08:00:00,dp,12289.44725,20.0,13368.499306735159,15086.761202119009,0.8861079676171641,0.01074708066791746,40.15767674372266,-14.503288120877803,53.95260283675799,0
CISO_shape,2,9096,2024-03-05 08:00:00,dp,17157.341499999995,0.0,17157.341499999995,20578.011264286524,0.8337706340834229,0.012314726508563406,35.8736967952038,-13.200480797481339,52.80890278196347,0
CISO_shape,3,9264,2024-03-12 08:00:00,dp,24828.208250000003,20.0,25866.07045212329,28461.07854453339,0.9088225666378152,0.012547789222928906,35.54708554431248,-8.27967985461772,51.893110106164386,0
CISO_shape,4,9432,2024-03-19 08:00:00,dp,21048.445500000005,20.0,22071.10397294521,24965.014532812504,0.8840813588927131,0.013136080409479566,35.775336472785895,-8.222983987035985,51.13292364726027,0
CISO_shape,5,9600,2024-03-26 08:00:00,dp,18795.197,23.75,19991.14196822774,22311.207622910966,0.896013443382563,0.01210170608369888,38.412492321614664,-7.616584456174726,50.35557760958904,0
CISO_shape,6,9768,2024-04-02 08:00:00,dp,13382.61475,23.75,14561.959286111587,17872.116864329335,0.814786485375751,0.01,42.886576149529084,-4.058868137961071,49.65661204680366,0
CISO_shape,7,9936,2024-04-09 08:00:00,dp,19848.006749999997,23.75,21012.410271619574,23924.711732353022,0.8782722444761921,0.011627421764987432,40.27363422987233,-6.231620267911918,49.027516699771695,0
CISO_shape,8,10104,2024-04-16 08:00:00,dp,27266.69,23.75,28419.394647091893,30179.529347639844,0.9416778611663272,0.019646379904176035,29.68117122571275,-6.578046226525439,48.53493250913242,0
CISO_shape,9,10272,2024-04-23 08:00:00,dp,27720.952,20.0,28680.126569634704,30971.307937571342,0.9260224536672795,0.019569676558220738,29.431736243069054,-7.828286460131022,47.95872848173516,0
CISO_shape,10,10440,2024-04-30 08:00:00,dp,21413.753999999994,17.5,22242.119474560495,24777.484110082758,0.8976746539617175,0.01,43.943243019928055,-7.223186165739049,47.335169974885844,0
CISO_shape,11,10608,2024-05-07 08:00:00,dp,23138.607250000005,25.0,24321.850617751144,26409.671460679234,0.9209448384832579,0.01888997691559778,33.0217079906671,1.7035297915417045,47.329734710045656,0
CISO_shape,12,10776,2024-05-14 08:00:00,dp,24312.191749999994,22.5,25381.317056729447,27086.72597691781,0.9370389421873415,0.018915698147473202,31.672974229800715,2.3205734173997143,47.51668029908676,0
CISO_shape,13,10944,2024-05-21 08:00:00,dp,29045.902499999997,23.75,30171.1129084589,32605.958131609586,0.9253251441554713,0.01607690659483978,32.759939257841694,-1.4276828567890565,47.377280356164384,0
CISO_shape,14,11112,2024-05-28 08:00:00,dp,21010.414000000004,22.5,22073.331746309937,24284.38723523973,0.9089515635082087,0.015156138210050707,33.49193258141586,-5.395350040862473,47.240788724885846,0
CISO_shape,15,11280,2024-06-04 08:00:00,dp,20235.68049999999,22.5,21299.186870684924,23142.924982739725,0.9203325373335529,0.010107354106823266,40.50425027467796,-0.6418386937267216,47.26694980821918,0
CISO_shape,16,11448,2024-06-11 08:00:00,dp,21760.421250000003,18.75,22643.101342294525,24800.1901930137,0.9130212779042786,0.010684938351131313,39.451099717068345,0.8378939657496169,47.0762715890411,0
CISO_shape,17,11616,2024-06-18 08:00:00,dp,17473.84075,22.5,18531.509729109588,19979.723911872145,0.9275158060666687,0.011790037752327653,37.99169859383881,-0.3679039351901636,47.0075101826484,0
CISO_shape,18,11784,2024-06-25 08:00:00,dp,16525.6605,22.5,17585.759228655825,18815.344478655825,0.9346498677505031,0.01,39.83446801641576,4.166989541667845,47.11549905136986,0
CISO_shape,19,11952,2024-07-02 08:00:00,dp,32569.825500000006,22.5,33628.8886135274,38299.33688741439,0.878054069509967,0.013585715780112353,34.53505309846629,4.497871601544013,47.06947171232876,0
CISO_shape,20,12120,2024-07-09 08:00:00,dp,65127.20575,16.25,65895.0744342266,66921.04944336186,0.9846688744771764,0.016803837568236914,33.80962575264518,-8.229421843805445,47.253457490867575,0
CISO_shape,21,12288,2024-07-16 08:00:00,dp,21328.321249999997,0.0,21328.321249999997,22666.758741643833,0.9409515269960133,0.08042516184169071,36.140920639382344,-2.9563427527589567,47.39601073972603,0
CISO_shape,22,12456,2024-07-23 08:00:00,dp,36131.7425,16.25,36894.571710074204,38175.371740410956,0.9664495728019081,0.06914263164869186,39.28157478454722,-8.786714326647296,46.94333600456621,0
CISO_shape,23,12624,2024-07-30 08:00:00,dp,44695.431,5.0,44928.85351352739,46495.51849999999,0.966305032463019,0.0663321312541331,43.78062967042454,-4.006231039847283,46.68450270547945,0
CISO_shape,24,12792,2024-08-06 08:00:00,dp,21877.666750000004,43.75,23914.761088634423,25212.63256804795,0.9485229685590896,0.11920787293862187,35.90971541060022,-2.5657372536960996,46.56215631164383,0
CISO_shape,25,12960,2024-08-13 08:00:00,dp,11685.498500000002,0.0,11685.498500000002,14633.695912825342,0.7985336424654372,0.12767835835609348,36.23029897905122,-8.897242851943474,46.23622942808219,0
CISO_shape,26,13128,2024-08-20 08:00:00,dp,12246.582,1.25,12302.63732626427,14597.414762234588,0.8427956269416139,0.2254985836299986,27.673158008992072,-6.676245463435764,44.844261011415526,0
CISO_shape,27,13296,2024-08-27 08:00:00,dp,14304.970000000001,1.25,14360.52427924943,15956.751268210617,0.8999654151317615,0.21917887825647045,28.007064450848773,-7.5790640636873565,44.44342339954338,0
CISO_shape,28,13464,2024-09-03 08:00:00,dp,27156.344999999994,10.0,27597.844540273967,53865.36502308217,0.5123486033826717,0.2986916012235393,24.446421871724777,-4.40666140377354,44.14995402739726,0
CISO_shape,29,13632,2024-09-10 08:00:00,dp,2824.9137499999993,90.0,6811.856263424657,13236.65522287671,0.5146206612416578,0.3118189155792715,27.56276312061188,5.069424116593954,44.299361260273976,0
CISO_shape,30,13800,2024-09-17 08:00:00,dp,9109.251250000001,20.0,9987.34564627854,12480.352991859305,0.8002454460056614,0.31677597947915637,27.366625651724373,-5.762461119490136,43.90471981392694,0
CISO_shape,31,13968,2024-09-24 08:00:00,dp,9110.268500000002,66.25,12012.099029824487,14350.120349751713,0.8370730514488209,0.3267281020641143,27.06470668258318,-2.311347442673512,43.80121554452054,0
CISO_shape,32,14136,2024-10-01 08:00:00,dp,41640.44825000001,25.0,42735.709391495446,46141.98650000001,0.9261783601686814,0.22441099888880706,31.82397850615612,-0.7331984122369382,43.81044565981735,0
CISO_shape,33,14304,2024-10-08 08:00:00,dp,9291.219000000003,50.0,11486.743641552515,17587.767499999998,0.65310981860276,0.30906070211668263,28.229213585889795,-0.26937606887555804,43.910492831050234,0
CISO_shape,34,14472,2024-10-15 08:00:00,dp,1718.882,75.0,5009.736163356165,11577.445110228313,0.43271517296421635,0.28190894905543684,23.91052630924506,-7.836908856353953,43.878055511415525,0
CISO_shape,35,14640,2024-10-22 08:00:00,dp,5232.466749999998,25.0,6313.3414628710025,7966.862999999995,0.7924501102718857,0.2359642880609443,26.749619594387816,-11.153740384215824,43.234988514840175,0
CISO_shape,36,14808,2024-10-29 08:00:00,dp,4975.077000000002,8.75,5349.262478063643,9478.0015,0.5643871736107705,0.2561399284114645,29.595426213849137,-8.718847760605344,42.76405463584475,0
CISO_shape,37,14976,2024-11-05 08:00:00,dp,4520.0805,51.25,6684.178828059361,9168.135453767125,0.729066325619445,0.23231515934993646,34.08157896245849,-7.362116361279371,42.22630884018265,0
CISO_shape,38,15144,2024-11-12 08:00:00,dp,3144.8559999999998,51.25,5293.134181382705,8192.261,0.6461139582079605,0.22509644673813986,28.969462424063398,-5.281384016388684,41.91762305136986,0
CISO_shape,39,15312,2024-11-19 08:00:00,dp,814.95675,5.0,1022.5611306449773,5940.808845161245,0.17212490037915418,0.2503085752901926,26.525542520192523,-1.2516868989166146,41.52087612899544,0
CISO_shape,40,15480,2024-11-26 08:00:00,dp,5224.068000000001,12.5,5743.089996247148,8686.904,0.6611204631992189,0.1596455008919378,27.145791542678772,6.000102890483714,41.52175969977169,0
CISO_shape,41,15648,2024-12-03 08:00:00,dp,-2956.8627500000002,100.0,1162.4556441780824,7146.291250000002,0.1626655846384769,0.1628649989052093,23.736384292758608,2.075413969189338,41.19318394178082,0
CISO_shape,42,15816,2024-12-10 08:00:00,dp,2976.455500000002,1.25,3027.7491182034837,5672.151749999999,0.5337919808304642,0.13232287013881117,20.422352616019896,-3.4759373077606646,41.03489456278538,0
CISO_shape,43,15984,2024-12-17 08:00:00,dp,2408.760249999999,16.25,3073.308828216323,5497.324999999998,0.5590553274940674,0.11974212680349376,21.40737292439073,-1.5127452870457387,40.89529712100456,0
CISO_shape,44,16152,2024-12-24 08:00:00,dp,-4247.4039999999995,100.0,-165.00224726027363,4479.457328638699,-0.036835320699531604,0.10468294032412707,21.948959989863038,-4.160277384791629,40.82401752739726,0
CISO_shape,45,16320,2024-12-31 08:00:00,dp,-2040.7907499999997,90.0,1618.2699203082193,8158.739482138984,0.19834803205212234,0.05842297747102481,28.59480034630093,-8.927876682492004,40.65622967009132,0
CISO_shape,46,16488,2025-01-07 08:00:00,dp,10691.967750000002,22.5,11600.242112054795,14547.656499999997,0.7973959319189862,0.04487782438212994,21.219884024144847,-16.476571743388927,40.36774942465753,0
CISO_shape,47,16656,2025-01-14 08:00:00,dp,16111.022500000003,8.75,16452.640365492298,20259.333500000004,0.8121017587025898,0.13332057770482103,15.00244469221098,-9.736813273974935,39.04204177054794,0
CISO_shape,48,16824,2025-01-21 08:00:00,dp,15603.1535,22.5,16459.476749323632,18672.053,0.8815033220676716,0.1461638338934714,14.457686656387033,3.4885336428814377,38.05881108105023,0
CISO_shape,49,16992,2025-01-28 08:00:00,dp,10946.759750000001,1.25,10994.327371210047,14022.508500000002,0.7840485438971241,0.11808478270978606,14.992937149783332,1.7006013129430435,38.05409696803654,0
CISO_shape,50,17160,2025-02-04 08:00:00,dp,23738.03175,0.0,23738.03175,25014.13352256849,0.9489847700933892,0.054376484548780184,11.905771900341856,1.5104872824633373,38.11920225684931,0
CISO_shape,51,17328,2025-02-11 08:00:00,dp,26258.755,0.0,26258.755,26727.818250000008,0.9824503726562116,0.06406359836558898,10.607024452840182,4.367735485382306,38.1262256586758,0
CISO_shape,52,17496,2025-02-18 08:00:00,dp,19335.258249999995,23.75,20239.767729501993,21727.9455,0.9315085832437305,0.07879831128304708,10.490776587452252,2.0981100254591745,38.084609663242006,0
CISO_shape,53,17664,2025-02-25 08:00:00,dp,26589.98624999999,23.75,27496.63211588184,29141.314249999996,0.9435618407595273,0.08867300675872782,10.594993058737572,-0.1527698122425905,38.1745627739726,0
CISO_shape,54,17832,2025-03-04 08:00:00,dp,28585.57325,23.75,29492.119137708334,33037.48275,0.8926866299372742,0.04191559374583705,16.307772512440003,-1.9173782545496998,38.170353166666665,0
CISO_shape,55,18000,2025-03-11 08:00:00,dp,20169.880500000003,18.75,20885.953080522264,23480.66475,0.8894958172137041,0.055373685323298685,16.209074877656064,4.521934444639769,38.19053762785388,0
CISO_shape,56,18168,2025-03-18 08:00:00,dp,35383.69224999999,25.0,36344.523596347026,38090.227327077635,0.954169248827517,0.04987057472072505,17.88703819069655,5.25999270237385,38.43325385388128,0
CISO_shape,57,18336,2025-03-25 08:00:00,dp,26684.130750000004,23.75,27599.109563005142,30259.961502020546,0.9120669093105842,0.05736857610195724,18.141821771463594,-2.523775238040096,38.525423705479454,0
CISO_shape,58,18504,2025-04-01 08:00:00,dp,29215.48050000001,20.0,29981.11410721462,31724.68722570207,0.9450404946128239,0.03652745573141221,23.906950405654857,-10.521789892630418,38.2816803607306,0
CISO_shape,59,18672,2025-04-08 08:00:00,dp,27408.182000000004,20.0,28168.50474901827,29298.301499999998,0.9614381485226463,0.046604612714357924,21.999814598489245,-2.1531687078384087,38.01613745091324,0
CISO_shape,60,18840,2025-04-15 08:00:00,dp,26126.791500000003,25.0,27073.13075365297,27706.61732828767,0.9771359106335971,0.044952007869327064,22.037697731591884,-0.226318116844532,37.85357014611872,0
CISO_shape,61,19008,2025-04-22 08:00:00,dp,22485.247499999998,18.75,23193.81366027397,23599.341660273963,0.9828161308125539,0.04830194007577644,20.824726070232703,-2.236921502286332,37.79019521461187,0
CISO_shape,62,19176,2025-04-29 08:00:00,dp,22039.787250000005,18.75,22750.815328531684,23454.317578531685,0.9700054266066588,0.058195184177706666,19.23411573323346,1.2847261420323857,37.921497521689496,0
CISO_shape,63,19344,2025-05-06 08:00:00,dp,20943.154499999997,22.5,21796.74805954623,23359.916504673234,0.9330833034093128,0.05847909388488948,19.108766558513576,3.4903390725584935,37.93749153538812,0
CISO_shape,64,19512,2025-05-13 08:00:00,dp,20814.999749999995,22.5,21672.502616147256,22722.829858946916,0.9537765652729163,0.053004462938774054,20.221582618527094,8.812041753711021,38.11123849543379,0
CISO_shape,65,19680,2025-05-20 08:00:00,dp,18836.858750000003,22.5,19694.535502029114,21391.27588345462,0.9206807302813633,0.057479847849913314,19.947809914024866,1.239120149457701,38.11896675684932,0
CISO_shape,66,19848,2025-05-27 08:00:00,dp,15094.247500000003,18.75,15814.0825796661,17497.72134559932,0.9037795417654965,0.04771520576100521,21.252382654113177,1.703859863699286,38.39120424885845,0
CISO_shape,67,20016,2025-06-03 08:00:00,dp,12864.522250000002,25.0,13831.572434275116,15639.062665847601,0.8844246442263026,0.06919032872543153,17.66755321269339,5.793044260350201,38.682007371004566,0
CISO_shape,68,20184,2025-06-10 08:00:00,dp,16031.8875,22.5,16906.54627004281,17596.09102004281,0.9608126174606294,0.07315566557973481,16.70925337461828,-0.39123175652541436,38.8737231130137,0
CISO_shape,69,20352,2025-06-17 08:00:00,dp,17793.096500000003,0.0,17793.096500000003,19071.097663036533,0.9329875403284447,0.07370776155695379,15.565856262496801,-3.099914001079564,39.02535815182649,0
CISO_shape,70,20520,2025-06-24 08:00:00,dp,13731.8615,22.5,14611.607793818494,15880.470205616439,0.9200991913105201,0.10063998529392228,14.188774549663963,-3.332335970252734,39.099835280821914,0
CISO_shape,71,20688,2025-07-01 08:00:00,dp,13308.116250000001,22.5,14188.156193553083,14994.660607975171,0.9462138933646064,0.04616178719515907,20.702599459532433,0.9922934038553789,39.112886380136985,0
CISO_shape,72,20856,2025-07-08 08:00:00,dp,12371.881000000003,5.0,12566.487717488588,14291.454831837904,0.8793008035468505,0.09076666132056961,14.1737545365635,-5.119634687104185,38.92134349771689,0
CISO_shape,73,21024,2025-07-15 08:00:00,dp,7602.945499999999,20.0,8374.152269406391,8544.215500142693,0.9800960976776087,0.09565887188902981,14.351541122729566,-0.3609288761593356,38.56033847031964,0
CISO_shape,74,21192,2025-07-22 08:00:00,dp,8239.863,20.0,9009.589266369861,9959.644766369864,0.9046094994062441,0.07971612599225261,14.538462581845208,-1.392656849815724,38.486313318493146,0
CISO_shape,75,21360,2025-07-29 08:00:00,dp,8853.291249999998,20.0,9615.677395091323,10381.323590682074,0.9262477285383948,0.06790116097877531,14.989198998438521,-2.9649808786505987,38.119307254566216,0
CISO_shape,76,21528,2025-08-05 08:00:00,dp,10319.928750000001,20.0,11076.214688607306,11633.953098140697,0.9520594242706267,0.0691172540806299,13.855990479211021,-0.29413191745737666,37.814296930365295,0
CISO_shape,77,21696,2025-08-12 08:00:00,dp,7865.349249999998,20.0,8618.774041392693,8989.378096234303,0.958773115239545,0.06028729702494915,13.410487616336288,3.6023326285477704,37.6712395696347,0
CISO_shape,78,21864,2025-08-19 08:00:00,dp,13077.316500000003,10.0,13454.621221860732,16586.120610930368,0.8111975993345933,0.059514559478638505,12.27654238154503,1.680091977478848,37.730472186073065,0
CISO_shape,79,22032,2025-08-26 08:00:00,dp,11018.604499999998,16.25,11638.104071255706,12440.639071255708,0.9354908541753075,0.04043799674844989,13.649946989401291,7.141045862697936,38.123050538812784,0
CISO_shape,80,22200,2025-09-02 08:00:00,dp,13272.378500000003,16.25,13895.278324042525,14634.911984320777,0.9494610106934251,0.03414445595028243,13.605688586810627,2.5017433910460816,38.33229686415525,0
CISO_shape,81,22368,2025-09-09 08:00:00,dp,8312.537999999999,5.0,8504.148791718035,10177.474697929509,0.8355853533537261,0.02629375786722878,14.780328501656465,5.176366733331757,38.322158343607306,0
CISO_shape,82,22536,2025-09-16 08:00:00,dp,10439.0205,16.25,11065.279093436073,11754.693843436075,0.9413498335913719,0.035804638972481144,12.685828208680304,-0.5469639827353953,38.5389903652968,0
CISO_shape,83,22704,2025-09-23 08:00:00,dp,6534.0342500000015,5.0,6728.30563816781,7731.913011545374,0.8701993449901768,0.05968000405742577,10.695287189293719,2.1708750541873685,38.854277633561644,0
CISO_shape,84,22872,2025-09-30 08:00:00,dp,2329.7914999999994,16.25,2963.4312915353876,5258.385679406392,0.5635629396948157,0.09444694436977029,9.182936043536417,-1.177468699343132,38.99321794063927,0
CISO_shape,85,23040,2025-10-07 08:00:00,dp,7936.771000000001,16.25,8564.84047521975,9819.981536555366,0.8721849876536639,0.13461767358596538,8.229080067770811,-1.688218065548329,38.65042924429223,0
CISO_shape,86,23208,2025-10-14 08:00:00,dp,12591.361,22.5,13455.293103861302,15246.639249999997,0.8825087865748057,0.14604383622244566,8.211702586257147,0.036698048462638556,38.396982393835614,0
CISO_shape,87,23376,2025-10-21 08:00:00,dp,8223.367250000001,22.5,9086.966156806508,11356.9535,0.8001235680683652,0.15210154436730638,8.071720866091464,-1.2592801434699457,38.38217363584475,0
CISO_shape,88,23544,2025-10-28 08:00:00,dp,11596.869499999999,22.5,12461.326979554793,13256.818749999999,0.9399937658161611,0.18602452723017587,7.648735392321822,-1.011178366286338,38.42033242465753,0
CISO_shape,89,23712,2025-11-04 08:00:00,dp,6377.302749999999,22.5,7243.706280753424,9435.751133321919,0.7676872967932156,0.16908251898924753,8.522796900680323,0.3870075965677928,38.5068235890411,0
CISO_shape,90,23880,2025-11-11 08:00:00,dp,-1766.2832499999995,26.25,-752.8506743878421,3471.029776307077,-0.21689548142938156,0.1546686984308496,8.90751564068083,-0.2769246162551311,38.60695526141552,0
CISO_shape,91,24048,2025-11-18 08:00:00,dp,3543.507250000001,37.5,4996.111880864727,6601.187999999999,0.7568504155410705,0.12250778837465749,9.97446502435485,1.399870643014148,38.736123489726026,0
CISO_shape,92,24216,2025-11-25 08:00:00,dp,3706.495499999999,2.5,3803.27701099315,4952.905760993149,0.7678880226121085,0.17236018681482942,8.347655859901083,2.599724797296605,38.71260439726027,0
CISO_shape,93,24384,2025-12-02 08:00:00,dp,3310.937000000001,23.75,4231.442447412957,5184.250120507992,0.8162110911034379,0.17988040262543017,8.126451597814006,3.452956262798252,38.75812410159818,0
CISO_shape,94,24552,2025-12-09 08:00:00,dp,-4172.420749999999,97.5,-389.9891244691771,4045.7861025913257,-0.09639390580223435,0.13467340380671924,9.632955161187082,2.372487448606865,38.79417051826484,0
CISO_shape,95,24720,2025-12-16 08:00:00,dp,-3585.4315000000015,100.0,277.6881865296791,3535.1322343264846,0.07855100407088009,0.13973237590131798,9.421231565098035,-2.897900772136493,38.63119686529681,0
CISO_shape,96,24888,2025-12-23 08:00:00,dp,-663.0265000000002,67.5,1930.0765166523977,8442.131069748857,0.22862432491347415,0.08699572921759113,10.721734274644223,-5.51654783198743,38.41634098744293,0
CISO_shape,97,25056,2025-12-30 08:00:00,dp,819.9950000000001,22.5,1680.2022352825343,3225.241781037387,0.520953884809871,0.07697868878582154,10.844844147819016,-9.002432563218816,38.231432679223744,0
CISO_shape,98,25224,2026-01-06 08:00:00,dp,5455.528499999999,98.75,9221.27516453767,14565.965250000001,0.6330699686749335,0.06708638408372365,10.298204083496028,-5.473011160013864,38.13414343835617,0
CISO_shape,99,25392,2026-01-13 08:00:00,dp,10437.43925,88.75,13801.209003985445,15254.423525505139,0.9047348777821762,0.04889969984851086,11.960585244314945,-7.703584547772041,37.90163103082192,0
CISO_shape,100,25560,2026-01-20 08:00:00,dp,6479.3745,2.5,6572.789711969178,11642.908499999998,0.5645315955174929,0.040267057469649474,13.16724668686056,-7.039041699305898,37.366084787671234,0
CISO_shape,101,25728,2026-01-27 08:00:00,dp,7998.4375,83.75,11120.62294423088,13306.350369977172,0.8357380224499498,0.044343185581349226,13.410043402015102,6.793769289145643,37.27982619977169,0
CISO_shape,102,25896,2026-02-03 08:00:00,dp,7422.335249999999,68.75,9969.169575913242,12158.116249999997,0.8199600473398372,0.04811489518581646,13.137128387822713,-0.9856397630371112,37.044862922374435,0
CISO_shape,103,26064,2026-02-10 08:00:00,dp,3967.275500000001,22.5,4792.015202585618,5910.817707853883,0.8107195043789495,0.047288247903096235,12.139959747308197,-5.291640264424632,36.655097892694066,0
CISO_shape,104,26232,2026-02-17 08:00:00,dp,8431.214,43.75,10024.234163677225,10916.895012748288,0.9182312509162495,0.04947989228347049,10.848636610993623,-0.9908465417874326,36.41188945547945,0
CISO_shape,105,26400,2026-02-24 08:00:00,dp,7528.925500000001,47.5,9249.893767294521,12175.831145976032,0.7596930062841338,0.05066471828447374,10.576919351872732,-1.3223467380205338,36.23091089041096,0
CISO_shape,106,26568,2026-03-03 08:00:00,dp,19059.963499999998,22.5,19870.370832602737,22171.610469178075,0.896207826681133,0.05407926563122815,10.792352593747955,-5.0878374956395165,36.01810367123287,0
CISO_shape,107,26736,2026-03-10 08:00:00,dp,22892.562,22.5,23693.316235736303,24437.302750000003,0.9695552933204259,0.06379365761185167,10.66243981634801,-6.025163224245858,35.58907714383562,0
CISO_shape,108,26904,2026-03-17 08:00:00,dp,23070.566000000003,22.5,23860.775936164388,29801.362070319636,0.8006605832264386,0.04666392620427739,13.05279395527483,-2.1608807443900324,35.120441607305935,0
CISO_shape,109,27072,2026-03-24 08:00:00,dp,14613.187750000005,22.5,15403.134925282538,16584.281304747434,0.9287791639709597,0.04160388275192633,16.534478359481064,6.144228798905615,35.10876334589041,0
CISO_shape,110,27240,2026-03-31 08:00:00,dp,16229.753250000003,22.5,17023.222510633565,19047.72616930651,0.8937141556594179,0.04525384034611965,15.876245433190896,0.9038395374897312,35.26530047260274,0
CISO_shape,111,27408,2026-04-07 08:00:00,dp,11153.694749999999,22.5,11946.403142285957,14625.474160159818,0.8168215957625687,0.0647820113342105,13.953068014322712,-1.5602559162444125,35.23148410159818,0
CISO_shape,112,27576,2026-04-14 08:00:00,dp,17282.4545,0.0,17282.4545,20841.455597568493,0.8292345234282144,0.06427264380440376,13.527550845629822,-1.3108305781165983,35.15802407762557,0
CISO_shape,113,27744,2026-04-21 08:00:00,dp,10563.018,68.75,12971.71236418379,14660.987973886984,0.884777505260082,0.0627142060162163,14.074024385120007,-2.963443090946356,35.035554388127856,0
CISO_shape,0,8760,2024-02-20 08:00:00,forecast_optimal,19413.4495,0.0,19413.4495,21037.71179490011,0.9227928250593365,0.013305966475412106,37.03092862409754,-14.513296597014397,55.042351836757994,0
CISO_shape,1,8928,2024-02-27 08:00:00,forecast_optimal,14017.13475,0.0,14017.13475,15086.761202119009,0.9291016515878322,0.01074708066791746,40.15767674372266,-14.503288120877803,53.95260283675799,0
CISO_shape,2,9096,2024-03-05 08:00:00,forecast_optimal,17326.782249999997,0.0,17326.782249999997,20578.011264286524,0.8420047023723284,0.012314726508563406,35.8736967952038,-13.200480797481339,52.80890278196347,0
CISO_shape,3,9264,2024-03-12 08:00:00,forecast_optimal,25472.01275000001,0.0,25472.01275000001,28461.07854453339,0.8949770722899221,0.012547789222928906,35.54708554431248,-8.27967985461772,51.893110106164386,0
CISO_shape,4,9432,2024-03-19 08:00:00,forecast_optimal,21694.25450000001,0.0,21694.25450000001,24965.014532812504,0.868986255605275,0.013136080409479566,35.775336472785895,-8.222983987035985,51.13292364726027,0
CISO_shape,5,9600,2024-03-26 08:00:00,forecast_optimal,20078.741250000003,0.0,20078.741250000003,22311.207622910966,0.8999396890279268,0.01210170608369888,38.412492321614664,-7.616584456174726,50.35557760958904,0
CISO_shape,6,9768,2024-04-02 08:00:00,forecast_optimal,13961.967499999999,0.0,13961.967499999999,17872.116864329335,0.7812150964537649,0.01,42.886576149529084,-4.058868137961071,49.65661204680366,0
CISO_shape,7,9936,2024-04-09 08:00:00,forecast_optimal,20293.92775,0.0,20293.92775,23924.711732353022,0.8482412652252286,0.011627421764987432,40.27363422987233,-6.231620267911918,49.027516699771695,0
CISO_shape,8,10104,2024-04-16 08:00:00,forecast_optimal,28015.36425,0.0,28015.36425,30179.529347639844,0.9282902966209083,0.019646379904176035,29.68117122571275,-6.578046226525439,48.53493250913242,0
CISO_shape,9,10272,2024-04-23 08:00:00,forecast_optimal,28012.861249999998,21.25,29031.98423023687,30971.307937571342,0.937383215741371,0.019569676558220738,29.431736243069054,-7.828286460131022,47.95872848173516,0
CISO_shape,10,10440,2024-04-30 08:00:00,forecast_optimal,18584.380749999993,92.5,22962.883972676933,24777.484110082758,0.9267641488803374,0.01,43.943243019928055,-7.223186165739049,47.335169974885844,0
CISO_shape,11,10608,2024-05-07 08:00:00,forecast_optimal,20287.50125000001,92.5,24665.501710679233,26409.671460679234,0.9339571583615928,0.01888997691559778,33.0217079906671,1.7035297915417045,47.329734710045656,0
CISO_shape,12,10776,2024-05-14 08:00:00,forecast_optimal,21848.95125,92.5,26244.244177665525,27086.72597691781,0.9688968759099859,0.018915698147473202,31.672974229800715,2.3205734173997143,47.51668029908676,0
CISO_shape,13,10944,2024-05-21 08:00:00,forecast_optimal,26893.3145,92.5,31275.712932945207,32605.958131609586,0.9592023889224471,0.01607690659483978,32.759939257841694,-1.4276828567890565,47.377280356164384,0
CISO_shape,14,11112,2024-05-28 08:00:00,forecast_optimal,18885.000750000007,90.0,23136.67173523973,24284.38723523973,0.9527385439508016,0.015156138210050707,33.49193258141586,-5.395350040862473,47.240788724885846,0
CISO_shape,15,11280,2024-06-04 08:00:00,forecast_optimal,17995.850499999993,90.0,22249.87598273972,23142.924982739725,0.961411576079253,0.010107354106823266,40.50425027467796,-0.6418386937267216,47.26694980821918,0
CISO_shape,16,11448,2024-06-11 08:00:00,forecast_optimal,19654.208750000005,86.25,23714.5371745548,24800.1901930137,0.9562240043318405,0.010684938351131313,39.451099717068345,0.8378939657496169,47.0762715890411,0
CISO_shape,17,11616,2024-06-18 08:00:00,forecast_optimal,14844.58975,86.25,18898.987503253426,19979.723911872145,0.9459083412070306,0.011790037752327653,37.99169859383881,-0.3679039351901636,47.0075101826484,0
CISO_shape,18,11784,2024-06-25 08:00:00,forecast_optimal,17094.67925,0.0,17094.67925,18815.344478655825,0.9085498949749365,0.01,39.83446801641576,4.166989541667845,47.11549905136986,0
CISO_shape,19,11952,2024-07-02 08:00:00,forecast_optimal,31168.610750000007,20.0,32110.000184246583,38299.33688741439,0.8383957215405028,0.013585715780112353,34.53505309846629,4.497871601544013,47.06947171232876,0
CISO_shape,20,12120,2024-07-09 08:00:00,forecast_optimal,65044.85825,20.0,65989.92739981734,66921.04944336186,0.9860862605818433,0.016803837568236914,33.80962575264518,-8.229421843805445,47.253457490867575,0
CISO_shape,21,12288,2024-07-16 08:00:00,forecast_optimal,21350.839749999996,20.0,22298.759964794517,22666.758741643833,0.9837648257942931,0.08042516184169071,36.140920639382344,-2.9563427527589567,47.39601073972603,0
CISO_shape,22,12456,2024-07-23 08:00:00,forecast_optimal,35990.83725,20.0,36929.70397009132,38175.371740410956,0.967369858798231,0.06914263164869186,39.28157478454722,-8.786714326647296,46.94333600456621,0
CISO_shape,23,12624,2024-07-30 08:00:00,forecast_optimal,43710.673500000004,20.0,44644.363554109594,46495.51849999999,0.9601863791261862,0.0663321312541331,43.78062967042454,-4.006231039847283,46.68450270547945,0
CISO_shape,24,12792,2024-08-06 08:00:00,forecast_optimal,23381.871750000002,20.0,24313.114876232878,25212.63256804795,0.9643227382389639,0.11920787293862187,35.90971541060022,-2.5657372536960996,46.56215631164383,0
CISO_shape,25,12960,2024-08-13 08:00:00,forecast_optimal,12498.507750000006,20.0,13423.23233856165,14633.695912825342,0.917282443104287,0.12767835835609348,36.23029897905122,-8.897242851943474,46.23622942808219,0
CISO_shape,26,13128,2024-08-20 08:00:00,forecast_optimal,11997.502499999997,22.5,13006.498372756847,14597.414762234588,0.8910138257088064,0.2254985836299986,27.673158008992072,-6.676245463435764,44.844261011415526,0
CISO_shape,27,13296,2024-08-27 08:00:00,forecast_optimal,13879.10075,22.5,14879.077776489725,15956.751268210617,0.9324628507641242,0.21917887825647045,28.007064450848773,-7.5790640636873565,44.44342339954338,0
CISO_shape,28,13464,2024-09-03 08:00:00,forecast_optimal,49983.96599999998,20.0,50866.965080547925,53865.36502308217,0.9443352896383532,0.2986916012235393,24.446421871724777,-4.40666140377354,44.14995402739726,0
CISO_shape,29,13632,2024-09-10 08:00:00,forecast_optimal,10126.275749999999,20.0,11012.262975205478,13236.65522287671,0.8319520898431464,0.3118189155792715,27.56276312061188,5.069424116593954,44.299361260273976,0
CISO_shape,30,13800,2024-09-17 08:00:00,forecast_optimal,8985.8685,41.25,10796.938192324487,12480.352991859305,0.8651148088012514,0.31677597947915637,27.366625651724373,-5.762461119490136,43.90471981392694,0
CISO_shape,31,13968,2024-09-24 08:00:00,forecast_optimal,13204.072499999997,0.0,13204.072499999997,14350.120349751713,0.9201367081376746,0.3267281020641143,27.06470668258318,-2.311347442673512,43.80121554452054,0
CISO_shape,32,14136,2024-10-01 08:00:00,forecast_optimal,32544.899250000002,20.0,33421.108163196346,46141.98650000001,0.7243101283295711,0.22441099888880706,31.82397850615612,-0.7331984122369382,43.81044565981735,0
CISO_shape,33,14304,2024-10-08 08:00:00,forecast_optimal,13425.571000000002,2.5,13535.347232077627,17587.767499999998,0.769588706018409,0.30906070211668263,28.229213585889795,-0.26937606887555804,43.910492831050234,0
CISO_shape,34,14472,2024-10-15 08:00:00,forecast_optimal,9656.103249999996,1.25,9710.950819389265,11577.445110228313,0.8387818492708674,0.28190894905543684,23.91052630924506,-7.836908856353953,43.878055511415525,0
CISO_shape,35,14640,2024-10-22 08:00:00,forecast_optimal,7092.899249999997,0.0,7092.899249999997,7966.862999999995,0.8903001407203815,0.2359642880609443,26.749619594387816,-11.153740384215824,43.234988514840175,0
CISO_shape,36,14808,2024-10-29 08:00:00,forecast_optimal,6129.66625,0.0,6129.66625,9478.0015,0.6467256045485961,0.2561399284114645,29.595426213849137,-8.718847760605344,42.76405463584475,0
CISO_shape,37,14976,2024-11-05 08:00:00,forecast_optimal,8551.472,0.0,8551.472,9168.135453767125,0.9327384006402586,0.23231515934993646,34.08157896245849,-7.362116361279371,42.22630884018265,0
CISO_shape,38,15144,2024-11-12 08:00:00,forecast_optimal,7011.1052500000005,0.0,7011.1052500000005,8192.261,0.8558205420945451,0.22509644673813986,28.969462424063398,-5.281384016388684,41.91762305136986,0
CISO_shape,39,15312,2024-11-19 08:00:00,forecast_optimal,3496.7234999999982,0.0,3496.7234999999982,5940.808845161245,0.5885938415352414,0.2503085752901926,26.525542520192523,-1.2516868989166146,41.52087612899544,0
CISO_shape,40,15480,2024-11-26 08:00:00,forecast_optimal,7896.6445,0.0,7896.6445,8686.904,0.9090286366696351,0.1596455008919378,27.145791542678772,6.000102890483714,41.52175969977169,0
CISO_shape,41,15648,2024-12-03 08:00:00,forecast_optimal,6178.96475,1.25,6230.456229927227,7146.291250000002,0.871844711048857,0.1628649989052093,23.736384292758608,2.075413969189338,41.19318394178082,0
CISO_shape,42,15816,2024-12-10 08:00:00,forecast_optimal,3792.33075,0.0,3792.33075,5672.151749999999,0.6685876748625423,0.13232287013881117,20.422352616019896,-3.4759373077606646,41.03489456278538,0
CISO_shape,43,15984,2024-12-17 08:00:00,forecast_optimal,4804.503749999998,0.0,4804.503749999998,5497.324999999998,0.8739712041765767,0.11974212680349376,21.40737292439073,-1.5127452870457387,40.89529712100456,0
CISO_shape,44,16152,2024-12-24 08:00:00,forecast_optimal,3930.2527500000015,0.0,3930.2527500000015,4479.457328638699,0.8773948408599752,0.10468294032412707,21.948959989863038,-4.160277384791629,40.82401752739726,0
CISO_shape,45,16320,2024-12-31 08:00:00,forecast_optimal,3900.0082500000008,0.0,3900.0082500000008,8158.739482138984,0.47801602913511976,0.05842297747102481,28.59480034630093,-8.927876682492004,40.65622967009132,0
CISO_shape,46,16488,2025-01-07 08:00:00,forecast_optimal,9010.63375,0.0,9010.63375,14547.656499999997,0.6193873047524873,0.04487782438212994,21.219884024144847,-16.476571743388927,40.36774942465753,0
CISO_shape,47,16656,2025-01-14 08:00:00,forecast_optimal,17514.836000000003,1.25,17563.63855221319,20259.333500000004,0.8669405907264021,0.13332057770482103,15.00244469221098,-9.736813273974935,39.04204177054794,0
CISO_shape,48,16824,2025-01-21 08:00:00,forecast_optimal,17799.323,0.0,17799.323,18672.053,0.9532600941096301,0.1461638338934714,14.457686656387033,3.4885336428814377,38.05881108105023,0
CISO_shape,49,16992,2025-01-28 08:00:00,forecast_optimal,12014.452999999998,0.0,12014.452999999998,14022.508500000002,0.8567976977870968,0.11808478270978606,14.992937149783332,1.7006013129430435,38.05409696803654,0
CISO_shape,50,17160,2025-02-04 08:00:00,forecast_optimal,22157.149499999996,0.0,22157.149499999996,25014.13352256849,0.8857852093900899,0.054376484548780184,11.905771900341856,1.5104872824633373,38.11920225684931,0
CISO_shape,51,17328,2025-02-11 08:00:00,forecast_optimal,26330.323750000007,0.0,26330.323750000007,26727.818250000008,0.9851280603496322,0.06406359836558898,10.607024452840182,4.367735485382306,38.1262256586758,0
CISO_shape,52,17496,2025-02-18 08:00:00,forecast_optimal,19556.341999999993,20.0,20318.034193264833,21727.9455,0.9351106938879625,0.07879831128304708,10.490776587452252,2.0981100254591745,38.084609663242006,0
CISO_shape,53,17664,2025-02-25 08:00:00,forecast_optimal,25970.68075,41.25,27545.38146442637,29141.314249999996,0.9452347010885541,0.08867300675872782,10.594993058737572,-0.1527698122425905,38.1745627739726,0
CISO_shape,54,17832,2025-03-04 08:00:00,forecast_optimal,29514.086499999998,20.0,30277.49356333333,33037.48275,0.9164588534921998,0.04191559374583705,16.307772512440003,-1.9173782545496998,38.170353166666665,0
CISO_shape,55,18000,2025-03-11 08:00:00,forecast_optimal,20153.4325,20.0,20917.243252557077,23480.66475,0.8908284103224581,0.055373685323298685,16.209074877656064,4.521934444639769,38.19053762785388,0
CISO_shape,56,18168,2025-03-18 08:00:00,forecast_optimal,36075.89149999999,0.0,36075.89149999999,38090.227327077635,0.9471167286616404,0.04987057472072505,17.88703819069655,5.25999270237385,38.43325385388128,0
CISO_shape,57,18336,2025-03-25 08:00:00,forecast_optimal,27889.529749999994,0.0,27889.529749999994,30259.961502020546,0.9216644161340962,0.05736857610195724,18.141821771463594,-2.523775238040096,38.525423705479454,0
CISO_shape,58,18504,2025-04-01 08:00:00,forecast_optimal,28822.08875000001,20.0,29587.72235721462,31724.68722570207,0.9326403171988985,0.03652745573141221,23.906950405654857,-10.521789892630418,38.2816803607306,0
CISO_shape,59,18672,2025-04-08 08:00:00,forecast_optimal,27357.10350000001,20.0,28117.426249018274,29298.301499999998,0.9596947539439539,0.046604612714357924,21.999814598489245,-2.1531687078384087,38.01613745091324,0
CISO_shape,60,18840,2025-04-15 08:00:00,forecast_optimal,26130.79475,21.25,26935.183115605025,27706.61732828767,0.9721570409140118,0.044952007869327064,22.037697731591884,-0.226318116844532,37.85357014611872,0
CISO_shape,61,19008,2025-04-22 08:00:00,forecast_optimal,20587.320499999998,50.0,22476.830260730592,23599.341660273963,0.9524346307747663,0.04830194007577644,20.824726070232703,-2.236921502286332,37.79019521461187,0
CISO_shape,62,19176,2025-04-29 08:00:00,forecast_optimal,18803.29375,92.5,22311.03227075628,23454.317578531685,0.9512548039844961,0.058195184177706666,19.23411573323346,1.2847261420323857,37.921497521689496,0
CISO_shape,63,19344,2025-05-06 08:00:00,forecast_optimal,17952.507499999996,92.5,21461.725467023396,23359.916504673234,0.9187415315773882,0.05847909388488948,19.108766558513576,3.4903390725584935,37.93749153538812,0
CISO_shape,64,19512,2025-05-13 08:00:00,forecast_optimal,18647.56375,90.0,22077.575214589044,22722.829858946916,0.9716032444742436,0.053004462938774054,20.221582618527094,8.812041753711021,38.11123849543379,0
CISO_shape,65,19680,2025-05-20 08:00:00,forecast_optimal,16577.503500000006,90.0,20008.210508116445,21391.27588345462,0.93534441877738,0.057479847849913314,19.947809914024866,1.239120149457701,38.11896675684932,0
CISO_shape,66,19848,2025-05-27 08:00:00,forecast_optimal,15712.524000000003,22.5,16576.326095599317,17497.72134559932,0.9473419863191653,0.04771520576100521,21.252382654113177,1.703859863699286,38.39120424885845,0
CISO_shape,67,20016,2025-06-03 08:00:00,forecast_optimal,13049.186250000002,22.5,13919.531415847605,15639.062665847601,0.8900489571056526,0.06919032872543153,17.66755321269339,5.793044260350201,38.682007371004566,0
CISO_shape,68,20184,2025-06-10 08:00:00,forecast_optimal,16117.663000000004,22.5,16992.321770042814,17596.09102004281,0.9656873080894913,0.07315566557973481,16.70925337461828,-0.39123175652541436,38.8737231130137,0
CISO_shape,69,20352,2025-06-17 08:00:00,forecast_optimal,17225.554500000002,22.5,18103.6250584161,19071.097663036533,0.9492702191706782,0.07370776155695379,15.565856262496801,-3.099914001079564,39.02535815182649,0
CISO_shape,70,20520,2025-06-24 08:00:00,forecast_optimal,13961.06775,22.5,14840.814043818493,15880.470205616439,0.9345324068911857,0.10063998529392228,14.188774549663963,-3.332335970252734,39.099835280821914,0
CISO_shape,71,20688,2025-07-01 08:00:00,forecast_optimal,13953.945249999997,20.0,14736.202977602738,14994.660607975171,0.9827633557617858,0.04616178719515907,20.702599459532433,0.9922934038553789,39.112886380136985,0
CISO_shape,72,20856,2025-07-08 08:00:00,forecast_optimal,12300.824000000006,20.0,13079.250869954343,14291.454831837904,0.9151798066643948,0.09076666132056961,14.1737545365635,-5.119634687104185,38.92134349771689,0
CISO_shape,73,21024,2025-07-15 08:00:00,forecast_optimal,7486.211749999998,20.0,8257.41851940639,8544.215500142693,0.9664337842682558,0.09565887188902981,14.351541122729566,-0.3609288761593356,38.56033847031964,0
CISO_shape,74,21192,2025-07-22 08:00:00,forecast_optimal,8595.23,20.0,9364.956266369863,9959.644766369864,0.9402901896653936,0.07971612599225261,14.538462581845208,-1.392656849815724,38.486313318493146,0
CISO_shape,75,21360,2025-07-29 08:00:00,forecast_optimal,8903.972499999998,20.0,9666.358645091323,10381.323590682074,0.9311296927269969,0.06790116097877531,14.989198998438521,-2.9649808786505987,38.119307254566216,0
CISO_shape,76,21528,2025-08-05 08:00:00,forecast_optimal,10154.90975,20.0,10911.195688607306,11633.953098140697,0.9378751656091084,0.0691172540806299,13.855990479211021,-0.29413191745737666,37.814296930365295,0
CISO_shape,77,21696,2025-08-12 08:00:00,forecast_optimal,7627.627749999999,20.0,8381.052541392693,8989.378096234303,0.9323284048874927,0.06028729702494915,13.410487616336288,3.6023326285477704,37.6712395696347,0
CISO_shape,78,21864,2025-08-19 08:00:00,forecast_optimal,13231.950749999998,20.0,13986.56019372146,16586.120610930368,0.8432689308013485,0.059514559478638505,12.27654238154503,1.680091977478848,37.730472186073065,0
CISO_shape,79,22032,2025-08-26 08:00:00,forecast_optimal,10906.645499999997,16.25,11526.145071255705,12440.639071255708,0.9264913968838663,0.04043799674844989,13.649946989401291,7.141045862697936,38.123050538812784,0
CISO_shape,80,22200,2025-09-02 08:00:00,forecast_optimal,13316.175000000003,16.25,13939.074824042526,14634.911984320777,0.9524536149569097,0.03414445595028243,13.605688586810627,2.5017433910460816,38.33229686415525,0
CISO_shape,81,22368,2025-09-09 08:00:00,forecast_optimal,7928.94075,16.25,8551.675823083619,10177.474697929509,0.8402551789024206,0.02629375786722878,14.780328501656465,5.176366733331757,38.322158343607306,0
CISO_shape,82,22536,2025-09-16 08:00:00,forecast_optimal,10099.03575,5.0,10291.730701826484,11754.693843436075,0.8755422164885628,0.035804638972481144,12.685828208680304,-0.5469639827353953,38.5389903652968,0
CISO_shape,83,22704,2025-09-23 08:00:00,forecast_optimal,6538.114750000002,5.0,6732.38613816781,7731.913011545374,0.8707270927796187,0.05968000405742577,10.695287189293719,2.1708750541873685,38.854277633561644,0
CISO_shape,84,22872,2025-09-30 08:00:00,forecast_optimal,2461.74925,5.0,2656.715339703196,5258.385679406392,0.5052340207961138,0.09444694436977029,9.182936043536417,-1.177468699343132,38.99321794063927,0
CISO_shape,85,23040,2025-10-07 08:00:00,forecast_optimal,9250.222249999999,1.25,9298.535286555365,9819.981536555366,0.9468994673707999,0.13461767358596538,8.229080067770811,-1.688218065548329,38.65042924429223,0
CISO_shape,86,23208,2025-10-14 08:00:00,forecast_optimal,13817.652,0.0,13817.652,15246.639249999997,0.9062752632518674,0.14604383622244566,8.211702586257147,0.036698048462638556,38.396982393835614,0
CISO_shape,87,23376,2025-10-21 08:00:00,forecast_optimal,8969.4335,0.0,8969.4335,11356.9535,0.7897746081288437,0.15210154436730638,8.071720866091464,-1.2592801434699457,38.38217363584475,0
CISO_shape,88,23544,2025-10-28 08:00:00,forecast_optimal,12401.556999999999,0.0,12401.556999999999,13256.818749999999,0.9354851442017339,0.18602452723017587,7.648735392321822,-1.011178366286338,38.42033242465753,0
CISO_shape,89,23712,2025-11-04 08:00:00,forecast_optimal,6390.190249999999,0.0,6390.190249999999,9435.751133321919,0.6772317497261386,0.16908251898924753,8.522796900680323,0.3870075965677928,38.5068235890411,0
CISO_shape,90,23880,2025-11-11 08:00:00,forecast_optimal,-1482.4094999999963,0.0,-1482.4094999999963,3471.029776307077,-0.4270806059108983,0.1546686984308496,8.90751564068083,-0.2769246162551311,38.60695526141552,0
CISO_shape,91,24048,2025-11-18 08:00:00,forecast_optimal,5020.876250000001,1.25,5069.296404362159,6601.187999999999,0.7679369841250029,0.12250778837465749,9.97446502435485,1.399870643014148,38.736123489726026,0
CISO_shape,92,24216,2025-11-25 08:00:00,forecast_optimal,3412.200999999999,1.25,3460.5917554965745,4952.905760993149,0.6986992934028008,0.17236018681482942,8.347655859901083,2.599724797296605,38.71260439726027,0
CISO_shape,93,24384,2025-12-02 08:00:00,forecast_optimal,4098.217250000002,1.25,4146.664905127001,5184.250120507992,0.799858187536808,0.17988040262543017,8.126451597814006,3.452956262798252,38.75812410159818,0
CISO_shape,94,24552,2025-12-09 08:00:00,forecast_optimal,3580.6190000000006,1.25,3629.111713147832,4045.7861025913257,0.8970102771432691,0.13467340380671924,9.632955161187082,2.372487448606865,38.79417051826484,0
CISO_shape,95,24720,2025-12-16 08:00:00,forecast_optimal,2661.3959999999997,1.25,2709.6849960816207,3535.1322343264846,0.7665017364188843,0.13973237590131798,9.421231565098035,-2.897900772136493,38.63119686529681,0
CISO_shape,96,24888,2025-12-23 08:00:00,forecast_optimal,7268.609499999999,1.25,7316.629926234303,8442.131069748857,0.8666804466531415,0.08699572921759113,10.721734274644223,-5.51654783198743,38.41634098744293,0
CISO_shape,97,25056,2025-12-30 08:00:00,forecast_optimal,1548.2515000000014,1.25,1596.040790849031,3225.241781037387,0.4948592692283896,0.07697868878582154,10.844844147819016,-9.002432563218816,38.231432679223744,0
CISO_shape,98,25224,2026-01-06 08:00:00,forecast_optimal,11623.7625,2.5,11719.097858595891,14565.965250000001,0.8045534681332492,0.06708638408372365,10.298204083496028,-5.473011160013864,38.13414343835617,0
CISO_shape,99,25392,2026-01-13 08:00:00,forecast_optimal,14366.515500000001,5.0,14556.023655154111,15254.423525505139,0.9542165674642955,0.04889969984851086,11.960585244314945,-7.703584547772041,37.90163103082192,0
CISO_shape,100,25560,2026-01-20 08:00:00,forecast_optimal,8464.99825,8.75,8791.951491892123,11642.908499999998,0.7551336070271552,0.040267057469649474,13.16724668686056,-7.039041699305898,37.366084787671234,0
CISO_shape,101,25728,2026-01-27 08:00:00,forecast_optimal,11229.379749999998,8.75,11555.578229248,13306.350369977172,0.8684258198491901,0.044343185581349226,13.410043402015102,6.793769289145643,37.27982619977169,0
CISO_shape,102,25896,2026-02-03 08:00:00,forecast_optimal,11381.37025,0.0,11381.37025,12158.116249999997,0.9361129648682215,0.04811489518581646,13.137128387822713,-0.9856397630371112,37.044862922374435,0
CISO_shape,103,26064,2026-02-10 08:00:00,forecast_optimal,4548.9222500000005,0.0,4548.9222500000005,5910.817707853883,0.7695927153963333,0.047288247903096235,12.139959747308197,-5.291640264424632,36.655097892694066,0
CISO_shape,104,26232,2026-02-17 08:00:00,forecast_optimal,9627.42075,0.0,9627.42075,10916.895012748288,0.8818826908894429,0.04947989228347049,10.848636610993623,-0.9908465417874326,36.41188945547945,0
CISO_shape,105,26400,2026-02-24 08:00:00,forecast_optimal,9174.448499999999,22.5,9989.643995034245,12175.831145976032,0.8204486310025499,0.05066471828447374,10.576919351872732,-1.3223467380205338,36.23091089041096,0
CISO_shape,106,26568,2026-03-03 08:00:00,forecast_optimal,19853.643249999994,22.5,20664.050582602733,22171.610469178075,0.9320049444008102,0.05407926563122815,10.792352593747955,-5.0878374956395165,36.01810367123287,0
CISO_shape,107,26736,2026-03-10 08:00:00,forecast_optimal,20922.140000000007,72.5,23502.34809292809,24437.302750000003,0.9617406770854892,0.06379365761185167,10.66243981634801,-6.025163224245858,35.58907714383562,0
CISO_shape,108,26904,2026-03-17 08:00:00,forecast_optimal,14511.655750000002,97.5,17935.898806712332,29801.362070319636,0.6018482901684352,0.04666392620427739,13.05279395527483,-2.1608807443900324,35.120441607305935,0
CISO_shape,109,27072,2026-03-24 08:00:00,forecast_optimal,14596.583500000004,22.5,15386.530675282538,16584.281304747434,0.9277779598973622,0.04160388275192633,16.534478359481064,6.144228798905615,35.10876334589041,0
CISO_shape,110,27240,2026-03-31 08:00:00,forecast_optimal,14818.104750000002,65.0,17110.34928071918,19047.72616930651,0.8982882853645168,0.04525384034611965,15.876245433190896,0.9038395374897312,35.26530047260274,0
CISO_shape,111,27408,2026-04-07 08:00:00,forecast_optimal,9045.984999999999,90.0,12216.818569143834,14625.474160159818,0.8353109400324793,0.0647820113342105,13.953068014322712,-1.5602559162444125,35.23148410159818,0
CISO_shape,112,27576,2026-04-14 08:00:00,forecast_optimal,14798.960000000003,90.0,17963.182166986306,20841.455597568493,0.8618967174769699,0.06427264380440376,13.527550845629822,-1.3108305781165983,35.15802407762557,0
CISO_shape,113,27744,2026-04-21 08:00:00,forecast_optimal,9236.052999999998,97.5,12652.019552842465,14660.987973886984,0.8629718253215446,0.0627142060162163,14.074024385120007,-2.963443090946356,35.035554388127856,0
CISO_shape,0,8760,2024-02-20 08:00:00,forecast_optimal_336,18105.15675,22.5,19343.609666327055,21037.71179490011,0.9194730802908073,0.013305966475412106,37.03092862409754,-14.513296597014397,55.042351836757994,0
CISO_shape,1,8928,2024-02-27 08:00:00,forecast_optimal_336,12697.120499999999,25.0,14045.93557091895,15086.761202119009,0.931010664432478,0.01074708066791746,40.15767674372266,-14.503288120877803,53.95260283675799,0
CISO_shape,2,9096,2024-03-05 08:00:00,forecast_optimal_336,16722.67475,22.5,17910.875062594176,20578.011264286524,0.8703890202295104,0.012314726508563406,35.8736967952038,-13.200480797481339,52.80890278196347,0
CISO_shape,3,9264,2024-03-12 08:00:00,forecast_optimal_336,25472.01275000001,0.0,25472.01275000001,28461.07854453339,0.8949770722899221,0.012547789222928906,35.54708554431248,-8.27967985461772,51.893110106164386,0
CISO_shape,4,9432,2024-03-19 08:00:00,forecast_optimal_336,21694.25450000001,0.0,21694.25450000001,24965.014532812504,0.868986255605275,0.013136080409479566,35.775336472785895,-8.222983987035985,51.13292364726027,0
CISO_shape,5,9600,2024-03-26 08:00:00,forecast_optimal_336,19220.764000000006,35.0,20983.20921633562,22311.207622910966,0.9404784165420231,0.01210170608369888,38.412492321614664,-7.616584456174726,50.35557760958904,0
CISO_shape,6,9768,2024-04-02 08:00:00,forecast_optimal_336,11925.122749999999,50.0,14407.95335234018,17872.116864329335,0.8061693789109435,0.01,42.886576149529084,-4.058868137961071,49.65661204680366,0
CISO_shape,7,9936,2024-04-09 08:00:00,forecast_optimal_336,18322.476499999997,50.0,20773.85233498858,23924.711732353022,0.8683010507038385,0.011627421764987432,40.27363422987233,-6.231620267911918,49.027516699771695,0
CISO_shape,8,10104,2024-04-16 08:00:00,forecast_optimal_336,25833.932999999997,50.0,28260.679625456618,30179.529347639844,0.936418832113653,0.019646379904176035,29.68117122571275,-6.578046226525439,48.53493250913242,0
CISO_shape,9,10272,2024-04-23 08:00:00,forecast_optimal_336,28047.66325,25.0,29246.63146204338,30971.307937571342,0.9443137345376443,0.019569676558220738,29.431736243069054,-7.828286460131022,47.95872848173516,0
CISO_shape,10,10440,2024-04-30 08:00:00,forecast_optimal_336,20854.500249999994,21.25,21860.37261196632,24777.484110082758,0.8822676473060729,0.01,43.943243019928055,-7.223186165739049,47.335169974885844,0
CISO_shape,11,10608,2024-05-07 08:00:00,forecast_optimal_336,22989.678500000005,25.0,24172.921867751145,26409.671460679234,0.9153056638262868,0.01888997691559778,33.0217079906671,1.7035297915417045,47.329734710045656,0
CISO_shape,12,10776,2024-05-14 08:00:00,forecast_optimal_336,23619.181999999997,25.0,24807.099007477165,27086.72597691781,0.915839700546192,0.018915698147473202,31.672974229800715,2.3205734173997143,47.51668029908676,0
CISO_shape,13,10944,2024-05-21 08:00:00,forecast_optimal_336,29313.4655,22.5,30379.454308013697,32605.958131609586,0.9317148168255353,0.01607690659483978,32.759939257841694,-1.4276828567890565,47.377280356164384,0
CISO_shape,14,11112,2024-05-28 08:00:00,forecast_optimal_336,21090.495250000007,22.5,22153.41299630994,24284.38723523973,0.9122492069374731,0.015156138210050707,33.49193258141586,-5.395350040862473,47.240788724885846,0
CISO_shape,15,11280,2024-06-04 08:00:00,forecast_optimal_336,20243.28849999999,22.5,21306.794870684924,23142.924982739725,0.9206612771106414,0.010107354106823266,40.50425027467796,-0.6418386937267216,47.26694980821918,0
CISO_shape,16,11448,2024-06-11 08:00:00,forecast_optimal_336,21824.288250000005,22.5,22883.50436075343,24800.1901930137,0.9227148736625332,0.010684938351131313,39.451099717068345,0.8378939657496169,47.0762715890411,0
CISO_shape,17,11616,2024-06-18 08:00:00,forecast_optimal_336,17752.94525,22.5,18810.61422910959,19979.723911872145,0.9414851932929934,0.011790037752327653,37.99169859383881,-0.3679039351901636,47.0075101826484,0
CISO_shape,18,11784,2024-06-25 08:00:00,forecast_optimal_336,17404.043250000002,5.0,17639.620745256852,18815.344478655825,0.9375125055651935,0.01,39.83446801641576,4.166989541667845,47.11549905136986,0
CISO_shape,19,11952,2024-07-02 08:00:00,forecast_optimal_336,31208.605000000007,16.25,31973.48391532535,38299.33688741439,0.8348312663823746,0.013585715780112353,34.53505309846629,4.497871601544013,47.06947171232876,0
CISO_shape,20,12120,2024-07-09 08:00:00,forecast_optimal_336,65190.04,16.25,65957.9086842266,66921.04944336186,0.9856078055089317,0.016803837568236914,33.80962575264518,-8.229421843805445,47.253457490867575,0
CISO_shape,21,12288,2024-07-16 08:00:00,forecast_optimal_336,21520.773749999993,12.5,22113.223884246567,22666.758741643833,0.9755794437260983,0.08042516184169071,36.140920639382344,-2.9563427527589567,47.39601073972603,0
CISO_shape,22,12456,2024-07-23 08:00:00,forecast_optimal_336,36300.3005,12.5,36887.09220005707,38175.371740410956,0.9662536477938167,0.06914263164869186,39.28157478454722,-8.786714326647296,46.94333600456621,0
CISO_shape,23,12624,2024-07-30 08:00:00,forecast_optimal_336,44037.94099999999,12.5,44621.497283818484,46495.51849999999,0.9596945839805721,0.0663321312541331,43.78062967042454,-4.006231039847283,46.68450270547945,0
CISO_shape,24,12792,2024-08-06 08:00:00,forecast_optimal_336,23645.592,12.5,24227.618953895548,25212.63256804795,0.9609317427883072,0.11920787293862187,35.90971541060022,-2.5657372536960996,46.56215631164383,0
CISO_shape,25,12960,2024-08-13 08:00:00,forecast_optimal_336,12800.986500000006,12.5,13378.939367851033,14633.695912825342,0.9142556636102703,0.12767835835609348,36.23029897905122,-8.897242851943474,46.23622942808219,0
CISO_shape,26,13128,2024-08-20 08:00:00,forecast_optimal_336,11997.502499999997,22.5,13006.498372756847,14597.414762234588,0.8910138257088064,0.2254985836299986,27.673158008992072,-6.676245463435764,44.844261011415526,0
CISO_shape,27,13296,2024-08-27 08:00:00,forecast_optimal_336,13879.10075,22.5,14879.077776489725,15956.751268210617,0.9324628507641242,0.21917887825647045,28.007064450848773,-7.5790640636873565,44.44342339954338,0
CISO_shape,28,13464,2024-09-03 08:00:00,forecast_optimal_336,49902.83449999998,22.5,50896.20846561642,53865.36502308217,0.9448781873808259,0.2986916012235393,24.446421871724777,-4.40666140377354,44.14995402739726,0
CISO_shape,29,13632,2024-09-10 08:00:00,forecast_optimal_336,10324.90225,22.5,11321.637878356163,13236.65522287671,0.8553246789105112,0.3118189155792715,27.56276312061188,5.069424116593954,44.299361260273976,0
CISO_shape,30,13800,2024-09-17 08:00:00,forecast_optimal_336,10464.1015,5.0,10683.625099069635,12480.352991859305,0.8560354908261296,0.31677597947915637,27.366625651724373,-5.762461119490136,43.90471981392694,0
CISO_shape,31,13968,2024-09-24 08:00:00,forecast_optimal_336,11565.214750000003,43.75,13481.517930072776,14350.120349751713,0.9394707222999725,0.3267281020641143,27.06470668258318,-2.311347442673512,43.80121554452054,0
CISO_shape,32,14136,2024-10-01 08:00:00,forecast_optimal_336,33154.463500000005,5.0,33373.51572829909,46141.98650000001,0.7232786938702581,0.22441099888880706,31.82397850615612,-0.7331984122369382,43.81044565981735,0
CISO_shape,33,14304,2024-10-08 08:00:00,forecast_optimal_336,14026.298749999996,5.0,14245.851214155247,17587.767499999998,0.8099863279495393,0.30906070211668263,28.229213585889795,-0.26937606887555804,43.910492831050234,0
CISO_shape,34,14472,2024-10-15 08:00:00,forecast_optimal_336,9476.981249999997,5.0,9696.371527557074,11577.445110228313,0.8375225652325168,0.28190894905543684,23.91052630924506,-7.836908856353953,43.878055511415525,0
CISO_shape,35,14640,2024-10-22 08:00:00,forecast_optimal_336,5737.221749999997,22.5,6710.008991583901,7966.862999999995,0.8422397864233269,0.2359642880609443,26.749619594387816,-11.153740384215824,43.234988514840175,0
CISO_shape,36,14808,2024-10-29 08:00:00,forecast_optimal_336,6129.66625,0.0,6129.66625,9478.0015,0.6467256045485961,0.2561399284114645,29.595426213849137,-8.718847760605344,42.76405463584475,0
CISO_shape,37,14976,2024-11-05 08:00:00,forecast_optimal_336,8551.472,0.0,8551.472,9168.135453767125,0.9327384006402586,0.23231515934993646,34.08157896245849,-7.362116361279371,42.22630884018265,0
CISO_shape,38,15144,2024-11-12 08:00:00,forecast_optimal_336,5705.012749999999,22.5,6648.159268655821,8192.261,0.8115170242568956,0.22509644673813986,28.969462424063398,-5.281384016388684,41.91762305136986,0
CISO_shape,39,15312,2024-11-19 08:00:00,forecast_optimal_336,1973.8067499999981,21.25,2856.1253677411514,5940.808845161245,0.4807637212679296,0.2503085752901926,26.525542520192523,-1.2516868989166146,41.52087612899544,0
CISO_shape,40,15480,2024-11-26 08:00:00,forecast_optimal_336,6241.369000000001,25.0,7279.412992494293,8686.904,0.8379755310400911,0.1596455008919378,27.145791542678772,6.000102890483714,41.52175969977169,0
CISO_shape,41,15648,2024-12-03 08:00:00,forecast_optimal_336,5102.12525,22.5,6028.971888690068,7146.291250000002,0.8436504583674876,0.1628649989052093,23.736384292758608,2.075413969189338,41.19318394178082,0
CISO_shape,42,15816,2024-12-10 08:00:00,forecast_optimal_336,3792.33075,0.0,3792.33075,5672.151749999999,0.6685876748625423,0.13232287013881117,20.422352616019896,-3.4759373077606646,41.03489456278538,0
CISO_shape,43,15984,2024-12-17 08:00:00,forecast_optimal_336,4804.503749999998,0.0,4804.503749999998,5497.324999999998,0.8739712041765767,0.11974212680349376,21.40737292439073,-1.5127452870457387,40.89529712100456,0
CISO_shape,44,16152,2024-12-24 08:00:00,forecast_optimal_336,3930.2527500000015,0.0,3930.2527500000015,4479.457328638699,0.8773948408599752,0.10468294032412707,21.948959989863038,-4.160277384791629,40.82401752739726,0
CISO_shape,45,16320,2024-12-31 08:00:00,forecast_optimal_336,2840.722750000001,21.25,3704.6676304894413,8158.739482138984,0.4540735292013743,0.05842297747102481,28.59480034630093,-8.927876682492004,40.65622967009132,0
CISO_shape,46,16488,2025-01-07 08:00:00,forecast_optimal_336,6238.7612500000005,67.5,8963.584336164384,14547.656499999997,0.6161531471522156,0.04487782438212994,21.219884024144847,-16.476571743388927,40.36774942465753,0
CISO_shape,47,16656,2025-01-14 08:00:00,forecast_optimal_336,13582.105250000002,58.75,15875.825204019693,20259.333500000004,0.7836301823068211,0.13332057770482103,15.00244469221098,-9.736813273974935,39.04204177054794,0
CISO_shape,48,16824,2025-01-21 08:00:00,forecast_optimal_336,16663.926,22.5,17520.24924932363,18672.053,0.9383140273500525,0.1461638338934714,14.457686656387033,3.4885336428814377,38.05881108105023,0
CISO_shape,49,16992,2025-01-28 08:00:00,forecast_optimal_336,10692.881749999999,21.25,11501.531310570776,14022.508500000002,0.8202192432666933,0.11808478270978606,14.992937149783332,1.7006013129430435,38.05409696803654,0
CISO_shape,50,17160,2025-02-04 08:00:00,forecast_optimal_336,22157.149499999996,0.0,22157.149499999996,25014.13352256849,0.8857852093900899,0.054376484548780184,11.905771900341856,1.5104872824633373,38.11920225684931,0
CISO_shape,51,17328,2025-02-11 08:00:00,forecast_optimal_336,25013.800000000007,23.75,25919.297859393555,26727.818250000008,0.9697498545132298,0.06406359836558898,10.607024452840182,4.367735485382306,38.1262256586758,0
CISO_shape,52,17496,2025-02-18 08:00:00,forecast_optimal_336,19387.811749999997,23.75,20292.321229501995,21727.9455,0.933927288684611,0.07879831128304708,10.490776587452252,2.0981100254591745,38.084609663242006,0
CISO_shape,53,17664,2025-02-25 08:00:00,forecast_optimal_336,26905.395,23.75,27812.04086588185,29141.314249999996,0.9543852630422066,0.08867300675872782,10.594993058737572,-0.1527698122425905,38.1745627739726,0
CISO_shape,54,17832,2025-03-04 08:00:00,forecast_optimal_336,28854.127,23.75,29760.672887708333,33037.48275,0.9008153893839969,0.04191559374583705,16.307772512440003,-1.9173782545496998,38.170353166666665,0
CISO_shape,55,18000,2025-03-11 08:00:00,forecast_optimal_336,20153.4325,20.0,20917.243252557077,23480.66475,0.8908284103224581,0.055373685323298685,16.209074877656064,4.521934444639769,38.19053762785388,0
CISO_shape,56,18168,2025-03-18 08:00:00,forecast_optimal_336,35766.73249999999,23.75,36679.52227902967,38090.227327077635,0.9629641210609126,0.04987057472072505,17.88703819069655,5.25999270237385,38.43325385388128,0
CISO_shape,57,18336,2025-03-25 08:00:00,forecast_optimal_336,27889.529749999994,0.0,27889.529749999994,30259.961502020546,0.9216644161340962,0.05736857610195724,18.141821771463594,-2.523775238040096,38.525423705479454,0
CISO_shape,58,18504,2025-04-01 08:00:00,forecast_optimal_336,28822.08875000001,20.0,29587.72235721462,31724.68722570207,0.9326403171988985,0.03652745573141221,23.906950405654857,-10.521789892630418,38.2816803607306,0
CISO_shape,59,18672,2025-04-08 08:00:00,forecast_optimal_336,27357.10350000001,20.0,28117.426249018274,29298.301499999998,0.9596947539439539,0.046604612714357924,21.999814598489245,-2.1531687078384087,38.01613745091324,0
CISO_shape,60,18840,2025-04-15 08:00:00,forecast_optimal_336,26116.847999999998,20.0,26873.919402922373,27706.61732828767,0.9699458827651567,0.044952007869327064,22.037697731591884,-0.226318116844532,37.85357014611872,0
CISO_shape,61,19008,2025-04-22 08:00:00,forecast_optimal_336,20587.320499999998,50.0,22476.830260730592,23599.341660273963,0.9524346307747663,0.04830194007577644,20.824726070232703,-2.236921502286332,37.79019521461187,0
CISO_shape,62,19176,2025-04-29 08:00:00,forecast_optimal_336,21855.8275,21.25,22661.6593223359,23454.317578531685,0.9662041646045876,0.058195184177706666,19.23411573323346,1.2847261420323857,37.921497521689496,0
CISO_shape,63,19344,2025-05-06 08:00:00,forecast_optimal_336,20643.257749999997,25.0,21591.6950383847,23359.916504673234,0.9243053173612673,0.05847909388488948,19.108766558513576,3.4903390725584935,37.93749153538812,0
CISO_shape,64,19512,2025-05-13 08:00:00,forecast_optimal_336,20766.09075,15.0,21337.759327431508,22722.829858946916,0.9390449807478514,0.053004462938774054,20.221582618527094,8.812041753711021,38.11123849543379,0
CISO_shape,65,19680,2025-05-20 08:00:00,forecast_optimal_336,19119.768000000007,22.5,19977.444752029118,21391.27588345462,0.9339061802985278,0.057479847849913314,19.947809914024866,1.239120149457701,38.11896675684932,0
CISO_shape,66,19848,2025-05-27 08:00:00,forecast_optimal_336,15712.524000000003,22.5,16576.326095599317,17497.72134559932,0.9473419863191653,0.04771520576100521,21.252382654113177,1.703859863699286,38.39120424885845,0
CISO_shape,67,20016,2025-06-03 08:00:00,forecast_optimal_336,13049.186250000002,22.5,13919.531415847605,15639.062665847601,0.8900489571056526,0.06919032872543153,17.66755321269339,5.793044260350201,38.682007371004566,0
CISO_shape,68,20184,2025-06-10 08:00:00,forecast_optimal_336,16117.663000000004,22.5,16992.321770042814,17596.09102004281,0.9656873080894913,0.07315566557973481,16.70925337461828,-0.39123175652541436,38.8737231130137,0
CISO_shape,69,20352,2025-06-17 08:00:00,forecast_optimal_336,17548.11925,16.25,18182.28131996718,19071.097663036533,0.9533945890911119,0.07370776155695379,15.565856262496801,-3.099914001079564,39.02535815182649,0
CISO_shape,70,20520,2025-06-24 08:00:00,forecast_optimal_336,13961.06775,22.5,14840.814043818493,15880.470205616439,0.9345324068911857,0.10063998529392228,14.188774549663963,-3.332335970252734,39.099835280821914,0
CISO_shape,71,20688,2025-07-01 08:00:00,forecast_optimal_336,14109.080499999998,16.25,14744.664903677225,14994.660607975171,0.9833276850451033,0.04616178719515907,20.702599459532433,0.9922934038553789,39.112886380136985,0
CISO_shape,72,20856,2025-07-08 08:00:00,forecast_optimal_336,12374.218500000004,16.25,13006.690331837905,14291.454831837904,0.9101026092082763,0.09076666132056961,14.1737545365635,-5.119634687104185,38.92134349771689,0
CISO_shape,73,21024,2025-07-15 08:00:00,forecast_optimal_336,7572.051499999997,16.25,8198.657000142692,8544.215500142693,0.9595564390909581,0.09565887188902981,14.351541122729566,-0.3609288761593356,38.56033847031964,0
CISO_shape,74,21192,2025-07-22 08:00:00,forecast_optimal_336,8628.277499999998,16.25,9253.680091425513,9959.644766369864,0.9291174844580663,0.07971612599225261,14.538462581845208,-1.392656849815724,38.486313318493146,0
CISO_shape,75,21360,2025-07-29 08:00:00,forecast_optimal_336,9021.195499999998,16.25,9640.6342428867,10381.323590682074,0.9286517425908781,0.06790116097877531,14.989198998438521,-2.9649808786505987,38.119307254566216,0
CISO_shape,76,21528,2025-08-05 08:00:00,forecast_optimal_336,10264.30825,16.25,10878.790575118435,11633.953098140697,0.9350897741591421,0.0691172540806299,13.855990479211021,-0.29413191745737666,37.814296930365295,0
CISO_shape,77,21696,2025-08-12 08:00:00,forecast_optimal_336,7712.255749999999,16.25,8324.413393006564,8989.378096234303,0.9260277300488344,0.06028729702494915,13.410487616336288,3.6023326285477704,37.6712395696347,0
CISO_shape,78,21864,2025-08-19 08:00:00,forecast_optimal_336,13503.20575,16.25,14116.325923023687,16586.120610930368,0.8510926849115598,0.059514559478638505,12.27654238154503,1.680091977478848,37.730472186073065,0
CISO_shape,79,22032,2025-08-26 08:00:00,forecast_optimal_336,10952.676999999998,5.0,11143.292252694062,12440.639071255708,0.895717027788453,0.04043799674844989,13.649946989401291,7.141045862697936,38.123050538812784,0
CISO_shape,80,22200,2025-09-02 08:00:00,forecast_optimal_336,13380.001750000003,12.5,13859.155460801943,14634.911984320777,0.9469927441757117,0.03414445595028243,13.605688586810627,2.5017433910460816,38.33229686415525,0
CISO_shape,81,22368,2025-09-09 08:00:00,forecast_optimal_336,8085.0555,12.5,8564.082479295092,10177.474697929509,0.8414742098093702,0.02629375786722878,14.780328501656465,5.176366733331757,38.322158343607306,0
CISO_shape,82,22536,2025-09-16 08:00:00,forecast_optimal_336,10432.78125,12.5,10914.51862956621,11754.693843436075,0.9285242793168087,0.035804638972481144,12.685828208680304,-0.5469639827353953,38.5389903652968,0
CISO_shape,83,22704,2025-09-23 08:00:00,forecast_optimal_336,5813.362000000001,12.5,6299.040470419522,7731.913011545374,0.8146807214480722,0.05968000405742577,10.695287189293719,2.1708750541873685,38.854277633561644,0
CISO_shape,84,22872,2025-09-30 08:00:00,forecast_optimal_336,2247.4617500000004,12.5,2734.876974257991,5258.385679406392,0.5200982090318498,0.09444694436977029,9.182936043536417,-1.177468699343132,38.99321794063927,0
CISO_shape,85,23040,2025-10-07 08:00:00,forecast_optimal_336,8197.111499999999,22.5,9066.746157996575,9819.981536555366,0.923295642078874,0.13461767358596538,8.229080067770811,-1.688218065548329,38.65042924429223,0
CISO_shape,86,23208,2025-10-14 08:00:00,forecast_optimal_336,12849.683,22.5,13713.615103861302,15246.639249999997,0.8994516679379887,0.14604383622244566,8.211702586257147,0.036698048462638556,38.396982393835614,0
CISO_shape,87,23376,2025-10-21 08:00:00,forecast_optimal_336,8047.26025,22.5,8910.859156806508,11356.9535,0.7846170327990255,0.15210154436730638,8.071720866091464,-1.2592801434699457,38.38217363584475,0
CISO_shape,88,23544,2025-10-28 08:00:00,forecast_optimal_336,11173.020499999997,22.5,12037.477979554791,13256.818749999999,0.9080216156349571,0.18602452723017587,7.648735392321822,-1.011178366286338,38.42033242465753,0
CISO_shape,89,23712,2025-11-04 08:00:00,forecast_optimal_336,5485.429749999999,22.5,6351.833280753424,9435.751133321919,0.6731666818047181,0.16908251898924753,8.522796900680323,0.3870075965677928,38.5068235890411,0
CISO_shape,90,23880,2025-11-11 08:00:00,forecast_optimal_336,-2031.7702499999996,22.5,-1163.1137566181503,3471.029776307077,-0.3350918406282353,0.1546686984308496,8.90751564068083,-0.2769246162551311,38.60695526141552,0
CISO_shape,91,24048,2025-11-18 08:00:00,forecast_optimal_336,3940.7160000000013,22.5,4812.278778518837,6601.187999999999,0.7290019279134055,0.12250778837465749,9.97446502435485,1.399870643014148,38.736123489726026,0
CISO_shape,92,24216,2025-11-25 08:00:00,forecast_optimal_336,1947.2619999999988,22.5,2818.295598938355,4952.905760993149,0.5690186195614663,0.17236018681482942,8.347655859901083,2.599724797296605,38.71260439726027,0
CISO_shape,93,24384,2025-12-02 08:00:00,forecast_optimal_336,2828.8482500000023,22.5,3700.906042285961,5184.250120507992,0.7138749011444916,0.17988040262543017,8.126451597814006,3.452956262798252,38.75812410159818,0
CISO_shape,94,24552,2025-12-09 08:00:00,forecast_optimal_336,2650.3497500000003,22.5,3523.2185866609593,4045.7861025913257,0.8708365932653578,0.13467340380671924,9.632955161187082,2.372487448606865,38.79417051826484,0
CISO_shape,95,24720,2025-12-16 08:00:00,forecast_optimal_336,1796.7417499999995,22.5,2665.9436794691774,3535.1322343264846,0.7541284180497125,0.13973237590131798,9.421231565098035,-2.897900772136493,38.63119686529681,0
CISO_shape,96,24888,2025-12-23 08:00:00,forecast_optimal_336,6655.103249999998,22.5,7519.470922217464,8442.131069748857,0.8907076732274851,0.08699572921759113,10.721734274644223,-5.51654783198743,38.41634098744293,0
CISO_shape,97,25056,2025-12-30 08:00:00,forecast_optimal_336,1090.6945000000014,12.5,1568.5874084902982,3225.241781037387,0.48634723068289404,0.07697868878582154,10.844844147819016,-9.002432563218816,38.231432679223744,0
CISO_shape,98,25224,2026-01-06 08:00:00,forecast_optimal_336,12208.213,12.5,12684.889792979451,14565.965250000001,0.8708581666415448,0.06708638408372365,10.298204083496028,-5.473011160013864,38.13414343835617,0
CISO_shape,99,25392,2026-01-13 08:00:00,forecast_optimal_336,13447.244500000003,33.75,14726.424547290242,15254.423525505139,0.9653871562349051,0.04889969984851086,11.960585244314945,-7.703584547772041,37.90163103082192,0
CISO_shape,100,25560,2026-01-20 08:00:00,forecast_optimal_336,7071.129500000001,22.5,7911.866407722604,11642.908499999998,0.6795438105283234,0.040267057469649474,13.16724668686056,-7.039041699305898,37.366084787671234,0
CISO_shape,101,25728,2026-01-27 08:00:00,forecast_optimal_336,9406.802,58.75,11596.991789236587,13306.350369977172,0.8715381353103873,0.044343185581349226,13.410043402015102,6.793769289145643,37.27982619977169,0
CISO_shape,102,25896,2026-02-03 08:00:00,forecast_optimal_336,10762.292000000001,22.5,11595.801415753425,12158.116249999997,0.9537498389813001,0.04811489518581646,13.137128387822713,-0.9856397630371112,37.044862922374435,0
CISO_shape,103,26064,2026-02-10 08:00:00,forecast_optimal_336,3970.542750000002,22.5,4795.282452585619,5910.817707853883,0.8112722620787275,0.047288247903096235,12.139959747308197,-5.291640264424632,36.655097892694066,0
CISO_shape,104,26232,2026-02-17 08:00:00,forecast_optimal_336,9006.737,22.5,9826.004512748286,10916.895012748288,0.900073189425555,0.04947989228347049,10.848636610993623,-0.9908465417874326,36.41188945547945,0
CISO_shape,105,26400,2026-02-24 08:00:00,forecast_optimal_336,9174.448499999999,22.5,9989.643995034245,12175.831145976032,0.8204486310025499,0.05066471828447374,10.576919351872732,-1.3223467380205338,36.23091089041096,0
CISO_shape,106,26568,2026-03-03 08:00:00,forecast_optimal_336,19853.643249999994,22.5,20664.050582602733,22171.610469178075,0.9320049444008102,0.05407926563122815,10.792352593747955,-5.0878374956395165,36.01810367123287,0
CISO_shape,107,26736,2026-03-10 08:00:00,forecast_optimal_336,22919.067750000006,22.5,23719.821985736307,24437.302750000003,0.9706399363463427,0.06379365761185167,10.66243981634801,-6.025163224245858,35.58907714383562,0
CISO_shape,108,26904,2026-03-17 08:00:00,forecast_optimal_336,18276.035,22.5,19066.244936164385,29801.362070319636,0.639777634699228,0.04666392620427739,13.05279395527483,-2.1608807443900324,35.120441607305935,0
CISO_shape,109,27072,2026-03-24 08:00:00,forecast_optimal_336,14596.583500000004,22.5,15386.530675282538,16584.281304747434,0.9277779598973622,0.04160388275192633,16.534478359481064,6.144228798905615,35.10876334589041,0
CISO_shape,110,27240,2026-03-31 08:00:00,forecast_optimal_336,15919.244500000003,22.5,16712.713760633564,19047.72616930651,0.8774125379628996,0.04525384034611965,15.876245433190896,0.9038395374897312,35.26530047260274,0
CISO_shape,111,27408,2026-04-07 08:00:00,forecast_optimal_336,10405.62725,22.5,11198.335642285958,14625.474160159818,0.7656733395208836,0.0647820113342105,13.953068014322712,-1.5602559162444125,35.23148410159818,0
CISO_shape,112,27576,2026-04-14 08:00:00,forecast_optimal_336,17007.2415,18.75,17666.45445145548,20841.455597568493,0.847659337839943,0.06427264380440376,13.527550845629822,-1.3108305781165983,35.15802407762557,0
CISO_shape,113,27744,2026-04-21 08:00:00,forecast_optimal_336,10758.042499999998,22.5,11546.342473732875,14660.987973886984,0.7875555518017152,0.0627142060162163,14.074024385120007,-2.963443090946356,35.035554388127856,0
CISO_shape,0,8760,2024-02-20 08:00:00,pf,15946.294249999999,92.5,21037.71179490011,21037.71179490011,1.0,0.013305966475412106,37.03092862409754,-14.513296597014397,55.042351836757994,0
CISO_shape,1,8928,2024-02-27 08:00:00,pf,11242.638250000002,71.25,15086.761202119009,15086.761202119009,1.0,0.01074708066791746,40.15767674372266,-14.503288120877803,53.95260283675799,0
CISO_shape,2,9096,2024-03-05 08:00:00,pf,15561.165499999996,95.0,20578.011264286524,20578.011264286524,1.0,0.012314726508563406,35.8736967952038,-13.200480797481339,52.80890278196347,0
CISO_shape,3,9264,2024-03-12 08:00:00,pf,25023.16,66.25,28461.07854453339,28461.07854453339,1.0,0.012547789222928906,35.54708554431248,-8.27967985461772,51.893110106164386,0
CISO_shape,4,9432,2024-03-19 08:00:00,pf,20299.135250000003,91.25,24965.014532812504,24965.014532812504,1.0,0.013136080409479566,35.775336472785895,-8.222983987035985,51.13292364726027,0
CISO_shape,5,9600,2024-03-26 08:00:00,pf,17527.427750000006,95.0,22311.207622910966,22311.207622910966,1.0,0.01210170608369888,38.412492321614664,-7.616584456174726,50.35557760958904,0
CISO_shape,6,9768,2024-04-02 08:00:00,pf,13278.880249999998,92.5,17872.116864329335,17872.116864329335,1.0,0.01,42.886576149529084,-4.058868137961071,49.65661204680366,0
CISO_shape,7,9936,2024-04-09 08:00:00,pf,19205.813249999996,96.25,23924.711732353022,23924.711732353022,1.0,0.011627421764987432,40.27363422987233,-6.231620267911918,49.027516699771695,0
CISO_shape,8,10104,2024-04-16 08:00:00,pf,26114.728750000002,83.75,30179.529347639844,30179.529347639844,1.0,0.019646379904176035,29.68117122571275,-6.578046226525439,48.53493250913242,0
CISO_shape,9,10272,2024-04-23 08:00:00,pf,26235.383499999996,98.75,30971.307937571342,30971.307937571342,1.0,0.019569676558220738,29.431736243069054,-7.828286460131022,47.95872848173516,0
CISO_shape,10,10440,2024-04-30 08:00:00,pf,20221.473999999995,96.25,24777.484110082758,24777.484110082758,1.0,0.01,43.943243019928055,-7.223186165739049,47.335169974885844,0
CISO_shape,11,10608,2024-05-07 08:00:00,pf,22031.67100000001,92.5,26409.671460679234,26409.671460679234,1.0,0.01888997691559778,33.0217079906671,1.7035297915417045,47.329734710045656,0
CISO_shape,12,10776,2024-05-14 08:00:00,pf,22810.22475,90.0,27086.72597691781,27086.72597691781,1.0,0.018915698147473202,31.672974229800715,2.3205734173997143,47.51668029908676,0
CISO_shape,13,10944,2024-05-21 08:00:00,pf,28401.224499999997,88.75,32605.958131609586,32605.958131609586,1.0,0.01607690659483978,32.759939257841694,-1.4276828567890565,47.377280356164384,0
CISO_shape,14,11112,2024-05-28 08:00:00,pf,20032.716250000005,90.0,24284.38723523973,24284.38723523973,1.0,0.015156138210050707,33.49193258141586,-5.395350040862473,47.240788724885846,0
CISO_shape,15,11280,2024-06-04 08:00:00,pf,18888.8995,90.0,23142.924982739725,23142.924982739725,1.0,0.010107354106823266,40.50425027467796,-0.6418386937267216,47.26694980821918,0
CISO_shape,16,11448,2024-06-11 08:00:00,pf,20563.32575,90.0,24800.1901930137,24800.1901930137,1.0,0.010684938351131313,39.451099717068345,0.8378939657496169,47.0762715890411,0
CISO_shape,17,11616,2024-06-18 08:00:00,pf,16924.23575,65.0,19979.723911872145,19979.723911872145,1.0,0.011790037752327653,37.99169859383881,-0.3679039351901636,47.0075101826484,0
CISO_shape,18,11784,2024-06-25 08:00:00,pf,17755.245750000002,22.5,18815.344478655825,18815.344478655825,1.0,0.01,39.83446801641576,4.166989541667845,47.11549905136986,0
CISO_shape,19,11952,2024-07-02 08:00:00,pf,36240.04750000001,43.75,38299.33688741439,38299.33688741439,1.0,0.013585715780112353,34.53505309846629,4.497871601544013,47.06947171232876,0
CISO_shape,20,12120,2024-07-09 08:00:00,pf,64912.77749999998,42.5,66921.04944336186,66921.04944336186,1.0,0.016803837568236914,33.80962575264518,-8.229421843805445,47.253457490867575,0
CISO_shape,21,12288,2024-07-16 08:00:00,pf,21600.348499999996,22.5,22666.758741643833,22666.758741643833,1.0,0.08042516184169071,36.140920639382344,-2.9563427527589567,47.39601073972603,0
CISO_shape,22,12456,2024-07-23 08:00:00,pf,33950.4715,90.0,38175.371740410956,38175.371740410956,1.0,0.06914263164869186,39.28157478454722,-8.786714326647296,46.94333600456621,0
CISO_shape,23,12624,2024-07-30 08:00:00,pf,46495.51849999999,0.0,46495.51849999999,46495.51849999999,1.0,0.0663321312541331,43.78062967042454,-4.006231039847283,46.68450270547945,0
CISO_shape,24,12792,2024-08-06 08:00:00,pf,21022.038500000002,90.0,25212.63256804795,25212.63256804795,1.0,0.11920787293862187,35.90971541060022,-2.5657372536960996,46.56215631164383,0
CISO_shape,25,12960,2024-08-13 08:00:00,pf,11628.341,65.0,14633.695912825342,14633.695912825342,1.0,0.12767835835609348,36.23029897905122,-8.897242851943474,46.23622942808219,0
CISO_shape,26,13128,2024-08-20 08:00:00,pf,10729.597249999999,86.25,14597.414762234588,14597.414762234588,1.0,0.2254985836299986,27.673158008992072,-6.676245463435764,44.844261011415526,0
CISO_shape,27,13296,2024-08-27 08:00:00,pf,12123.506000000001,86.25,15956.751268210617,15956.751268210617,1.0,0.21917887825647045,28.007064450848773,-7.5790640636873565,44.44342339954338,0
CISO_shape,28,13464,2024-09-03 08:00:00,pf,52927.17849999998,21.25,53865.36502308217,53865.36502308217,1.0,0.2986916012235393,24.446421871724777,-4.40666140377354,44.14995402739726,0
CISO_shape,29,13632,2024-09-10 08:00:00,pf,8917.467499999997,97.5,13236.65522287671,13236.65522287671,1.0,0.3118189155792715,27.56276312061188,5.069424116593954,44.299361260273976,0
CISO_shape,30,13800,2024-09-17 08:00:00,pf,10559.5215,43.75,12480.352991859305,12480.352991859305,1.0,0.31677597947915637,27.366625651724373,-5.762461119490136,43.90471981392694,0
CISO_shape,31,13968,2024-09-24 08:00:00,pf,13364.593,22.5,14350.120349751713,14350.120349751713,1.0,0.3267281020641143,27.06470668258318,-2.311347442673512,43.80121554452054,0
CISO_shape,32,14136,2024-10-01 08:00:00,pf,46141.98650000001,0.0,46141.98650000001,46141.98650000001,1.0,0.22441099888880706,31.82397850615612,-0.7331984122369382,43.81044565981735,0
CISO_shape,33,14304,2024-10-08 08:00:00,pf,17587.767499999998,0.0,17587.767499999998,17587.767499999998,1.0,0.30906070211668263,28.229213585889795,-0.26937606887555804,43.910492831050234,0
CISO_shape,34,14472,2024-10-15 08:00:00,pf,10699.884000000002,20.0,11577.445110228313,11577.445110228313,1.0,0.28190894905543684,23.91052630924506,-7.836908856353953,43.878055511415525,0
CISO_shape,35,14640,2024-10-22 08:00:00,pf,7966.862999999995,0.0,7966.862999999995,7966.862999999995,1.0,0.2359642880609443,26.749619594387816,-11.153740384215824,43.234988514840175,0
CISO_shape,36,14808,2024-10-29 08:00:00,pf,9478.0015,0.0,9478.0015,9478.0015,1.0,0.2561399284114645,29.595426213849137,-8.718847760605344,42.76405463584475,0
CISO_shape,37,14976,2024-11-05 08:00:00,pf,5209.419000000001,93.75,9168.135453767125,9168.135453767125,1.0,0.23231515934993646,34.08157896245849,-7.362116361279371,42.22630884018265,0
CISO_shape,38,15144,2024-11-12 08:00:00,pf,8192.261,0.0,8192.261,8192.261,1.0,0.22509644673813986,28.969462424063398,-5.281384016388684,41.91762305136986,0
CISO_shape,39,15312,2024-11-19 08:00:00,pf,5888.90775,1.25,5940.808845161245,5940.808845161245,1.0,0.2503085752901926,26.525542520192523,-1.2516868989166146,41.52087612899544,0
CISO_shape,40,15480,2024-11-26 08:00:00,pf,8686.904,0.0,8686.904,8686.904,1.0,0.1596455008919378,27.145791542678772,6.000102890483714,41.52175969977169,0
CISO_shape,41,15648,2024-12-03 08:00:00,pf,7146.291250000002,0.0,7146.291250000002,7146.291250000002,1.0,0.1628649989052093,23.736384292758608,2.075413969189338,41.19318394178082,0
CISO_shape,42,15816,2024-12-10 08:00:00,pf,5672.151749999999,0.0,5672.151749999999,5672.151749999999,1.0,0.13232287013881117,20.422352616019896,-3.4759373077606646,41.03489456278538,0
CISO_shape,43,15984,2024-12-17 08:00:00,pf,5497.324999999998,0.0,5497.324999999998,5497.324999999998,1.0,0.11974212680349376,21.40737292439073,-1.5127452870457387,40.89529712100456,0
CISO_shape,44,16152,2024-12-24 08:00:00,pf,3714.0070000000005,18.75,4479.457328638699,4479.457328638699,1.0,0.10468294032412707,21.948959989863038,-4.160277384791629,40.82401752739726,0
CISO_shape,45,16320,2024-12-31 08:00:00,pf,7498.07575,16.25,8158.739482138984,8158.739482138984,1.0,0.05842297747102481,28.59480034630093,-8.927876682492004,40.65622967009132,0
CISO_shape,46,16488,2025-01-07 08:00:00,pf,14547.656499999997,0.0,14547.656499999997,14547.656499999997,1.0,0.04487782438212994,21.219884024144847,-16.476571743388927,40.36774942465753,0
CISO_shape,47,16656,2025-01-14 08:00:00,pf,20259.333500000004,0.0,20259.333500000004,20259.333500000004,1.0,0.13332057770482103,15.00244469221098,-9.736813273974935,39.04204177054794,0
CISO_shape,48,16824,2025-01-21 08:00:00,pf,18672.053,0.0,18672.053,18672.053,1.0,0.1461638338934714,14.457686656387033,3.4885336428814377,38.05881108105023,0
CISO_shape,49,16992,2025-01-28 08:00:00,pf,14022.508500000002,0.0,14022.508500000002,14022.508500000002,1.0,0.11808478270978606,14.992937149783332,1.7006013129430435,38.05409696803654,0
CISO_shape,50,17160,2025-02-04 08:00:00,pf,24632.941499999997,10.0,25014.13352256849,25014.13352256849,1.0,0.054376484548780184,11.905771900341856,1.5104872824633373,38.11920225684931,0
CISO_shape,51,17328,2025-02-11 08:00:00,pf,26727.818250000008,0.0,26727.818250000008,26727.818250000008,1.0,0.06406359836558898,10.607024452840182,4.367735485382306,38.1262256586758,0
CISO_shape,52,17496,2025-02-18 08:00:00,pf,21727.9455,0.0,21727.9455,21727.9455,1.0,0.07879831128304708,10.490776587452252,2.0981100254591745,38.084609663242006,0
CISO_shape,53,17664,2025-02-25 08:00:00,pf,29141.314249999996,0.0,29141.314249999996,29141.314249999996,1.0,0.08867300675872782,10.594993058737572,-0.1527698122425905,38.1745627739726,0
CISO_shape,54,17832,2025-03-04 08:00:00,pf,33037.48275,0.0,33037.48275,33037.48275,1.0,0.04191559374583705,16.307772512440003,-1.9173782545496998,38.170353166666665,0
CISO_shape,55,18000,2025-03-11 08:00:00,pf,23480.66475,0.0,23480.66475,23480.66475,1.0,0.055373685323298685,16.209074877656064,4.521934444639769,38.19053762785388,0
CISO_shape,56,18168,2025-03-18 08:00:00,pf,37321.56225000001,20.0,38090.227327077635,38090.227327077635,1.0,0.04987057472072505,17.88703819069655,5.25999270237385,38.43325385388128,0
CISO_shape,57,18336,2025-03-25 08:00:00,pf,26600.04625,95.0,30259.961502020546,30259.961502020546,1.0,0.05736857610195724,18.141821771463594,-2.523775238040096,38.525423705479454,0
CISO_shape,58,18504,2025-04-01 08:00:00,pf,28997.117500000015,71.25,31724.68722570207,31724.68722570207,1.0,0.03652745573141221,23.906950405654857,-10.521789892630418,38.2816803607306,0
CISO_shape,59,18672,2025-04-08 08:00:00,pf,29298.301499999998,0.0,29298.301499999998,29298.301499999998,1.0,0.046604612714357924,21.999814598489245,-2.1531687078384087,38.01613745091324,0
CISO_shape,60,18840,2025-04-15 08:00:00,pf,26854.912,22.5,27706.61732828767,27706.61732828767,1.0,0.044952007869327064,22.037697731591884,-0.226318116844532,37.85357014611872,0
CISO_shape,61,19008,2025-04-22 08:00:00,pf,22890.775499999992,18.75,23599.341660273963,23599.341660273963,1.0,0.04830194007577644,20.824726070232703,-2.236921502286332,37.79019521461187,0
CISO_shape,62,19176,2025-04-29 08:00:00,pf,22743.289500000006,18.75,23454.317578531685,23454.317578531685,1.0,0.058195184177706666,19.23411573323346,1.2847261420323857,37.921497521689496,0
CISO_shape,63,19344,2025-05-06 08:00:00,pf,21700.151250000003,43.75,23359.916504673234,23359.916504673234,1.0,0.05847909388488948,19.108766558513576,3.4903390725584935,37.93749153538812,0
CISO_shape,64,19512,2025-05-13 08:00:00,pf,19149.90125,93.75,22722.829858946916,22722.829858946916,1.0,0.053004462938774054,20.221582618527094,8.812041753711021,38.11123849543379,0
CISO_shape,65,19680,2025-05-20 08:00:00,pf,17817.622749999995,93.75,21391.27588345462,21391.27588345462,1.0,0.057479847849913314,19.947809914024866,1.239120149457701,38.11896675684932,0
CISO_shape,66,19848,2025-05-27 08:00:00,pf,16633.919250000003,22.5,17497.72134559932,17497.72134559932,1.0,0.04771520576100521,21.252382654113177,1.703859863699286,38.39120424885845,0
CISO_shape,67,20016,2025-06-03 08:00:00,pf,14768.717499999999,22.5,15639.062665847601,15639.062665847601,1.0,0.06919032872543153,17.66755321269339,5.793044260350201,38.682007371004566,0
CISO_shape,68,20184,2025-06-10 08:00:00,pf,16721.43225,22.5,17596.09102004281,17596.09102004281,1.0,0.07315566557973481,16.70925337461828,-0.39123175652541436,38.8737231130137,0
CISO_shape,69,20352,2025-06-17 08:00:00,pf,18290.590500000002,20.0,19071.097663036533,19071.097663036533,1.0,0.07370776155695379,15.565856262496801,-3.099914001079564,39.02535815182649,0
CISO_shape,70,20520,2025-06-24 08:00:00,pf,15098.4735,20.0,15880.470205616439,15880.470205616439,1.0,0.10063998529392228,14.188774549663963,-3.332335970252734,39.099835280821914,0
CISO_shape,71,20688,2025-07-01 08:00:00,pf,14945.7695,1.25,14994.660607975171,14994.660607975171,1.0,0.04616178719515907,20.702599459532433,0.9922934038553789,39.112886380136985,0
CISO_shape,72,20856,2025-07-08 08:00:00,pf,13658.983000000004,16.25,14291.454831837904,14291.454831837904,1.0,0.09076666132056961,14.1737545365635,-5.119634687104185,38.92134349771689,0
CISO_shape,73,21024,2025-07-15 08:00:00,pf,7917.609999999998,16.25,8544.215500142693,8544.215500142693,1.0,0.09565887188902981,14.351541122729566,-0.3609288761593356,38.56033847031964,0
CISO_shape,74,21192,2025-07-22 08:00:00,pf,9189.9185,20.0,9959.644766369864,9959.644766369864,1.0,0.07971612599225261,14.538462581845208,-1.392656849815724,38.486313318493146,0
CISO_shape,75,21360,2025-07-29 08:00:00,pf,9904.832249999996,12.5,10381.323590682074,10381.323590682074,1.0,0.06790116097877531,14.989198998438521,-2.9649808786505987,38.119307254566216,0
CISO_shape,76,21528,2025-08-05 08:00:00,pf,11303.078000000001,8.75,11633.953098140697,11633.953098140697,1.0,0.0691172540806299,13.855990479211021,-0.29413191745737666,37.814296930365295,0
CISO_shape,77,21696,2025-08-12 08:00:00,pf,8659.754749999998,8.75,8989.378096234303,8989.378096234303,1.0,0.06028729702494915,13.410487616336288,3.6023326285477704,37.6712395696347,0
CISO_shape,78,21864,2025-08-19 08:00:00,pf,16397.46825,5.0,16586.120610930368,16586.120610930368,1.0,0.059514559478638505,12.27654238154503,1.680091977478848,37.730472186073065,0
CISO_shape,79,22032,2025-08-26 08:00:00,pf,11821.1395,16.25,12440.639071255708,12440.639071255708,1.0,0.04043799674844989,13.649946989401291,7.141045862697936,38.123050538812784,0
CISO_shape,80,22200,2025-09-02 08:00:00,pf,14443.250500000002,5.0,14634.911984320777,14634.911984320777,1.0,0.03414445595028243,13.605688586810627,2.5017433910460816,38.33229686415525,0
CISO_shape,81,22368,2025-09-09 08:00:00,pf,10129.572,1.25,10177.474697929509,10177.474697929509,1.0,0.02629375786722878,14.780328501656465,5.176366733331757,38.322158343607306,0
CISO_shape,82,22536,2025-09-16 08:00:00,pf,11128.435250000002,16.25,11754.693843436075,11754.693843436075,1.0,0.035804638972481144,12.685828208680304,-0.5469639827353953,38.5389903652968,0
CISO_shape,83,22704,2025-09-23 08:00:00,pf,7100.530999999997,16.25,7731.913011545374,7731.913011545374,1.0,0.05968000405742577,10.695287189293719,2.1708750541873685,38.854277633561644,0
CISO_shape,84,22872,2025-09-30 08:00:00,pf,4868.4535,10.0,5258.385679406392,5258.385679406392,1.0,0.09444694436977029,9.182936043536417,-1.177468699343132,38.99321794063927,0
CISO_shape,85,23040,2025-10-07 08:00:00,pf,9771.6685,1.25,9819.981536555366,9819.981536555366,1.0,0.13461767358596538,8.229080067770811,-1.688218065548329,38.65042924429223,0
CISO_shape,86,23208,2025-10-14 08:00:00,pf,15246.639249999997,0.0,15246.639249999997,15246.639249999997,1.0,0.14604383622244566,8.211702586257147,0.036698048462638556,38.396982393835614,0
CISO_shape,87,23376,2025-10-21 08:00:00,pf,11356.9535,0.0,11356.9535,11356.9535,1.0,0.15210154436730638,8.071720866091464,-1.2592801434699457,38.38217363584475,0
CISO_shape,88,23544,2025-10-28 08:00:00,pf,13256.818749999999,0.0,13256.818749999999,13256.818749999999,1.0,0.18602452723017587,7.648735392321822,-1.011178366286338,38.42033242465753,0
CISO_shape,89,23712,2025-11-04 08:00:00,pf,8810.01525,16.25,9435.751133321919,9435.751133321919,1.0,0.16908251898924753,8.522796900680323,0.3870075965677928,38.5068235890411,0
CISO_shape,90,23880,2025-11-11 08:00:00,pf,3277.9949999999994,5.0,3471.029776307077,3471.029776307077,1.0,0.1546686984308496,8.90751564068083,-0.2769246162551311,38.60695526141552,0
CISO_shape,91,24048,2025-11-18 08:00:00,pf,6601.187999999999,0.0,6601.187999999999,6601.187999999999,1.0,0.12250778837465749,9.97446502435485,1.399870643014148,38.736123489726026,0
CISO_shape,92,24216,2025-11-25 08:00:00,pf,4856.124249999998,2.5,4952.905760993149,4952.905760993149,1.0,0.17236018681482942,8.347655859901083,2.599724797296605,38.71260439726027,0
CISO_shape,93,24384,2025-12-02 08:00:00,pf,4990.459500000001,5.0,5184.250120507992,5184.250120507992,1.0,0.17988040262543017,8.126451597814006,3.452956262798252,38.75812410159818,0
CISO_shape,94,24552,2025-12-09 08:00:00,pf,3851.8152500000015,5.0,4045.7861025913257,4045.7861025913257,1.0,0.13467340380671924,9.632955161187082,2.372487448606865,38.79417051826484,0
CISO_shape,95,24720,2025-12-16 08:00:00,pf,3341.9762500000006,5.0,3535.1322343264846,3535.1322343264846,1.0,0.13973237590131798,9.421231565098035,-2.897900772136493,38.63119686529681,0
CISO_shape,96,24888,2025-12-23 08:00:00,pf,7673.804249999998,20.0,8442.131069748857,8442.131069748857,1.0,0.08699572921759113,10.721734274644223,-5.51654783198743,38.41634098744293,0
CISO_shape,97,25056,2025-12-30 08:00:00,pf,2603.981000000001,16.25,3225.241781037387,3225.241781037387,1.0,0.07697868878582154,10.844844147819016,-9.002432563218816,38.231432679223744,0
CISO_shape,98,25224,2026-01-06 08:00:00,pf,14565.965250000001,0.0,14565.965250000001,14565.965250000001,1.0,0.06708638408372365,10.298204083496028,-5.473011160013864,38.13414343835617,0
CISO_shape,99,25392,2026-01-13 08:00:00,pf,11559.014500000003,97.5,15254.423525505139,15254.423525505139,1.0,0.04889969984851086,11.960585244314945,-7.703584547772041,37.90163103082192,0
CISO_shape,100,25560,2026-01-20 08:00:00,pf,11642.908499999998,0.0,11642.908499999998,11642.908499999998,1.0,0.040267057469649474,13.16724668686056,-7.039041699305898,37.366084787671234,0
CISO_shape,101,25728,2026-01-27 08:00:00,pf,9578.367750000003,100.0,13306.350369977172,13306.350369977172,1.0,0.044343185581349226,13.410043402015102,6.793769289145643,37.27982619977169,0
CISO_shape,102,25896,2026-02-03 08:00:00,pf,12158.116249999997,0.0,12158.116249999997,12158.116249999997,1.0,0.04811489518581646,13.137128387822713,-0.9856397630371112,37.044862922374435,0
CISO_shape,103,26064,2026-02-10 08:00:00,pf,5177.715750000001,20.0,5910.817707853883,5910.817707853883,1.0,0.047288247903096235,12.139959747308197,-5.291640264424632,36.655097892694066,0
CISO_shape,104,26232,2026-02-17 08:00:00,pf,10097.6275,22.5,10916.895012748288,10916.895012748288,1.0,0.04947989228347049,10.848636610993623,-0.9908465417874326,36.41188945547945,0
CISO_shape,105,26400,2026-02-24 08:00:00,pf,8779.183250000004,93.75,12175.831145976032,12175.831145976032,1.0,0.05066471828447374,10.576919351872732,-1.3223467380205338,36.23091089041096,0
CISO_shape,106,26568,2026-03-03 08:00:00,pf,18794.913249999994,93.75,22171.610469178075,22171.610469178075,1.0,0.05407926563122815,10.792352593747955,-5.0878374956395165,36.01810367123287,0
CISO_shape,107,26736,2026-03-10 08:00:00,pf,24437.302750000003,0.0,24437.302750000003,24437.302750000003,1.0,0.06379365761185167,10.66243981634801,-6.025163224245858,35.58907714383562,0
CISO_shape,108,26904,2026-03-17 08:00:00,pf,28264.84275,43.75,29801.362070319636,29801.362070319636,1.0,0.04666392620427739,13.05279395527483,-2.1608807443900324,35.120441607305935,0
CISO_shape,109,27072,2026-03-24 08:00:00,pf,14960.501000000002,46.25,16584.281304747434,16584.281304747434,1.0,0.04160388275192633,16.534478359481064,6.144228798905615,35.10876334589041,0
CISO_shape,110,27240,2026-03-31 08:00:00,pf,15741.60425,93.75,19047.72616930651,19047.72616930651,1.0,0.04525384034611965,15.876245433190896,0.9038395374897312,35.26530047260274,0
CISO_shape,111,27408,2026-04-07 08:00:00,pf,11102.32575,100.0,14625.474160159818,14625.474160159818,1.0,0.0647820113342105,13.953068014322712,-1.5602559162444125,35.23148410159818,0
CISO_shape,112,27576,2026-04-14 08:00:00,pf,17413.54825,97.5,20841.455597568493,20841.455597568493,1.0,0.06427264380440376,13.527550845629822,-1.3108305781165983,35.15802407762557,0
CISO_shape,113,27744,2026-04-21 08:00:00,pf,11376.404749999998,93.75,14660.987973886984,14660.987973886984,1.0,0.0627142060162163,14.074024385120007,-2.963443090946356,35.035554388127856,0
CISO_shape,0,8760,2024-02-20 08:00:00,rl_boot_s100,3239.1475000000014,85.0,7917.74740612443,21037.71179490011,0.3763597240667506,0.013305963746897964,37.03092856688351,-14.513296597015392,55.042351836757994,0
CISO_shape,1,8928,2024-02-27 08:00:00,rl_boot_s100,1676.1825000000003,98.75,7004.002030129852,15086.761202119009,0.4642482197667519,0.0107470808677811,40.15767667782988,-14.503288120878175,53.95260283675799,0
CISO_shape,2,9096,2024-03-05 08:00:00,rl_boot_s100,11813.576500000001,92.5,16698.40000733162,20578.011264286524,0.8114681148178768,0.012314728081630267,35.87369779155997,-13.200480797481104,52.80890278196347,0
CISO_shape,3,9264,2024-03-12 08:00:00,rl_boot_s100,20341.410250000008,31.25,21963.069940817644,28461.07854453339,0.7716879002477635,0.012547790945885193,35.547086275062355,-8.279679854617966,51.893110106164386,0
CISO_shape,4,9432,2024-03-19 08:00:00,rl_boot_s100,15236.606249999997,92.5,19966.401687371574,24965.014532812504,0.7997752879786608,0.013136083582206998,35.77533454545226,-8.222983987036034,51.13292364726027,0
CISO_shape,5,9600,2024-03-26 08:00:00,rl_boot_s100,14929.2205,100.0,19964.778260958905,22311.207622910966,0.8948318082279618,0.012101705657988338,38.412490161263236,-7.6165844561739595,50.35557760958904,0
CISO_shape,6,9768,2024-04-02 08:00:00,rl_boot_s100,7341.326750000004,80.0,11313.855713744297,17872.116864329335,0.6330450835583689,0.01,42.88658137654671,-4.058868137961601,49.65661204680366,0
CISO_shape,7,9936,2024-04-09 08:00:00,rl_boot_s100,13410.343499999997,96.25,18129.24198235302,23924.711732353022,0.7577621910418726,0.011627419374199225,40.27362909686319,-6.231620267913386,49.027516699771695,0
CISO_shape,8,10104,2024-04-16 08:00:00,rl_boot_s100,22580.03400000001,21.25,23611.401315819076,30179.529347639844,0.7823647958136756,0.019646377980225498,29.68117158071208,-6.578046226527079,48.53493250913242,0
CISO_shape,9,10272,2024-04-23 08:00:00,rl_boot_s100,22752.708499999997,32.5,24311.36717565639,30971.307937571342,0.784964174734262,0.019569679327710147,29.431739020096725,-7.828286460132273,47.95872848173516,0
CISO_shape,10,10440,2024-04-30 08:00:00,rl_boot_s100,19097.563249999992,27.5,20399.280424309352,24777.484110082758,0.82329910226875,0.01,43.94323419876664,-7.223186165739004,47.335169974885844,0
CISO_shape,11,10608,2024-05-07 08:00:00,rl_boot_s100,22668.671250000003,6.25,22964.48209193779,26409.671460679234,0.8695481928326556,0.018889973651941987,33.02170718600361,1.7035297915410939,47.329734710045656,0
CISO_shape,12,10776,2024-05-14 08:00:00,rl_boot_s100,21427.196,41.25,23387.25906233733,27086.72597691781,0.8634214073072909,0.018915694442707097,31.6729750370545,2.320573417399371,47.51668029908676,0
CISO_shape,13,10944,2024-05-21 08:00:00,rl_boot_s100,27864.39675,20.0,28811.942357123287,32605.958131609586,0.8836404144551661,0.01607690749761652,32.75994160538105,-1.4276828567889688,47.377280356164384,0
CISO_shape,14,11112,2024-05-28 08:00:00,rl_boot_s100,19942.760250000003,6.25,20238.01517953054,24284.38723523973,0.833375575158125,0.015156140916311053,33.49193284740797,-5.395350040862582,47.240788724885846,0
CISO_shape,15,11280,2024-06-04 08:00:00,rl_boot_s100,19589.388499999997,6.25,19884.806936301367,23142.924982739725,0.8592175341332912,0.010107356123763699,40.50424980302801,-0.6418386937274795,47.26694980821918,0
CISO_shape,16,11448,2024-06-11 08:00:00,rl_boot_s100,20549.645000000008,6.25,20843.871697431514,24800.1901930137,0.8404722518339116,0.010684938470218987,39.451099812786,0.8378939657489508,47.0762715890411,0
CISO_shape,17,11616,2024-06-18 08:00:00,rl_boot_s100,17403.205,6.25,17697.001938641555,19979.723911872145,0.8857480722306591,0.011790036556155143,37.99170121344207,-0.36790393519037373,47.0075101826484,0
CISO_shape,18,11784,2024-06-25 08:00:00,rl_boot_s100,12539.574500000002,83.75,16485.49754555223,18815.344478655825,0.8761730386734837,0.01,39.834463192589666,4.166989541667719,47.11549905136986,0
CISO_shape,19,11952,2024-07-02 08:00:00,rl_boot_s100,28049.205500000004,57.5,30755.700123458908,38299.33688741439,0.8030347944109076,0.013585710885595886,34.5350536891429,4.497871601544157,47.06947171232876,0
CISO_shape,20,12120,2024-07-09 08:00:00,rl_boot_s100,63329.89024999999,41.25,65279.095371498275,66921.04944336186,0.9754643107733503,0.01680384422253912,33.80962540129803,-8.229421843805216,47.253457490867575,0
CISO_shape,21,12288,2024-07-16 08:00:00,rl_boot_s100,20044.363250000002,16.25,20814.54842452055,22666.758741643833,0.9182851708868122,0.08042520437774521,36.140904511784264,-2.9563427527584136,47.39601073972603,0
CISO_shape,22,12456,2024-07-23 08:00:00,rl_boot_s100,35005.32475000001,23.75,36120.228980108455,38175.371740410956,0.9461657433416161,0.0691426465694301,39.281577101925464,-8.786714326646921,46.94333600456621,0
CISO_shape,23,12624,2024-07-30 08:00:00,rl_boot_s100,43820.50525,6.25,44112.28339190925,46495.51849999999,0.9487426920921262,0.06633210844295982,43.78063538974494,-4.006231039847671,46.68450270547945,0
CISO_shape,24,12792,2024-08-06 08:00:00,rl_boot_s100,23075.23725,12.5,23657.264203895546,25212.63256804795,0.9383099579167498,0.11920784438899142,35.90970736818225,-2.5657372536967613,46.56215631164383,0
CISO_shape,25,12960,2024-08-13 08:00:00,rl_boot_s100,10816.478749999998,16.25,11567.817478206334,14633.695912825342,0.790491858455799,0.12767848144641133,36.23030881976456,-8.897242851943828,46.23622942808219,0
CISO_shape,26,13128,2024-08-20 08:00:00,rl_boot_s100,10582.8765,6.25,10863.153131321347,14597.414762234588,0.7441833576878104,0.22549908732747057,27.67315395338967,-6.676245463435904,44.844261011415526,0
CISO_shape,27,13296,2024-08-27 08:00:00,rl_boot_s100,13862.562000000002,6.25,14140.333396247148,15956.751268210617,0.8861661849939232,0.21917958765143253,28.00705728278367,-7.579064063687295,44.44342339954338,0
CISO_shape,28,13464,2024-09-03 08:00:00,rl_boot_s100,49500.879749999986,6.25,49776.81696267122,53865.36502308217,0.9240969023665031,0.2986918695381593,24.446418078250765,-4.406661403773767,44.14995402739726,0
CISO_shape,29,13632,2024-09-10 08:00:00,rl_boot_s100,9484.13575,16.25,10204.00037047945,13236.65522287671,0.7708896393134145,0.3118198675215384,27.56278311447175,5.069424116593537,44.299361260273976,0
CISO_shape,30,13800,2024-09-17 08:00:00,rl_boot_s100,9845.425000000001,6.25,10119.829498837045,12480.352991859305,0.810860839067454,0.31677603288044737,27.366627451542325,-5.762461119490567,43.90471981392694,0
CISO_shape,31,13968,2024-09-24 08:00:00,rl_boot_s100,10202.833750000002,48.75,12338.143007795377,14350.120349751713,0.8597936955984382,0.3267280372241419,27.064709093851633,-2.3113474426736005,43.80121554452054,0
CISO_shape,32,14136,2024-10-01 08:00:00,rl_boot_s100,37682.36275000001,12.5,38229.99332074772,46141.98650000001,0.8285294201789017,0.2244110374689952,31.82397612603639,-0.7331984122372246,43.81044565981735,0
CISO_shape,33,14304,2024-10-08 08:00:00,rl_boot_s100,11618.31575,50.0,13813.840391552512,17587.767499999998,0.7854231864022829,0.3090609073996484,28.22922262728034,-0.2693760688755221,43.910492831050234,0
CISO_shape,34,14472,2024-10-15 08:00:00,rl_boot_s100,6450.91725,28.75,7712.411345953196,11577.445110228313,0.6661583166686337,0.28190920604283404,23.910520664162895,-7.836908856354257,43.878055511415525,0
CISO_shape,35,14640,2024-10-22 08:00:00,rl_boot_s100,6122.583999999997,7.5,6446.846413861298,7966.862999999995,0.8092076409323598,0.23596384384188618,26.749620696717887,-11.153740384216333,43.234988514840175,0
CISO_shape,36,14808,2024-10-29 08:00:00,rl_boot_s100,3272.571000000001,11.25,3753.6666146532543,9478.0015,0.396039884004371,0.25613988402748683,29.595404572479936,-8.718847760605744,42.76405463584475,0
CISO_shape,37,14976,2024-11-05 08:00:00,rl_boot_s100,6207.42325,32.5,7579.778287305936,9168.135453767125,0.8267524324361347,0.23231520816009207,34.081581798477515,-7.362116361279808,42.22630884018265,0
CISO_shape,38,15144,2024-11-12 08:00:00,rl_boot_s100,5806.871249999998,15.0,6435.635595770546,8192.261,0.7855750196155306,0.22509690647920771,28.96945313285412,-5.281384016388861,41.91762305136986,0
CISO_shape,39,15312,2024-11-19 08:00:00,rl_boot_s100,1375.7087499999998,10.0,1790.9175112899543,5940.808845161245,0.3014602149248829,0.25030871991968373,26.525541517667627,-1.25168689891645,41.52087612899544,0
CISO_shape,40,15480,2024-11-26 08:00:00,rl_boot_s100,6547.614750000001,11.25,7014.734546622432,8686.904,0.8075068570600564,0.15964530984991382,27.145796974275616,6.000102890483799,41.52175969977169,0
CISO_shape,41,15648,2024-12-03 08:00:00,rl_boot_s100,5137.365000000002,10.0,5549.29683941781,7146.291250000002,0.776528222162483,0.1628646706073192,23.736391336213583,2.075413969189827,41.19318394178082,0
CISO_shape,42,15816,2024-12-10 08:00:00,rl_boot_s100,3124.9399999999996,10.0,3535.2889456278535,5672.151749999999,0.6232712207722324,0.1323227159598012,20.422353385951983,-3.4759373077605287,41.03489456278538,0
CISO_shape,43,15984,2024-12-17 08:00:00,rl_boot_s100,2853.75475,20.0,3671.6606924200914,5497.324999999998,0.6678995133851633,0.11974184507667852,21.407401233960837,-1.5127452870454319,40.89529712100456,0
CISO_shape,44,16152,2024-12-24 08:00:00,rl_boot_s100,1593.1422500000015,6.25,1848.2923595462344,4479.457328638699,0.412615239736624,0.1046829282650237,21.948959822080607,-4.160277384792032,40.82401752739726,0
CISO_shape,45,16320,2024-12-31 08:00:00,rl_boot_s100,-2602.0629999999983,96.25,1311.0991057462916,8158.739482138984,0.16069873399151108,0.05842297852988998,28.594799497979935,-8.9278766824919,40.65622967009132,0
CISO_shape,46,16488,2025-01-07 08:00:00,rl_boot_s100,9589.96675,0.0,9589.96675,14547.656499999997,0.6592104199050893,0.04487783307713419,21.21988362456205,-16.47657174338848,40.36774942465753,0
CISO_shape,47,16656,2025-01-14 08:00:00,rl_boot_s100,15493.027750000003,20.0,16273.86858541096,20259.333500000004,0.803277589828459,0.13332061279130702,15.002444577627923,-9.736813273974589,39.04204177054794,0
CISO_shape,48,16824,2025-01-21 08:00:00,rl_boot_s100,15093.5985,20.0,15854.774721621005,18672.053,0.849117915508327,0.14616374104589971,14.457688010806285,3.4885336428815275,38.05881108105023,0
CISO_shape,49,16992,2025-01-28 08:00:00,rl_boot_s100,9696.946,8.75,10029.91934847032,14022.508500000002,0.7152728307114464,0.11808476440726012,14.992936586706918,1.7006013129431388,38.05409696803654,0
CISO_shape,50,17160,2025-02-04 08:00:00,rl_boot_s100,17969.565000000002,18.75,18684.30004231593,25014.13352256849,0.7469497204633693,0.05437615184062993,11.905802186105852,1.5104872824627094,38.11920225684931,0
CISO_shape,51,17328,2025-02-11 08:00:00,rl_boot_s100,21132.853499999997,0.0,21132.853499999997,26727.818250000008,0.7906688567818285,0.0640635707452009,10.607024857571997,4.367735485381845,38.1262256586758,0
CISO_shape,52,17496,2025-02-18 08:00:00,rl_boot_s100,19164.061499999996,10.0,19544.907596632416,21727.9455,0.899528563187551,0.07879831325101332,10.490777104443964,2.098110025458484,38.084609663242006,0
CISO_shape,53,17664,2025-02-25 08:00:00,rl_boot_s100,24129.190250000003,13.75,24654.090488142127,29141.314249999996,0.8460184834711815,0.08867298498324598,10.594993437799246,-0.15276981224316513,38.1745627739726,0
CISO_shape,54,17832,2025-03-04 08:00:00,rl_boot_s100,25321.3415,6.25,25559.906207291664,33037.48275,0.7736638532877225,0.041915586671714834,16.30777293625105,-1.9173782545493379,38.170353166666665,0
CISO_shape,55,18000,2025-03-11 08:00:00,rl_boot_s100,17291.9325,20.0,18055.743252557077,23480.66475,0.7689621841969818,0.05537369868733033,16.209074640293245,4.52193444463951,38.19053762785388,0
CISO_shape,56,18168,2025-03-18 08:00:00,rl_boot_s100,31626.612749999993,18.75,32347.236259760266,38090.227327077635,0.8492266528628779,0.04987057837004183,17.88703839330594,5.2599927023738795,38.43325385388128,0
CISO_shape,57,18336,2025-03-25 08:00:00,rl_boot_s100,23660.502499999995,7.5,23949.44317779109,30259.961502020546,0.7914564985878094,0.05736856188279553,18.1418231100441,-2.523775238039386,38.525423705479454,0
CISO_shape,58,18504,2025-04-01 08:00:00,rl_boot_s100,24657.16575000001,23.75,25566.35565856736,31724.68722570207,0.8058820399608078,0.03652745948411658,23.906949742848834,-10.521789892630808,38.2816803607306,0
CISO_shape,59,18672,2025-04-08 08:00:00,rl_boot_s100,25782.21350000001,20.0,26542.536249018274,29298.301499999998,0.9059411259392725,0.04660464217610321,21.99981244405291,-2.153168707838831,38.01613745091324,0
CISO_shape,60,18840,2025-04-15 08:00:00,rl_boot_s100,23066.067250000004,6.25,23302.652063413247,27706.61732828767,0.8410500562846371,0.04495200592558344,22.037697517547755,-0.2263181168449171,37.85357014611872,0
CISO_shape,61,19008,2025-04-22 08:00:00,rl_boot_s100,20493.558499999996,6.25,20729.747220091318,23599.341660273963,0.8784036232242365,0.048301939009539385,20.8247247782396,-2.236921502286501,37.79019521461187,0
CISO_shape,62,19176,2025-04-29 08:00:00,rl_boot_s100,20868.24575,6.25,21105.25510951056,23454.317578531685,0.8998452007330505,0.058195165227674296,19.234115201045523,1.2847261420321252,37.921497521689496,0
CISO_shape,63,19344,2025-05-06 08:00:00,rl_boot_s100,20139.608500000002,6.25,20376.71782209618,23359.916504673234,0.8722941204871064,0.058479093952821116,19.108765865688955,3.490339072558602,37.93749153538812,0
CISO_shape,64,19512,2025-05-13 08:00:00,rl_boot_s100,19010.46625,6.25,19248.661490596463,22722.829858946916,0.8471067032620266,0.053004471703537975,20.22158210484641,8.812041753711032,38.11123849543379,0
CISO_shape,65,19680,2025-05-20 08:00:00,rl_boot_s100,18510.5915,6.25,18748.83504223031,21391.27588345462,0.8764710971135601,0.05747983800738195,19.947809404733523,1.2391201494575397,38.11896675684932,0
CISO_shape,66,19848,2025-05-27 08:00:00,rl_boot_s100,14537.7695,6.25,14777.714526555366,17497.72134559932,0.8445507980541687,0.04771524712205172,21.252379635759592,1.7038598636990672,38.39120424885845,0
CISO_shape,67,20016,2025-06-03 08:00:00,rl_boot_s100,13434.969000000005,6.25,13676.731546068782,15639.062665847601,0.8745237383015202,0.0691903376955374,17.66755336959034,5.793044260349853,38.682007371004566,0
CISO_shape,68,20184,2025-06-10 08:00:00,rl_boot_s100,15966.396500000003,6.25,16209.357269456339,17596.09102004281,0.9211908060144202,0.07315567644227566,16.70925280582681,-0.3912317565251644,38.8737231130137,0
CISO_shape,69,20352,2025-06-17 08:00:00,rl_boot_s100,15909.599250000001,6.25,16153.507738448916,19071.097663036533,0.8470151023219565,0.07370776525509641,15.565856272378293,-3.0999140010792066,39.02535815182649,0
CISO_shape,70,20520,2025-06-24 08:00:00,rl_boot_s100,14111.72875,6.25,14356.102720505138,15880.470205616439,0.9040099275793372,0.10063997125151046,14.18877469695877,-3.3323359702527813,39.099835280821914,0
CISO_shape,71,20688,2025-07-01 08:00:00,rl_boot_s100,13085.1125,6.25,13329.568039875856,14994.660607975171,0.8889543010254126,0.04616180345417696,20.70259900314516,0.9922934038552157,39.112886380136985,0
CISO_shape,72,20856,2025-07-08 08:00:00,rl_boot_s100,12584.532750000006,6.25,12827.791146860736,14291.454831837904,0.8975846964357695,0.09076668299429369,14.173753373612373,-5.119634687104443,38.92134349771689,0
CISO_shape,73,21024,2025-07-15 08:00:00,rl_boot_s100,7741.825749999999,6.25,7982.827865439497,8544.215500142693,0.9342961756180167,0.0956588978271774,14.351540439503259,-0.36092887615951325,38.56033847031964,0
CISO_shape,74,21192,2025-07-22 08:00:00,rl_boot_s100,8106.234999999999,6.25,8346.774458240581,9959.644766369864,0.8380594543316078,0.07971616036336779,14.538463023797263,-1.3926568498164877,38.486313318493146,0
CISO_shape,75,21360,2025-07-29 08:00:00,rl_boot_s100,8733.54475,16.25,9352.9834928867,10381.323590682074,0.9009432574938347,0.06790114415774155,14.989198408809132,-2.964980878651399,38.119307254566216,0
CISO_shape,76,21528,2025-08-05 08:00:00,rl_boot_s100,10100.906249999998,6.25,10337.245605814782,11633.953098140697,0.8885411105419403,0.06911719708980008,13.85599548185531,-0.2941319174572024,37.814296930365295,0
CISO_shape,77,21696,2025-08-12 08:00:00,rl_boot_s100,7257.167,23.75,8151.858939778825,8989.378096234303,0.9068323584246257,0.06028664219891152,13.410539144328864,3.6023326285477197,37.6712395696347,0
CISO_shape,78,21864,2025-08-19 08:00:00,rl_boot_s100,10932.359,13.75,11451.152992558506,16586.120610930368,0.6904057471409026,0.05951466865470583,12.276537223708187,1.6800919774790752,37.730472186073065,0
CISO_shape,79,22032,2025-08-26 08:00:00,rl_boot_s100,11585.52275,6.25,11823.79181586758,12440.639071255708,0.9504167549709434,0.04043572548254343,13.650277010511989,7.141045862698014,38.123050538812784,0
CISO_shape,80,22200,2025-09-02 08:00:00,rl_boot_s100,12513.616750000001,6.25,12753.193605400971,14634.911984320777,0.8714226378036438,0.03414444904575407,13.605688491093375,2.501743391045905,38.33229686415525,0
CISO_shape,81,22368,2025-09-09 08:00:00,rl_boot_s100,8024.59275,6.25,8264.106239647546,10177.474697929509,0.8119996840993163,0.026293764039856886,14.780329080234164,5.176366733331633,38.322158343607306,0
CISO_shape,82,22536,2025-09-16 08:00:00,rl_boot_s100,10557.838,6.25,10798.706689783105,11754.693843436075,0.9186718798136285,0.03580463670755655,12.685829533583341,-0.546963982735632,38.5389903652968,0
CISO_shape,83,22704,2025-09-23 08:00:00,rl_boot_s100,6002.926750000001,6.25,6245.765985209761,7731.913011545374,0.8077905139237234,0.05967987929691712,10.695298398021912,2.1708750541872672,38.854277633561644,0
CISO_shape,84,22872,2025-09-30 08:00:00,rl_boot_s100,1506.0664999999995,12.5,1993.4817242579902,5258.385679406392,0.37910527028573343,0.09444759613105964,9.18290937342508,-1.1774686993432204,38.99321794063927,0
CISO_shape,85,23040,2025-10-07 08:00:00,rl_boot_s100,7514.996,16.25,8143.065475219749,9819.981536555366,0.8292342959003319,0.1346177199243009,8.229079965676945,-1.6882180655483592,38.65042924429223,0
CISO_shape,86,23208,2025-10-14 08:00:00,rl_boot_s100,11245.25775,16.25,11869.208713899829,15246.639249999997,0.7784803273219593,0.14604387893541132,8.21170270229996,0.03669804846245686,38.396982393835614,0
CISO_shape,87,23376,2025-10-21 08:00:00,rl_boot_s100,8350.98925,22.5,9214.588156806507,11356.9535,0.8113609126608212,0.15210151786258574,8.0717209273047,-1.2592801434700365,38.38217363584475,0
CISO_shape,88,23544,2025-10-28 08:00:00,rl_boot_s100,11257.902999999998,5.0,11450.004662123287,13256.818749999999,0.8637068121734174,0.18602448963469015,7.64873511142374,-1.0111783662862417,38.42033242465753,0
CISO_shape,89,23712,2025-11-04 08:00:00,rl_boot_s100,5660.236249999998,11.25,6093.438015376711,9435.751133321919,0.6457819763662498,0.1690824165217844,8.522797381433309,0.3870075965673575,38.5068235890411,0
CISO_shape,90,23880,2025-11-11 08:00:00,rl_boot_s100,-2372.0782499999987,18.75,-1648.1978388484576,3471.029776307077,-0.4748440506327261,0.15466872348879177,8.907515197139107,-0.27692461625541664,38.60695526141552,0
CISO_shape,91,24048,2025-11-18 08:00:00,rl_boot_s100,3619.7039999999997,12.5,4103.905543621575,6601.187999999999,0.6216919656918687,0.12250780858432696,9.974466476505714,1.3998706430140009,38.736123489726026,0
CISO_shape,92,24216,2025-11-25 08:00:00,rl_boot_s100,2018.0907499999985,5.0,2211.6537719863,4952.905760993149,0.4465366148098935,0.17236005178708252,8.34765826236564,2.599724797296115,38.71260439726027,0
CISO_shape,93,24384,2025-12-02 08:00:00,rl_boot_s100,2351.360500000003,15.0,2932.7323615239757,5184.250120507992,0.5657003989685213,0.17988882839931628,8.126309529018142,3.452956262798145,38.75812410159818,0
CISO_shape,94,24552,2025-12-09 08:00:00,rl_boot_s100,1339.059500000001,23.75,2260.421049808791,4045.7861025913257,0.558709974400523,0.1346733938254398,9.632955497999667,2.3724874486066168,38.79417051826484,0
CISO_shape,95,24720,2025-12-16 08:00:00,rl_boot_s100,1377.954249999998,20.0,2150.578187305934,3535.1322343264846,0.6083444818339768,0.13973241550404683,9.421231834584077,-2.89790077213649,38.63119686529681,0
CISO_shape,96,24888,2025-12-23 08:00:00,rl_boot_s100,2174.3110000000006,10.0,2558.47440987443,8442.131069748857,0.3030602567925472,0.08699572194116355,10.721734580139923,-5.516547831987162,38.41634098744293,0
CISO_shape,97,25056,2025-12-30 08:00:00,rl_boot_s100,984.22225,15.0,1557.693740188356,3225.241781037387,0.48296960226260294,0.07697783258241904,10.844933636757657,-9.00243256321868,38.231432679223744,0
CISO_shape,98,25224,2026-01-06 08:00:00,rl_boot_s100,8112.898000000001,11.25,8541.907113681507,14565.965250000001,0.5864291838593743,0.06708636216788288,10.298204694547412,-5.473011160014246,38.13414343835617,0
CISO_shape,99,25392,2026-01-13 08:00:00,rl_boot_s100,10629.411750000001,7.5,10913.673982731165,15254.423525505139,0.7154432263194794,0.04889971043793335,11.960585734356512,-7.703584547772298,37.90163103082192,0
CISO_shape,100,25560,2026-01-20 08:00:00,rl_boot_s100,4372.677250000001,17.5,5026.583733784248,11642.908499999998,0.43172921386303503,0.04026704001487137,13.167248461718877,-7.039041699306398,37.366084787671234,0
CISO_shape,101,25728,2026-01-27 08:00:00,rl_boot_s100,6399.836499999998,93.75,9894.820206228593,13306.350369977172,0.7436163884992882,0.044343185283821876,13.410043085773932,6.793769289145547,37.27982619977169,0
CISO_shape,102,25896,2026-02-03 08:00:00,rl_boot_s100,7534.79775,18.75,8229.38892979452,12158.116249999997,0.6768638134871036,0.048114900190664105,13.137126896570932,-0.9856397630377005,37.044862922374435,0
CISO_shape,103,26064,2026-02-10 08:00:00,rl_boot_s100,3415.7462500000006,12.5,3873.9349736586764,5910.817707853883,0.6553974703891242,0.04728826015356447,12.139958860957666,-5.291640264425074,36.655097892694066,0
CISO_shape,104,26232,2026-02-17 08:00:00,rl_boot_s100,8172.523999999999,11.25,8582.157756374143,10916.895012748288,0.7861354117954109,0.04947990186109169,10.848636516769396,-0.990846541788071,36.41188945547945,0
CISO_shape,105,26400,2026-02-24 08:00:00,rl_boot_s100,7393.469,21.25,8163.375856421233,12175.831145976032,0.6704573805722603,0.05066472777612693,10.576919312634814,-1.3223467380209943,36.23091089041096,0
CISO_shape,106,26568,2026-03-03 08:00:00,rl_boot_s100,18572.751749999996,22.5,19383.159082602735,22171.610469178075,0.8742332501984141,0.054079270463877685,10.792352574569813,-5.087837495639035,36.01810367123287,0
CISO_shape,107,26736,2026-03-10 08:00:00,rl_boot_s100,19877.4015,6.25,20099.833232148972,24437.302750000003,0.8225062085523727,0.06379366139828511,10.662439655465425,-6.025163224246023,35.58907714383562,0
CISO_shape,108,26904,2026-03-17 08:00:00,rl_boot_s100,23208.7945,6.25,23428.297260045663,29801.362070319636,0.7861485392769627,0.04666496793855971,13.052790226793874,-2.16088074439,35.120441607305935,0
CISO_shape,109,27072,2026-03-24 08:00:00,rl_boot_s100,13691.306750000002,6.25,13910.736520911816,16584.281304747434,0.8387904344657802,0.041603907438537605,16.534475597316057,6.144228798906106,35.10876334589041,0
CISO_shape,110,27240,2026-03-31 08:00:00,rl_boot_s100,13722.72375,6.25,13943.131877953767,19047.72616930651,0.732010306848159,0.04525383941798262,15.876245404140688,0.9038395374908726,35.26530047260274,0
CISO_shape,111,27408,2026-04-07 08:00:00,rl_boot_s100,9694.269250000001,6.25,9914.466025634989,14625.474160159818,0.6778902288612467,0.06478199433130973,13.953069214803978,-1.5602559162447853,35.23148410159818,0
CISO_shape,112,27576,2026-04-14 08:00:00,rl_boot_s100,15244.909500000002,6.25,15464.647150485162,20841.455597568493,0.7420137752897342,0.06427264268280972,13.527550910087555,-1.3108305781170704,35.15802407762557,0
CISO_shape,113,27744,2026-04-21 08:00:00,rl_boot_s100,9754.58425,31.25,10849.445324628996,14660.987973886984,0.7400214326587804,0.0627142203035586,14.074024513391569,-2.963443090946601,35.035554388127856,0
CISO_shape,0,8760,2024-02-20 08:00:00,rl_boot_s101,9482.7175,48.75,12166.032152041953,21037.71179490011,0.5782963599202458,0.013305963746897964,37.03092856688351,-14.513296597015392,55.042351836757994,0
CISO_shape,1,8928,2024-02-27 08:00:00,rl_boot_s101,7922.102500000001,30.0,9540.68058510274,15086.761202119009,0.6323875918287024,0.0107470808677811,40.15767667782988,-14.503288120878175,53.95260283675799,0
CISO_shape,2,9096,2024-03-05 08:00:00,rl_boot_s101,15042.2525,31.25,16692.530711936357,20578.011264286524,0.8111828931159406,0.012314728081630267,35.87369779155997,-13.200480797481104,52.80890278196347,0
CISO_shape,3,9264,2024-03-12 08:00:00,rl_boot_s101,19349.742750000005,27.5,20776.803277919527,28461.07854453339,0.7300075872180956,0.012547790945885193,35.547086275062355,-8.279679854617966,51.893110106164386,0
CISO_shape,4,9432,2024-03-19 08:00:00,rl_boot_s101,18957.716500000006,30.0,20491.704209417814,24965.014532812504,0.8208168347943382,0.013136083582206998,35.77533454545226,-8.222983987036034,51.13292364726027,0
CISO_shape,5,9600,2024-03-26 08:00:00,rl_boot_s101,17235.34925,52.5,19879.017074503423,22311.207622910966,0.8909879469764795,0.012101705657988338,38.412490161263236,-7.6165844561739595,50.35557760958904,0
CISO_shape,6,9768,2024-04-02 08:00:00,rl_boot_s101,9394.07375,55.0,12125.1874125742,17872.116864329335,0.6784415917050466,0.01,42.88658137654671,-4.058868137961601,49.65661204680366,0
CISO_shape,7,9936,2024-04-09 08:00:00,rl_boot_s101,17683.166750000004,62.5,20747.386543735734,23924.711732353022,0.8671948392038246,0.011627419374199225,40.27362909686319,-6.231620267913386,49.027516699771695,0
CISO_shape,8,10104,2024-04-16 08:00:00,rl_boot_s101,24583.323750000007,51.25,27070.739041093042,30179.529347639844,0.8969900997879571,0.019646377980225498,29.68117158071208,-6.578046226527079,48.53493250913242,0
CISO_shape,9,10272,2024-04-23 08:00:00,rl_boot_s101,23838.972250000003,62.5,26836.39278010845,30971.307937571342,0.866492071765338,0.019569679327710147,29.431739020096725,-7.828286460132273,47.95872848173516,0
CISO_shape,10,10440,2024-04-30 08:00:00,rl_boot_s101,18422.917999999998,45.0,20553.00064886986,24777.484110082758,0.8295031310505888,0.01,43.94323419876664,-7.223186165739004,47.335169974885844,0
CISO_shape,11,10608,2024-05-07 08:00:00,rl_boot_s101,19202.16675,61.25,22101.113000990295,26409.671460679234,0.8368567944472973,0.018889973651941987,33.02170718600361,1.7035297915410939,47.329734710045656,0
CISO_shape,12,10776,2024-05-14 08:00:00,rl_boot_s101,20500.776499999996,52.5,22995.40221570205,27086.72597691781,0.8489546590199859,0.018915694442707097,31.6729750370545,2.320573417399371,47.51668029908676,0
CISO_shape,13,10944,2024-05-21 08:00:00,rl_boot_s101,23017.52925,28.75,24379.626060239727,32605.958131609586,0.7477046361230861,0.01607690749761652,32.75994160538105,-1.4276828567889688,47.377280356164384,0
CISO_shape,14,11112,2024-05-28 08:00:00,rl_boot_s101,20138.569750000002,41.25,22087.252284901544,24284.38723523973,0.9095247934792497,0.015156140916311053,33.49193284740797,-5.395350040862582,47.240788724885846,0
CISO_shape,15,11280,2024-06-04 08:00:00,rl_boot_s101,19752.499999999996,2.5,19870.667374520544,23142.924982739725,0.8586065672053265,0.010107356123763699,40.50424980302801,-0.6418386937274795,47.26694980821918,0
CISO_shape,16,11448,2024-06-11 08:00:00,rl_boot_s101,20132.494250000007,27.5,21427.091718698637,24800.1901930137,0.8639890078236063,0.010684938470218987,39.451099812786,0.8378939657489508,47.0762715890411,0
CISO_shape,17,11616,2024-06-18 08:00:00,rl_boot_s101,17597.195249999997,6.25,17890.99218864155,19979.723911872145,0.8954574281184411,0.011790036556155143,37.99170121344207,-0.36790393519037373,47.0075101826484,0
CISO_shape,18,11784,2024-06-25 08:00:00,rl_boot_s101,12533.562000000002,83.75,16479.48504555223,18815.344478655825,0.8758534856614822,0.01,39.834463192589666,4.166989541667719,47.11549905136986,0
CISO_shape,19,11952,2024-07-02 08:00:00,rl_boot_s101,27265.577250000002,63.75,30266.256071660962,38299.33688741439,0.7902553550896284,0.013585710885595886,34.5350536891429,4.497871601544157,47.06947171232876,0
CISO_shape,20,12120,2024-07-09 08:00:00,rl_boot_s101,59143.69074999999,51.25,61565.43044640695,66921.04944336186,0.9199710847109832,0.01680384422253912,33.80962540129803,-8.229421843805216,47.253457490867575,0
CISO_shape,21,12288,2024-07-16 08:00:00,rl_boot_s101,19406.6535,18.75,20295.328701369865,22666.758741643833,0.8953785114447295,0.08042520437774521,36.140904511784264,-2.9563427527584136,47.39601073972603,0
CISO_shape,22,12456,2024-07-23 08:00:00,rl_boot_s101,35175.108250000005,23.75,36290.01248010845,38175.371740410956,0.9506132049447279,0.0691426465694301,39.281577101925464,-8.786714326646921,46.94333600456621,0
CISO_shape,23,12624,2024-07-30 08:00:00,rl_boot_s101,43163.098,12.5,43746.65428381849,46495.51849999999,0.940878942640859,0.06633210844295982,43.78063538974494,-4.006231039847671,46.68450270547945,0
CISO_shape,24,12792,2024-08-06 08:00:00,rl_boot_s101,21241.069999999996,28.75,22579.731993959755,25212.63256804795,0.8955721673656214,0.11920784438899142,35.90970736818225,-2.5657372536967613,46.56215631164383,0
CISO_shape,25,12960,2024-08-13 08:00:00,rl_boot_s101,10416.33025,15.0,11109.873691421233,14633.695912825342,0.7591980698248799,0.12767848144641133,36.23030881976456,-8.897242851943828,46.23622942808219,0
CISO_shape,26,13128,2024-08-20 08:00:00,rl_boot_s101,11271.885499999999,20.0,12168.770720228309,14597.414762234588,0.8336250574800753,0.22549908732747057,27.67315395338967,-6.676245463435904,44.844261011415526,0
CISO_shape,27,13296,2024-08-27 08:00:00,rl_boot_s101,14000.87725,20.0,14889.745717990867,15956.751268210617,0.9331314042385644,0.21917958765143253,28.00705728278367,-7.579064063687295,44.44342339954338,0
CISO_shape,28,13464,2024-09-03 08:00:00,rl_boot_s101,49666.52624999998,6.25,49942.463462671214,53865.36502308217,0.9271720973443709,0.2986918695381593,24.446418078250765,-4.406661403773767,44.14995402739726,0
CISO_shape,29,13632,2024-09-10 08:00:00,rl_boot_s101,3740.9785000000015,52.5,6066.694966164385,13236.65522287671,0.4583253748031004,0.3118198675215384,27.56278311447175,5.069424116593537,44.299361260273976,0
CISO_shape,30,13800,2024-09-17 08:00:00,rl_boot_s101,9729.810000000001,6.25,10004.214498837046,12480.352991859305,0.8015970786533524,0.31677603288044737,27.366627451542325,-5.762461119490567,43.90471981392694,0
CISO_shape,31,13968,2024-09-24 08:00:00,rl_boot_s101,10309.259000000002,48.75,12444.568257795378,14350.120349751713,0.8672100271278,0.3267280372241419,27.064709093851633,-2.3113474426736005,43.80121554452054,0
CISO_shape,32,14136,2024-10-01 08:00:00,rl_boot_s101,36679.874,48.75,38815.6332259161,46141.98650000001,0.8412215461489957,0.2244110374689952,31.82397612603639,-0.7331984122372246,43.81044565981735,0
CISO_shape,33,14304,2024-10-08 08:00:00,rl_boot_s101,8545.343,60.0,11179.972569863015,17587.767499999998,0.6356675211827207,0.3090609073996484,28.22922262728034,-0.2693760688755221,43.910492831050234,0
CISO_shape,34,14472,2024-10-15 08:00:00,rl_boot_s101,3535.427749999999,56.25,6003.568372517122,11577.445110228313,0.5185572736780376,0.28190920604283404,23.910520664162895,-7.836908856354257,43.878055511415525,0
CISO_shape,35,14640,2024-10-22 08:00:00,rl_boot_s101,5290.316499999999,17.5,6046.928799009702,7966.862999999995,0.7590100142314115,0.23596384384188618,26.749620696717887,-11.153740384216333,43.234988514840175,0
CISO_shape,36,14808,2024-10-29 08:00:00,rl_boot_s101,687.2120000000004,13.75,1275.2177512428657,9478.0015,0.13454500415967074,0.25613988402748683,29.595404572479936,-8.718847760605744,42.76405463584475,0
CISO_shape,37,14976,2024-11-05 08:00:00,rl_boot_s101,5198.812499999999,41.25,6940.647739657534,9168.135453767125,0.7570402700372046,0.23231520816009207,34.081581798477515,-7.362116361279808,42.22630884018265,0
CISO_shape,38,15144,2024-11-12 08:00:00,rl_boot_s101,5244.8727499999995,27.5,6397.607383912671,8192.261,0.7809330518049499,0.22509690647920771,28.96945313285412,-5.281384016388861,41.91762305136986,0
CISO_shape,39,15312,2024-11-19 08:00:00,rl_boot_s101,772.4137499999974,15.0,1395.226891934929,5940.808845161245,0.23485470216254029,0.25030871991968373,26.525541517667627,-1.25168689891645,41.52087612899544,0
CISO_shape,40,15480,2024-11-26 08:00:00,rl_boot_s101,4248.136000000001,23.75,5234.277792869579,8686.904,0.6025481337044335,0.15964530984991382,27.145796974275616,6.000102890483799,41.52175969977169,0
CISO_shape,41,15648,2024-12-03 08:00:00,rl_boot_s101,2062.7902500000005,20.0,2886.653928835617,7146.291250000002,0.403937347058954,0.1628646706073192,23.736391336213583,2.075413969189827,41.19318394178082,0
CISO_shape,42,15816,2024-12-10 08:00:00,rl_boot_s101,2165.0145,20.0,2985.712391255708,5672.151749999999,0.5263809084895708,0.1323227159598012,20.422353385951983,-3.4759373077605287,41.03489456278538,0
CISO_shape,43,15984,2024-12-17 08:00:00,rl_boot_s101,2235.4667499999996,23.75,3206.7300566238578,5497.324999999998,0.5833255368063301,0.11974184507667852,21.407401233960837,-1.5127452870454319,40.89529712100456,0
CISO_shape,44,16152,2024-12-24 08:00:00,rl_boot_s101,335.1474999999998,21.25,1202.6578724571916,4479.457328638699,0.2684829398347406,0.1046829282650237,21.948959822080607,-4.160277384792032,40.82401752739726,0
CISO_shape,45,16320,2024-12-31 08:00:00,rl_boot_s101,-1244.8930000000005,45.0,584.637335154109,8158.739482138984,0.0716578016045236,0.05842297852988998,28.594799497979935,-8.9278766824919,40.65622967009132,0
CISO_shape,46,16488,2025-01-07 08:00:00,rl_boot_s101,9031.158750000002,10.0,9434.836244246577,14547.656499999997,0.6485468119381688,0.04487783307713419,21.21988362456205,-16.47657174338848,40.36774942465753,0
CISO_shape,47,16656,2025-01-14 08:00:00,rl_boot_s101,15490.082750000001,8.75,15831.700615492296,20259.333500000004,0.7814521941450983,0.13332061279130702,15.002444577627923,-9.736813273974589,39.04204177054794,0
CISO_shape,48,16824,2025-01-21 08:00:00,rl_boot_s101,15102.337500000001,11.25,15530.499124661817,18672.053,0.8317510198081495,0.14616374104589971,14.457688010806285,3.4885336428815275,38.05881108105023,0
CISO_shape,49,16992,2025-01-28 08:00:00,rl_boot_s101,10310.44875,0.0,10310.44875,14022.508500000002,0.7352784810221366,0.11808476440726012,14.992936586706918,1.7006013129431388,38.05409696803654,0
CISO_shape,50,17160,2025-02-04 08:00:00,rl_boot_s101,18437.1875,21.25,19247.220547958048,25014.13352256849,0.7694538182021231,0.05437615184062993,11.905802186105852,1.5104872824627094,38.11920225684931,0
CISO_shape,51,17328,2025-02-11 08:00:00,rl_boot_s101,22590.36200000001,10.0,22971.624256586765,26727.818250000008,0.8594649979179186,0.0640635707452009,10.607024857571997,4.367735485381845,38.1262256586758,0
CISO_shape,52,17496,2025-02-18 08:00:00,rl_boot_s101,18277.9345,6.25,18515.963310395262,21727.9455,0.8521727611289922,0.07879831325101332,10.490777104443964,2.098110025458484,38.084609663242006,0
CISO_shape,53,17664,2025-02-25 08:00:00,rl_boot_s101,23765.222249999995,10.0,24146.96787773972,29141.314249999996,0.8286162961143636,0.08867298498324598,10.594993437799246,-0.15276981224316513,38.1745627739726,0
CISO_shape,54,17832,2025-03-04 08:00:00,rl_boot_s101,25056.3595,20.0,25819.76656333333,33037.48275,0.7815294754359979,0.041915586671714834,16.30777293625105,-1.9173782545493379,38.170353166666665,0
CISO_shape,55,18000,2025-03-11 08:00:00,rl_boot_s101,16664.0385,11.25,17093.682048313356,23480.66475,0.727989698345885,0.05537369868733033,16.209074640293245,4.52193444463951,38.19053762785388,0
CISO_shape,56,18168,2025-03-18 08:00:00,rl_boot_s101,31330.91425,31.25,32531.95343293379,38090.227327077635,0.854076116521558,0.04987057837004183,17.88703839330594,5.2599927023738795,38.43325385388128,0
CISO_shape,57,18336,2025-03-25 08:00:00,rl_boot_s101,23856.667,36.25,25253.213609323633,30259.961502020546,0.8345421592039172,0.05736856188279553,18.1418231100441,-2.523775238039386,38.525423705479454,0
CISO_shape,58,18504,2025-04-01 08:00:00,rl_boot_s101,25481.855500000012,7.5,25768.96810270549,31724.68722570207,0.8122686259875402,0.03652745948411658,23.906949742848834,-10.521789892630808,38.2816803607306,0
CISO_shape,59,18672,2025-04-08 08:00:00,rl_boot_s101,22409.49800000001,31.25,23597.502295341048,29298.301499999998,0.8054221947078075,0.04660464217610321,21.99981244405291,-2.153168707838831,38.01613745091324,0
CISO_shape,60,18840,2025-04-15 08:00:00,rl_boot_s101,23040.260250000007,10.0,23418.795951461194,27706.61732828767,0.8452419750119141,0.04495200592558344,22.037697517547755,-0.2263181168449171,37.85357014611872,0
CISO_shape,61,19008,2025-04-22 08:00:00,rl_boot_s101,21190.276999999995,12.5,21662.654440182643,23599.341660273963,0.9179346929261399,0.048301939009539385,20.8247247782396,-2.236921502286501,37.79019521461187,0
CISO_shape,62,19176,2025-04-29 08:00:00,rl_boot_s101,19596.80775,16.25,20213.032084727456,23454.317578531685,0.8618043145808234,0.058195165227674296,19.234115201045523,1.2847261420321252,37.921497521689496,0
CISO_shape,63,19344,2025-05-06 08:00:00,rl_boot_s101,19393.95275,27.5,20437.233767223173,23359.916504673234,0.8748847095893786,0.058479093952821116,19.108765865688955,3.490339072558602,37.93749153538812,0
CISO_shape,64,19512,2025-05-13 08:00:00,rl_boot_s101,17676.712750000006,57.5,19868.108963487448,22722.829858946916,0.8743677212222118,0.053004471703537975,20.22158210484641,8.812041753711032,38.11123849543379,0
CISO_shape,65,19680,2025-05-20 08:00:00,rl_boot_s101,18510.5915,6.25,18748.83504223031,21391.27588345462,0.8764710971135601,0.05747983800738195,19.947809404733523,1.2391201494575397,38.11896675684932,0
CISO_shape,66,19848,2025-05-27 08:00:00,rl_boot_s101,13315.138500000003,45.0,15042.742691198633,17497.72134559932,0.8596972368051733,0.04771524712205172,21.252379635759592,1.7038598636990672,38.39120424885845,0
CISO_shape,67,20016,2025-06-03 08:00:00,rl_boot_s101,10716.794249999999,51.25,12699.247127763983,15639.062665847601,0.8120209886681027,0.0691903376955374,17.66755336959034,5.793044260349853,38.682007371004566,0
CISO_shape,68,20184,2025-06-10 08:00:00,rl_boot_s101,16279.525000000001,20.0,17056.999462260275,17596.09102004281,0.9693629933393454,0.07315567644227566,16.70925280582681,-0.3912317565251644,38.8737231130137,0
CISO_shape,69,20352,2025-06-17 08:00:00,rl_boot_s101,15911.375250000003,6.25,16155.283738448918,19071.097663036533,0.847108227533278,0.07370776525509641,15.565856272378293,-3.0999140010792066,39.02535815182649,0
CISO_shape,70,20520,2025-06-24 08:00:00,rl_boot_s101,14079.002999999999,6.25,14323.376970505136,15880.470205616439,0.9019491731069395,0.10063997125151046,14.18877469695877,-3.3323359702527813,39.099835280821914,0
CISO_shape,71,20688,2025-07-01 08:00:00,rl_boot_s101,10990.66025,15.0,11577.353545702055,14994.660607975171,0.772098405451367,0.04616180345417696,20.70259900314516,0.9922934038552157,39.112886380136985,0
CISO_shape,72,20856,2025-07-08 08:00:00,rl_boot_s101,12566.143750000003,6.25,12809.402146860733,14291.454831837904,0.8962979834862217,0.09076668299429369,14.173753373612373,-5.119634687104443,38.92134349771689,0
CISO_shape,73,21024,2025-07-15 08:00:00,rl_boot_s101,7741.825749999999,6.25,7982.827865439497,8544.215500142693,0.9342961756180167,0.0956588978271774,14.351540439503259,-0.36092887615951325,38.56033847031964,0
CISO_shape,74,21192,2025-07-22 08:00:00,rl_boot_s101,7784.777,20.0,8554.503266369862,9959.644766369864,0.8589165042567924,0.07971616036336779,14.538463023797263,-1.3926568498164877,38.486313318493146,0
CISO_shape,75,21360,2025-07-29 08:00:00,rl_boot_s101,8803.958499999999,20.0,9566.344645091323,10381.323590682074,0.9214956610809967,0.06790114415774155,14.989198408809132,-2.964980878651399,38.119307254566216,0
CISO_shape,76,21528,2025-08-05 08:00:00,rl_boot_s101,10688.65075,6.25,10924.990105814784,11633.953098140697,0.9390608689629996,0.06911719708980008,13.85599548185531,-0.2941319174572024,37.814296930365295,0
CISO_shape,77,21696,2025-08-12 08:00:00,rl_boot_s101,7814.629249999999,20.0,8568.054041392694,8989.378096234303,0.9531309006773112,0.06028664219891152,13.410539144328864,3.6023326285477197,37.6712395696347,0
CISO_shape,78,21864,2025-08-19 08:00:00,rl_boot_s101,12095.332499999999,10.0,12472.637221860728,16586.120610930368,0.7519924347855745,0.05951466865470583,12.276537223708187,1.6800919774790752,37.730472186073065,0
CISO_shape,79,22032,2025-08-26 08:00:00,rl_boot_s101,11269.768499999998,16.25,11889.268071255707,12440.639071255708,0.9556798491747942,0.04043572548254343,13.650277010511989,7.141045862698014,38.123050538812784,0
CISO_shape,80,22200,2025-09-02 08:00:00,rl_boot_s101,12522.0585,6.25,12761.63535540097,14634.911984320777,0.8719994605415627,0.03414444904575407,13.605688491093375,2.501743391045905,38.33229686415525,0
CISO_shape,81,22368,2025-09-09 08:00:00,rl_boot_s101,7827.828500000001,20.0,8594.271666872148,10177.474697929509,0.8444404846931778,0.026293764039856886,14.780329080234164,5.176366733331633,38.322158343607306,0
CISO_shape,82,22536,2025-09-16 08:00:00,rl_boot_s101,10493.661750000001,6.25,10734.530439783106,11754.693843436075,0.9132122522933562,0.03580463670755655,12.685829533583341,-0.546963982735632,38.5389903652968,0
CISO_shape,83,22704,2025-09-23 08:00:00,rl_boot_s101,5308.00025,16.25,5939.382261545376,7731.913011545374,0.7681646511900261,0.05967987929691712,10.695298398021912,2.1708750541872672,38.854277633561644,0
CISO_shape,84,22872,2025-09-30 08:00:00,rl_boot_s101,1081.9575000000004,22.5,1959.304903664384,5258.385679406392,0.37260578115022663,0.09444759613105964,9.18290937342508,-1.1774686993432204,38.99321794063927,0
CISO_shape,85,23040,2025-10-07 08:00:00,rl_boot_s101,6955.44825,16.25,7583.517725219749,9819.981536555366,0.772253766159308,0.1346177199243009,8.229079965676945,-1.6882180655483592,38.65042924429223,0
CISO_shape,86,23208,2025-10-14 08:00:00,rl_boot_s101,11253.429000000004,18.75,11973.372419884421,15246.639249999997,0.7853122398684959,0.14604387893541132,8.21170270229996,0.03669804846245686,38.396982393835614,0
CISO_shape,87,23376,2025-10-21 08:00:00,rl_boot_s101,6957.8825000000015,11.25,7389.681953403255,11356.9535,0.6506746684666143,0.15210151786258574,8.0717209273047,-1.2592801434700365,38.38217363584475,0
CISO_shape,88,23544,2025-10-28 08:00:00,rl_boot_s101,10104.190749999998,18.75,10824.571982962327,13256.818749999999,0.8165286247850623,0.18602448963469015,7.64873511142374,-1.0111783662862417,38.42033242465753,0
CISO_shape,89,23712,2025-11-04 08:00:00,rl_boot_s101,5513.264000000001,7.5,5802.065176917809,9435.751133321919,0.6149023108958527,0.1690824165217844,8.522797381433309,0.3870075965673575,38.5068235890411,0
CISO_shape,90,23880,2025-11-11 08:00:00,rl_boot_s101,-1053.8967500000008,7.5,-764.3445855393844,3471.029776307077,-0.2202068650510372,0.15466872348879177,8.907515197139107,-0.27692461625541664,38.60695526141552,0
CISO_shape,91,24048,2025-11-18 08:00:00,rl_boot_s101,4217.460750000001,7.5,4507.981676172946,6601.187999999999,0.6829046038641752,0.12250780858432696,9.974466476505714,1.3998706430140009,38.736123489726026,0
CISO_shape,92,24216,2025-11-25 08:00:00,rl_boot_s101,871.2439999999988,22.5,1742.277598938355,4952.905760993149,0.3517687763534181,0.17236005178708252,8.34765826236564,2.599724797296115,38.71260439726027,0
CISO_shape,93,24384,2025-12-02 08:00:00,rl_boot_s101,2467.977500000001,11.25,2904.0063961429805,5184.250120507992,0.5601593921279446,0.17988882839931628,8.126309529018142,3.452956262798145,38.75812410159818,0
CISO_shape,94,24552,2025-12-09 08:00:00,rl_boot_s101,-2931.0675,88.75,511.9151334960047,4045.7861025913257,0.12653044934039473,0.1346733938254398,9.632955497999667,2.3724874486066168,38.79417051826484,0
CISO_shape,95,24720,2025-12-16 08:00:00,rl_boot_s101,-100.74175000000184,38.75,1396.2171285302493,3535.1322343264846,0.394954710596917,0.13973241550404683,9.421231834584077,-2.89790077213649,38.63119686529681,0
CISO_shape,96,24888,2025-12-23 08:00:00,rl_boot_s101,932.8860000000013,15.0,1509.1311148116451,8442.131069748857,0.17876186739381433,0.08699572194116355,10.721734580139923,-5.516547831987162,38.41634098744293,0
CISO_shape,97,25056,2025-12-30 08:00:00,rl_boot_s101,137.62150000000042,21.25,950.039444433505,3225.241781037387,0.29456379054097714,0.07697783258241904,10.844933636757657,-9.00243256321868,38.231432679223744,0
CISO_shape,98,25224,2026-01-06 08:00:00,rl_boot_s101,7284.775,15.0,7856.787151575342,14565.965250000001,0.5393935119799452,0.06708636216788288,10.298204694547412,-5.473011160014246,38.13414343835617,0
CISO_shape,99,25392,2026-01-13 08:00:00,rl_boot_s101,9680.117999999999,10.0,10059.134310308218,15254.423525505139,0.6594240872812739,0.04889971043793335,11.960585734356512,-7.703584547772298,37.90163103082192,0
CISO_shape,100,25560,2026-01-20 08:00:00,rl_boot_s101,6146.018,2.5,6239.433211969178,11642.908499999998,0.535899875187474,0.04026704001487137,13.167248461718877,-7.039041699306398,37.366084787671234,0
CISO_shape,101,25728,2026-01-27 08:00:00,rl_boot_s101,5364.753749999999,80.0,8347.139845981734,13306.350369977172,0.6273049794942424,0.044343185283821876,13.410043085773932,6.793769289145547,37.27982619977169,0
CISO_shape,102,25896,2026-02-03 08:00:00,rl_boot_s101,5450.547249999998,80.0,8414.136283789952,12158.116249999997,0.6920592064407967,0.048114900190664105,13.137126896570932,-0.9856397630377005,37.044862922374435,0
CISO_shape,103,26064,2026-02-10 08:00:00,rl_boot_s101,3254.4945000000016,0.0,3254.4945000000016,5910.817707853883,0.5505997073257151,0.04728826015356447,12.139958860957666,-5.291640264425074,36.655097892694066,0
CISO_shape,104,26232,2026-02-17 08:00:00,rl_boot_s101,6929.19425,31.25,8067.0657954837325,10916.895012748288,0.7389524023143352,0.04947990186109169,10.848636516769396,-0.990846541788071,36.41188945547945,0
CISO_shape,105,26400,2026-02-24 08:00:00,rl_boot_s101,4242.219749999998,100.0,7865.310839041094,12175.831145976032,0.6459773254691107,0.05066472777612693,10.576919312634814,-1.3223467380209943,36.23091089041096,0
CISO_shape,106,26568,2026-03-03 08:00:00,rl_boot_s101,15723.22425,17.5,16353.541064246574,22171.610469178075,0.7375892286661131,0.054079270463877685,10.792352574569813,-5.087837495639035,36.01810367123287,0
CISO_shape,107,26736,2026-03-10 08:00:00,rl_boot_s101,20500.226250000003,6.25,20722.657982148976,24437.302750000003,0.8479928490532358,0.06379366139828511,10.662439655465425,-6.025163224246023,35.58907714383562,0
CISO_shape,108,26904,2026-03-17 08:00:00,rl_boot_s101,21504.629749999996,16.25,22075.336926118718,29801.362070319636,0.7407492608569199,0.04666496793855971,13.052790226793874,-2.16088074439,35.120441607305935,0
CISO_shape,109,27072,2026-03-24 08:00:00,rl_boot_s101,13467.038000000004,22.5,14256.985175282538,16584.281304747434,0.8596685568280441,0.041603907438537605,16.534475597316057,6.144228798906106,35.10876334589041,0
CISO_shape,110,27240,2026-03-31 08:00:00,rl_boot_s101,13283.0165,33.75,14473.220390950342,19047.72616930651,0.7598397972705256,0.04525383941798262,15.876245404140688,0.9038395374908726,35.26530047260274,0
CISO_shape,111,27408,2026-04-07 08:00:00,rl_boot_s101,7851.027500000004,80.0,10669.546228127858,14625.474160159818,0.729517970582587,0.06478199433130973,13.953069214803978,-1.5602559162447853,35.23148410159818,0
CISO_shape,112,27576,2026-04-14 08:00:00,rl_boot_s101,14910.7255,22.5,15701.781041746575,20841.455597568493,0.7533917661479678,0.06427264268280972,13.527550910087555,-1.3108305781170704,35.15802407762557,0
CISO_shape,113,27744,2026-04-21 08:00:00,rl_boot_s101,8642.7925,97.5,12058.759052842466,14660.987973886984,0.822506578296128,0.0627142203035586,14.074024513391569,-2.963443090946601,35.035554388127856,0
CISO_shape,0,8760,2024-02-20 08:00:00,rl_boot_s102,8664.958750000002,96.25,13962.785114287959,21037.71179490011,0.6637026521901859,0.013305963746897964,37.03092856688351,-14.513296597015392,55.042351836757994,0
CISO_shape,1,8928,2024-02-27 08:00:00,rl_boot_s102,8966.889,21.25,10113.381810281106,15086.761202119009,0.6703481068461952,0.0107470808677811,40.15767667782988,-14.503288120878175,53.95260283675799,0
CISO_shape,2,9096,2024-03-05 08:00:00,rl_boot_s102,14208.435999999998,53.75,17046.914524530534,20578.011264286524,0.828404373269818,0.012314728081630267,35.87369779155997,-13.200480797481104,52.80890278196347,0
CISO_shape,3,9264,2024-03-12 08:00:00,rl_boot_s102,21001.70375000001,42.5,23207.160929512,28461.07854453339,0.8153999116090938,0.012547790945885193,35.547086275062355,-8.279679854617966,51.893110106164386,0
CISO_shape,4,9432,2024-03-19 08:00:00,rl_boot_s102,18403.537999999997,21.25,19490.112627504277,24965.014532812504,0.7806970271091832,0.013136083582206998,35.77533454545226,-8.222983987036034,51.13292364726027,0
CISO_shape,5,9600,2024-03-26 08:00:00,rl_boot_s102,15099.051000000001,28.75,16546.773856275686,22311.207622910966,0.7416350623389883,0.012101705657988338,38.412490161263236,-7.6165844561739595,50.35557760958904,0
CISO_shape,6,9768,2024-04-02 08:00:00,rl_boot_s102,10173.038500000002,57.5,13028.293692691213,17872.116864329335,0.728973170419122,0.01,42.88658137654671,-4.058868137961601,49.65661204680366,0
CISO_shape,7,9936,2024-04-09 08:00:00,rl_boot_s102,18196.9355,32.5,19790.32979274258,23924.711732353022,0.8271919851799268,0.011627419374199225,40.27362909686319,-6.231620267913386,49.027516699771695,0
CISO_shape,8,10104,2024-04-16 08:00:00,rl_boot_s102,24497.02775,32.5,26074.413056546804,30179.529347639844,0.8639767955356111,0.019646377980225498,29.68117158071208,-6.578046226527079,48.53493250913242,0
CISO_shape,9,10272,2024-04-23 08:00:00,rl_boot_s102,23732.239999999998,26.25,24991.156622645547,30971.307937571342,0.8069131814846197,0.019569679327710147,29.431739020096725,-7.828286460132273,47.95872848173516,0
CISO_shape,10,10440,2024-04-30 08:00:00,rl_boot_s102,19256.625249999997,27.5,20558.342424309358,24777.484110082758,0.8297187209553494,0.01,43.94323419876664,-7.223186165739004,47.335169974885844,0
CISO_shape,11,10608,2024-05-07 08:00:00,rl_boot_s102,22477.401500000004,6.25,22773.21234193779,26409.671460679234,0.8623057797536147,0.018889973651941987,33.02170718600361,1.7035297915410939,47.329734710045656,0
CISO_shape,12,10776,2024-05-14 08:00:00,rl_boot_s102,21123.526999999995,62.5,24093.319518692915,27086.72597691781,0.8894880665616157,0.018915694442707097,31.6729750370545,2.320573417399371,47.51668029908676,0
CISO_shape,13,10944,2024-05-21 08:00:00,rl_boot_s102,26577.45825,20.0,27525.003857123287,32605.958131609586,0.8441709869718379,0.01607690749761652,32.75994160538105,-1.4276828567889688,47.377280356164384,0
CISO_shape,14,11112,2024-05-28 08:00:00,rl_boot_s102,19678.926750000002,6.25,19974.18167953054,24284.38723523973,0.8225112491430487,0.015156140916311053,33.49193284740797,-5.395350040862582,47.240788724885846,0
CISO_shape,15,11280,2024-06-04 08:00:00,rl_boot_s102,19909.253499999995,6.25,20204.671936301365,23142.924982739725,0.8730388207787155,0.010107356123763699,40.50424980302801,-0.6418386937274795,47.26694980821918,0
CISO_shape,16,11448,2024-06-11 08:00:00,rl_boot_s102,20714.369000000006,6.25,21008.595697431512,24800.1901930137,0.8471142976697698,0.010684938470218987,39.451099812786,0.8378939657489508,47.0762715890411,0
CISO_shape,17,11616,2024-06-18 08:00:00,rl_boot_s102,16891.7135,6.25,17185.510438641555,19979.723911872145,0.8601475433016249,0.011790036556155143,37.99170121344207,-0.36790393519037373,47.0075101826484,0
CISO_shape,18,11784,2024-06-25 08:00:00,rl_boot_s102,13245.516749999999,62.5,16190.235440710614,18815.344478655825,0.8604804158157645,0.01,39.834463192589666,4.166989541667719,47.11549905136986,0
CISO_shape,19,11952,2024-07-02 08:00:00,rl_boot_s102,27870.155250000003,50.0,30223.62883561644,38299.33688741439,0.7891423531551607,0.013585710885595886,34.5350536891429,4.497871601544157,47.06947171232876,0
CISO_shape,20,12120,2024-07-09 08:00:00,rl_boot_s102,63284.187750000005,45.0,65410.59333708905,66921.04944336186,0.9774292824330083,0.01680384422253912,33.80962540129803,-8.229421843805216,47.253457490867575,0
CISO_shape,21,12288,2024-07-16 08:00:00,rl_boot_s102,19248.880999999998,12.5,19841.33113424657,22666.758741643833,0.8753492883741544,0.08042520437774521,36.140904511784264,-2.9563427527584136,47.39601073972603,0
CISO_shape,22,12456,2024-07-23 08:00:00,rl_boot_s102,35148.661000000015,6.25,35442.05685002855,38175.371740410956,0.9284010930143995,0.0691426465694301,39.281577101925464,-8.786714326646921,46.94333600456621,0
CISO_shape,23,12624,2024-07-30 08:00:00,rl_boot_s102,43542.49475,20.0,44476.18480410959,46495.51849999999,0.9565692832118776,0.06633210844295982,43.78063538974494,-4.006231039847671,46.68450270547945,0
CISO_shape,24,12792,2024-08-06 08:00:00,rl_boot_s102,21601.297000000002,33.75,23172.769775517983,25212.63256804795,0.91909362153974,0.11920784438899142,35.90970736818225,-2.5657372536967613,46.56215631164383,0
CISO_shape,25,12960,2024-08-13 08:00:00,rl_boot_s102,11385.572749999998,5.0,11616.753897140408,14633.695912825342,0.7938359500117254,0.12767848144641133,36.23030881976456,-8.897242851943828,46.23622942808219,0
CISO_shape,26,13128,2024-08-20 08:00:00,rl_boot_s102,10290.374000000002,6.25,10570.650631321349,14597.414762234588,0.7241453917353227,0.22549908732747057,27.67315395338967,-6.676245463435904,44.844261011415526,0
CISO_shape,27,13296,2024-08-27 08:00:00,rl_boot_s102,13702.4495,6.25,13980.220896247147,15956.751268210617,0.8761320309666569,0.21917958765143253,28.00705728278367,-7.579064063687295,44.44342339954338,0
CISO_shape,28,13464,2024-09-03 08:00:00,rl_boot_s102,49500.879749999986,6.25,49776.81696267122,53865.36502308217,0.9240969023665031,0.2986918695381593,24.446418078250765,-4.406661403773767,44.14995402739726,0
CISO_shape,29,13632,2024-09-10 08:00:00,rl_boot_s102,6242.8435,57.5,8790.056772465754,13236.65522287671,0.6640693305416033,0.3118198675215384,27.56278311447175,5.069424116593537,44.299361260273976,0
CISO_shape,30,13800,2024-09-17 08:00:00,rl_boot_s102,9994.72075,6.25,10269.125248837045,12480.352991859305,0.8228233011947177,0.31677603288044737,27.366627451542325,-5.762461119490567,43.90471981392694,0
CISO_shape,31,13968,2024-09-24 08:00:00,rl_boot_s102,10349.654750000002,48.75,12484.964007795377,14350.120349751713,0.8700250383622318,0.3267280372241419,27.064709093851633,-2.3113474426736005,43.80121554452054,0
CISO_shape,32,14136,2024-10-01 08:00:00,rl_boot_s102,35870.698000000004,8.75,36254.039399523404,46141.98650000001,0.7857060813695872,0.2244110374689952,31.82397612603639,-0.7331984122372246,43.81044565981735,0
CISO_shape,33,14304,2024-10-08 08:00:00,rl_boot_s102,10652.700250000004,57.5,13177.553587785393,17587.767499999998,0.7492453824958395,0.3090609073996484,28.22922262728034,-0.2693760688755221,43.910492831050234,0
CISO_shape,34,14472,2024-10-15 08:00:00,rl_boot_s102,5464.015000000001,50.0,7657.917775570777,11577.445110228313,0.6614514430999326,0.28190920604283404,23.910520664162895,-7.836908856354257,43.878055511415525,0
CISO_shape,35,14640,2024-10-22 08:00:00,rl_boot_s102,6531.7777499999975,7.5,6856.040163861298,7966.862999999995,0.8605696073675803,0.23596384384188618,26.749620696717887,-11.153740384216333,43.234988514840175,0
CISO_shape,36,14808,2024-10-29 08:00:00,rl_boot_s102,4644.949250000001,15.0,5286.410069537672,9478.0015,0.5577557747313789,0.25613988402748683,29.595404572479936,-8.718847760605744,42.76405463584475,0
CISO_shape,37,14976,2024-11-05 08:00:00,rl_boot_s102,6019.226500000001,36.25,7549.930195456622,9168.135453767125,0.8234967986161686,0.23231520816009207,34.081581798477515,-7.362116361279808,42.22630884018265,0
CISO_shape,38,15144,2024-11-12 08:00:00,rl_boot_s102,6148.59425,11.25,6620.167509327911,8192.261,0.8081001703104809,0.22509690647920771,28.96945313285412,-5.281384016388861,41.91762305136986,0
CISO_shape,39,15312,2024-11-19 08:00:00,rl_boot_s102,175.71299999999974,21.25,1058.0316177411528,5940.808845161245,0.17809554983458414,0.25030871991968373,26.525541517667627,-1.25168689891645,41.52087612899544,0
CISO_shape,40,15480,2024-11-26 08:00:00,rl_boot_s102,6432.19275,15.0,7055.019145496575,8686.904,0.8121442513347189,0.15964530984991382,27.145796974275616,6.000102890483799,41.52175969977169,0
CISO_shape,41,15648,2024-12-03 08:00:00,rl_boot_s102,4377.593499999999,13.75,4943.999779199486,7146.291250000002,0.6918273557909473,0.1628646706073192,23.736391336213583,2.075413969189827,41.19318394178082,0
CISO_shape,42,15816,2024-12-10 08:00:00,rl_boot_s102,2261.2035000000005,7.5,2568.9652092208908,5672.151749999999,0.45290840627119877,0.1323227159598012,20.422353385951983,-3.4759373077605287,41.03489456278538,0
CISO_shape,43,15984,2024-12-17 08:00:00,rl_boot_s102,3558.1544999999987,6.25,3813.750107006277,5497.324999999998,0.693746523446636,0.11974184507667852,21.407401233960837,-1.5127452870454319,40.89529712100456,0
CISO_shape,44,16152,2024-12-24 08:00:00,rl_boot_s102,1221.638750000001,10.0,1629.8789252739734,4479.457328638699,0.3638563347514444,0.1046829282650237,21.948959822080607,-4.160277384792032,40.82401752739726,0
CISO_shape,45,16320,2024-12-31 08:00:00,rl_boot_s102,-2236.1887499999993,86.25,1270.411059045377,8158.739482138984,0.15571168338277572,0.05842297852988998,28.594799497979935,-8.9278766824919,40.65622967009132,0
CISO_shape,46,16488,2025-01-07 08:00:00,rl_boot_s102,8330.346,15.0,8935.862241369863,14547.656499999997,0.6142475416139956,0.04487783307713419,21.21988362456205,-16.47657174338848,40.36774942465753,0
CISO_shape,47,16656,2025-01-14 08:00:00,rl_boot_s102,15124.32875,6.25,15368.341511065924,20259.333500000004,0.7585808047962644,0.13332061279130702,15.002444577627923,-9.736813273974589,39.04204177054794,0
CISO_shape,48,16824,2025-01-21 08:00:00,rl_boot_s102,14501.128250000002,6.25,14738.995819256566,18672.053,0.7893612887268779,0.14616374104589971,14.457688010806285,3.4885336428815275,38.05881108105023,0
CISO_shape,49,16992,2025-01-28 08:00:00,rl_boot_s102,8335.710249999996,16.25,8954.08932573059,14022.508500000002,0.6385511783238063,0.11808476440726012,14.992936586706918,1.7006013129431388,38.05409696803654,0
CISO_shape,50,17160,2025-02-04 08:00:00,rl_boot_s102,18305.35725,5.0,18495.95326128425,25014.13352256849,0.7394201060211282,0.05437615184062993,11.905802186105852,1.5104872824627094,38.11920225684931,0
CISO_shape,51,17328,2025-02-11 08:00:00,rl_boot_s102,19837.47825,7.5,20123.42494244007,26727.818250000008,0.7529018924857461,0.0640635707452009,10.607024857571997,4.367735485381845,38.1262256586758,0
CISO_shape,52,17496,2025-02-18 08:00:00,rl_boot_s102,17437.630749999997,11.25,17866.08260871147,21727.9455,0.8222628599980365,0.07879831325101332,10.490777104443964,2.098110025458484,38.084609663242006,0
CISO_shape,53,17664,2025-02-25 08:00:00,rl_boot_s102,24112.715749999996,0.0,24112.715749999996,29141.314249999996,0.8274409157781893,0.08867298498324598,10.594993437799246,-0.15276981224316513,38.1745627739726,0
CISO_shape,54,17832,2025-03-04 08:00:00,rl_boot_s102,25704.415749999996,6.25,25942.980457291662,33037.48275,0.7852589936590026,0.041915586671714834,16.30777293625105,-1.9173782545493379,38.170353166666665,0
CISO_shape,55,18000,2025-03-11 08:00:00,rl_boot_s102,16071.714500000002,6.25,16310.405360174089,23480.66475,0.6946313289607394,0.05537369868733033,16.209074640293245,4.52193444463951,38.19053762785388,0
CISO_shape,56,18168,2025-03-18 08:00:00,rl_boot_s102,28811.996249999997,12.5,29292.411923173513,38090.227327077635,0.7690269651488817,0.04987057837004183,17.88703839330594,5.2599927023738795,38.43325385388128,0
CISO_shape,57,18336,2025-03-25 08:00:00,rl_boot_s102,22379.732749999996,8.75,22716.83020742294,30259.961502020546,0.7507223763621137,0.05736856188279553,18.1418231100441,-2.523775238039386,38.525423705479454,0
CISO_shape,58,18504,2025-04-01 08:00:00,rl_boot_s102,24606.667000000012,6.25,24845.927502254577,31724.68722570207,0.7831732847511071,0.03652745948411658,23.906949742848834,-10.521789892630808,38.2816803607306,0
CISO_shape,59,18672,2025-04-08 08:00:00,rl_boot_s102,24892.661500000006,6.25,25130.262359068212,29298.301499999998,0.8577378575706245,0.04660464217610321,21.99981244405291,-2.153168707838831,38.01613745091324,0
CISO_shape,60,18840,2025-04-15 08:00:00,rl_boot_s102,22929.010750000005,6.25,23165.595563413248,27706.61732828767,0.8361033499301206,0.04495200592558344,22.037697517547755,-0.2263181168449171,37.85357014611872,0
CISO_shape,61,19008,2025-04-22 08:00:00,rl_boot_s102,20493.558499999996,6.25,20729.747220091318,23599.341660273963,0.8784036232242365,0.048301939009539385,20.8247247782396,-2.236921502286501,37.79019521461187,0
CISO_shape,62,19176,2025-04-29 08:00:00,rl_boot_s102,20875.961249999997,6.25,21112.970609510558,23454.317578531685,0.9001741593554519,0.058195165227674296,19.234115201045523,1.2847261420321252,37.921497521689496,0
CISO_shape,63,19344,2025-05-06 08:00:00,rl_boot_s102,19948.62875,6.25,20185.738072096177,23359.916504673234,0.8641185882688386,0.058479093952821116,19.108765865688955,3.490339072558602,37.93749153538812,0
CISO_shape,64,19512,2025-05-13 08:00:00,rl_boot_s102,19067.1495,6.25,19305.34474059646,22722.829858946916,0.8496012539122697,0.053004471703537975,20.22158210484641,8.812041753711032,38.11123849543379,0
CISO_shape,65,19680,2025-05-20 08:00:00,rl_boot_s102,18538.04375,6.25,18776.28729223031,21391.27588345462,0.8777544357114805,0.05747983800738195,19.947809404733523,1.2391201494575397,38.11896675684932,0
CISO_shape,66,19848,2025-05-27 08:00:00,rl_boot_s102,14310.08075,6.25,14550.025776555365,17497.72134559932,0.8315383180001721,0.04771524712205172,21.252379635759592,1.7038598636990672,38.39120424885845,0
CISO_shape,67,20016,2025-06-03 08:00:00,rl_boot_s102,13551.73575,6.25,13793.498296068778,15639.062665847601,0.8819900905052868,0.0691903376955374,17.66755336959034,5.793044260349853,38.682007371004566,0
CISO_shape,68,20184,2025-06-10 08:00:00,rl_boot_s102,15966.396500000003,6.25,16209.357269456339,17596.09102004281,0.9211908060144202,0.07315567644227566,16.70925280582681,-0.3912317565251644,38.8737231130137,0
CISO_shape,69,20352,2025-06-17 08:00:00,rl_boot_s102,15909.599250000001,6.25,16153.507738448916,19071.097663036533,0.8470151023219565,0.07370776525509641,15.565856272378293,-3.0999140010792066,39.02535815182649,0
CISO_shape,70,20520,2025-06-24 08:00:00,rl_boot_s102,14111.72875,6.25,14356.102720505138,15880.470205616439,0.9040099275793372,0.10063997125151046,14.18877469695877,-3.3323359702527813,39.099835280821914,0
CISO_shape,71,20688,2025-07-01 08:00:00,rl_boot_s102,13170.71875,6.25,13415.174289875857,14994.660607975171,0.8946634165724807,0.04616180345417696,20.70259900314516,0.9922934038552157,39.112886380136985,0
CISO_shape,72,20856,2025-07-08 08:00:00,rl_boot_s102,12467.554250000003,6.25,12710.812646860733,14291.454831837904,0.8893994905643978,0.09076668299429369,14.173753373612373,-5.119634687104443,38.92134349771689,0
CISO_shape,73,21024,2025-07-15 08:00:00,rl_boot_s102,7741.825749999999,6.25,7982.827865439497,8544.215500142693,0.9342961756180167,0.0956588978271774,14.351540439503259,-0.36092887615951325,38.56033847031964,0
CISO_shape,74,21192,2025-07-22 08:00:00,rl_boot_s102,8012.020499999999,6.25,8252.559958240581,9959.644766369864,0.8285998297957882,0.07971616036336779,14.538463023797263,-1.3926568498164877,38.486313318493146,0
CISO_shape,75,21360,2025-07-29 08:00:00,rl_boot_s102,8722.652499999998,20.0,9485.038645091323,10381.323590682074,0.9136637117838012,0.06790114415774155,14.989198408809132,-2.964980878651399,38.119307254566216,0
CISO_shape,76,21528,2025-08-05 08:00:00,rl_boot_s102,9877.958499999999,6.25,10114.297855814782,11633.953098140697,0.8693775684407065,0.06911719708980008,13.85599548185531,-0.2941319174572024,37.814296930365295,0
CISO_shape,77,21696,2025-08-12 08:00:00,rl_boot_s102,8038.339749999999,6.25,8273.784997310217,8989.378096234303,0.920395705769251,0.06028664219891152,13.410539144328864,3.6023326285477197,37.6712395696347,0
CISO_shape,78,21864,2025-08-19 08:00:00,rl_boot_s102,8039.142000000001,7.5,8322.120541395549,16586.120610930368,0.5017520815513191,0.05951466865470583,12.276537223708187,1.6800919774790752,37.730472186073065,0
CISO_shape,79,22032,2025-08-26 08:00:00,rl_boot_s102,11260.6225,6.25,11498.89156586758,12440.639071255708,0.9243007131712349,0.04043572548254343,13.650277010511989,7.141045862698014,38.123050538812784,0
CISO_shape,80,22200,2025-09-02 08:00:00,rl_boot_s102,12113.845249999998,6.25,12353.422105400969,14634.911984320777,0.8441063477960031,0.03414444904575407,13.605688491093375,2.501743391045905,38.33229686415525,0
CISO_shape,81,22368,2025-09-09 08:00:00,rl_boot_s102,8508.68975,6.25,8748.203239647546,10177.474697929509,0.8595652162542117,0.026293764039856886,14.780329080234164,5.176366733331633,38.322158343607306,0
CISO_shape,82,22536,2025-09-16 08:00:00,rl_boot_s102,10349.939000000002,6.25,10590.807689783107,11754.693843436075,0.9009854132183212,0.03580463670755655,12.685829533583341,-0.546963982735632,38.5389903652968,0
CISO_shape,83,22704,2025-09-23 08:00:00,rl_boot_s102,5983.7707500000015,6.25,6226.609985209761,7731.913011545374,0.8053129899304509,0.05967987929691712,10.695298398021912,2.1708750541872672,38.854277633561644,0
CISO_shape,84,22872,2025-09-30 08:00:00,rl_boot_s102,1630.3740000000007,20.0,2410.238358812786,5258.385679406392,0.45836089358224336,0.09444759613105964,9.18290937342508,-1.1774686993432204,38.99321794063927,0
CISO_shape,85,23040,2025-10-07 08:00:00,rl_boot_s102,7729.79,16.25,8357.85947521975,9819.981536555366,0.8511074531155894,0.1346177199243009,8.229079965676945,-1.6882180655483592,38.65042924429223,0
CISO_shape,86,23208,2025-10-14 08:00:00,rl_boot_s102,11083.519500000002,16.25,11707.47046389983,15246.639249999997,0.7678722026495007,0.14604387893541132,8.21170270229996,0.03669804846245686,38.396982393835614,0
CISO_shape,87,23376,2025-10-21 08:00:00,rl_boot_s102,8825.552750000003,22.5,9689.151656806509,11356.9535,0.8531470747684675,0.15210151786258574,8.0717209273047,-1.2592801434700365,38.38217363584475,0
CISO_shape,88,23544,2025-10-28 08:00:00,rl_boot_s102,10098.16075,20.0,10866.567398493149,13256.818749999999,0.8196964598684847,0.18602448963469015,7.64873511142374,-1.0111783662862417,38.42033242465753,0
CISO_shape,89,23712,2025-11-04 08:00:00,rl_boot_s102,6655.51675,5.0,6848.050867945205,9435.751133321919,0.7257557740964182,0.1690824165217844,8.522797381433309,0.3870075965673575,38.5068235890411,0
CISO_shape,90,23880,2025-11-11 08:00:00,rl_boot_s102,-1876.2457499999991,12.5,-1393.658809232305,3471.029776307077,-0.4015116259576017,0.15466872348879177,8.907515197139107,-0.27692461625541664,38.60695526141552,0
CISO_shape,91,24048,2025-11-18 08:00:00,rl_boot_s102,3233.82475,12.5,3718.0262936215754,6601.187999999999,0.5632359347471358,0.12250780858432696,9.974466476505714,1.3998706430140009,38.736123489726026,0
CISO_shape,92,24216,2025-11-25 08:00:00,rl_boot_s102,2583.116749999999,5.0,2776.6797719863002,4952.905760993149,0.5606163141350634,0.17236005178708252,8.34765826236564,2.599724797296115,38.71260439726027,0
CISO_shape,93,24384,2025-12-02 08:00:00,rl_boot_s102,3279.412250000002,18.75,4006.127076904968,5184.250120507992,0.7727495749206671,0.17988882839931628,8.126309529018142,3.452956262798145,38.75812410159818,0
CISO_shape,94,24552,2025-12-09 08:00:00,rl_boot_s102,-610.0910000000006,67.5,2008.5155099828764,4045.7861025913257,0.49644629227838377,0.1346733938254398,9.632955497999667,2.3724874486066168,38.79417051826484,0
CISO_shape,95,24720,2025-12-16 08:00:00,rl_boot_s102,196.0077499999993,31.25,1403.2326520405245,3535.1322343264846,0.396939225756535,0.13973241550404683,9.421231834584077,-2.89790077213649,38.63119686529681,0
CISO_shape,96,24888,2025-12-23 08:00:00,rl_boot_s102,2237.362500000001,15.0,2813.607614811645,8442.131069748857,0.3332816787095141,0.08699572194116355,10.721734580139923,-5.516547831987162,38.41634098744293,0
CISO_shape,97,25056,2025-12-30 08:00:00,rl_boot_s102,1039.941000000001,11.25,1470.0446176412681,3225.241781037387,0.4557936171744723,0.07697783258241904,10.844933636757657,-9.00243256321868,38.231432679223744,0
CISO_shape,98,25224,2026-01-06 08:00:00,rl_boot_s102,7796.42125,22.5,8654.439477363014,14565.965250000001,0.5941548897600873,0.06708636216788288,10.298204694547412,-5.473011160014246,38.13414343835617,0
CISO_shape,99,25392,2026-01-13 08:00:00,rl_boot_s102,9891.452749999999,25.0,10838.993525770547,15254.423525505139,0.7105475672448672,0.04889971043793335,11.960585734356512,-7.703584547772298,37.90163103082192,0
CISO_shape,100,25560,2026-01-20 08:00:00,rl_boot_s102,4665.6990000000005,17.5,5319.605483784248,11642.908499999998,0.45689661511848595,0.04026704001487137,13.167248461718877,-7.039041699306398,37.366084787671234,0
CISO_shape,101,25728,2026-01-27 08:00:00,rl_boot_s102,6776.161499999998,83.75,9898.346944230878,13306.350369977172,0.7438814302202881,0.044343185283821876,13.410043085773932,6.793769289145547,37.27982619977169,0
CISO_shape,102,25896,2026-02-03 08:00:00,rl_boot_s102,6171.396250000001,66.25,8625.618418607308,12158.116249999997,0.7094535239870987,0.048114900190664105,13.137126896570932,-0.9856397630377005,37.044862922374435,0
CISO_shape,103,26064,2026-02-10 08:00:00,rl_boot_s102,3370.650500000002,16.25,3966.2958407562805,5910.817707853883,0.6710232047058637,0.04728826015356447,12.139958860957666,-5.291640264425074,36.655097892694066,0
CISO_shape,104,26232,2026-02-17 08:00:00,rl_boot_s102,8569.277500000002,18.75,9252.00042729024,10916.895012748288,0.8474937623276716,0.04947990186109169,10.848636516769396,-0.990846541788071,36.41188945547945,0
CISO_shape,105,26400,2026-02-24 08:00:00,rl_boot_s102,6265.853249999999,36.25,7579.223769777396,12175.831145976032,0.6224810182491928,0.05066472777612693,10.576919312634814,-1.3223467380209943,36.23091089041096,0
CISO_shape,106,26568,2026-03-03 08:00:00,rl_boot_s102,17431.292999999998,5.0,17611.38351835616,22171.610469178075,0.7943213481419708,0.054079270463877685,10.792352574569813,-5.087837495639035,36.01810367123287,0
CISO_shape,107,26736,2026-03-10 08:00:00,rl_boot_s102,20500.226250000003,6.25,20722.657982148976,24437.302750000003,0.8479928490532358,0.06379366139828511,10.662439655465425,-6.025163224246023,35.58907714383562,0
CISO_shape,108,26904,2026-03-17 08:00:00,rl_boot_s102,19921.835499999997,10.0,20273.039916073056,29801.362070319636,0.6802722596449303,0.04666496793855971,13.052790226793874,-2.16088074439,35.120441607305935,0
CISO_shape,109,27072,2026-03-24 08:00:00,rl_boot_s102,13562.459499999999,6.25,13781.889270911814,16584.281304747434,0.8310211951703084,0.041603907438537605,16.534475597316057,6.144228798906106,35.10876334589041,0
CISO_shape,110,27240,2026-03-31 08:00:00,rl_boot_s102,13761.610499999999,6.25,13982.018627953767,19047.72616930651,0.7340518497417493,0.04525383941798262,15.876245404140688,0.9038395374908726,35.26530047260274,0
CISO_shape,111,27408,2026-04-07 08:00:00,rl_boot_s102,9682.286750000001,31.25,10783.270628174945,14625.474160159818,0.7372937458362111,0.06478199433130973,13.953069214803978,-1.5602559162447853,35.23148410159818,0
CISO_shape,112,27576,2026-04-14 08:00:00,rl_boot_s102,15172.39825,6.25,15392.13590048516,20841.455597568493,0.7385345917144536,0.06427264268280972,13.527550910087555,-1.3108305781170704,35.15802407762557,0
CISO_shape,113,27744,2026-04-21 08:00:00,rl_boot_s102,9218.685249999999,52.5,11058.05185537671,14660.987973886984,0.7542501143219308,0.0627142203035586,14.074024513391569,-2.963443090946601,35.035554388127856,0
CISO_shape,0,8760,2024-02-20 08:00:00,rl_boot_s103,9380.154500000002,52.5,12269.877971429796,21037.71179490011,0.5832325345574996,0.013305963746897964,37.03092856688351,-14.513296597015392,55.042351836757994,0
CISO_shape,1,8928,2024-02-27 08:00:00,rl_boot_s103,9856.576750000002,16.25,10733.30654609732,15086.761202119009,0.7114387509885007,0.0107470808677811,40.15767667782988,-14.503288120878175,53.95260283675799,0
CISO_shape,2,9096,2024-03-05 08:00:00,rl_boot_s103,15252.93325,42.5,17497.31161823345,20578.011264286524,0.8502916726749159,0.012314728081630267,35.87369779155997,-13.200480797481104,52.80890278196347,0
CISO_shape,3,9264,2024-03-12 08:00:00,rl_boot_s103,20085.55825000001,31.25,21707.217940817645,28461.07854453339,0.7626983603889819,0.012547790945885193,35.547086275062355,-8.279679854617966,51.893110106164386,0
CISO_shape,4,9432,2024-03-19 08:00:00,rl_boot_s103,19544.078500000007,41.25,21653.311600449495,24965.014532812504,0.8673462445611515,0.013136083582206998,35.77533454545226,-8.222983987036034,51.13292364726027,0
CISO_shape,5,9600,2024-03-26 08:00:00,rl_boot_s103,17516.41325,31.25,19090.02505029966,22311.207622910966,0.8556249116115286,0.012101705657988338,38.412490161263236,-7.6165844561739595,50.35557760958904,0
CISO_shape,6,9768,2024-04-02 08:00:00,rl_boot_s103,11749.10525,41.25,13797.440496930652,17872.116864329335,0.7720093037478251,0.01,42.88658137654671,-4.058868137961601,49.65661204680366,0
CISO_shape,7,9936,2024-04-09 08:00:00,rl_boot_s103,17785.2745,31.25,19317.384396867867,23924.711732353022,0.8074239143598652,0.011627419374199225,40.27362909686319,-6.231620267913386,49.027516699771695,0
CISO_shape,8,10104,2024-04-16 08:00:00,rl_boot_s103,24685.88,27.5,26020.590644001142,30179.529347639844,0.8621933875862797,0.019646377980225498,29.68117158071208,-6.578046226527079,48.53493250913242,0
CISO_shape,9,10272,2024-04-23 08:00:00,rl_boot_s103,22944.61149999999,31.25,24443.321765054214,30971.307937571342,0.7892247177395431,0.019569679327710147,29.431739020096725,-7.828286460132273,47.95872848173516,0
CISO_shape,10,10440,2024-04-30 08:00:00,rl_boot_s103,18777.15775,41.25,20729.73351146404,24777.484110082758,0.8366359320165376,0.01,43.94323419876664,-7.223186165739004,47.335169974885844,0
CISO_shape,11,10608,2024-05-07 08:00:00,rl_boot_s103,21330.353,12.5,21921.97468387557,26409.671460679234,0.8300737370593461,0.018889973651941987,33.02170718600361,1.7035297915410939,47.329734710045656,0
CISO_shape,12,10776,2024-05-14 08:00:00,rl_boot_s103,19878.51625,53.75,22432.537816075914,27086.72597691781,0.8281745765505952,0.018915694442707097,31.6729750370545,2.320573417399371,47.51668029908676,0
CISO_shape,13,10944,2024-05-21 08:00:00,rl_boot_s103,24925.9695,11.25,25458.963904006847,32605.958131609586,0.7808071089720825,0.01607690749761652,32.75994160538105,-1.4276828567889688,47.377280356164384,0
CISO_shape,14,11112,2024-05-28 08:00:00,rl_boot_s103,20873.494500000004,20.0,21818.310274497722,24284.38723523973,0.8984501055409206,0.015156140916311053,33.49193284740797,-5.395350040862582,47.240788724885846,0
CISO_shape,15,11280,2024-06-04 08:00:00,rl_boot_s103,19104.467,27.5,20404.30811972603,23142.924982739725,0.8816650503315294,0.010107356123763699,40.50424980302801,-0.6418386937274795,47.26694980821918,0
CISO_shape,16,11448,2024-06-11 08:00:00,rl_boot_s103,21016.033250000004,23.75,22134.09470023973,24800.1901930137,0.8924969739334895,0.010684938470218987,39.451099812786,0.8378939657489508,47.0762715890411,0
CISO_shape,17,11616,2024-06-18 08:00:00,rl_boot_s103,17447.9005,6.25,17741.697438641553,19979.723911872145,0.8879851151546326,0.011790036556155143,37.99170121344207,-0.36790393519037373,47.0075101826484,0
CISO_shape,18,11784,2024-06-25 08:00:00,rl_boot_s103,13047.143000000004,83.75,16993.06604555223,18815.344478655825,0.903149345196906,0.01,39.834463192589666,4.166989541667719,47.11549905136986,0
CISO_shape,19,11952,2024-07-02 08:00:00,rl_boot_s103,30061.180000000008,42.5,32061.63254777398,38299.33688741439,0.8371328371042843,0.013585710885595886,34.5350536891429,4.497871601544157,47.06947171232876,0
CISO_shape,20,12120,2024-07-09 08:00:00,rl_boot_s103,60720.474999999984,16.25,61488.34368422658,66921.04944336186,0.9188191786541959,0.01680384422253912,33.80962540129803,-8.229421843805216,47.253457490867575,0
CISO_shape,21,12288,2024-07-16 08:00:00,rl_boot_s103,20048.143500000002,12.5,20640.593634246576,22666.758741643833,0.9106107260199163,0.08042520437774521,36.140904511784264,-2.9563427527584136,47.39601073972603,0
CISO_shape,22,12456,2024-07-23 08:00:00,rl_boot_s103,35794.633,6.25,36088.02885002854,38175.371740410956,0.9453222641923134,0.0691426465694301,39.281577101925464,-8.786714326646921,46.94333600456621,0
CISO_shape,23,12624,2024-07-30 08:00:00,rl_boot_s103,43389.07625,20.0,44322.76630410959,46495.51849999999,0.9532696426239358,0.06633210844295982,43.78063538974494,-4.006231039847671,46.68450270547945,0
CISO_shape,24,12792,2024-08-06 08:00:00,rl_boot_s103,22380.638,12.5,22962.664953895546,25212.63256804795,0.9107603060457957,0.11920784438899142,35.90970736818225,-2.5657372536967613,46.56215631164383,0
CISO_shape,25,12960,2024-08-13 08:00:00,rl_boot_s103,10401.138,12.5,10979.090867851028,14633.695912825342,0.7502609684699457,0.12767848144641133,36.23030881976456,-8.897242851943828,46.23622942808219,0
CISO_shape,26,13128,2024-08-20 08:00:00,rl_boot_s103,11442.535499999998,6.25,11722.812131321345,14597.414762234588,0.8030745390375414,0.22549908732747057,27.67315395338967,-6.676245463435904,44.844261011415526,0
CISO_shape,27,13296,2024-08-27 08:00:00,rl_boot_s103,13957.594250000002,6.25,14235.365646247148,15956.751268210617,0.8921217989157448,0.21917958765143253,28.00705728278367,-7.579064063687295,44.44342339954338,0
CISO_shape,28,13464,2024-09-03 08:00:00,rl_boot_s103,49324.84149999997,6.25,49600.77871267121,53865.36502308217,0.9208287865758726,0.2986918695381593,24.446418078250765,-4.406661403773767,44.14995402739726,0
CISO_shape,29,13632,2024-09-10 08:00:00,rl_boot_s103,8372.08775,40.0,10144.06220041096,13236.65522287671,0.766361443250341,0.3118198675215384,27.56278311447175,5.069424116593537,44.299361260273976,0
CISO_shape,30,13800,2024-09-17 08:00:00,rl_boot_s103,10047.23625,6.25,10321.640748837044,12480.352991859305,0.8270311549336508,0.31677603288044737,27.366627451542325,-5.762461119490567,43.90471981392694,0
CISO_shape,31,13968,2024-09-24 08:00:00,rl_boot_s103,11556.114500000001,27.5,12760.647927474316,14350.120349751713,0.8892363002164718,0.3267280372241419,27.064709093851633,-2.3113474426736005,43.80121554452054,0
CISO_shape,32,14136,2024-10-01 08:00:00,rl_boot_s103,38859.804000000004,16.25,39571.72374197203,46141.98650000001,0.8576077179072474,0.2244110374689952,31.82397612603639,-0.7331984122372246,43.81044565981735,0
CISO_shape,33,14304,2024-10-08 08:00:00,rl_boot_s103,13621.98325,28.75,14884.409918892694,17587.767499999998,0.8462933069187261,0.3090609073996484,28.22922262728034,-0.2693760688755221,43.910492831050234,0
CISO_shape,34,14472,2024-10-15 08:00:00,rl_boot_s103,7851.2695,15.0,8509.440332671233,11577.445110228313,0.7350015700055798,0.28190920604283404,23.910520664162895,-7.836908856354257,43.878055511415525,0
CISO_shape,35,14640,2024-10-22 08:00:00,rl_boot_s103,5383.308499999999,18.75,6193.9645346532525,7966.862999999995,0.777465927888211,0.23596384384188618,26.749620696717887,-11.153740384216333,43.234988514840175,0
CISO_shape,36,14808,2024-10-29 08:00:00,rl_boot_s103,4071.2217500000006,12.5,4605.77243294806,9478.0015,0.4859434167580644,0.25613988402748683,29.595404572479936,-8.718847760605744,42.76405463584475,0
CISO_shape,37,14976,2024-11-05 08:00:00,rl_boot_s103,6840.8165,15.0,7474.21113260274,9168.135453767125,0.8152378605544748,0.23231520816009207,34.081581798477515,-7.362116361279808,42.22630884018265,0
CISO_shape,38,15144,2024-11-12 08:00:00,rl_boot_s103,6210.51925,11.25,6682.092509327911,8192.261,0.8156591335808162,0.22509690647920771,28.96945313285412,-5.281384016388861,41.91762305136986,0
CISO_shape,39,15312,2024-11-19 08:00:00,rl_boot_s103,1541.8887499999992,0.0,1541.8887499999992,5940.808845161245,0.2595418890233876,0.25030871991968373,26.525541517667627,-1.25168689891645,41.52087612899544,0
CISO_shape,40,15480,2024-11-26 08:00:00,rl_boot_s103,6156.44875,11.25,6623.568546622431,8686.904,0.7624774656911635,0.15964530984991382,27.145796974275616,6.000102890483799,41.52175969977169,0
CISO_shape,41,15648,2024-12-03 08:00:00,rl_boot_s103,5391.5145,10.0,5803.446339417808,7146.291250000002,0.8120920539612497,0.1628646706073192,23.736391336213583,2.075413969189827,41.19318394178082,0
CISO_shape,42,15816,2024-12-10 08:00:00,rl_boot_s103,1793.6722500000003,15.0,2409.195668441781,5672.151749999999,0.4247410461897077,0.1323227159598012,20.422353385951983,-3.4759373077605287,41.03489456278538,0
CISO_shape,43,15984,2024-12-17 08:00:00,rl_boot_s103,4018.2325,6.25,4273.8281070062785,5497.324999999998,0.7774377732817834,0.11974184507667852,21.407401233960837,-1.5127452870454319,40.89529712100456,0
CISO_shape,44,16152,2024-12-24 08:00:00,rl_boot_s103,1807.4315000000022,20.0,2623.9118505479473,4479.457328638699,0.5857655644518329,0.1046829282650237,21.948959822080607,-4.160277384792032,40.82401752739726,0
CISO_shape,45,16320,2024-12-31 08:00:00,rl_boot_s103,768.9847500000021,7.5,1073.9064725256871,8158.739482138984,0.13162651839498865,0.05842297852988998,28.594799497979935,-8.9278766824919,40.65622967009132,0
CISO_shape,46,16488,2025-01-07 08:00:00,rl_boot_s103,9222.921250000003,11.25,9677.0584310274,14547.656499999997,0.665197066690941,0.04487783307713419,21.21988362456205,-16.47657174338848,40.36774942465753,0
CISO_shape,47,16656,2025-01-14 08:00:00,rl_boot_s103,14850.24575,6.25,15094.258511065924,20259.333500000004,0.7450520774074784,0.13332061279130702,15.002444577627923,-9.736813273974589,39.04204177054794,0
CISO_shape,48,16824,2025-01-21 08:00:00,rl_boot_s103,15334.142250000003,6.25,15572.009819256567,18672.053,0.833974165521947,0.14616374104589971,14.457688010806285,3.4885336428815275,38.05881108105023,0
CISO_shape,49,16992,2025-01-28 08:00:00,rl_boot_s103,10060.169249999999,5.0,10250.439734840182,14022.508500000002,0.7309990031270212,0.11808476440726012,14.992936586706918,1.7006013129431388,38.05409696803654,0
CISO_shape,50,17160,2025-02-04 08:00:00,rl_boot_s103,17796.376500000002,18.75,18511.111542315928,25014.13352256849,0.7400260946722244,0.05437615184062993,11.905802186105852,1.5104872824627094,38.11920225684931,0
CISO_shape,51,17328,2025-02-11 08:00:00,rl_boot_s103,21158.057249999998,0.0,21158.057249999998,26727.818250000008,0.7916118349839494,0.0640635707452009,10.607024857571997,4.367735485381845,38.1262256586758,0
CISO_shape,52,17496,2025-02-18 08:00:00,rl_boot_s103,19010.948749999996,10.0,19391.794846632416,21727.9455,0.8924817510533803,0.07879831325101332,10.490777104443964,2.098110025458484,38.084609663242006,0
CISO_shape,53,17664,2025-02-25 08:00:00,rl_boot_s103,24200.391249999997,13.75,24725.29148814212,29141.314249999996,0.8484617843940283,0.08867298498324598,10.594993437799246,-0.15276981224316513,38.1745627739726,0
CISO_shape,54,17832,2025-03-04 08:00:00,rl_boot_s103,25656.104,6.25,25894.668707291665,33037.48275,0.783796662210642,0.041915586671714834,16.30777293625105,-1.9173782545493379,38.170353166666665,0
CISO_shape,55,18000,2025-03-11 08:00:00,rl_boot_s103,17602.091,20.0,18365.901752557078,23480.66475,0.7821712863796617,0.05537369868733033,16.209074640293245,4.52193444463951,38.19053762785388,0
CISO_shape,56,18168,2025-03-18 08:00:00,rl_boot_s103,28459.20174999999,7.5,28747.451153904098,38090.227327077635,0.7547198631043105,0.04987057837004183,17.88703839330594,5.2599927023738795,38.43325385388128,0
CISO_shape,57,18336,2025-03-25 08:00:00,rl_boot_s103,22622.974749999994,38.75,24115.834918587323,30259.961502020546,0.7969552412344292,0.05736856188279553,18.1418231100441,-2.523775238039386,38.525423705479454,0
CISO_shape,58,18504,2025-04-01 08:00:00,rl_boot_s103,25937.212750000013,22.5,26798.55055811645,31724.68722570207,0.8447222936340043,0.03652745948411658,23.906949742848834,-10.521789892630808,38.2816803607306,0
CISO_shape,59,18672,2025-04-08 08:00:00,rl_boot_s103,25333.699750000007,22.5,26189.062842645555,29298.301499999998,0.8938764877767934,0.04660464217610321,21.99981244405291,-2.153168707838831,38.01613745091324,0
CISO_shape,60,18840,2025-04-15 08:00:00,rl_boot_s103,25007.528500000004,11.25,25433.38116414384,27706.61732828767,0.9179533128418776,0.04495200592558344,22.037697517547755,-0.2263181168449171,37.85357014611872,0
CISO_shape,61,19008,2025-04-22 08:00:00,rl_boot_s103,20387.474749999998,6.25,20623.66347009132,23599.341660273963,0.8739084236747264,0.048301939009539385,20.8247247782396,-2.236921502286501,37.79019521461187,0
CISO_shape,62,19176,2025-04-29 08:00:00,rl_boot_s103,20765.276499999996,6.25,21002.285859510557,23454.317578531685,0.8954549962576812,0.058195165227674296,19.234115201045523,1.2847261420321252,37.921497521689496,0
CISO_shape,63,19344,2025-05-06 08:00:00,rl_boot_s103,20188.544250000003,6.25,20425.65357209618,23359.916504673234,0.8743889802863788,0.058479093952821116,19.108765865688955,3.490339072558602,37.93749153538812,0
CISO_shape,64,19512,2025-05-13 08:00:00,rl_boot_s103,18459.73625,33.75,19745.990549220893,22722.829858946916,0.8689934604006235,0.053004471703537975,20.22158210484641,8.812041753711032,38.11123849543379,0
CISO_shape,65,19680,2025-05-20 08:00:00,rl_boot_s103,18745.7315,6.25,18983.97504223031,21391.27588345462,0.8874634288136938,0.05747983800738195,19.947809404733523,1.2391201494575397,38.11896675684932,0
CISO_shape,66,19848,2025-05-27 08:00:00,rl_boot_s103,14688.490749999999,6.25,14928.435776555365,17497.72134559932,0.8531645624994405,0.04771524712205172,21.252379635759592,1.7038598636990672,38.39120424885845,0
CISO_shape,67,20016,2025-06-03 08:00:00,rl_boot_s103,13556.8675,6.25,13798.630046068778,15639.062665847601,0.8823182271787977,0.0691903376955374,17.66755336959034,5.793044260349853,38.682007371004566,0
CISO_shape,68,20184,2025-06-10 08:00:00,rl_boot_s103,15966.396500000003,6.25,16209.357269456339,17596.09102004281,0.9211908060144202,0.07315567644227566,16.70925280582681,-0.3912317565251644,38.8737231130137,0
CISO_shape,69,20352,2025-06-17 08:00:00,rl_boot_s103,15911.375250000003,6.25,16155.283738448918,19071.097663036533,0.847108227533278,0.07370776525509641,15.565856272378293,-3.0999140010792066,39.02535815182649,0
CISO_shape,70,20520,2025-06-24 08:00:00,rl_boot_s103,14031.675999999998,6.25,14276.049970505135,15880.470205616439,0.8989689716779375,0.10063997125151046,14.18877469695877,-3.3323359702527813,39.099835280821914,0
CISO_shape,71,20688,2025-07-01 08:00:00,rl_boot_s103,12898.870249999998,6.25,13143.325789875855,14994.660607975171,0.8765337298054848,0.04616180345417696,20.70259900314516,0.9922934038552157,39.112886380136985,0
CISO_shape,72,20856,2025-07-08 08:00:00,rl_boot_s103,12098.866500000002,6.25,12342.124896860732,14291.454831837904,0.8636017145969956,0.09076668299429369,14.173753373612373,-5.119634687104443,38.92134349771689,0
CISO_shape,73,21024,2025-07-15 08:00:00,rl_boot_s103,7741.825749999999,6.25,7982.827865439497,8544.215500142693,0.9342961756180167,0.0956588978271774,14.351540439503259,-0.36092887615951325,38.56033847031964,0
CISO_shape,74,21192,2025-07-22 08:00:00,rl_boot_s103,8106.234999999999,6.25,8346.774458240581,9959.644766369864,0.8380594543316078,0.07971616036336779,14.538463023797263,-1.3926568498164877,38.486313318493146,0
CISO_shape,75,21360,2025-07-29 08:00:00,rl_boot_s103,8902.950499999999,16.25,9522.3892428867,10381.323590682074,0.9172615764943187,0.06790114415774155,14.989198408809132,-2.964980878651399,38.119307254566216,0
CISO_shape,76,21528,2025-08-05 08:00:00,rl_boot_s103,10306.79925,6.25,10543.138605814784,11633.953098140697,0.9062387063860311,0.06911719708980008,13.85599548185531,-0.2941319174572024,37.814296930365295,0
CISO_shape,77,21696,2025-08-12 08:00:00,rl_boot_s103,7469.265,23.75,8363.956939778824,8989.378096234303,0.9304266491229831,0.06028664219891152,13.410539144328864,3.6023326285477197,37.6712395696347,0
CISO_shape,78,21864,2025-08-19 08:00:00,rl_boot_s103,8163.0485,7.5,8446.027041395548,16586.120610930368,0.5092225746766581,0.05951466865470583,12.276537223708187,1.6800919774790752,37.730472186073065,0
CISO_shape,79,22032,2025-08-26 08:00:00,rl_boot_s103,10737.827749999999,23.75,11643.250200296803,12440.639071255708,0.9359045088928523,0.04043572548254343,13.650277010511989,7.141045862698014,38.123050538812784,0
CISO_shape,80,22200,2025-09-02 08:00:00,rl_boot_s103,12198.919000000002,6.25,12438.495855400972,14634.911984320777,0.8499194165791395,0.03414444904575407,13.605688491093375,2.501743391045905,38.33229686415525,0
CISO_shape,81,22368,2025-09-09 08:00:00,rl_boot_s103,8244.46525,6.25,8483.978739647546,10177.474697929509,0.8336035206624994,0.026293764039856886,14.780329080234164,5.176366733331633,38.322158343607306,0
CISO_shape,82,22536,2025-09-16 08:00:00,rl_boot_s103,10009.7055,6.25,10250.574189783105,11754.693843436075,0.872040933291267,0.03580463670755655,12.685829533583341,-0.546963982735632,38.5389903652968,0
CISO_shape,83,22704,2025-09-23 08:00:00,rl_boot_s103,6098.489750000001,6.25,6341.3289852097605,7731.913011545374,0.8201500683906844,0.05967987929691712,10.695298398021912,2.1708750541872672,38.854277633561644,0
CISO_shape,84,22872,2025-09-30 08:00:00,rl_boot_s103,1315.8117500000008,20.0,2095.676108812786,5258.385679406392,0.3985398250683967,0.09444759613105964,9.18290937342508,-1.1774686993432204,38.99321794063927,0
CISO_shape,85,23040,2025-10-07 08:00:00,rl_boot_s103,7517.7964999999995,16.25,8145.865975219748,9819.981536555366,0.8295194797359201,0.1346177199243009,8.229079965676945,-1.6882180655483592,38.65042924429223,0
CISO_shape,86,23208,2025-10-14 08:00:00,rl_boot_s103,11245.300500000001,16.25,11869.25146389983,15246.639249999997,0.7784831312185623,0.14604387893541132,8.21170270229996,0.03669804846245686,38.396982393835614,0
CISO_shape,87,23376,2025-10-21 08:00:00,rl_boot_s103,8344.501250000001,22.5,9208.100156806508,11356.9535,0.810789632695644,0.15210151786258574,8.0717209273047,-1.2592801434700365,38.38217363584475,0
CISO_shape,88,23544,2025-10-28 08:00:00,rl_boot_s103,10198.005249999998,12.5,10678.259405308218,13256.818749999999,0.8054918458705048,0.18602448963469015,7.64873511142374,-1.0111783662862417,38.42033242465753,0
CISO_shape,89,23712,2025-11-04 08:00:00,rl_boot_s103,6723.3015000000005,5.0,6915.835617945206,9435.751133321919,0.7329395953992737,0.1690824165217844,8.522797381433309,0.3870075965673575,38.5068235890411,0
CISO_shape,90,23880,2025-11-11 08:00:00,rl_boot_s103,-1497.7114999999976,8.75,-1159.900641462612,3471.029776307077,-0.3341661455571441,0.15466872348879177,8.907515197139107,-0.27692461625541664,38.60695526141552,0
CISO_shape,91,24048,2025-11-18 08:00:00,rl_boot_s103,4000.4224999999997,12.5,4484.624043621575,6601.187999999999,0.6793662055408171,0.12250780858432696,9.974466476505714,1.3998706430140009,38.736123489726026,0
CISO_shape,92,24216,2025-11-25 08:00:00,rl_boot_s103,2224.106749999999,16.25,2853.1865714554783,4952.905760993149,0.57606316557159,0.17236005178708252,8.34765826236564,2.599724797296115,38.71260439726027,0
CISO_shape,93,24384,2025-12-02 08:00:00,rl_boot_s103,3005.4727500000017,18.75,3732.1875769049675,5184.250120507992,0.7199088566620431,0.17988882839931628,8.126309529018142,3.452956262798145,38.75812410159818,0
CISO_shape,94,24552,2025-12-09 08:00:00,rl_boot_s103,1768.8160000000014,21.25,2593.1921235131294,4045.7861025913257,0.6409612514740188,0.1346733938254398,9.632955497999667,2.3724874486066168,38.79417051826484,0
CISO_shape,95,24720,2025-12-16 08:00:00,rl_boot_s103,1778.684749999999,10.0,2164.996718652967,3535.1322343264846,0.6124231217238875,0.13973241550404683,9.421231834584077,-2.89790077213649,38.63119686529681,0
CISO_shape,96,24888,2025-12-23 08:00:00,rl_boot_s103,2756.111,10.0,3140.2744098744292,8442.131069748857,0.371976504975994,0.08699572194116355,10.721734580139923,-5.516547831987162,38.41634098744293,0
CISO_shape,97,25056,2025-12-30 08:00:00,rl_boot_s103,810.94,11.25,1241.0436176412672,3225.241781037387,0.38479087829567,0.07697783258241904,10.844933636757657,-9.00243256321868,38.231432679223744,0
CISO_shape,98,25224,2026-01-06 08:00:00,rl_boot_s103,8747.320500000002,11.25,9176.329613681508,14565.965250000001,0.6299843131701489,0.06708636216788288,10.298204694547412,-5.473011160014246,38.13414343835617,0
CISO_shape,99,25392,2026-01-13 08:00:00,rl_boot_s103,10187.165249999996,11.25,10613.558599096743,15254.423525505139,0.6957692358122254,0.04889971043793335,11.960585734356512,-7.703584547772298,37.90163103082192,0
CISO_shape,100,25560,2026-01-20 08:00:00,rl_boot_s103,4729.186250000001,17.5,5383.092733784248,11642.908499999998,0.4623494837036853,0.04026704001487137,13.167248461718877,-7.039041699306398,37.366084787671234,0
CISO_shape,101,25728,2026-01-27 08:00:00,rl_boot_s103,6665.308249999998,93.75,10160.291956228593,13306.350369977172,0.7635671445382228,0.044343185283821876,13.410043085773932,6.793769289145547,37.27982619977169,0
CISO_shape,102,25896,2026-02-03 08:00:00,rl_boot_s103,8163.69375,21.25,8950.897087100457,12158.116249999997,0.7362075590534396,0.048114900190664105,13.137126896570932,-0.9856397630377005,37.044862922374435,0
CISO_shape,103,26064,2026-02-10 08:00:00,rl_boot_s103,3420.793000000001,12.5,3878.981723658677,5910.817707853883,0.6562512862652753,0.04728826015356447,12.139958860957666,-5.291640264425074,36.655097892694066,0
CISO_shape,104,26232,2026-02-17 08:00:00,rl_boot_s103,8473.569249999999,11.25,8883.203006374142,10916.895012748288,0.8137114991030613,0.04947990186109169,10.848636516769396,-0.990846541788071,36.41188945547945,0
CISO_shape,105,26400,2026-02-24 08:00:00,rl_boot_s103,7604.30925,17.5,8238.350190582192,12175.831145976032,0.6766150164052553,0.05066472777612693,10.576919312634814,-1.3223467380209943,36.23091089041096,0
CISO_shape,106,26568,2026-03-03 08:00:00,rl_boot_s103,17613.257499999996,18.75,18288.59694383561,22171.610469178075,0.8248655175166258,0.054079270463877685,10.792352574569813,-5.087837495639035,36.01810367123287,0
CISO_shape,107,26736,2026-03-10 08:00:00,rl_boot_s103,20500.226250000003,6.25,20722.657982148976,24437.302750000003,0.8479928490532358,0.06379366139828511,10.662439655465425,-6.025163224246023,35.58907714383562,0
CISO_shape,108,26904,2026-03-17 08:00:00,rl_boot_s103,21464.7945,6.25,21684.297260045663,29801.362070319636,0.7276277241583504,0.04666496793855971,13.052790226793874,-2.16088074439,35.120441607305935,0
CISO_shape,109,27072,2026-03-24 08:00:00,rl_boot_s103,13917.832250000001,20.0,14620.007516917809,16584.281304747434,0.8815581000023601,0.041603907438537605,16.534475597316057,6.144228798906106,35.10876334589041,0
CISO_shape,110,27240,2026-03-31 08:00:00,rl_boot_s103,13586.299500000001,6.25,13806.707627953769,19047.72616930651,0.7248480740027587,0.04525383941798262,15.876245404140688,0.9038395374908726,35.26530047260274,0
CISO_shape,111,27408,2026-04-07 08:00:00,rl_boot_s103,8867.89225,27.5,9836.758062793951,14625.474160159818,0.6725770361407867,0.06478199433130973,13.953069214803978,-1.5602559162447853,35.23148410159818,0
CISO_shape,112,27576,2026-04-14 08:00:00,rl_boot_s103,14037.4955,20.0,14740.655981552512,20841.455597568493,0.7072757424520895,0.06427264268280972,13.527550910087555,-1.3108305781170704,35.15802407762557,0
CISO_shape,113,27744,2026-04-21 08:00:00,rl_boot_s103,9341.15725,62.5,11530.879399257992,14660.987973886984,0.7865008429033501,0.0627142203035586,14.074024513391569,-2.963443090946601,35.035554388127856,0
CISO_shape,0,8760,2024-02-20 08:00:00,rl_boot_s104,6491.770250000001,50.0,9243.8878418379,21037.71179490011,0.43939606797345576,0.013305963746897964,37.03092856688351,-14.513296597015392,55.042351836757994,0
CISO_shape,1,8928,2024-02-27 08:00:00,rl_boot_s104,5401.068000000001,42.5,7694.053620562216,15086.761202119009,0.5099871017698318,0.0107470808677811,40.15767667782988,-14.503288120878175,53.95260283675799,0
CISO_shape,2,9096,2024-03-05 08:00:00,rl_boot_s104,14046.4635,42.5,16290.841868233447,20578.011264286524,0.7916625984410102,0.012314728081630267,35.87369779155997,-13.200480797481104,52.80890278196347,0
CISO_shape,3,9264,2024-03-12 08:00:00,rl_boot_s104,17744.81,31.25,19366.469690817637,28461.07854453339,0.6804545253095272,0.012547790945885193,35.547086275062355,-8.279679854617966,51.893110106164386,0
CISO_shape,4,9432,2024-03-19 08:00:00,rl_boot_s104,16874.605750000002,31.25,18472.509613976887,24965.014532812504,0.7399358646355979,0.013136083582206998,35.77533454545226,-8.222983987036034,51.13292364726027,0
CISO_shape,5,9600,2024-03-26 08:00:00,rl_boot_s104,15219.900000000005,27.5,16604.678384263705,22311.207622910966,0.7442303735819601,0.012101705657988338,38.412490161263236,-7.6165844561739595,50.35557760958904,0
CISO_shape,6,9768,2024-04-02 08:00:00,rl_boot_s104,8936.85125,62.5,12040.389502925229,17872.116864329335,0.6736968874099322,0.01,42.88658137654671,-4.058868137961601,49.65661204680366,0
CISO_shape,7,9936,2024-04-09 08:00:00,rl_boot_s104,17228.99325,31.25,18761.103146867867,23924.711732353022,0.7841725892771161,0.011627419374199225,40.27362909686319,-6.231620267913386,49.027516699771695,0
CISO_shape,8,10104,2024-04-16 08:00:00,rl_boot_s104,24884.810500000003,10.0,25370.159825091327,30179.529347639844,0.8406413344903727,0.019646377980225498,29.68117158071208,-6.578046226527079,48.53493250913242,0
CISO_shape,9,10272,2024-04-23 08:00:00,rl_boot_s104,22186.222499999996,11.25,22725.758195419516,30971.307937571342,0.7337681134173498,0.019569679327710147,29.431739020096725,-7.828286460132273,47.95872848173516,0
CISO_shape,10,10440,2024-04-30 08:00:00,rl_boot_s104,17239.178499999998,33.75,18836.740486652394,24777.484110082758,0.7602362048932609,0.01,43.94323419876664,-7.223186165739004,47.335169974885844,0
CISO_shape,11,10608,2024-05-07 08:00:00,rl_boot_s104,22058.423250000003,16.25,22827.531439038245,26409.671460679234,0.8643625678201126,0.018889973651941987,33.02170718600361,1.7035297915410939,47.329734710045656,0
CISO_shape,12,10776,2024-05-14 08:00:00,rl_boot_s104,18868.57225,55.0,21481.989666449772,27086.72597691781,0.793081810062827,0.018915694442707097,31.6729750370545,2.320573417399371,47.51668029908676,0
CISO_shape,13,10944,2024-05-21 08:00:00,rl_boot_s104,25253.10575,22.5,26319.094558013698,32605.958131609586,0.8071866636085403,0.01607690749761652,32.75994160538105,-1.4276828567889688,47.377280356164384,0
CISO_shape,14,11112,2024-05-28 08:00:00,rl_boot_s104,20620.559500000003,20.0,21565.37527449772,24284.38723523973,0.8880345658136938,0.015156140916311053,33.49193284740797,-5.395350040862582,47.240788724885846,0
CISO_shape,15,11280,2024-06-04 08:00:00,rl_boot_s104,18775.849,16.25,19543.93693438356,23142.924982739725,0.8444886266087656,0.010107356123763699,40.50424980302801,-0.6418386937274795,47.26694980821918,0
CISO_shape,16,11448,2024-06-11 08:00:00,rl_boot_s104,21517.093250000005,16.25,22282.082663321922,24800.1901930137,0.8984641847464082,0.010684938470218987,39.451099812786,0.8378939657489508,47.0762715890411,0
CISO_shape,17,11616,2024-06-18 08:00:00,rl_boot_s104,17694.77325,6.25,17988.57018864155,19979.723911872145,0.9003412793883788,0.011790036556155143,37.99170121344207,-0.36790393519037373,47.0075101826484,0
CISO_shape,18,11784,2024-06-25 08:00:00,rl_boot_s104,13154.419250000003,83.75,17100.34229555223,18815.344478655825,0.9088508751434714,0.01,39.834463192589666,4.166989541667719,47.11549905136986,0
CISO_shape,19,11952,2024-07-02 08:00:00,rl_boot_s104,26246.224000000002,60.0,29070.39230273973,38299.33688741439,0.7590312173862362,0.013585710885595886,34.5350536891429,4.497871601544157,47.06947171232876,0
CISO_shape,20,12120,2024-07-09 08:00:00,rl_boot_s104,62903.05174999999,33.75,64497.855940316775,66921.04944336186,0.9637902644504113,0.01680384422253912,33.80962540129803,-8.229421843805216,47.253457490867575,0
CISO_shape,21,12288,2024-07-16 08:00:00,rl_boot_s104,20303.9535,12.5,20896.403634246573,22666.758741643833,0.921896415470081,0.08042520437774521,36.140904511784264,-2.9563427527584136,47.39601073972603,0
CISO_shape,22,12456,2024-07-23 08:00:00,rl_boot_s104,35484.47325,6.25,35777.86910002854,38175.371740410956,0.9371976609242939,0.0691426465694301,39.281577101925464,-8.786714326646921,46.94333600456621,0
CISO_shape,23,12624,2024-07-30 08:00:00,rl_boot_s104,43696.18949999999,20.0,44629.87955410958,46495.51849999999,0.959874865232648,0.06633210844295982,43.78063538974494,-4.006231039847671,46.68450270547945,0
CISO_shape,24,12792,2024-08-06 08:00:00,rl_boot_s104,22572.377750000007,12.5,23154.404703895554,25212.63256804795,0.9183652140014608,0.11920784438899142,35.90970736818225,-2.5657372536967613,46.56215631164383,0
CISO_shape,25,12960,2024-08-13 08:00:00,rl_boot_s104,10865.4835,20.0,11790.208088561643,14633.695912825342,0.8056890179211942,0.12767848144641133,36.23030881976456,-8.897242851943828,46.23622942808219,0
CISO_shape,26,13128,2024-08-20 08:00:00,rl_boot_s104,11171.231749999997,6.25,11451.508381321344,14597.414762234588,0.7844887994104194,0.22549908732747057,27.67315395338967,-6.676245463435904,44.844261011415526,0
CISO_shape,27,13296,2024-08-27 08:00:00,rl_boot_s104,14266.746500000001,6.25,14544.517896247147,15956.751268210617,0.9114961843908069,0.21917958765143253,28.00705728278367,-7.579064063687295,44.44342339954338,0
CISO_shape,28,13464,2024-09-03 08:00:00,rl_boot_s104,37627.10525,10.0,38068.604790273974,53865.36502308217,0.7067362260324601,0.2986918695381593,24.446418078250765,-4.406661403773767,44.14995402739726,0
CISO_shape,29,13632,2024-09-10 08:00:00,rl_boot_s104,9484.13575,16.25,10204.00037047945,13236.65522287671,0.7708896393134145,0.3118198675215384,27.56278311447175,5.069424116593537,44.299361260273976,0
CISO_shape,30,13800,2024-09-17 08:00:00,rl_boot_s104,10021.634250000001,6.25,10296.038748837045,12480.352991859305,0.8249797706485509,0.31677603288044737,27.366627451542325,-5.762461119490567,43.90471981392694,0
CISO_shape,31,13968,2024-09-24 08:00:00,rl_boot_s104,12073.041,6.25,12346.798597153253,14350.120349751713,0.8603968674985278,0.3267280372241419,27.064709093851633,-2.3113474426736005,43.80121554452054,0
CISO_shape,32,14136,2024-10-01 08:00:00,rl_boot_s104,37951.20900000001,20.0,38827.417913196354,46141.98650000001,0.8414769466675723,0.2244110374689952,31.82397612603639,-0.7331984122372246,43.81044565981735,0
CISO_shape,33,14304,2024-10-08 08:00:00,rl_boot_s104,14406.7455,8.75,14790.962312271691,17587.767499999998,0.8409800909792384,0.3090609073996484,28.22922262728034,-0.2693760688755221,43.910492831050234,0
CISO_shape,34,14472,2024-10-15 08:00:00,rl_boot_s104,8320.789000000002,18.75,9143.502540839043,11577.445110228313,0.7897685934836385,0.28190920604283404,23.910520664162895,-7.836908856354257,43.878055511415525,0
CISO_shape,35,14640,2024-10-22 08:00:00,rl_boot_s104,6038.813249999998,5.0,6254.988192574199,7966.862999999995,0.7851256124994497,0.23596384384188618,26.749620696717887,-11.153740384216333,43.234988514840175,0
CISO_shape,36,14808,2024-10-29 08:00:00,rl_boot_s104,5216.54325,12.5,5751.093932948059,9478.0015,0.60678339552363,0.25613988402748683,29.595404572479936,-8.718847760605744,42.76405463584475,0
CISO_shape,37,14976,2024-11-05 08:00:00,rl_boot_s104,6872.81125,12.5,7400.640110502283,9168.135453767125,0.8072132166700712,0.23231520816009207,34.081581798477515,-7.362116361279808,42.22630884018265,0
CISO_shape,38,15144,2024-11-12 08:00:00,rl_boot_s104,4806.8465,20.0,5645.198961027397,8192.261,0.6890892466716327,0.22509690647920771,28.96945313285412,-5.281384016388861,41.91762305136986,0
CISO_shape,39,15312,2024-11-19 08:00:00,rl_boot_s104,161.00300000000084,16.25,835.7172370961767,5940.808845161245,0.14067398209199472,0.25030871991968373,26.525541517667627,-1.25168689891645,41.52087612899544,0
CISO_shape,40,15480,2024-11-26 08:00:00,rl_boot_s104,7258.900250000002,5.0,7466.5090484988605,8686.904,0.859513245282653,0.15964530984991382,27.145796974275616,6.000102890483799,41.52175969977169,0
CISO_shape,41,15648,2024-12-03 08:00:00,rl_boot_s104,4550.2609999999995,7.5,4859.209879563356,7146.291250000002,0.6799624741803455,0.1628646706073192,23.736391336213583,2.075413969189827,41.19318394178082,0
CISO_shape,42,15816,2024-12-10 08:00:00,rl_boot_s104,1549.4932500000007,22.5,2472.778377662672,5672.151749999999,0.43595067386246716,0.1323227159598012,20.422353385951983,-3.4759373077605287,41.03489456278538,0
CISO_shape,43,15984,2024-12-17 08:00:00,rl_boot_s104,3718.0945,7.5,4024.809228407534,5497.324999999998,0.7321395821435945,0.11974184507667852,21.407401233960837,-1.5127452870454319,40.89529712100456,0
CISO_shape,44,16152,2024-12-24 08:00:00,rl_boot_s104,1158.1667500000003,22.5,2076.7071443664386,4479.457328638699,0.4636068594937474,0.1046829282650237,21.948959822080607,-4.160277384792032,40.82401752739726,0
CISO_shape,45,16320,2024-12-31 08:00:00,rl_boot_s104,-1091.0422500000004,21.25,-227.09736951055982,8158.739482138984,-0.02783485978535271,0.05842297852988998,28.594799497979935,-8.9278766824919,40.65622967009132,0
CISO_shape,46,16488,2025-01-07 08:00:00,rl_boot_s104,9398.267000000002,15.0,10003.783241369865,14547.656499999997,0.6876559974707862,0.04487783307713419,21.21988362456205,-16.47657174338848,40.36774942465753,0
CISO_shape,47,16656,2025-01-14 08:00:00,rl_boot_s104,14827.907500000003,6.25,15071.920261065927,20259.333500000004,0.7439494621610293,0.13332061279130702,15.002444577627923,-9.736813273974589,39.04204177054794,0
CISO_shape,48,16824,2025-01-21 08:00:00,rl_boot_s104,15202.24425,20.0,15963.420471621004,18672.053,0.8549365445578483,0.14616374104589971,14.457688010806285,3.4885336428815275,38.05881108105023,0
CISO_shape,49,16992,2025-01-28 08:00:00,rl_boot_s104,9854.1875,5.0,10044.457984840183,14022.508500000002,0.7163096378112505,0.11808476440726012,14.992936586706918,1.7006013129431388,38.05409696803654,0
CISO_shape,50,17160,2025-02-04 08:00:00,rl_boot_s104,17715.943250000004,8.75,18049.486269747435,25014.13352256849,0.7215715168971436,0.05437615184062993,11.905802186105852,1.5104872824627094,38.11920225684931,0
CISO_shape,51,17328,2025-02-11 08:00:00,rl_boot_s104,19507.5265,7.5,19793.47319244007,26727.818250000008,0.7405570109501947,0.0640635707452009,10.607024857571997,4.367735485381845,38.1262256586758,0
CISO_shape,52,17496,2025-02-18 08:00:00,rl_boot_s104,17945.361249999998,11.25,18373.81310871147,21727.9455,0.8456304858050877,0.07879831325101332,10.490777104443964,2.098110025458484,38.084609663242006,0
CISO_shape,53,17664,2025-02-25 08:00:00,rl_boot_s104,23504.903749999998,11.25,23934.36758120719,29141.314249999996,0.8213208016590121,0.08867298498324598,10.594993437799246,-0.15276981224316513,38.1745627739726,0
CISO_shape,54,17832,2025-03-04 08:00:00,rl_boot_s104,25264.541749999997,10.0,25646.245281666663,33037.48275,0.7762772205054472,0.041915586671714834,16.30777293625105,-1.9173782545493379,38.170353166666665,0
CISO_shape,55,18000,2025-03-11 08:00:00,rl_boot_s104,17396.4785,20.0,18160.28925255708,23480.66475,0.7734146135090608,0.05537369868733033,16.209074640293245,4.52193444463951,38.19053762785388,0
CISO_shape,56,18168,2025-03-18 08:00:00,rl_boot_s104,31745.670499999997,18.75,32466.29400976027,38090.227327077635,0.85235232992901,0.04987057837004183,17.88703839330594,5.2599927023738795,38.43325385388128,0
CISO_shape,57,18336,2025-03-25 08:00:00,rl_boot_s104,21884.57024999999,5.0,22077.197368527388,30259.961502020546,0.7295844499687559,0.05736856188279553,18.1418231100441,-2.523775238039386,38.525423705479454,0
CISO_shape,58,18504,2025-04-01 08:00:00,rl_boot_s104,25972.880750000015,16.25,26594.958055861887,31724.68722570207,0.8383048150058897,0.03652745948411658,23.906949742848834,-10.521789892630808,38.2816803607306,0
CISO_shape,59,18672,2025-04-08 08:00:00,rl_boot_s104,27000.87950000001,8.75,27333.5207026955,29298.301499999998,0.9329387474115352,0.04660464217610321,21.99981244405291,-2.153168707838831,38.01613745091324,0
CISO_shape,60,18840,2025-04-15 08:00:00,rl_boot_s104,22637.686000000005,12.5,23110.855626826487,27706.61732828767,0.8341276509143164,0.04495200592558344,22.037697517547755,-0.2263181168449171,37.85357014611872,0
CISO_shape,61,19008,2025-04-22 08:00:00,rl_boot_s104,20493.558499999996,6.25,20729.747220091318,23599.341660273963,0.8784036232242365,0.048301939009539385,20.8247247782396,-2.236921502286501,37.79019521461187,0
CISO_shape,62,19176,2025-04-29 08:00:00,rl_boot_s104,20715.132499999996,6.25,20952.141859510557,23454.317578531685,0.8933170530055655,0.058195165227674296,19.234115201045523,1.2847261420321252,37.921497521689496,0
CISO_shape,63,19344,2025-05-06 08:00:00,rl_boot_s104,20139.608500000002,6.25,20376.71782209618,23359.916504673234,0.8722941204871064,0.058479093952821116,19.108765865688955,3.490339072558602,37.93749153538812,0
CISO_shape,64,19512,2025-05-13 08:00:00,rl_boot_s104,19593.71125,20.0,20355.936019908677,22722.829858946916,0.8958363085174317,0.053004471703537975,20.22158210484641,8.812041753711032,38.11123849543379,0
CISO_shape,65,19680,2025-05-20 08:00:00,rl_boot_s104,18571.319999999996,6.25,18809.563542230306,21391.27588345462,0.8793100348342862,0.05747983800738195,19.947809404733523,1.2391201494575397,38.11896675684932,0
CISO_shape,66,19848,2025-05-27 08:00:00,rl_boot_s104,14563.9255,6.25,14803.870526555365,17497.72134559932,0.8460456212647679,0.04771524712205172,21.252379635759592,1.7038598636990672,38.39120424885845,0
CISO_shape,67,20016,2025-06-03 08:00:00,rl_boot_s104,13959.327500000003,6.25,14201.09004606878,15639.062665847601,0.9080525060546597,0.0691903376955374,17.66755336959034,5.793044260349853,38.682007371004566,0
CISO_shape,68,20184,2025-06-10 08:00:00,rl_boot_s104,15522.985000000004,23.75,16446.23592393408,17596.09102004281,0.9346528103998217,0.07315567644227566,16.70925280582681,-0.3912317565251644,38.8737231130137,0
CISO_shape,69,20352,2025-06-17 08:00:00,rl_boot_s104,15749.270750000001,6.25,15993.179238448916,19071.097663036533,0.8386082186263869,0.07370776525509641,15.565856272378293,-3.0999140010792066,39.02535815182649,0
CISO_shape,70,20520,2025-06-24 08:00:00,rl_boot_s104,14305.90275,6.25,14550.276720505137,15880.470205616439,0.9162371473962494,0.10063997125151046,14.18877469695877,-3.3323359702527813,39.099835280821914,0
CISO_shape,71,20688,2025-07-01 08:00:00,rl_boot_s104,11952.0525,20.0,12734.31022760274,14994.660607975171,0.8492563160002286,0.04616180345417696,20.70259900314516,0.9922934038552157,39.112886380136985,0
CISO_shape,72,20856,2025-07-08 08:00:00,rl_boot_s104,12120.132250000004,6.25,12363.390646860735,14291.454831837904,0.8650897191598781,0.09076668299429369,14.173753373612373,-5.119634687104443,38.92134349771689,0
CISO_shape,73,21024,2025-07-15 08:00:00,rl_boot_s104,7666.745999999999,6.25,7907.748115439497,8544.215500142693,0.9255089733290826,0.0956588978271774,14.351540439503259,-0.36092887615951325,38.56033847031964,0
CISO_shape,74,21192,2025-07-22 08:00:00,rl_boot_s104,7831.4315,6.25,8071.970958240582,9959.644766369864,0.8104677573939909,0.07971616036336779,14.538463023797263,-1.3926568498164877,38.486313318493146,0
CISO_shape,75,21360,2025-07-29 08:00:00,rl_boot_s104,8221.779499999999,20.0,8984.165645091323,10381.323590682074,0.865416203108745,0.06790114415774155,14.989198408809132,-2.964980878651399,38.119307254566216,0
CISO_shape,76,21528,2025-08-05 08:00:00,rl_boot_s104,8520.690250000001,23.75,9418.779802096178,11633.953098140697,0.8095941012175353,0.06911719708980008,13.85599548185531,-0.2941319174572024,37.814296930365295,0
CISO_shape,77,21696,2025-08-12 08:00:00,rl_boot_s104,7708.406999999999,6.25,7943.852247310216,8989.378096234303,0.8836931945979597,0.06028664219891152,13.410539144328864,3.6023326285477197,37.6712395696347,0
CISO_shape,78,21864,2025-08-19 08:00:00,rl_boot_s104,5695.478000000001,1.25,5742.641090232592,16586.120610930368,0.3462317213856598,0.05951466865470583,12.276537223708187,1.6800919774790752,37.730472186073065,0
CISO_shape,79,22032,2025-08-26 08:00:00,rl_boot_s104,10626.759000000002,23.75,11532.181450296805,12440.639071255708,0.9269766114300423,0.04043572548254343,13.650277010511989,7.141045862698014,38.123050538812784,0
CISO_shape,80,22200,2025-09-02 08:00:00,rl_boot_s104,11070.55375,10.0,11453.876718641552,14634.911984320777,0.7826406288546695,0.03414444904575407,13.605688491093375,2.501743391045905,38.33229686415525,0
CISO_shape,81,22368,2025-09-09 08:00:00,rl_boot_s104,8024.59275,6.25,8264.106239647546,10177.474697929509,0.8119996840993163,0.026293764039856886,14.780329080234164,5.176366733331633,38.322158343607306,0
CISO_shape,82,22536,2025-09-16 08:00:00,rl_boot_s104,10259.406,6.25,10500.274689783106,11754.693843436075,0.8932835537564044,0.03580463670755655,12.685829533583341,-0.546963982735632,38.5389903652968,0
CISO_shape,83,22704,2025-09-23 08:00:00,rl_boot_s104,5877.931000000001,6.25,6120.770235209761,7731.913011545374,0.7916243012654388,0.05967987929691712,10.695298398021912,2.1708750541872672,38.854277633561644,0
CISO_shape,84,22872,2025-09-30 08:00:00,rl_boot_s104,1542.0814999999993,16.25,2175.7212915353875,5258.385679406392,0.4137622122424843,0.09444759613105964,9.18290937342508,-1.1774686993432204,38.99321794063927,0
CISO_shape,85,23040,2025-10-07 08:00:00,rl_boot_s104,7467.969,16.25,8096.038475219749,9819.981536555366,0.8244453866926171,0.1346177199243009,8.229079965676945,-1.6882180655483592,38.65042924429223,0
CISO_shape,86,23208,2025-10-14 08:00:00,rl_boot_s104,11323.988000000003,20.0,12091.927647876715,15246.639249999997,0.7930880667932586,0.14604387893541132,8.21170270229996,0.03669804846245686,38.396982393835614,0
CISO_shape,87,23376,2025-10-21 08:00:00,rl_boot_s104,7663.333999999999,12.5,8143.111170448058,11356.9535,0.7170154540518334,0.15210151786258574,8.0717209273047,-1.2592801434700365,38.38217363584475,0
CISO_shape,88,23544,2025-10-28 08:00:00,rl_boot_s104,10380.516249999999,12.5,10860.770405308218,13256.818749999999,0.8192591759850544,0.18602448963469015,7.64873511142374,-1.0111783662862417,38.42033242465753,0
CISO_shape,89,23712,2025-11-04 08:00:00,rl_boot_s104,6569.39375,5.0,6761.927867945205,9435.751133321919,0.7166284668176304,0.1690824165217844,8.522797381433309,0.3870075965673575,38.5068235890411,0
CISO_shape,90,23880,2025-11-11 08:00:00,rl_boot_s104,-2206.6669999999976,12.5,-1724.0800592323035,3471.029776307077,-0.49670563790628125,0.15466872348879177,8.907515197139107,-0.27692461625541664,38.60695526141552,0
CISO_shape,91,24048,2025-11-18 08:00:00,rl_boot_s104,3749.1679999999997,12.5,4233.369543621575,6601.187999999999,0.6413041930666988,0.12250780858432696,9.974466476505714,1.3998706430140009,38.736123489726026,0
CISO_shape,92,24216,2025-11-25 08:00:00,rl_boot_s104,2098.4094999999998,20.0,2872.661587945205,4952.905760993149,0.5799952041423828,0.17236005178708252,8.34765826236564,2.599724797296115,38.71260439726027,0
CISO_shape,93,24384,2025-12-02 08:00:00,rl_boot_s104,3241.4815000000017,22.5,4113.539292285961,5184.250120507992,0.7934685242159739,0.17988882839931628,8.126309529018142,3.452956262798145,38.75812410159818,0
CISO_shape,94,24552,2025-12-09 08:00:00,rl_boot_s104,852.3669999999997,40.0,2404.1338207305935,4045.7861025913257,0.5942315682954039,0.1346733938254398,9.632955497999667,2.3724874486066168,38.79417051826484,0
CISO_shape,95,24720,2025-12-16 08:00:00,rl_boot_s104,1008.4767500000005,21.25,1829.3896833875576,3535.1322343264846,0.517488332013157,0.13973241550404683,9.421231834584077,-2.89790077213649,38.63119686529681,0
CISO_shape,96,24888,2025-12-23 08:00:00,rl_boot_s104,1706.9057500000008,12.5,2187.1100123430374,8442.131069748857,0.25907084292735355,0.08699572194116355,10.721734580139923,-5.516547831987162,38.41634098744293,0
CISO_shape,97,25056,2025-12-30 08:00:00,rl_boot_s104,1145.1685,8.75,1479.6935359432077,3225.241781037387,0.45878530553677427,0.07697783258241904,10.844933636757657,-9.00243256321868,38.231432679223744,0
CISO_shape,98,25224,2026-01-06 08:00:00,rl_boot_s104,7301.3462500000005,12.5,7778.023042979453,14565.965250000001,0.5339861045583266,0.06708636216788288,10.298204694547412,-5.473011160014246,38.13414343835617,0
CISO_shape,99,25392,2026-01-13 08:00:00,rl_boot_s104,9759.177,11.25,10185.570349096746,15254.423525505139,0.6677125708530803,0.04889971043793335,11.960585734356512,-7.703584547772298,37.90163103082192,0
CISO_shape,100,25560,2026-01-20 08:00:00,rl_boot_s104,4718.1715,17.5,5372.077983784247,11642.908499999998,0.4614034357295042,0.04026704001487137,13.167248461718877,-7.039041699306398,37.366084787671234,0
CISO_shape,101,25728,2026-01-27 08:00:00,rl_boot_s104,5413.5774999999985,83.75,8535.762944230877,13306.350369977172,0.6414803989747582,0.044343185283821876,13.410043085773932,6.793769289145547,37.27982619977169,0
CISO_shape,102,25896,2026-02-03 08:00:00,rl_boot_s104,5431.91275,70.0,8025.053154566211,12158.116249999997,0.6600572810418894,0.048114900190664105,13.137126896570932,-0.9856397630377005,37.044862922374435,0
CISO_shape,103,26064,2026-02-10 08:00:00,rl_boot_s104,3574.3887500000014,12.5,4032.5774736586773,5910.817707853883,0.6822368195013812,0.04728826015356447,12.139958860957666,-5.291640264425074,36.655097892694066,0
CISO_shape,104,26232,2026-02-17 08:00:00,rl_boot_s104,8288.197,22.5,9107.464512748287,10916.895012748288,0.8342541081610637,0.04947990186109169,10.848636516769396,-0.990846541788071,36.41188945547945,0
CISO_shape,105,26400,2026-02-24 08:00:00,rl_boot_s104,7305.75475,18.75,7985.084329195206,12175.831145976032,0.6558143122602502,0.05066472777612693,10.576919312634814,-1.3223467380209943,36.23091089041096,0
CISO_shape,106,26568,2026-03-03 08:00:00,rl_boot_s104,17472.3085,22.5,18282.71583260274,22171.610469178075,0.8246002633872044,0.054079270463877685,10.792352574569813,-5.087837495639035,36.01810367123287,0
CISO_shape,107,26736,2026-03-10 08:00:00,rl_boot_s104,20245.359000000004,6.25,20467.790732148977,24437.302750000003,0.8375634144872627,0.06379366139828511,10.662439655465425,-6.025163224246023,35.58907714383562,0
CISO_shape,108,26904,2026-03-17 08:00:00,rl_boot_s104,15946.694000000001,17.5,16561.301728127855,29801.362070319636,0.5557229796762181,0.04666496793855971,13.052790226793874,-2.16088074439,35.120441607305935,0
CISO_shape,109,27072,2026-03-24 08:00:00,rl_boot_s104,13497.423499999999,6.25,13716.853270911814,16584.281304747434,0.8270996504976802,0.041603907438537605,16.534475597316057,6.144228798906106,35.10876334589041,0
CISO_shape,110,27240,2026-03-31 08:00:00,rl_boot_s104,13410.770249999998,6.25,13631.178377953765,19047.72616930651,0.7156328402032068,0.04525383941798262,15.876245404140688,0.9038395374908726,35.26530047260274,0
CISO_shape,111,27408,2026-04-07 08:00:00,rl_boot_s104,9022.085500000003,31.25,10123.069378174947,14625.474160159818,0.6921532435338376,0.06478199433130973,13.953069214803978,-1.5602559162447853,35.23148410159818,0
CISO_shape,112,27576,2026-04-14 08:00:00,rl_boot_s104,15260.1445,6.25,15479.88215048516,20841.455597568493,0.7427447702976729,0.06427264268280972,13.527550910087555,-1.3108305781170704,35.15802407762557,0
CISO_shape,113,27744,2026-04-21 08:00:00,rl_boot_s104,9449.75975,31.25,10544.620824628995,14660.987973886984,0.7192298938796114,0.0627142203035586,14.074024513391569,-2.963443090946601,35.035554388127856,0
CISO_shape,0,8760,2024-02-20 08:00:00,rl_ou_s100,14183.504000000003,55.0,17210.83335102169,21037.71179490011,0.818094359254122,0.013305963746897964,37.03092856688351,-14.513296597015392,55.042351836757994,0
CISO_shape,1,8928,2024-02-27 08:00:00,rl_ou_s100,10873.99475,16.25,11750.724546097317,15086.761202119009,0.7788765520095109,0.0107470808677811,40.15767667782988,-14.503288120878175,53.95260283675799,0
CISO_shape,2,9096,2024-03-05 08:00:00,rl_ou_s100,14856.403000000002,28.75,16374.658954981453,20578.011264286524,0.795735736786185,0.012314728081630267,35.87369779155997,-13.200480797481104,52.80890278196347,0
CISO_shape,3,9264,2024-03-12 08:00:00,rl_ou_s100,22188.511500000008,31.25,23810.171190817644,28461.07854453339,0.8365871009969487,0.012547790945885193,35.547086275062355,-8.279679854617966,51.893110106164386,0
CISO_shape,4,9432,2024-03-19 08:00:00,rl_ou_s100,16545.332250000003,52.5,19229.810741481167,24965.014532812504,0.7702703603960122,0.013136083582206998,35.77533454545226,-8.222983987036034,51.13292364726027,0
CISO_shape,5,9600,2024-03-26 08:00:00,rl_ou_s100,17894.133250000006,38.75,19845.411882371583,22311.207622910966,0.8894817446812111,0.012101705657988338,38.412490161263236,-7.6165844561739595,50.35557760958904,0
CISO_shape,6,9768,2024-04-02 08:00:00,rl_ou_s100,12077.194999999996,31.25,13628.96412646261,17872.116864329335,0.762582531768491,0.01,42.88658137654671,-4.058868137961601,49.65661204680366,0
CISO_shape,7,9936,2024-04-09 08:00:00,rl_ou_s100,19457.470499999996,38.75,21357.28677211615,23924.711732353022,0.8926873189128134,0.011627419374199225,40.27362909686319,-6.231620267913386,49.027516699771695,0
CISO_shape,8,10104,2024-04-16 08:00:00,rl_ou_s100,24851.6105,55.0,27521.03178800228,30179.529347639844,0.9119105692797868,0.019646377980225498,29.68117158071208,-6.578046226527079,48.53493250913242,0
CISO_shape,9,10272,2024-04-23 08:00:00,rl_ou_s100,24501.954999999998,55.0,27139.685066495433,30971.307937571342,0.8762847575310901,0.019569679327710147,29.431739020096725,-7.828286460132273,47.95872848173516,0
CISO_shape,10,10440,2024-04-30 08:00:00,rl_ou_s100,19739.571249999994,23.75,20863.78153690353,24777.484110082758,0.8420460061323735,0.01,43.94323419876664,-7.223186165739004,47.335169974885844,0
CISO_shape,11,10608,2024-05-07 08:00:00,rl_ou_s100,20504.016,12.5,21095.63768387557,26409.671460679234,0.7987845556990132,0.018889973651941987,33.02170718600361,1.7035297915410939,47.329734710045656,0
CISO_shape,12,10776,2024-05-14 08:00:00,rl_ou_s100,19024.118000000002,53.75,21578.139566075915,27086.72597691781,0.7966315155424807,0.018915694442707097,31.6729750370545,2.320573417399371,47.51668029908676,0
CISO_shape,13,10944,2024-05-21 08:00:00,rl_ou_s100,25064.530749999998,21.25,26071.29795756849,32605.958131609586,0.7995869298591131,0.01607690749761652,32.75994160538105,-1.4276828567889688,47.377280356164384,0
CISO_shape,14,11112,2024-05-28 08:00:00,rl_ou_s100,20035.907250000004,37.5,21807.436827183225,24284.38723523973,0.8980023508906111,0.015156140916311053,33.49193284740797,-5.395350040862582,47.240788724885846,0
CISO_shape,15,11280,2024-06-04 08:00:00,rl_ou_s100,19909.253499999995,6.25,20204.671936301365,23142.924982739725,0.8730388207787155,0.010107356123763699,40.50424980302801,-0.6418386937274795,47.26694980821918,0
CISO_shape,16,11448,2024-06-11 08:00:00,rl_ou_s100,20827.587000000003,6.25,21121.81369743151,24800.1901930137,0.8516795045943478,0.010684938470218987,39.451099812786,0.8378939657489508,47.0762715890411,0
CISO_shape,17,11616,2024-06-18 08:00:00,rl_ou_s100,16637.52425,6.25,16931.321188641552,19979.723911872145,0.8474251828165051,0.011790036556155143,37.99170121344207,-0.36790393519037373,47.0075101826484,0
CISO_shape,18,11784,2024-06-25 08:00:00,rl_ou_s100,13051.524000000001,58.75,15819.55956926798,18815.344478655825,0.8407796937873622,0.01,39.834463192589666,4.166989541667719,47.11549905136986,0
CISO_shape,19,11952,2024-07-02 08:00:00,rl_ou_s100,27329.137250000007,52.5,29800.284514897266,38299.33688741439,0.7780887852575324,0.013585710885595886,34.5350536891429,4.497871601544157,47.06947171232876,0
CISO_shape,20,12120,2024-07-09 08:00:00,rl_ou_s100,63816.619750000005,16.25,64584.4884342266,66921.04944336186,0.9650848121992948,0.01680384422253912,33.80962540129803,-8.229421843805216,47.253457490867575,0
CISO_shape,21,12288,2024-07-16 08:00:00,rl_ou_s100,20532.94025,5.0,20769.92030369863,22666.758741643833,0.91631629120134,0.08042520437774521,36.140904511784264,-2.9563427527584136,47.39601073972603,0
CISO_shape,22,12456,2024-07-23 08:00:00,rl_ou_s100,34503.4345,6.25,34796.83035002854,38175.371740410956,0.9114994501335524,0.0691426465694301,39.281577101925464,-8.786714326646921,46.94333600456621,0
CISO_shape,23,12624,2024-07-30 08:00:00,rl_ou_s100,43371.083249999996,6.25,43662.861391909246,46495.51849999999,0.939076771278704,0.06633210844295982,43.78063538974494,-4.006231039847671,46.68450270547945,0
CISO_shape,24,12792,2024-08-06 08:00:00,rl_ou_s100,21468.987250000006,40.0,23331.47350246576,25212.63256804795,0.9253882330413132,0.11920784438899142,35.90970736818225,-2.5657372536967613,46.56215631164383,0
CISO_shape,25,12960,2024-08-13 08:00:00,rl_ou_s100,11051.773750000002,18.75,11918.703051776543,14633.695912825342,0.8144697773397553,0.12767848144641133,36.23030881976456,-8.897242851943828,46.23622942808219,0
CISO_shape,26,13128,2024-08-20 08:00:00,rl_ou_s100,10758.554249999997,12.5,11319.107512642691,14597.414762234588,0.7754186406983993,0.22549908732747057,27.67315395338967,-6.676245463435904,44.844261011415526,0
CISO_shape,27,13296,2024-08-27 08:00:00,rl_ou_s100,13829.338249999999,12.5,14384.881042494291,15956.751268210617,0.9014918388276291,0.21917958765143253,28.00705728278367,-7.579064063687295,44.44342339954338,0
CISO_shape,28,13464,2024-09-03 08:00:00,rl_ou_s100,48568.38549999999,23.75,49616.946908150676,53865.36502308217,0.921128945972779,0.2986918695381593,24.446418078250765,-4.406661403773767,44.14995402739726,0
CISO_shape,29,13632,2024-09-10 08:00:00,rl_ou_s100,4676.4425,52.5,7002.158966164384,13236.65522287671,0.5289976091590464,0.3118198675215384,27.56278311447175,5.069424116593537,44.299361260273976,0
CISO_shape,30,13800,2024-09-17 08:00:00,rl_ou_s100,9813.698250000003,20.0,10691.792646278542,12480.352991859305,0.8566899232139181,0.31677603288044737,27.366627451542325,-5.762461119490567,43.90471981392694,0
CISO_shape,31,13968,2024-09-24 08:00:00,rl_ou_s100,9766.885750000001,58.75,12340.207163240582,14350.120349751713,0.8599375379771009,0.3267280372241419,27.064709093851633,-2.3113474426736005,43.80121554452054,0
CISO_shape,32,14136,2024-10-01 08:00:00,rl_ou_s100,33171.75325000001,15.0,33828.90993489727,46141.98650000001,0.7331481043820525,0.2244110374689952,31.82397612603639,-0.7331984122372246,43.81044565981735,0
CISO_shape,33,14304,2024-10-08 08:00:00,rl_ou_s100,11309.342749999998,52.5,13614.643623630134,17587.767499999998,0.7740973164234821,0.3090609073996484,28.22922262728034,-0.2693760688755221,43.910492831050234,0
CISO_shape,34,14472,2024-10-15 08:00:00,rl_ou_s100,5859.148749999999,62.5,8601.527219463469,11577.445110228313,0.7429555603648932,0.28190920604283404,23.910520664162895,-7.836908856354257,43.878055511415525,0
CISO_shape,35,14640,2024-10-22 08:00:00,rl_ou_s100,6269.723999999999,0.0,6269.723999999999,7966.862999999995,0.7869752498568136,0.23596384384188618,26.749620696717887,-11.153740384216333,43.234988514840175,0
CISO_shape,36,14808,2024-10-29 08:00:00,rl_ou_s100,4338.612249999999,17.5,5086.983206127283,9478.0015,0.5367147500585733,0.25613988402748683,29.595404572479936,-8.718847760605744,42.76405463584475,0
CISO_shape,37,14976,2024-11-05 08:00:00,rl_ou_s100,6663.18275,21.25,7560.491812853881,9168.135453767125,0.8246487904743299,0.23231520816009207,34.081581798477515,-7.362116361279808,42.22630884018265,0
CISO_shape,38,15144,2024-11-12 08:00:00,rl_ou_s100,5525.637,7.5,5840.019172885273,8192.261,0.7128702531432132,0.22509690647920771,28.96945313285412,-5.281384016388861,41.91762305136986,0
CISO_shape,39,15312,2024-11-19 08:00:00,rl_ou_s100,241.63924999999927,6.25,501.1447258062208,5940.808845161245,0.08435631222411748,0.25030871991968373,26.525541517667627,-1.25168689891645,41.52087612899544,0
CISO_shape,40,15480,2024-11-26 08:00:00,rl_ou_s100,6675.35425,11.25,7142.474046622432,8686.904,0.82221169321342,0.15964530984991382,27.145796974275616,6.000102890483799,41.52175969977169,0
CISO_shape,41,15648,2024-12-03 08:00:00,rl_ou_s100,4927.454750000001,20.0,5751.318428835617,7146.291250000002,0.8047976534451511,0.1628646706073192,23.736391336213583,2.075413969189827,41.19318394178082,0
CISO_shape,42,15816,2024-12-10 08:00:00,rl_ou_s100,2668.761500000001,10.0,3079.110445627855,5672.151749999999,0.5428469796542125,0.1323227159598012,20.422353385951983,-3.4759373077605287,41.03489456278538,0
CISO_shape,43,15984,2024-12-17 08:00:00,rl_ou_s100,2848.22775,20.0,3666.1336924200914,5497.324999999998,0.666894115305188,0.11974184507667852,21.407401233960837,-1.5127452870454319,40.89529712100456,0
CISO_shape,44,16152,2024-12-24 08:00:00,rl_ou_s100,2261.754000000001,8.75,2618.964153364727,4479.457328638699,0.5846610339651626,0.1046829282650237,21.948959822080607,-4.160277384792032,40.82401752739726,0
CISO_shape,45,16320,2024-12-31 08:00:00,rl_ou_s100,3954.7087500000016,12.5,4462.911620876143,8158.739482138984,0.5470099432205546,0.05842297852988998,28.594799497979935,-8.9278766824919,40.65622967009132,0
CISO_shape,46,16488,2025-01-07 08:00:00,rl_ou_s100,10386.728000000001,10.0,10790.405494246575,14547.656499999997,0.7417280916858724,0.04487783307713419,21.21988362456205,-16.47657174338848,40.36774942465753,0
CISO_shape,47,16656,2025-01-14 08:00:00,rl_ou_s100,15174.570000000003,8.75,15516.187865492298,20259.333500000004,0.7658784957309822,0.13332061279130702,15.002444577627923,-9.736813273974589,39.04204177054794,0
CISO_shape,48,16824,2025-01-21 08:00:00,rl_ou_s100,16672.19175,5.0,16862.485805405253,18672.053,0.9030868649208126,0.14616374104589971,14.457688010806285,3.4885336428815275,38.05881108105023,0
CISO_shape,49,16992,2025-01-28 08:00:00,rl_ou_s100,9485.3655,11.25,9913.474090890411,14022.508500000002,0.7069686633379763,0.11808476440726012,14.992936586706918,1.7006013129431388,38.05409696803654,0
CISO_shape,50,17160,2025-02-04 08:00:00,rl_ou_s100,21034.985,0.0,21034.985,25014.13352256849,0.8409239912716392,0.05437615184062993,11.905802186105852,1.5104872824627094,38.11920225684931,0
CISO_shape,51,17328,2025-02-11 08:00:00,rl_ou_s100,21972.662000000008,17.5,22639.870949026834,26727.818250000008,0.8470527125433004,0.0640635707452009,10.607024857571997,4.367735485381845,38.1262256586758,0
CISO_shape,52,17496,2025-02-18 08:00:00,rl_ou_s100,18653.4895,10.0,19034.33559663242,21727.9455,0.8760301610951858,0.07879831325101332,10.490777104443964,2.098110025458484,38.084609663242006,0
CISO_shape,53,17664,2025-02-25 08:00:00,rl_ou_s100,25336.329749999997,10.0,25718.075377739722,29141.314249999996,0.8825297018901516,0.08867298498324598,10.594993437799246,-0.15276981224316513,38.1745627739726,0
CISO_shape,54,17832,2025-03-04 08:00:00,rl_ou_s100,25304.86825,12.5,25781.997664583334,33037.48275,0.7803862618614105,0.041915586671714834,16.30777293625105,-1.9173782545493379,38.170353166666665,0
CISO_shape,55,18000,2025-03-11 08:00:00,rl_ou_s100,17699.455,5.0,17890.407688139272,23480.66475,0.7619208348068286,0.05537369868733033,16.209074640293245,4.52193444463951,38.19053762785388,0
CISO_shape,56,18168,2025-03-18 08:00:00,rl_ou_s100,31137.554749999985,21.25,31954.261394394962,38090.227327077635,0.8389097056314828,0.04987057837004183,17.88703839330594,5.2599927023738795,38.43325385388128,0
CISO_shape,57,18336,2025-03-25 08:00:00,rl_ou_s100,22785.60949999999,31.25,23989.528990796225,30259.961502020546,0.7927812131946822,0.05736856188279553,18.1418231100441,-2.523775238039386,38.525423705479454,0
CISO_shape,58,18504,2025-04-01 08:00:00,rl_ou_s100,24767.025750000015,11.25,25197.694654058236,31724.68722570207,0.7942614051571822,0.03652745948411658,23.906949742848834,-10.521789892630808,38.2816803607306,0
CISO_shape,59,18672,2025-04-08 08:00:00,rl_ou_s100,24157.292000000005,0.0,24157.292000000005,29298.301499999998,0.8245287529722501,0.04660464217610321,21.99981244405291,-2.153168707838831,38.01613745091324,0
CISO_shape,60,18840,2025-04-15 08:00:00,rl_ou_s100,23499.629500000006,17.5,24162.066977557082,27706.61732828767,0.8720684553898356,0.04495200592558344,22.037697517547755,-0.2263181168449171,37.85357014611872,0
CISO_shape,61,19008,2025-04-22 08:00:00,rl_ou_s100,19492.10225,12.5,19964.47969018265,23599.341660273963,0.8459761283845442,0.048301939009539385,20.8247247782396,-2.236921502286501,37.79019521461187,0
CISO_shape,62,19176,2025-04-29 08:00:00,rl_ou_s100,20114.729499999998,12.5,20588.748219021116,23454.317578531685,0.8778233751668181,0.058195165227674296,19.234115201045523,1.2847261420321252,37.921497521689496,0
CISO_shape,63,19344,2025-05-06 08:00:00,rl_ou_s100,20193.00475,6.25,20430.114072096178,23359.916504673234,0.8745799270305209,0.058479093952821116,19.108765865688955,3.490339072558602,37.93749153538812,0
CISO_shape,64,19512,2025-05-13 08:00:00,rl_ou_s100,18351.39725,43.75,20018.76393417523,22722.829858946916,0.8809978360284653,0.053004471703537975,20.22158210484641,8.812041753711032,38.11123849543379,0
CISO_shape,65,19680,2025-05-20 08:00:00,rl_ou_s100,19103.780500000008,16.25,19723.21370979881,21391.27588345462,0.922021379989494,0.05747983800738195,19.947809404733523,1.2391201494575397,38.11896675684932,0
CISO_shape,66,19848,2025-05-27 08:00:00,rl_ou_s100,13320.513000000004,45.0,15048.117191198635,17497.72134559932,0.8600043910850849,0.04771524712205172,21.252379635759592,1.7038598636990672,38.39120424885845,0
CISO_shape,67,20016,2025-06-03 08:00:00,rl_ou_s100,12487.13275,8.75,12825.60031449629,15639.062665847601,0.820100321133995,0.0691903376955374,17.66755336959034,5.793044260349853,38.682007371004566,0
CISO_shape,68,20184,2025-06-10 08:00:00,rl_ou_s100,16012.799500000001,12.5,16498.721038912674,17596.09102004281,0.9376355816823078,0.07315567644227566,16.70925280582681,-0.3912317565251644,38.8737231130137,0
CISO_shape,69,20352,2025-06-17 08:00:00,rl_ou_s100,17221.46375,16.25,17855.62581996718,19071.097663036533,0.9362662881526126,0.07370776525509641,15.565856272378293,-3.0999140010792066,39.02535815182649,0
CISO_shape,70,20520,2025-06-24 08:00:00,rl_ou_s100,13750.62625,20.0,14532.622955616438,15880.470205616439,0.9151254822717209,0.10063997125151046,14.18877469695877,-3.3323359702527813,39.099835280821914,0
CISO_shape,71,20688,2025-07-01 08:00:00,rl_ou_s100,12724.854749999999,15.0,13311.548045702053,14994.660607975171,0.8877525403023844,0.04616180345417696,20.70259900314516,0.9922934038552157,39.112886380136985,0
CISO_shape,72,20856,2025-07-08 08:00:00,rl_ou_s100,12034.250250000003,20.0,12812.67711995434,14291.454831837904,0.8965271395191199,0.09076668299429369,14.173753373612373,-5.119634687104443,38.92134349771689,0
CISO_shape,73,21024,2025-07-15 08:00:00,rl_ou_s100,7574.6442499999985,20.0,8345.851019406391,8544.215500142693,0.9767837690033697,0.0956588978271774,14.351540439503259,-0.36092887615951325,38.56033847031964,0
CISO_shape,74,21192,2025-07-22 08:00:00,rl_ou_s100,7837.525999999998,12.5,8318.604916481163,9959.644766369864,0.8352310862100322,0.07971616036336779,14.538463023797263,-1.3926568498164877,38.486313318493146,0
CISO_shape,75,21360,2025-07-29 08:00:00,rl_ou_s100,8948.76225,12.5,9425.253590682078,10381.323590682074,0.9079048069691101,0.06790114415774155,14.989198408809132,-2.964980878651399,38.119307254566216,0
CISO_shape,76,21528,2025-08-05 08:00:00,rl_ou_s100,10018.927249999999,16.25,10633.409575118434,11633.953098140697,0.913997975186769,0.06911719708980008,13.85599548185531,-0.2941319174572024,37.814296930365295,0
CISO_shape,77,21696,2025-08-12 08:00:00,rl_ou_s100,7370.981999999999,16.25,7983.139643006563,8989.378096234303,0.8880636188114884,0.06028664219891152,13.410539144328864,3.6023326285477197,37.6712395696347,0
CISO_shape,78,21864,2025-08-19 08:00:00,rl_ou_s100,9155.64075,10.0,9532.94547186073,16586.120610930368,0.5747543802122392,0.05951466865470583,12.276537223708187,1.6800919774790752,37.730472186073065,0
CISO_shape,79,22032,2025-08-26 08:00:00,rl_ou_s100,10418.863,16.25,11038.362571255708,12440.639071255708,0.8872825992323833,0.04043572548254343,13.650277010511989,7.141045862698014,38.123050538812784,0
CISO_shape,80,22200,2025-09-02 08:00:00,rl_ou_s100,11417.638499999997,23.75,12328.030550523685,14634.911984320777,0.842371348986001,0.03414444904575407,13.605688491093375,2.501743391045905,38.33229686415525,0
CISO_shape,81,22368,2025-09-09 08:00:00,rl_ou_s100,7880.001,12.5,8359.027979295091,10177.474697929509,0.8213263336331988,0.026293764039856886,14.780329080234164,5.176366733331633,38.322158343607306,0
CISO_shape,82,22536,2025-09-16 08:00:00,rl_ou_s100,9225.64475,23.75,10140.945771175799,11754.693843436075,0.8627145807662692,0.03580463670755655,12.685829533583341,-0.546963982735632,38.5389903652968,0
CISO_shape,83,22704,2025-09-23 08:00:00,rl_ou_s100,5109.21775,12.5,5594.89622041952,7731.913011545374,0.7236108595719019,0.05967987929691712,10.695298398021912,2.1708750541872672,38.854277633561644,0
CISO_shape,84,22872,2025-09-30 08:00:00,rl_ou_s100,1270.7205000000004,11.25,1709.3942018321923,5258.385679406392,0.3250796548695078,0.09444759613105964,9.18290937342508,-1.1774686993432204,38.99321794063927,0
CISO_shape,85,23040,2025-10-07 08:00:00,rl_ou_s100,6381.1410000000005,11.25,6815.958328998288,9819.981536555366,0.6940907478925034,0.1346177199243009,8.229079965676945,-1.6882180655483592,38.65042924429223,0
CISO_shape,86,23208,2025-10-14 08:00:00,rl_ou_s100,10819.432000000003,11.25,11251.398051930653,15246.639249999997,0.7379592228451693,0.14604387893541132,8.21170270229996,0.03669804846245686,38.396982393835614,0
CISO_shape,87,23376,2025-10-21 08:00:00,rl_ou_s100,7322.9169999999995,7.5,7610.7833022688355,11356.9535,0.6701430363581955,0.15210151786258574,8.0717209273047,-1.2592801434700365,38.38217363584475,0
CISO_shape,88,23544,2025-10-28 08:00:00,rl_ou_s100,9913.539249999996,15.0,10489.84423636986,13256.818749999999,0.7912791472969231,0.18602448963469015,7.64873511142374,-1.0111783662862417,38.42033242465753,0
CISO_shape,89,23712,2025-11-04 08:00:00,rl_ou_s100,5039.408499999998,11.25,5472.61026537671,9435.751133321919,0.5799867109731667,0.1690824165217844,8.522797381433309,0.3870075965673575,38.5068235890411,0
CISO_shape,90,23880,2025-11-11 08:00:00,rl_ou_s100,-1306.8274999999996,0.0,-1306.8274999999996,3471.029776307077,-0.37649561779051316,0.15466872348879177,8.907515197139107,-0.27692461625541664,38.60695526141552,0
CISO_shape,91,24048,2025-11-18 08:00:00,rl_ou_s100,3737.8327500000014,11.25,4173.614139259419,6601.187999999999,0.6322519733204719,0.12250780858432696,9.974466476505714,1.3998706430140009,38.736123489726026,0
CISO_shape,92,24216,2025-11-25 08:00:00,rl_ou_s100,1111.4074999999991,22.5,1982.4410989383553,4952.905760993149,0.4002581907677644,0.17236005178708252,8.34765826236564,2.599724797296115,38.71260439726027,0
CISO_shape,93,24384,2025-12-02 08:00:00,rl_ou_s100,2951.1275000000014,18.75,3677.842326904967,5184.250120507992,0.7094260966221638,0.17988882839931628,8.126309529018142,3.452956262798145,38.75812410159818,0
CISO_shape,94,24552,2025-12-09 08:00:00,rl_ou_s100,-173.685499999998,37.5,1281.0958944349336,4045.7861025913257,0.3166494376987433,0.1346733938254398,9.632955497999667,2.3724874486066168,38.79417051826484,0
CISO_shape,95,24720,2025-12-16 08:00:00,rl_ou_s100,131.74624999999958,30.0,1290.6821559589039,3535.1322343264846,0.36510152107642596,0.13973241550404683,9.421231834584077,-2.89790077213649,38.63119686529681,0
CISO_shape,96,24888,2025-12-23 08:00:00,rl_ou_s100,2899.103499999998,22.5,3763.471172217464,8442.131069748857,0.44579634468165424,0.08699572194116355,10.721734580139923,-5.516547831987162,38.41634098744293,0
CISO_shape,97,25056,2025-12-30 08:00:00,rl_ou_s100,74.08125000000132,10.0,456.3955767922388,3225.241781037387,0.14150739937563403,0.07697783258241904,10.844933636757657,-9.00243256321868,38.231432679223744,0
CISO_shape,98,25224,2026-01-06 08:00:00,rl_ou_s100,7592.003999999999,6.25,7830.342396489725,14565.965250000001,0.5375779951479511,0.06708636216788288,10.298204694547412,-5.473011160014246,38.13414343835617,0
CISO_shape,99,25392,2026-01-13 08:00:00,rl_ou_s100,10076.3975,20.0,10834.430120616438,15254.423525505139,0.7102484143370907,0.04889971043793335,11.960585734356512,-7.703584547772298,37.90163103082192,0
CISO_shape,100,25560,2026-01-20 08:00:00,rl_ou_s100,5828.615,2.5,5922.030211969178,11642.908499999998,0.508638388077101,0.04026704001487137,13.167248461718877,-7.039041699306398,37.366084787671234,0
CISO_shape,101,25728,2026-01-27 08:00:00,rl_ou_s100,5909.477999999999,88.75,9218.062575229736,13306.350369977172,0.6927566401699635,0.044343185283821876,13.410043085773932,6.793769289145547,37.27982619977169,0
CISO_shape,102,25896,2026-02-03 08:00:00,rl_ou_s100,8197.12425,30.0,9308.470137671233,12158.116249999997,0.7656177936011457,0.048114900190664105,13.137126896570932,-0.9856397630377005,37.044862922374435,0
CISO_shape,103,26064,2026-02-10 08:00:00,rl_ou_s100,2595.3100000000013,28.75,3649.1440644149557,5910.817707853883,0.6173670454370852,0.04728826015356447,12.139958860957666,-5.291640264425074,36.655097892694066,0
CISO_shape,104,26232,2026-02-17 08:00:00,rl_ou_s100,7097.272249999998,27.5,8098.599210025683,10916.895012748288,0.741840898952356,0.04947990186109169,10.848636516769396,-0.990846541788071,36.41188945547945,0
CISO_shape,105,26400,2026-02-24 08:00:00,rl_ou_s100,6984.7827499999985,37.5,8343.44190839041,12175.831145976032,0.6852461904539321,0.05066472777612693,10.576919312634814,-1.3223467380209943,36.23091089041096,0
CISO_shape,106,26568,2026-03-03 08:00:00,rl_ou_s100,15900.640749999999,23.75,16756.07071219178,22171.610469178075,0.7557444117776324,0.054079270463877685,10.792352574569813,-5.087837495639035,36.01810367123287,0
CISO_shape,107,26736,2026-03-10 08:00:00,rl_ou_s100,21058.587250000004,15.0,21592.423407157537,24437.302750000003,0.8835845603769645,0.06379366139828511,10.662439655465425,-6.025163224246023,35.58907714383562,0
CISO_shape,108,26904,2026-03-17 08:00:00,rl_ou_s100,22795.057749999993,12.5,23234.063270091316,29801.362070319636,0.7796309180522674,0.04666496793855971,13.052790226793874,-2.16088074439,35.120441607305935,0
CISO_shape,109,27072,2026-03-24 08:00:00,rl_ou_s100,13296.4525,22.5,14086.399675282533,16584.281304747434,0.8493825820025223,0.041603907438537605,16.534475597316057,6.144228798906106,35.10876334589041,0
CISO_shape,110,27240,2026-03-31 08:00:00,rl_ou_s100,14043.47775,65.0,16335.722280719177,19047.72616930651,0.8576205965750677,0.04525383941798262,15.876245404140688,0.9038395374908726,35.26530047260274,0
CISO_shape,111,27408,2026-04-07 08:00:00,rl_ou_s100,6587.973750000001,100.0,10111.122160159819,14625.474160159818,0.6913363662220802,0.06478199433130973,13.953069214803978,-1.5602559162447853,35.23148410159818,0
CISO_shape,112,27576,2026-04-14 08:00:00,rl_ou_s100,13851.14225,17.5,14466.407671358449,20841.455597568493,0.6941169537623946,0.06427264268280972,13.527550910087555,-1.3108305781170704,35.15802407762557,0
CISO_shape,113,27744,2026-04-21 08:00:00,rl_ou_s100,7077.843249999998,81.25,9924.482044035387,14660.987973886984,0.676931326982336,0.0627142203035586,14.074024513391569,-2.963443090946601,35.035554388127856,0
CISO_shape,0,8760,2024-02-20 08:00:00,rl_ou_s101,6504.400750000002,56.25,9600.533040817638,21037.71179490011,0.45634872910203883,0.013305963746897964,37.03092856688351,-14.513296597015392,55.042351836757994,0
CISO_shape,1,8928,2024-02-27 08:00:00,rl_ou_s101,5040.732,37.5,7063.954606378425,15086.761202119009,0.46822207309719055,0.0107470808677811,40.15767667782988,-14.503288120878175,53.95260283675799,0
CISO_shape,2,9096,2024-03-05 08:00:00,rl_ou_s101,13864.590750000005,37.5,15844.924604323634,20578.011264286524,0.7699929988775329,0.012314728081630267,35.87369779155997,-13.200480797481104,52.80890278196347,0
CISO_shape,3,9264,2024-03-12 08:00:00,rl_ou_s101,18892.334500000004,33.75,20643.726966083053,28461.07854453339,0.7253318574621678,0.012547790945885193,35.547086275062355,-8.279679854617966,51.893110106164386,0
CISO_shape,4,9432,2024-03-19 08:00:00,rl_ou_s101,15643.293499999996,51.25,18263.855836922085,24965.014532812504,0.7315780174258332,0.013136083582206998,35.77533454545226,-8.222983987036034,51.13292364726027,0
CISO_shape,5,9600,2024-03-26 08:00:00,rl_ou_s101,15019.744750000003,58.75,17978.13493456336,22311.207622910966,0.8057894148276379,0.012101705657988338,38.412490161263236,-7.6165844561739595,50.35557760958904,0
CISO_shape,6,9768,2024-04-02 08:00:00,rl_ou_s101,7157.727750000002,80.0,11130.256713744295,17872.116864329335,0.6227721538660589,0.01,42.88658137654671,-4.058868137961601,49.65661204680366,0
CISO_shape,7,9936,2024-04-09 08:00:00,rl_ou_s101,11518.602249999993,72.5,15073.09721073344,23924.711732353022,0.630022103478485,0.011627419374199225,40.27362909686319,-6.231620267913386,49.027516699771695,0
CISO_shape,8,10104,2024-04-16 08:00:00,rl_ou_s101,23575.775000000005,51.25,26063.19029109304,30179.529347639844,0.8636049287207086,0.019646377980225498,29.68117158071208,-6.578046226527079,48.53493250913242,0
CISO_shape,9,10272,2024-04-23 08:00:00,rl_ou_s101,22199.574999999997,55.0,24837.30506649543,30971.307937571342,0.8019456303414703,0.019569679327710147,29.431739020096725,-7.828286460132273,47.95872848173516,0
CISO_shape,10,10440,2024-04-30 08:00:00,rl_ou_s101,18634.215249999994,62.5,21592.663373430358,24777.484110082758,0.8714631105199098,0.01,43.94323419876664,-7.223186165739004,47.335169974885844,0
CISO_shape,11,10608,2024-05-07 08:00:00,rl_ou_s101,21527.170500000004,60.0,24366.954582602742,26409.671460679234,0.9226526963382393,0.018889973651941987,33.02170718600361,1.7035297915410939,47.329734710045656,0
CISO_shape,12,10776,2024-05-14 08:00:00,rl_ou_s101,17536.736499999995,83.75,21516.25847504851,27086.72597691781,0.7943469614372656,0.018915694442707097,31.6729750370545,2.320573417399371,47.51668029908676,0
CISO_shape,13,10944,2024-05-21 08:00:00,rl_ou_s101,26242.743,45.0,28374.720616027396,32605.958131609586,0.8702311553458001,0.01607690749761652,32.75994160538105,-1.4276828567889688,47.377280356164384,0
CISO_shape,14,11112,2024-05-28 08:00:00,rl_ou_s101,16869.23025,50.0,19231.269686244294,24284.38723523973,0.7919190836463552,0.015156140916311053,33.49193284740797,-5.395350040862582,47.240788724885846,0
CISO_shape,15,11280,2024-06-04 08:00:00,rl_ou_s101,15357.818249999998,83.75,19316.425296438356,23142.924982739725,0.8346579056383228,0.010107356123763699,40.50424980302801,-0.6418386937274795,47.26694980821918,0
CISO_shape,16,11448,2024-06-11 08:00:00,rl_ou_s101,15529.432750000004,77.5,19177.843798150687,24800.1901930137,0.7732942227012901,0.010684938470218987,39.451099812786,0.8378939657489508,47.0762715890411,0
CISO_shape,17,11616,2024-06-18 08:00:00,rl_ou_s101,14768.046249999994,28.75,16119.512167751136,19979.723911872145,0.8067935392326802,0.011790036556155143,37.99170121344207,-0.36790393519037373,47.0075101826484,0
CISO_shape,18,11784,2024-06-25 08:00:00,rl_ou_s101,11503.811000000007,78.75,15214.156550295384,18815.344478655825,0.8086036674775932,0.01,39.834463192589666,4.166989541667719,47.11549905136986,0
CISO_shape,19,11952,2024-07-02 08:00:00,rl_ou_s101,23442.3845,81.25,27266.779076626714,38299.33688741439,0.7119386729013288,0.013585710885595886,34.5350536891429,4.497871601544157,47.06947171232876,0
CISO_shape,20,12120,2024-07-09 08:00:00,rl_ou_s101,62113.53024999999,40.0,64003.66854963469,66921.04944336186,0.9564056314419236,0.01680384422253912,33.80962540129803,-8.229421843805216,47.253457490867575,0
CISO_shape,21,12288,2024-07-16 08:00:00,rl_ou_s101,20224.83625,5.0,20461.81630369863,22666.758741643833,0.9027235228875385,0.08042520437774521,36.140904511784264,-2.9563427527584136,47.39601073972603,0
CISO_shape,22,12456,2024-07-23 08:00:00,rl_ou_s101,35790.63575,6.25,36084.03160002854,38175.371740410956,0.9452175566330214,0.0691426465694301,39.281577101925464,-8.786714326646921,46.94333600456621,0
CISO_shape,23,12624,2024-07-30 08:00:00,rl_ou_s101,42994.47774999999,12.5,43578.03403381848,46495.51849999999,0.9372523511877492,0.06633210844295982,43.78063538974494,-4.006231039847671,46.68450270547945,0
CISO_shape,24,12792,2024-08-06 08:00:00,rl_ou_s101,22783.075000000004,12.5,23365.10195389555,25212.63256804795,0.9267220267789973,0.11920784438899142,35.90970736818225,-2.5657372536967613,46.56215631164383,0
CISO_shape,25,12960,2024-08-13 08:00:00,rl_ou_s101,11915.638250000002,16.25,12666.976978206338,14633.695912825342,0.8656034028358262,0.12767848144641133,36.23030881976456,-8.897242851943828,46.23622942808219,0
CISO_shape,26,13128,2024-08-20 08:00:00,rl_ou_s101,12004.492999999999,6.25,12284.769631321346,14597.414762234588,0.841571595478923,0.22549908732747057,27.67315395338967,-6.676245463435904,44.844261011415526,0
CISO_shape,27,13296,2024-08-27 08:00:00,rl_ou_s101,14291.9095,6.25,14569.680896247146,15956.751268210617,0.9130731344589658,0.21917958765143253,28.00705728278367,-7.579064063687295,44.44342339954338,0
CISO_shape,28,13464,2024-09-03 08:00:00,rl_ou_s101,49125.18724999999,6.25,49401.12446267122,53865.36502308217,0.9171222443494451,0.2986918695381593,24.446418078250765,-4.406661403773767,44.14995402739726,0
CISO_shape,29,13632,2024-09-10 08:00:00,rl_ou_s101,9185.901249999999,12.5,9739.643265753424,13236.65522287671,0.7358084880023578,0.3118198675215384,27.56278311447175,5.069424116593537,44.299361260273976,0
CISO_shape,30,13800,2024-09-17 08:00:00,rl_ou_s101,9785.24725,6.25,10059.651748837045,12480.352991859305,0.8060390403539678,0.31677603288044737,27.366627451542325,-5.762461119490567,43.90471981392694,0
CISO_shape,31,13968,2024-09-24 08:00:00,rl_ou_s101,12476.741500000002,6.25,12750.499097153255,14350.120349751713,0.8885290705853812,0.3267280372241419,27.064709093851633,-2.3113474426736005,43.80121554452054,0
CISO_shape,32,14136,2024-10-01 08:00:00,rl_ou_s101,36890.04275000001,20.0,37766.25166319635,46141.98650000001,0.8184791017438389,0.2244110374689952,31.82397612603639,-0.7331984122372246,43.81044565981735,0
CISO_shape,33,14304,2024-10-08 08:00:00,rl_ou_s101,14202.923749999996,8.75,14587.140562271687,17587.767499999998,0.8293912551591149,0.3090609073996484,28.22922262728034,-0.2693760688755221,43.910492831050234,0
CISO_shape,34,14472,2024-10-15 08:00:00,rl_ou_s101,8517.644750000001,15.0,9175.815582671234,11577.445110228313,0.7925596273883161,0.28190920604283404,23.910520664162895,-7.836908856354257,43.878055511415525,0
CISO_shape,35,14640,2024-10-22 08:00:00,rl_ou_s101,5875.4434999999985,5.0,6091.618442574199,7966.862999999995,0.7646194546804939,0.23596384384188618,26.749620696717887,-11.153740384216333,43.234988514840175,0
CISO_shape,36,14808,2024-10-29 08:00:00,rl_ou_s101,4975.688000000001,12.5,5510.23868294806,9478.0015,0.5813713664160172,0.25613988402748683,29.595404572479936,-8.718847760605744,42.76405463584475,0
CISO_shape,37,14976,2024-11-05 08:00:00,rl_ou_s101,7152.330500000001,22.5,8102.422448904111,9168.135453767125,0.8837590249143712,0.23231520816009207,34.081581798477515,-7.362116361279808,42.22630884018265,0
CISO_shape,38,15144,2024-11-12 08:00:00,rl_ou_s101,5369.036749999999,22.5,6312.183268655821,8192.261,0.770505635581657,0.22509690647920771,28.96945313285412,-5.281384016388861,41.91762305136986,0
CISO_shape,39,15312,2024-11-19 08:00:00,rl_ou_s101,277.58250000000044,21.25,1159.9011177411535,5940.808845161245,0.19524296235955924,0.25030871991968373,26.525541517667627,-1.25168689891645,41.52087612899544,0
CISO_shape,40,15480,2024-11-26 08:00:00,rl_ou_s101,5581.304,11.25,6048.423796622432,8686.904,0.6962692112889047,0.15964530984991382,27.145796974275616,6.000102890483799,41.52175969977169,0
CISO_shape,41,15648,2024-12-03 08:00:00,rl_ou_s101,5168.198,10.0,5580.129839417808,7146.291250000002,0.7808427678367862,0.1628646706073192,23.736391336213583,2.075413969189827,41.19318394178082,0
CISO_shape,42,15816,2024-12-10 08:00:00,rl_ou_s101,3489.9975000000013,0.0,3489.9975000000013,5672.151749999999,0.6152863417308964,0.1323227159598012,20.422353385951983,-3.4759373077605287,41.03489456278538,0
CISO_shape,43,15984,2024-12-17 08:00:00,rl_ou_s101,3878.4055,6.25,4134.001107006278,5497.324999999998,0.7520023114890023,0.11974184507667852,21.407401233960837,-1.5127452870454319,40.89529712100456,0
CISO_shape,44,16152,2024-12-24 08:00:00,rl_ou_s101,2121.545750000001,20.0,2938.026100547946,4479.457328638699,0.6558888465716913,0.1046829282650237,21.948959822080607,-4.160277384792032,40.82401752739726,0
CISO_shape,45,16320,2024-12-31 08:00:00,rl_ou_s101,856.4640000000004,15.0,1466.3074450513702,8158.739482138984,0.17972230247839058,0.05842297852988998,28.594799497979935,-8.9278766824919,40.65622967009132,0
CISO_shape,46,16488,2025-01-07 08:00:00,rl_ou_s101,9294.469250000002,11.25,9748.6064310274,14547.656499999997,0.6701152471552653,0.04487783307713419,21.21988362456205,-16.47657174338848,40.36774942465753,0
CISO_shape,47,16656,2025-01-14 08:00:00,rl_ou_s101,14694.635250000001,6.25,14938.648011065925,20259.333500000004,0.737371148516111,0.13332061279130702,15.002444577627923,-9.736813273974589,39.04204177054794,0
CISO_shape,48,16824,2025-01-21 08:00:00,rl_ou_s101,16352.940750000002,8.75,16685.955346959192,18672.053,0.8936326041362025,0.14616374104589971,14.457688010806285,3.4885336428815275,38.05881108105023,0
CISO_shape,49,16992,2025-01-28 08:00:00,rl_ou_s101,8426.793,18.75,9140.307318150684,14022.508500000002,0.6518311126822054,0.11808476440726012,14.992936586706918,1.7006013129431388,38.05409696803654,0
CISO_shape,50,17160,2025-02-04 08:00:00,rl_ou_s101,20911.387749999998,0.0,20911.387749999998,25014.13352256849,0.8359828946756491,0.05437615184062993,11.905802186105852,1.5104872824627094,38.11920225684931,0
CISO_shape,51,17328,2025-02-11 08:00:00,rl_ou_s101,23100.313250000003,17.5,23767.52219902683,26727.818250000008,0.8892428845750184,0.0640635707452009,10.607024857571997,4.367735485381845,38.1262256586758,0
CISO_shape,52,17496,2025-02-18 08:00:00,rl_ou_s101,18899.540499999996,10.0,19280.386596632416,21727.9455,0.8873543334611371,0.07879831325101332,10.490777104443964,2.098110025458484,38.084609663242006,0
CISO_shape,53,17664,2025-02-25 08:00:00,rl_ou_s101,24893.65125,13.75,25418.551488142122,29141.314249999996,0.8722513772055468,0.08867298498324598,10.594993437799246,-0.15276981224316513,38.1745627739726,0
CISO_shape,54,17832,2025-03-04 08:00:00,rl_ou_s101,26551.439749999998,5.0,26742.29151583333,33037.48275,0.8094530602769162,0.041915586671714834,16.30777293625105,-1.9173782545493379,38.170353166666665,0
CISO_shape,55,18000,2025-03-11 08:00:00,rl_ou_s101,17492.5685,5.0,17683.52118813927,23480.66475,0.753109904528545,0.05537369868733033,16.209074640293245,4.52193444463951,38.19053762785388,0
CISO_shape,56,18168,2025-03-18 08:00:00,rl_ou_s101,33370.10324999999,17.5,34042.685192442914,38090.227327077635,0.8937380420474047,0.04987057837004183,17.88703839330594,5.2599927023738795,38.43325385388128,0
CISO_shape,57,18336,2025-03-25 08:00:00,rl_ou_s101,24927.8625,17.5,25602.05741484589,30259.961502020546,0.846070389519047,0.05736856188279553,18.1418231100441,-2.523775238039386,38.525423705479454,0
CISO_shape,58,18504,2025-04-01 08:00:00,rl_ou_s101,25316.16350000001,11.25,25746.83240405823,31724.68722570207,0.8115708823505493,0.03652745948411658,23.906949742848834,-10.521789892630808,38.2816803607306,0
CISO_shape,59,18672,2025-04-08 08:00:00,rl_ou_s101,22262.914000000004,11.25,22690.595546322776,29298.301499999998,0.7744679515405621,0.04660464217610321,21.99981244405291,-2.153168707838831,38.01613745091324,0
CISO_shape,60,18840,2025-04-15 08:00:00,rl_ou_s101,22841.7275,21.25,23646.115865605025,27706.61732828767,0.8534465101036716,0.04495200592558344,22.037697517547755,-0.2263181168449171,37.85357014611872,0
CISO_shape,61,19008,2025-04-22 08:00:00,rl_ou_s101,20704.646499999995,12.5,21177.023940182644,23599.341660273963,0.8973565553242132,0.048301939009539385,20.8247247782396,-2.236921502286501,37.79019521461187,0
CISO_shape,62,19176,2025-04-29 08:00:00,rl_ou_s101,20728.1975,12.5,21202.216219021117,23454.317578531685,0.9039792416910065,0.058195165227674296,19.234115201045523,1.2847261420321252,37.921497521689496,0
CISO_shape,63,19344,2025-05-06 08:00:00,rl_ou_s101,20243.449750000003,6.25,20480.55907209618,23359.916504673234,0.8767393953655174,0.058479093952821116,19.108765865688955,3.490339072558602,37.93749153538812,0
CISO_shape,64,19512,2025-05-13 08:00:00,rl_ou_s101,18129.18575,36.25,19510.718145459476,22722.829858946916,0.8586394505690188,0.053004471703537975,20.22158210484641,8.812041753711032,38.11123849543379,0
CISO_shape,65,19680,2025-05-20 08:00:00,rl_ou_s101,18021.365999999998,23.75,18926.69146047517,21391.27588345462,0.8847855342333406,0.05747983800738195,19.947809404733523,1.2391201494575397,38.11896675684932,0
CISO_shape,66,19848,2025-05-27 08:00:00,rl_ou_s101,14540.1825,23.75,15451.973600910389,17497.72134559932,0.8830849054980844,0.04771524712205172,21.252379635759592,1.7038598636990672,38.39120424885845,0
CISO_shape,67,20016,2025-06-03 08:00:00,rl_ou_s101,13436.6705,8.75,13775.13806449629,15639.062665847601,0.8808160922954975,0.0691903376955374,17.66755336959034,5.793044260349853,38.682007371004566,0
CISO_shape,68,20184,2025-06-10 08:00:00,rl_ou_s101,15966.396500000003,6.25,16209.357269456339,17596.09102004281,0.9211908060144202,0.07315567644227566,16.70925280582681,-0.3912317565251644,38.8737231130137,0
CISO_shape,69,20352,2025-06-17 08:00:00,rl_ou_s101,17069.421749999998,20.0,17849.92891303653,19071.097663036533,0.9359675687484489,0.07370776525509641,15.565856272378293,-3.0999140010792066,39.02535815182649,0
CISO_shape,70,20520,2025-06-24 08:00:00,rl_ou_s101,14050.35925,6.25,14294.733220505137,15880.470205616439,0.9001454639201757,0.10063997125151046,14.18877469695877,-3.3323359702527813,39.099835280821914,0
CISO_shape,71,20688,2025-07-01 08:00:00,rl_ou_s101,12616.7495,5.0,12812.313931900684,14994.660607975171,0.8544584146897084,0.04616180345417696,20.70259900314516,0.9922934038552157,39.112886380136985,0
CISO_shape,72,20856,2025-07-08 08:00:00,rl_ou_s101,12352.931250000003,6.25,12596.189646860734,14291.454831837904,0.881379103462544,0.09076668299429369,14.173753373612373,-5.119634687104443,38.92134349771689,0
CISO_shape,73,21024,2025-07-15 08:00:00,rl_ou_s101,7664.874249999999,6.25,7905.876365439497,8544.215500142693,0.9252899069911643,0.0956588978271774,14.351540439503259,-0.36092887615951325,38.56033847031964,0
CISO_shape,74,21192,2025-07-22 08:00:00,rl_ou_s101,8306.7725,6.25,8547.311958240582,9959.644766369864,0.8581944596158467,0.07971616036336779,14.538463023797263,-1.3926568498164877,38.486313318493146,0
CISO_shape,75,21360,2025-07-29 08:00:00,rl_ou_s101,8902.950499999999,16.25,9522.3892428867,10381.323590682074,0.9172615764943187,0.06790114415774155,14.989198408809132,-2.964980878651399,38.119307254566216,0
CISO_shape,76,21528,2025-08-05 08:00:00,rl_ou_s101,9614.81125,23.75,10512.900802096177,11633.953098140697,0.9036396067108365,0.06911719708980008,13.85599548185531,-0.2941319174572024,37.814296930365295,0
CISO_shape,77,21696,2025-08-12 08:00:00,rl_ou_s101,7408.907499999998,16.25,8021.065143006563,8989.378096234303,0.8922825424782865,0.06028664219891152,13.410539144328864,3.6023326285477197,37.6712395696347,0
CISO_shape,78,21864,2025-08-19 08:00:00,rl_ou_s101,11720.003250000002,10.0,12097.307971860731,16586.120610930368,0.7293633186224705,0.05951466865470583,12.276537223708187,1.6800919774790752,37.730472186073065,0
CISO_shape,79,22032,2025-08-26 08:00:00,rl_ou_s101,10409.2085,12.5,10885.746631735161,12440.639071255708,0.8750150671026901,0.04043572548254343,13.650277010511989,7.141045862698014,38.123050538812784,0
CISO_shape,80,22200,2025-09-02 08:00:00,rl_ou_s101,11980.398249999998,23.75,12890.790300523686,14634.911984320777,0.8808245867371345,0.03414444904575407,13.605688491093375,2.501743391045905,38.33229686415525,0
CISO_shape,81,22368,2025-09-09 08:00:00,rl_ou_s101,6627.753999999999,12.5,7106.78097929509,10177.474697929509,0.6982853006493727,0.026293764039856886,14.780329080234164,5.176366733331633,38.322158343607306,0
CISO_shape,82,22536,2025-09-16 08:00:00,rl_ou_s101,10374.267000000002,6.25,10615.135689783106,11754.693843436075,0.9030550545313175,0.03580463670755655,12.685829533583341,-0.546963982735632,38.5389903652968,0
CISO_shape,83,22704,2025-09-23 08:00:00,rl_ou_s101,5354.826,16.25,5986.208011545376,7731.913011545374,0.7742208173587453,0.05967987929691712,10.695298398021912,2.1708750541872672,38.854277633561644,0
CISO_shape,84,22872,2025-09-30 08:00:00,rl_ou_s101,1683.722749999999,5.0,1878.6888397031953,5258.385679406392,0.3572748281018589,0.09444759613105964,9.18290937342508,-1.1774686993432204,38.99321794063927,0
CISO_shape,85,23040,2025-10-07 08:00:00,rl_ou_s101,7130.093750000001,12.5,7613.224115553654,9819.981536555366,0.7752788625124244,0.1346177199243009,8.229079965676945,-1.6882180655483592,38.65042924429223,0
CISO_shape,86,23208,2025-10-14 08:00:00,rl_ou_s101,10924.904250000001,8.75,11260.877845946063,15246.639249999997,0.7385809857045096,0.14604387893541132,8.21170270229996,0.03669804846245686,38.396982393835614,0
CISO_shape,87,23376,2025-10-21 08:00:00,rl_ou_s101,8174.725750000001,22.5,9038.324656806508,11356.9535,0.7958405972875128,0.15210151786258574,8.0717209273047,-1.2592801434700365,38.38217363584475,0
CISO_shape,88,23544,2025-10-28 08:00:00,rl_ou_s101,11257.902999999998,5.0,11450.004662123287,13256.818749999999,0.8637068121734174,0.18602448963469015,7.64873511142374,-1.0111783662862417,38.42033242465753,0
CISO_shape,89,23712,2025-11-04 08:00:00,rl_ou_s101,6227.627499999999,18.75,6949.6304422945195,9435.751133321919,0.7365211676420991,0.1690824165217844,8.522797381433309,0.3870075965673575,38.5068235890411,0
CISO_shape,90,23880,2025-11-11 08:00:00,rl_ou_s101,-2475.8897500000003,15.0,-1896.7854210787675,3471.029776307077,-0.5464618696232589,0.15466872348879177,8.907515197139107,-0.27692461625541664,38.60695526141552,0
CISO_shape,91,24048,2025-11-18 08:00:00,rl_ou_s101,3588.5099999999993,8.75,3927.451080535102,6601.187999999999,0.5949612525101697,0.12250780858432696,9.974466476505714,1.3998706430140009,38.736123489726026,0
CISO_shape,92,24216,2025-11-25 08:00:00,rl_ou_s101,2450.7759999999985,5.0,2644.3390219863,4952.905760993149,0.5338964942179844,0.17236005178708252,8.34765826236564,2.599724797296115,38.71260439726027,0
CISO_shape,93,24384,2025-12-02 08:00:00,rl_ou_s101,3277.541000000002,18.75,4004.2558269049678,5184.250120507992,0.7723886259007505,0.17988882839931628,8.126309529018142,3.452956262798145,38.75812410159818,0
CISO_shape,94,24552,2025-12-09 08:00:00,rl_ou_s101,1656.0842500000015,13.75,2189.504094626143,4045.7861025913257,0.5411813771429403,0.1346733938254398,9.632955497999667,2.3724874486066168,38.79417051826484,0
CISO_shape,95,24720,2025-12-16 08:00:00,rl_ou_s101,1603.1882499999992,10.0,1989.5002186529673,3535.1322343264846,0.5627795756364423,0.13973241550404683,9.421231834584077,-2.89790077213649,38.63119686529681,0
CISO_shape,96,24888,2025-12-23 08:00:00,rl_ou_s101,2599.272499999999,10.0,2983.4359098744285,8442.131069748857,0.3533984352085145,0.08699572194116355,10.721734580139923,-5.516547831987162,38.41634098744293,0
CISO_shape,97,25056,2025-12-30 08:00:00,rl_ou_s101,764.91725,15.0,1338.3887401883562,3225.241781037387,0.4149731496278299,0.07697783258241904,10.844933636757657,-9.00243256321868,38.231432679223744,0
CISO_shape,98,25224,2026-01-06 08:00:00,rl_ou_s101,8881.509,11.25,9310.518113681506,14565.965250000001,0.639196781942172,0.06708636216788288,10.298204694547412,-5.473011160014246,38.13414343835617,0
CISO_shape,99,25392,2026-01-13 08:00:00,rl_ou_s101,10599.369499999999,7.5,10883.631732731163,15254.423525505139,0.7134738139749375,0.04889971043793335,11.960585734356512,-7.703584547772298,37.90163103082192,0
CISO_shape,100,25560,2026-01-20 08:00:00,rl_ou_s101,4457.5445,23.75,5344.989013707192,11642.908499999998,0.4590767859858379,0.04026704001487137,13.167248461718877,-7.039041699306398,37.366084787671234,0
CISO_shape,101,25728,2026-01-27 08:00:00,rl_ou_s101,5088.710499999998,93.75,8583.694206228594,13306.350369977172,0.6450825333440637,0.044343185283821876,13.410043085773932,6.793769289145547,37.27982619977169,0
CISO_shape,102,25896,2026-02-03 08:00:00,rl_ou_s101,8720.46775,21.25,9507.671087100456,12158.116249999997,0.7820019887620715,0.048114900190664105,13.137126896570932,-0.9856397630377005,37.044862922374435,0
CISO_shape,103,26064,2026-02-10 08:00:00,rl_ou_s101,3327.105000000001,22.5,4151.844702585618,5910.817707853883,0.7024146078923963,0.04728826015356447,12.139958860957666,-5.291640264425074,36.655097892694066,0
CISO_shape,104,26232,2026-02-17 08:00:00,rl_ou_s101,8522.9345,21.25,9296.687150928938,10916.895012748288,0.8515871170394751,0.04947990186109169,10.848636516769396,-0.990846541788071,36.41188945547945,0
CISO_shape,105,26400,2026-02-24 08:00:00,rl_ou_s101,7526.452749999999,17.5,8160.4936905821905,12175.831145976032,0.6702206685314569,0.05066472777612693,10.576919312634814,-1.3223467380209943,36.23091089041096,0
CISO_shape,106,26568,2026-03-03 08:00:00,rl_ou_s101,17266.136249999996,18.75,17941.47569383561,22171.610469178075,0.8092094040158699,0.054079270463877685,10.792352574569813,-5.087837495639035,36.01810367123287,0
CISO_shape,107,26736,2026-03-10 08:00:00,rl_ou_s101,20298.089,6.25,20520.520732148972,24437.302750000003,0.8397211812645309,0.06379366139828511,10.662439655465425,-6.025163224246023,35.58907714383562,0
CISO_shape,108,26904,2026-03-17 08:00:00,rl_ou_s101,19992.3955,10.0,20343.599916073057,29801.362070319636,0.6826399366602797,0.04666496793855971,13.052790226793874,-2.16088074439,35.120441607305935,0
CISO_shape,109,27072,2026-03-24 08:00:00,rl_ou_s101,12944.080000000002,22.5,13734.027175282536,16584.281304747434,0.8281352036250748,0.041603907438537605,16.534475597316057,6.144228798906106,35.10876334589041,0
CISO_shape,110,27240,2026-03-31 08:00:00,rl_ou_s101,13615.457,33.75,14805.660890950343,19047.72616930651,0.77729282536664,0.04525383941798262,15.876245404140688,0.9038395374908726,35.26530047260274,0
CISO_shape,111,27408,2026-04-07 08:00:00,rl_ou_s101,8196.694250000002,30.0,9253.638773047947,14625.474160159818,0.6327069243508772,0.06478199433130973,13.953069214803978,-1.5602559162447853,35.23148410159818,0
CISO_shape,112,27576,2026-04-14 08:00:00,rl_ou_s101,14726.32875,8.75,15033.961460679224,20841.455597568493,0.7213489187594551,0.06427264268280972,13.527550910087555,-1.3108305781170704,35.15802407762557,0
CISO_shape,113,27744,2026-04-21 08:00:00,rl_ou_s101,8902.56625,58.75,10960.905070302511,14660.987973886984,0.7476239043252219,0.0627142203035586,14.074024513391569,-2.963443090946601,35.035554388127856,0
CISO_shape,0,8760,2024-02-20 08:00:00,rl_ou_s102,12600.242750000003,41.25,14870.73976326627,21037.71179490011,0.7068610839545384,0.013305963746897964,37.03092856688351,-14.513296597015392,55.042351836757994,0
CISO_shape,1,8928,2024-02-27 08:00:00,rl_ou_s102,9598.283,20.0,10677.335056735159,15086.761202119009,0.7077287771503585,0.0107470808677811,40.15767667782988,-14.503288120878175,53.95260283675799,0
CISO_shape,2,9096,2024-03-05 08:00:00,rl_ou_s102,15610.259999999998,38.75,17656.604982801084,20578.011264286524,0.858032623076867,0.012314728081630267,35.87369779155997,-13.200480797481104,52.80890278196347,0
CISO_shape,3,9264,2024-03-12 08:00:00,rl_ou_s102,20503.71525000001,31.25,22125.374940817645,28461.07854453339,0.7773906005072087,0.012547790945885193,35.547086275062355,-8.279679854617966,51.893110106164386,0
CISO_shape,4,9432,2024-03-19 08:00:00,rl_ou_s102,18155.439499999993,31.25,19753.343363976877,24965.014532812504,0.7912410120176089,0.013136083582206998,35.77533454545226,-8.222983987036034,51.13292364726027,0
CISO_shape,5,9600,2024-03-26 08:00:00,rl_ou_s102,17200.932500000006,31.25,18774.544300299665,22311.207622910966,0.8414848993212019,0.012101705657988338,38.412490161263236,-7.6165844561739595,50.35557760958904,0
CISO_shape,6,9768,2024-04-02 08:00:00,rl_ou_s102,11082.054499999998,31.25,12633.823626462612,17872.116864329335,0.7069013549076693,0.01,42.88658137654671,-4.058868137961601,49.65661204680366,0
CISO_shape,7,9936,2024-04-09 08:00:00,rl_ou_s102,18763.245000000003,31.25,20295.35489686787,23924.711732353022,0.8483009168057298,0.011627419374199225,40.27362909686319,-6.231620267913386,49.027516699771695,0
CISO_shape,8,10104,2024-04-16 08:00:00,rl_ou_s102,26636.033250000004,10.0,27121.382575091327,30179.529347639844,0.8986681754602089,0.019646377980225498,29.68117158071208,-6.578046226527079,48.53493250913242,0
CISO_shape,9,10272,2024-04-23 08:00:00,rl_ou_s102,23896.267249999997,40.0,25814.616389269402,30971.307937571342,0.8335010081364258,0.019569679327710147,29.431739020096725,-7.828286460132273,47.95872848173516,0
CISO_shape,10,10440,2024-04-30 08:00:00,rl_ou_s102,19265.54375,23.75,20389.75403690354,24777.484110082758,0.8229146246775835,0.01,43.94323419876664,-7.223186165739004,47.335169974885844,0
CISO_shape,11,10608,2024-05-07 08:00:00,rl_ou_s102,21704.50575,6.25,22000.316591937786,26409.671460679234,0.8330401468527756,0.018889973651941987,33.02170718600361,1.7035297915410939,47.329734710045656,0
CISO_shape,12,10776,2024-05-14 08:00:00,rl_ou_s102,21910.4965,45.0,24048.747113458907,27086.72597691781,0.8878425223466379,0.018915694442707097,31.6729750370545,2.320573417399371,47.51668029908676,0
CISO_shape,13,10944,2024-05-21 08:00:00,rl_ou_s102,26102.246,20.0,27049.791607123287,32605.958131609586,0.8295965877751674,0.01607690749761652,32.75994160538105,-1.4276828567889688,47.377280356164384,0
CISO_shape,14,11112,2024-05-28 08:00:00,rl_ou_s102,20013.94925,6.25,20309.204179530538,24284.38723523973,0.8363070471079996,0.015156140916311053,33.49193284740797,-5.395350040862582,47.240788724885846,0
CISO_shape,15,11280,2024-06-04 08:00:00,rl_ou_s102,19800.96375,6.25,20096.38218630137,23142.924982739725,0.8683596477666282,0.010107356123763699,40.50424980302801,-0.6418386937274795,47.26694980821918,0
CISO_shape,16,11448,2024-06-11 08:00:00,rl_ou_s102,20975.340250000005,6.25,21269.56694743151,24800.1901930137,0.8576372512426628,0.010684938470218987,39.451099812786,0.8378939657489508,47.0762715890411,0
CISO_shape,17,11616,2024-06-18 08:00:00,rl_ou_s102,17851.41175,6.25,18145.208688641553,19979.723911872145,0.9081811524862711,0.011790036556155143,37.99170121344207,-0.36790393519037373,47.0075101826484,0
CISO_shape,18,11784,2024-06-25 08:00:00,rl_ou_s102,15257.8335,41.25,17201.347835869008,18815.344478655825,0.9142191287213615,0.01,39.834463192589666,4.166989541667719,47.11549905136986,0
CISO_shape,19,11952,2024-07-02 08:00:00,rl_ou_s102,31917.265250000008,43.75,33976.55463741439,38299.33688741439,0.8871316685532349,0.013585710885595886,34.5350536891429,4.497871601544157,47.06947171232876,0
CISO_shape,20,12120,2024-07-09 08:00:00,rl_ou_s102,64099.56974999999,23.75,65221.839365408094,66921.04944336186,0.9746087353368258,0.01680384422253912,33.80962540129803,-8.229421843805216,47.253457490867575,0
CISO_shape,21,12288,2024-07-16 08:00:00,rl_ou_s102,20917.060750000004,6.25,21213.28581712329,22666.758741643833,0.9358764549847088,0.08042520437774521,36.140904511784264,-2.9563427527584136,47.39601073972603,0
CISO_shape,22,12456,2024-07-23 08:00:00,rl_ou_s102,35497.77975000001,6.25,35791.175600028546,38175.371740410956,0.9375462233453881,0.0691426465694301,39.281577101925464,-8.786714326646921,46.94333600456621,0
CISO_shape,23,12624,2024-07-30 08:00:00,rl_ou_s102,43711.0205,6.25,44002.79864190925,46495.51849999999,0.9463879543984278,0.06633210844295982,43.78063538974494,-4.006231039847671,46.68450270547945,0
CISO_shape,24,12792,2024-08-06 08:00:00,rl_ou_s102,23301.528500000008,6.25,23592.54197694778,25212.63256804795,0.9357429024229181,0.11920784438899142,35.90970736818225,-2.5657372536967613,46.56215631164383,0
CISO_shape,25,12960,2024-08-13 08:00:00,rl_ou_s102,11481.739000000001,6.25,11770.715433925516,14633.695912825342,0.8043569788551751,0.12767848144641133,36.23030881976456,-8.897242851943828,46.23622942808219,0
CISO_shape,26,13128,2024-08-20 08:00:00,rl_ou_s102,11680.322249999997,6.25,11960.598881321344,14597.414762234588,0.8193641871617549,0.22549908732747057,27.67315395338967,-6.676245463435904,44.844261011415526,0
CISO_shape,27,13296,2024-08-27 08:00:00,rl_ou_s102,14095.41875,6.25,14373.190146247147,15956.751268210617,0.90075917739482,0.21917958765143253,28.00705728278367,-7.579064063687295,44.44342339954338,0
CISO_shape,28,13464,2024-09-03 08:00:00,rl_ou_s102,49227.98574999999,6.25,49503.922962671226,53865.36502308217,0.9190306784602313,0.2986918695381593,24.446418078250765,-4.406661403773767,44.14995402739726,0
CISO_shape,29,13632,2024-09-10 08:00:00,rl_ou_s102,9365.906500000001,6.25,9642.777507876714,13236.65522287671,0.7284904944272664,0.3118198675215384,27.56278311447175,5.069424116593537,44.299361260273976,0
CISO_shape,30,13800,2024-09-17 08:00:00,rl_ou_s102,10093.5195,6.25,10367.923998837045,12480.352991859305,0.8307396437905116,0.31677603288044737,27.366627451542325,-5.762461119490567,43.90471981392694,0
CISO_shape,31,13968,2024-09-24 08:00:00,rl_ou_s102,12282.650000000003,6.25,12556.407597153257,14350.120349751713,0.8750036439499623,0.3267280372241419,27.064709093851633,-2.3113474426736005,43.80121554452054,0
CISO_shape,32,14136,2024-10-01 08:00:00,rl_ou_s102,37319.95775,6.25,37593.77303537386,46141.98650000001,0.8147411042949754,0.2244110374689952,31.82397612603639,-0.7331984122372246,43.81044565981735,0
CISO_shape,33,14304,2024-10-08 08:00:00,rl_ou_s102,13209.868499999999,23.75,14252.742704737442,17587.767499999998,0.8103781622504075,0.3090609073996484,28.22922262728034,-0.2693760688755221,43.910492831050234,0
CISO_shape,34,14472,2024-10-15 08:00:00,rl_ou_s102,7869.768750000001,22.5,8857.02499900685,11577.445110228313,0.7650241408773291,0.28190920604283404,23.910520664162895,-7.836908856354257,43.878055511415525,0
CISO_shape,35,14640,2024-10-22 08:00:00,rl_ou_s102,5835.893499999998,5.0,6052.068442574199,7966.862999999995,0.7596551418763199,0.23596384384188618,26.749620696717887,-11.153740384216333,43.234988514840175,0
CISO_shape,36,14808,2024-10-29 08:00:00,rl_ou_s102,4619.880000000001,12.5,5154.43068294806,9478.0015,0.5438309629881426,0.25613988402748683,29.595404572479936,-8.718847760605744,42.76405463584475,0
CISO_shape,37,14976,2024-11-05 08:00:00,rl_ou_s102,7256.81075,12.5,7784.639610502283,9168.135453767125,0.8490973600639405,0.23231520816009207,34.081581798477515,-7.362116361279808,42.22630884018265,0
CISO_shape,38,15144,2024-11-12 08:00:00,rl_ou_s102,5321.769249999999,22.5,6264.915768655821,8192.261,0.7647358609126126,0.22509690647920771,28.96945313285412,-5.281384016388861,41.91762305136986,0
CISO_shape,39,15312,2024-11-19 08:00:00,rl_ou_s102,571.9900000000002,15.0,1194.8031419349318,5940.808845161245,0.2011179240194022,0.25030871991968373,26.525541517667627,-1.25168689891645,41.52087612899544,0
CISO_shape,40,15480,2024-11-26 08:00:00,rl_ou_s102,6784.207250000001,12.5,7303.229246247148,8686.904,0.8407171584084672,0.15964530984991382,27.145796974275616,6.000102890483799,41.52175969977169,0
CISO_shape,41,15648,2024-12-03 08:00:00,rl_ou_s102,4972.008750000001,11.25,5435.432069345035,7146.291250000002,0.7605948147362499,0.1628646706073192,23.736391336213583,2.075413969189827,41.19318394178082,0
CISO_shape,42,15816,2024-12-10 08:00:00,rl_ou_s102,2363.6639999999998,15.0,2979.18741844178,5672.151749999999,0.5252305561891536,0.1323227159598012,20.422353385951983,-3.4759373077605287,41.03489456278538,0
CISO_shape,43,15984,2024-12-17 08:00:00,rl_ou_s102,2485.445499999999,21.25,3354.470563821346,5497.324999999998,0.6102005182195608,0.11974184507667852,21.407401233960837,-1.5127452870454319,40.89529712100456,0
CISO_shape,44,16152,2024-12-24 08:00:00,rl_ou_s102,2501.915,10.0,2910.1551752739724,4479.457328638699,0.6496669042181421,0.1046829282650237,21.948959822080607,-4.160277384792032,40.82401752739726,0
CISO_shape,45,16320,2024-12-31 08:00:00,rl_ou_s102,3641.696750000002,20.0,4454.821343401828,8158.739482138984,0.5460183344687338,0.05842297852988998,28.594799497979935,-8.9278766824919,40.65622967009132,0
CISO_shape,46,16488,2025-01-07 08:00:00,rl_ou_s102,10344.069250000002,10.0,10747.746744246577,14547.656499999997,0.7387957465346104,0.04487783307713419,21.21988362456205,-16.47657174338848,40.36774942465753,0
CISO_shape,47,16656,2025-01-14 08:00:00,rl_ou_s102,15565.500750000005,20.0,16346.341585410963,20259.333500000004,0.8068548545987931,0.13332061279130702,15.002444577627923,-9.736813273974589,39.04204177054794,0
CISO_shape,48,16824,2025-01-21 08:00:00,rl_ou_s102,15133.654500000004,6.25,15371.522069256569,18672.053,0.8232368486345111,0.14616374104589971,14.457688010806285,3.4885336428815275,38.05881108105023,0
CISO_shape,49,16992,2025-01-28 08:00:00,rl_ou_s102,8551.271999999997,16.25,9169.651075730591,14022.508500000002,0.6539237309594492,0.11808476440726012,14.992936586706918,1.7006013129431388,38.05409696803654,0
CISO_shape,50,17160,2025-02-04 08:00:00,rl_ou_s102,18380.964500000002,5.0,18571.56051128425,25014.13352256849,0.7424426872323376,0.05437615184062993,11.905802186105852,1.5104872824627094,38.11920225684931,0
CISO_shape,51,17328,2025-02-11 08:00:00,rl_ou_s102,21038.176250000004,7.5,21324.122942440074,26727.818250000008,0.7978250504019372,0.0640635707452009,10.607024857571997,4.367735485381845,38.1262256586758,0
CISO_shape,52,17496,2025-02-18 08:00:00,rl_ou_s102,18178.554249999997,11.25,18607.00610871147,21727.9455,0.8563628856999604,0.07879831325101332,10.490777104443964,2.098110025458484,38.084609663242006,0
CISO_shape,53,17664,2025-02-25 08:00:00,rl_ou_s102,24032.24575,11.25,24461.70958120719,29141.314249999996,0.8394168283335812,0.08867298498324598,10.594993437799246,-0.15276981224316513,38.1745627739726,0
CISO_shape,54,17832,2025-03-04 08:00:00,rl_ou_s102,26691.600499999997,20.0,27455.00756333333,33037.48275,0.8310260128197366,0.041915586671714834,16.30777293625105,-1.9173782545493379,38.170353166666665,0
CISO_shape,55,18000,2025-03-11 08:00:00,rl_ou_s102,17424.91525,20.0,18188.726002557076,23480.66475,0.7746256844179454,0.05537369868733033,16.209074640293245,4.52193444463951,38.19053762785388,0
CISO_shape,56,18168,2025-03-18 08:00:00,rl_ou_s102,28302.099499999997,12.5,28782.515173173513,38090.227327077635,0.7556404146927356,0.04987057837004183,17.88703839330594,5.2599927023738795,38.43325385388128,0
CISO_shape,57,18336,2025-03-25 08:00:00,rl_ou_s102,23620.431500000002,0.0,23620.431500000002,30259.961502020546,0.7805836599766591,0.05736856188279553,18.1418231100441,-2.523775238039386,38.525423705479454,0
CISO_shape,58,18504,2025-04-01 08:00:00,rl_ou_s102,26121.430000000015,22.5,26982.767808116452,31724.68722570207,0.8505290411896038,0.03652745948411658,23.906949742848834,-10.521789892630808,38.2816803607306,0
CISO_shape,59,18672,2025-04-08 08:00:00,rl_ou_s102,24056.642750000006,16.25,24674.404983577348,29298.301499999998,0.8421786834153969,0.04660464217610321,21.99981244405291,-2.153168707838831,38.01613745091324,0
CISO_shape,60,18840,2025-04-15 08:00:00,rl_ou_s102,23457.048500000008,6.25,23693.63331341325,27706.61732828767,0.8551615317263116,0.04495200592558344,22.037697517547755,-0.2263181168449171,37.85357014611872,0
CISO_shape,61,19008,2025-04-22 08:00:00,rl_ou_s102,20474.651499999996,6.25,20710.84022009132,23599.341660273963,0.877602456807301,0.048301939009539385,20.8247247782396,-2.236921502286501,37.79019521461187,0
CISO_shape,62,19176,2025-04-29 08:00:00,rl_ou_s102,20713.372999999996,6.25,20950.382359510557,23454.317578531685,0.8932420348348552,0.058195165227674296,19.234115201045523,1.2847261420321252,37.921497521689496,0
CISO_shape,63,19344,2025-05-06 08:00:00,rl_ou_s102,20188.544250000003,6.25,20425.65357209618,23359.916504673234,0.8743889802863788,0.058479093952821116,19.108765865688955,3.490339072558602,37.93749153538812,0
CISO_shape,64,19512,2025-05-13 08:00:00,rl_ou_s102,19139.16625,6.25,19377.36149059646,22722.829858946916,0.8527706104777611,0.053004471703537975,20.22158210484641,8.812041753711032,38.11123849543379,0
CISO_shape,65,19680,2025-05-20 08:00:00,rl_ou_s102,18510.5915,6.25,18748.83504223031,21391.27588345462,0.8764710971135601,0.05747983800738195,19.947809404733523,1.2391201494575397,38.11896675684932,0
CISO_shape,66,19848,2025-05-27 08:00:00,rl_ou_s102,14634.356249999999,6.25,14874.301276555365,17497.72134559932,0.8500707596590145,0.04771524712205172,21.252379635759592,1.7038598636990672,38.39120424885845,0
CISO_shape,67,20016,2025-06-03 08:00:00,rl_ou_s102,13434.969000000005,6.25,13676.731546068782,15639.062665847601,0.8745237383015202,0.0691903376955374,17.66755336959034,5.793044260349853,38.682007371004566,0
CISO_shape,68,20184,2025-06-10 08:00:00,rl_ou_s102,16007.299250000004,6.25,16250.26001945634,17596.09102004281,0.9235153421829028,0.07315567644227566,16.70925280582681,-0.3912317565251644,38.8737231130137,0
CISO_shape,69,20352,2025-06-17 08:00:00,rl_ou_s102,16565.21875,6.25,16809.127238448917,19071.097663036533,0.8813927512430628,0.07370776525509641,15.565856272378293,-3.0999140010792066,39.02535815182649,0
CISO_shape,70,20520,2025-06-24 08:00:00,rl_ou_s102,14050.35925,6.25,14294.733220505137,15880.470205616439,0.9001454639201757,0.10063997125151046,14.18877469695877,-3.3323359702527813,39.099835280821914,0
CISO_shape,71,20688,2025-07-01 08:00:00,rl_ou_s102,13778.095999999998,6.25,14022.551539875854,14994.660607975171,0.9351696518171085,0.04616180345417696,20.70259900314516,0.9922934038552157,39.112886380136985,0
CISO_shape,72,20856,2025-07-08 08:00:00,rl_ou_s102,12350.054500000004,6.25,12593.312896860734,14291.454831837904,0.8811778118492094,0.09076668299429369,14.173753373612373,-5.119634687104443,38.92134349771689,0
CISO_shape,73,21024,2025-07-15 08:00:00,rl_ou_s102,7664.874249999999,6.25,7905.876365439497,8544.215500142693,0.9252899069911643,0.0956588978271774,14.351540439503259,-0.36092887615951325,38.56033847031964,0
CISO_shape,74,21192,2025-07-22 08:00:00,rl_ou_s102,8306.7725,6.25,8547.311958240582,9959.644766369864,0.8581944596158467,0.07971616036336779,14.538463023797263,-1.3926568498164877,38.486313318493146,0
CISO_shape,75,21360,2025-07-29 08:00:00,rl_ou_s102,8114.807499999999,23.75,9020.141047295947,10381.323590682074,0.8688815995864074,0.06790114415774155,14.989198408809132,-2.964980878651399,38.119307254566216,0
CISO_shape,76,21528,2025-08-05 08:00:00,rl_ou_s102,9396.076249999998,23.75,10294.165802096173,11633.953098140697,0.8848381728254823,0.06911719708980008,13.85599548185531,-0.2941319174572024,37.814296930365295,0
CISO_shape,77,21696,2025-08-12 08:00:00,rl_ou_s102,7284.5192499999985,23.75,8179.211189778823,8989.378096234303,0.9098750883784872,0.06028664219891152,13.410539144328864,3.6023326285477197,37.6712395696347,0
CISO_shape,78,21864,2025-08-19 08:00:00,rl_ou_s102,11759.151749999999,10.0,12136.456471860729,16586.120610930368,0.7317236354752371,0.05951466865470583,12.276537223708187,1.6800919774790752,37.730472186073065,0
CISO_shape,79,22032,2025-08-26 08:00:00,rl_ou_s102,11213.5955,6.25,11451.86456586758,12440.639071255708,0.9205206018979598,0.04043572548254343,13.650277010511989,7.141045862698014,38.123050538812784,0
CISO_shape,80,22200,2025-09-02 08:00:00,rl_ou_s102,12892.202250000002,6.25,13131.779105400972,14634.911984320777,0.897291293549958,0.03414444904575407,13.605688491093375,2.501743391045905,38.33229686415525,0
CISO_shape,81,22368,2025-09-09 08:00:00,rl_ou_s102,8373.13675,6.25,8612.650239647546,10177.474697929509,0.846246293434627,0.026293764039856886,14.780329080234164,5.176366733331633,38.322158343607306,0
CISO_shape,82,22536,2025-09-16 08:00:00,rl_ou_s102,10489.348000000002,6.25,10730.216689783107,11754.693843436075,0.9128452712339211,0.03580463670755655,12.685829533583341,-0.546963982735632,38.5389903652968,0
CISO_shape,83,22704,2025-09-23 08:00:00,rl_ou_s102,6002.926750000001,6.25,6245.765985209761,7731.913011545374,0.8077905139237234,0.05967987929691712,10.695298398021912,2.1708750541872672,38.854277633561644,0
CISO_shape,84,22872,2025-09-30 08:00:00,rl_ou_s102,1592.5025000000005,20.0,2372.3668588127857,5258.385679406392,0.4511587782736768,0.09444759613105964,9.18290937342508,-1.1774686993432204,38.99321794063927,0
CISO_shape,85,23040,2025-10-07 08:00:00,rl_ou_s102,7583.872,16.25,8211.94147521975,9819.981536555366,0.8362481583748801,0.1346177199243009,8.229079965676945,-1.6882180655483592,38.65042924429223,0
CISO_shape,86,23208,2025-10-14 08:00:00,rl_ou_s102,11485.769000000002,20.0,12253.708647876714,15246.639249999997,0.80369899536232,0.14604387893541132,8.21170270229996,0.03669804846245686,38.396982393835614,0
CISO_shape,87,23376,2025-10-21 08:00:00,rl_ou_s102,8327.70075,22.5,9191.299656806506,11356.9535,0.809310318722931,0.15210151786258574,8.0717209273047,-1.2592801434700365,38.38217363584475,0
CISO_shape,88,23544,2025-10-28 08:00:00,rl_ou_s102,10198.005249999998,12.5,10678.259405308218,13256.818749999999,0.8054918458705048,0.18602448963469015,7.64873511142374,-1.0111783662862417,38.42033242465753,0
CISO_shape,89,23712,2025-11-04 08:00:00,rl_ou_s102,6070.152249999999,5.0,6262.686367945204,9435.751133321919,0.6637189005365791,0.1690824165217844,8.522797381433309,0.3870075965673575,38.5068235890411,0
CISO_shape,90,23880,2025-11-11 08:00:00,rl_ou_s102,-1772.5282499999985,12.5,-1289.9413092323043,3471.029776307077,-0.37163072412611453,0.15466872348879177,8.907515197139107,-0.27692461625541664,38.60695526141552,0
CISO_shape,91,24048,2025-11-18 08:00:00,rl_ou_s102,3827.3459999999995,12.5,4311.547543621575,6601.187999999999,0.6531472128382915,0.12250780858432696,9.974466476505714,1.3998706430140009,38.736123489726026,0
CISO_shape,92,24216,2025-11-25 08:00:00,rl_ou_s102,2657.6724999999983,5.0,2851.2355219863,4952.905760993149,0.5756692454036466,0.17236005178708252,8.34765826236564,2.599724797296115,38.71260439726027,0
CISO_shape,93,24384,2025-12-02 08:00:00,rl_ou_s102,3024.4570000000012,18.75,3751.171826904967,5184.250120507992,0.7235707652425919,0.17988882839931628,8.126309529018142,3.452956262798145,38.75812410159818,0
CISO_shape,94,24552,2025-12-09 08:00:00,rl_ou_s102,2834.0747499999998,0.0,2834.0747499999998,4045.7861025913257,0.7005003917989572,0.1346733938254398,9.632955497999667,2.3724874486066168,38.79417051826484,0
CISO_shape,95,24720,2025-12-16 08:00:00,rl_ou_s102,1644.4194999999995,17.5,2320.4654451426936,3535.1322343264846,0.6564013143866994,0.13973241550404683,9.421231834584077,-2.89790077213649,38.63119686529681,0
CISO_shape,96,24888,2025-12-23 08:00:00,rl_ou_s102,3669.581000000001,10.0,4053.7444098744304,8442.131069748857,0.48018022657814813,0.08699572194116355,10.721734580139923,-5.516547831987162,38.41634098744293,0
CISO_shape,97,25056,2025-12-30 08:00:00,rl_ou_s102,838.2060000000001,11.25,1268.3096176412673,3225.241781037387,0.393244818139904,0.07697783258241904,10.844933636757657,-9.00243256321868,38.231432679223744,0
CISO_shape,98,25224,2026-01-06 08:00:00,rl_ou_s102,11041.5255,0.0,11041.5255,14565.965250000001,0.7580359633221011,0.06708636216788288,10.298204694547412,-5.473011160014246,38.13414343835617,0
CISO_shape,99,25392,2026-01-13 08:00:00,rl_ou_s102,10579.653499999999,11.25,11006.046849096745,15254.423525505139,0.7214987069616116,0.04889971043793335,11.960585734356512,-7.703584547772298,37.90163103082192,0
CISO_shape,100,25560,2026-01-20 08:00:00,rl_ou_s102,5825.65775,6.25,6059.195779922946,11642.908499999998,0.5204194278365193,0.04026704001487137,13.167248461718877,-7.039041699306398,37.366084787671234,0
CISO_shape,101,25728,2026-01-27 08:00:00,rl_ou_s102,7966.584249999997,83.75,11088.769694230876,13306.350369977172,0.8333441842362895,0.044343185283821876,13.410043085773932,6.793769289145547,37.27982619977169,0
CISO_shape,102,25896,2026-02-03 08:00:00,rl_ou_s102,8622.184250000002,7.5,8900.02072191781,12158.116249999997,0.7320229991975782,0.048114900190664105,13.137126896570932,-0.9856397630377005,37.044862922374435,0
CISO_shape,103,26064,2026-02-10 08:00:00,rl_ou_s102,3154.483000000001,12.5,3612.671723658677,5910.817707853883,0.6111966063271432,0.04728826015356447,12.139958860957666,-5.291640264425074,36.655097892694066,0
CISO_shape,104,26232,2026-02-17 08:00:00,rl_ou_s102,8184.2835,22.5,9003.551012748287,10916.895012748288,0.8247355133702688,0.04947990186109169,10.848636516769396,-0.990846541788071,36.41188945547945,0
CISO_shape,105,26400,2026-02-24 08:00:00,rl_ou_s102,8907.281500000001,11.25,9314.879247517125,12175.831145976032,0.7650302583734157,0.05066472777612693,10.576919312634814,-1.3223467380209943,36.23091089041096,0
CISO_shape,106,26568,2026-03-03 08:00:00,rl_ou_s102,18755.081499999993,18.75,19430.42094383561,22171.610469178075,0.8763648888224363,0.054079270463877685,10.792352574569813,-5.087837495639035,36.01810367123287,0
CISO_shape,107,26736,2026-03-10 08:00:00,rl_ou_s102,20407.1485,6.25,20629.580232148972,24437.302750000003,0.8441840101256253,0.06379366139828511,10.662439655465425,-6.025163224246023,35.58907714383562,0
CISO_shape,108,26904,2026-03-17 08:00:00,rl_ou_s102,23208.7945,6.25,23428.297260045663,29801.362070319636,0.7861485392769627,0.04666496793855971,13.052790226793874,-2.16088074439,35.120441607305935,0
CISO_shape,109,27072,2026-03-24 08:00:00,rl_ou_s102,13582.0795,6.25,13801.509270911814,16584.281304747434,0.8322042431203202,0.041603907438537605,16.534475597316057,6.144228798906106,35.10876334589041,0
CISO_shape,110,27240,2026-03-31 08:00:00,rl_ou_s102,13990.307999999999,6.25,14210.716127953767,19047.72616930651,0.7460584009682428,0.04525383941798262,15.876245404140688,0.9038395374908726,35.26530047260274,0
CISO_shape,111,27408,2026-04-07 08:00:00,rl_ou_s102,9652.875500000002,6.25,9873.07227563499,14625.474160159818,0.6750599787410313,0.06478199433130973,13.953069214803978,-1.5602559162447853,35.23148410159818,0
CISO_shape,112,27576,2026-04-14 08:00:00,rl_ou_s102,15039.467250000002,6.25,15259.204900485161,20841.455597568493,0.7321563903754115,0.06427264268280972,13.527550910087555,-1.3108305781170704,35.15802407762557,0
CISO_shape,113,27744,2026-04-21 08:00:00,rl_ou_s102,10102.966,6.25,10321.9382149258,14660.987973886984,0.7040411078237317,0.0627142203035586,14.074024513391569,-2.963443090946601,35.035554388127856,0
CISO_shape,0,8760,2024-02-20 08:00:00,rl_ou_s103,14137.024500000005,37.5,16201.11269387843,21037.71179490011,0.7700986139474468,0.013305963746897964,37.03092856688351,-14.513296597015392,55.042351836757994,0
CISO_shape,1,8928,2024-02-27 08:00:00,rl_ou_s103,10542.9625,6.25,10880.166267729737,15086.761202119009,0.7211730948721827,0.0107470808677811,40.15767667782988,-14.503288120878175,53.95260283675799,0
CISO_shape,2,9096,2024-03-05 08:00:00,rl_ou_s103,15498.813250000001,42.5,17743.19161823345,20578.011264286524,0.8622403491938528,0.012314728081630267,35.87369779155997,-13.200480797481104,52.80890278196347,0
CISO_shape,3,9264,2024-03-12 08:00:00,rl_ou_s103,21590.08875000001,35.0,23406.347603715763,28461.07854453339,0.8223984754158762,0.012547790945885193,35.547086275062355,-8.279679854617966,51.893110106164386,0
CISO_shape,4,9432,2024-03-19 08:00:00,rl_ou_s103,18488.925750000002,31.25,20086.829613976886,24965.014532812504,0.8045991556534435,0.013136083582206998,35.77533454545226,-8.222983987036034,51.13292364726027,0
CISO_shape,5,9600,2024-03-26 08:00:00,rl_ou_s103,17561.04925,38.75,19512.327882371574,22311.207622910966,0.8745527455149816,0.012101705657988338,38.412490161263236,-7.6165844561739595,50.35557760958904,0
CISO_shape,6,9768,2024-04-02 08:00:00,rl_ou_s103,11522.061000000002,31.25,13073.830126462615,17872.116864329335,0.731521074179884,0.01,42.88658137654671,-4.058868137961601,49.65661204680366,0
CISO_shape,7,9936,2024-04-09 08:00:00,rl_ou_s103,19339.660499999998,38.75,21239.47677211615,23924.711732353022,0.887763121651089,0.011627419374199225,40.27362909686319,-6.231620267913386,49.027516699771695,0
CISO_shape,8,10104,2024-04-16 08:00:00,rl_ou_s103,26323.322000000004,6.25,26626.66532818208,30179.529347639844,0.8822756982545319,0.019646377980225498,29.68117158071208,-6.578046226527079,48.53493250913242,0
CISO_shape,9,10272,2024-04-23 08:00:00,rl_ou_s103,23181.574999999997,32.5,24740.23367565639,30971.307937571342,0.798811394259652,0.019569679327710147,29.431739020096725,-7.828286460132273,47.95872848173516,0
CISO_shape,10,10440,2024-04-30 08:00:00,rl_ou_s103,19627.825999999997,23.75,20752.036286903538,24777.484110082758,0.8375360546980984,0.01,43.94323419876664,-7.223186165739004,47.335169974885844,0
CISO_shape,11,10608,2024-05-07 08:00:00,rl_ou_s103,22055.044000000005,16.25,22824.152189038246,26409.671460679234,0.8642346128016251,0.018889973651941987,33.02170718600361,1.7035297915410939,47.329734710045656,0
CISO_shape,12,10776,2024-05-14 08:00:00,rl_ou_s103,21905.275499999996,41.25,23865.338562337325,27086.72597691781,0.8810713625070221,0.018915694442707097,31.6729750370545,2.320573417399371,47.51668029908676,0
CISO_shape,13,10944,2024-05-21 08:00:00,rl_ou_s103,26392.38525,16.25,27162.26605578767,32605.958131609586,0.8330460937890805,0.01607690749761652,32.75994160538105,-1.4276828567889688,47.377280356164384,0
CISO_shape,14,11112,2024-05-28 08:00:00,rl_ou_s103,19998.219250000002,6.25,20293.474179530538,24284.38723523973,0.835659305830955,0.015156140916311053,33.49193284740797,-5.395350040862582,47.240788724885846,0
CISO_shape,15,11280,2024-06-04 08:00:00,rl_ou_s103,19851.230499999998,6.25,20146.648936301368,23142.924982739725,0.8705316614614178,0.010107356123763699,40.50424980302801,-0.6418386937274795,47.26694980821918,0
CISO_shape,16,11448,2024-06-11 08:00:00,rl_ou_s103,20850.970500000007,6.25,21145.197197431513,24800.1901930137,0.8526223804278803,0.010684938470218987,39.451099812786,0.8378939657489508,47.0762715890411,0
CISO_shape,17,11616,2024-06-18 08:00:00,rl_ou_s103,17475.565,6.25,17769.361938641552,19979.723911872145,0.8893697438973531,0.011790036556155143,37.99170121344207,-0.36790393519037373,47.0075101826484,0
CISO_shape,18,11784,2024-06-25 08:00:00,rl_ou_s103,14961.477,37.5,16728.30821442637,18815.344478655825,0.8890779668372805,0.01,39.834463192589666,4.166989541667719,47.11549905136986,0
CISO_shape,19,11952,2024-07-02 08:00:00,rl_ou_s103,31145.38625000001,30.0,32557.470401369872,38299.33688741439,0.8500792193106778,0.013585710885595886,34.5350536891429,4.497871601544157,47.06947171232876,0
CISO_shape,20,12120,2024-07-09 08:00:00,rl_ou_s103,64070.829249999995,23.75,65193.0988654081,66921.04944336186,0.9741792665786541,0.01680384422253912,33.80962540129803,-8.229421843805216,47.253457490867575,0
CISO_shape,21,12288,2024-07-16 08:00:00,rl_ou_s103,20149.952250000002,5.0,20386.93230369863,22666.758741643833,0.8994198304252183,0.08042520437774521,36.140904511784264,-2.9563427527584136,47.39601073972603,0
CISO_shape,22,12456,2024-07-23 08:00:00,rl_ou_s103,35007.43675000001,23.75,36122.340980108456,38175.371740410956,0.9462210669679153,0.0691426465694301,39.281577101925464,-8.786714326646921,46.94333600456621,0
CISO_shape,23,12624,2024-07-30 08:00:00,rl_ou_s103,43163.944,16.25,43922.567168964044,46495.51849999999,0.944662380073556,0.06633210844295982,43.78063538974494,-4.006231039847671,46.68450270547945,0
CISO_shape,24,12792,2024-08-06 08:00:00,rl_ou_s103,21967.05025,22.5,23014.698767011985,25212.63256804795,0.9128241053327604,0.11920784438899142,35.90970736818225,-2.5657372536967613,46.56215631164383,0
CISO_shape,25,12960,2024-08-13 08:00:00,rl_ou_s103,10152.095000000001,15.0,10845.638441421233,14633.695912825342,0.7411414386379207,0.12767848144641133,36.23030881976456,-8.897242851943828,46.23622942808219,0
CISO_shape,26,13128,2024-08-20 08:00:00,rl_ou_s103,10644.183749999998,16.25,11372.902991435501,14597.414762234588,0.779103915089039,0.22549908732747057,27.67315395338967,-6.676245463435904,44.844261011415526,0
CISO_shape,27,13296,2024-08-27 08:00:00,rl_ou_s103,13307.08525,16.25,14029.29088024258,15956.751268210617,0.8792072173357766,0.21917958765143253,28.00705728278367,-7.579064063687295,44.44342339954338,0
CISO_shape,28,13464,2024-09-03 08:00:00,rl_ou_s103,49158.044249999984,23.75,50206.60565815067,53865.36502308217,0.9320758457059808,0.2986918695381593,24.446418078250765,-4.406661403773767,44.14995402739726,0
CISO_shape,29,13632,2024-09-10 08:00:00,rl_ou_s103,7986.06375,40.0,9758.03820041096,13236.65522287671,0.7371981845947223,0.3118198675215384,27.56278311447175,5.069424116593537,44.299361260273976,0
CISO_shape,30,13800,2024-09-17 08:00:00,rl_ou_s103,8923.912,6.25,9198.316498837044,12480.352991859305,0.7370237448281255,0.31677603288044737,27.366627451542325,-5.762461119490567,43.90471981392694,0
CISO_shape,31,13968,2024-09-24 08:00:00,rl_ou_s103,10764.90025,45.0,12735.954949503424,14350.120349751713,0.8875155496325704,0.3267280372241419,27.064709093851633,-2.3113474426736005,43.80121554452054,0
CISO_shape,32,14136,2024-10-01 08:00:00,rl_ou_s103,33527.264500000005,18.75,34348.71035612158,46141.98650000001,0.744413341547867,0.2244110374689952,31.82397612603639,-0.7331984122372246,43.81044565981735,0
CISO_shape,33,14304,2024-10-08 08:00:00,rl_ou_s103,11735.052,42.5,13601.247945319636,17587.767499999998,0.7733356689710412,0.3090609073996484,28.22922262728034,-0.2693760688755221,43.910492831050234,0
CISO_shape,34,14472,2024-10-15 08:00:00,rl_ou_s103,5265.775000000001,56.25,7733.915622517124,11577.445110228313,0.6680157451737301,0.28190920604283404,23.910520664162895,-7.836908856354257,43.878055511415525,0
CISO_shape,35,14640,2024-10-22 08:00:00,rl_ou_s103,5531.182249999998,17.5,6287.794549009701,7966.862999999995,0.789243463708326,0.23596384384188618,26.749620696717887,-11.153740384216333,43.234988514840175,0
CISO_shape,36,14808,2024-10-29 08:00:00,rl_ou_s103,2184.1062500000007,13.75,2772.112001242866,9478.0015,0.29247853582243744,0.25613988402748683,29.595404572479936,-8.718847760605744,42.76405463584475,0
CISO_shape,37,14976,2024-11-05 08:00:00,rl_ou_s103,5635.356750000003,31.25,6954.92890125571,9168.135453767125,0.7585979653472481,0.23231520816009207,34.081581798477515,-7.362116361279808,42.22630884018265,0
CISO_shape,38,15144,2024-11-12 08:00:00,rl_ou_s103,6696.733,17.5,7430.291403398973,8192.261,0.9069890965874955,0.22509690647920771,28.96945313285412,-5.281384016388861,41.91762305136986,0
CISO_shape,39,15312,2024-11-19 08:00:00,rl_ou_s103,914.1750000000002,16.25,1588.8892370961762,5940.808845161245,0.26745335164088263,0.25030871991968373,26.525541517667627,-1.25168689891645,41.52087612899544,0
CISO_shape,40,15480,2024-11-26 08:00:00,rl_ou_s103,6303.554250000001,15.0,6926.380645496576,8686.904,0.7973359260671669,0.15964530984991382,27.145796974275616,6.000102890483799,41.52175969977169,0
CISO_shape,41,15648,2024-12-03 08:00:00,rl_ou_s103,5119.6265,10.0,5531.558339417808,7146.291250000002,0.7740460255405637,0.1628646706073192,23.736391336213583,2.075413969189827,41.19318394178082,0
CISO_shape,42,15816,2024-12-10 08:00:00,rl_ou_s103,2870.1135000000004,13.75,3434.3433002382994,5672.151749999999,0.6054745097816362,0.1323227159598012,20.422353385951983,-3.4759373077605287,41.03489456278538,0
CISO_shape,43,15984,2024-12-17 08:00:00,rl_ou_s103,4051.105,6.25,4306.700607006279,5497.324999999998,0.7834174997851283,0.11974184507667852,21.407401233960837,-1.5127452870454319,40.89529712100456,0
CISO_shape,44,16152,2024-12-24 08:00:00,rl_ou_s103,1917.629000000001,20.0,2734.109350547946,4479.457328638699,0.6103662006261008,0.1046829282650237,21.948959822080607,-4.160277384792032,40.82401752739726,0
CISO_shape,45,16320,2024-12-31 08:00:00,rl_ou_s103,2615.6157500000013,20.0,3428.740343401828,8158.739482138984,0.420253686357799,0.05842297852988998,28.594799497979935,-8.9278766824919,40.65622967009132,0
CISO_shape,46,16488,2025-01-07 08:00:00,rl_ou_s103,9895.6535,10.0,10299.330994246575,14547.656499999997,0.7079718299814528,0.04487783307713419,21.21988362456205,-16.47657174338848,40.36774942465753,0
CISO_shape,47,16656,2025-01-14 08:00:00,rl_ou_s103,14428.736250000002,16.25,15063.169428771405,20259.333500000004,0.7435175213820041,0.13332061279130702,15.002444577627923,-9.736813273974589,39.04204177054794,0
CISO_shape,48,16824,2025-01-21 08:00:00,rl_ou_s103,15405.125000000004,20.0,16166.301221621008,18672.053,0.8658020208929895,0.14616374104589971,14.457688010806285,3.4885336428815275,38.05881108105023,0
CISO_shape,49,16992,2025-01-28 08:00:00,rl_ou_s103,9191.405749999998,22.5,10047.622931780821,14022.508500000002,0.7165353425730367,0.11808476440726012,14.992936586706918,1.7006013129431388,38.05409696803654,0
CISO_shape,50,17160,2025-02-04 08:00:00,rl_ou_s103,17302.050250000004,22.5,18159.732300779113,25014.13352256849,0.7259788664834169,0.05437615184062993,11.905802186105852,1.5104872824627094,38.11920225684931,0
CISO_shape,51,17328,2025-02-11 08:00:00,rl_ou_s103,20224.160749999995,7.5,20510.107442440065,26727.818250000008,0.7673693097804591,0.0640635707452009,10.607024857571997,4.367735485381845,38.1262256586758,0
CISO_shape,52,17496,2025-02-18 08:00:00,rl_ou_s103,19099.24375,21.25,19908.541705343894,21727.9455,0.916264342864073,0.07879831325101332,10.490777104443964,2.098110025458484,38.084609663242006,0
CISO_shape,53,17664,2025-02-25 08:00:00,rl_ou_s103,24649.44375,17.5,25317.49859854452,29141.314249999996,0.8687836925043463,0.08867298498324598,10.594993437799246,-0.15276981224316513,38.1745627739726,0
CISO_shape,54,17832,2025-03-04 08:00:00,rl_ou_s103,25225.9145,6.25,25464.479207291664,33037.48275,0.7707754068306448,0.041915586671714834,16.30777293625105,-1.9173782545493379,38.170353166666665,0
CISO_shape,55,18000,2025-03-11 08:00:00,rl_ou_s103,17424.91525,20.0,18188.726002557076,23480.66475,0.7746256844179454,0.05537369868733033,16.209074640293245,4.52193444463951,38.19053762785388,0
CISO_shape,56,18168,2025-03-18 08:00:00,rl_ou_s103,31627.579499999993,11.25,32059.953605856157,38090.227327077635,0.8416844911572721,0.04987057837004183,17.88703839330594,5.2599927023738795,38.43325385388128,0
CISO_shape,57,18336,2025-03-25 08:00:00,rl_ou_s103,23698.964749999996,10.0,24084.21898705479,30259.961502020546,0.7959104305353005,0.05736856188279553,18.1418231100441,-2.523775238039386,38.525423705479454,0
CISO_shape,58,18504,2025-04-01 08:00:00,rl_ou_s103,24928.275500000014,22.5,25789.61330811645,31724.68722570207,0.8129193874990434,0.03652745948411658,23.906949742848834,-10.521789892630808,38.2816803607306,0
CISO_shape,59,18672,2025-04-08 08:00:00,rl_ou_s103,24244.57425,22.5,25099.93734264555,29298.301499999998,0.8567028140742409,0.04660464217610321,21.99981244405291,-2.153168707838831,38.01613745091324,0
CISO_shape,60,18840,2025-04-15 08:00:00,rl_ou_s103,22982.209250000004,12.5,23455.378876826486,27706.61732828767,0.8465623428118455,0.04495200592558344,22.037697517547755,-0.2263181168449171,37.85357014611872,0
CISO_shape,61,19008,2025-04-22 08:00:00,rl_ou_s103,20215.15525,6.25,20451.343970091322,23599.341660273963,0.8666065462545578,0.048301939009539385,20.8247247782396,-2.236921502286501,37.79019521461187,0
CISO_shape,62,19176,2025-04-29 08:00:00,rl_ou_s103,20721.088499999994,6.25,20958.097859510555,23454.317578531685,0.8935709934572567,0.058195165227674296,19.234115201045523,1.2847261420321252,37.921497521689496,0
CISO_shape,63,19344,2025-05-06 08:00:00,rl_ou_s103,20188.544250000003,6.25,20425.65357209618,23359.916504673234,0.8743889802863788,0.058479093952821116,19.108765865688955,3.490339072558602,37.93749153538812,0
CISO_shape,64,19512,2025-05-13 08:00:00,rl_ou_s103,19010.46625,6.25,19248.661490596463,22722.829858946916,0.8471067032620266,0.053004471703537975,20.22158210484641,8.812041753711032,38.11123849543379,0
CISO_shape,65,19680,2025-05-20 08:00:00,rl_ou_s103,18571.319999999996,6.25,18809.563542230306,21391.27588345462,0.8793100348342862,0.05747983800738195,19.947809404733523,1.2391201494575397,38.11896675684932,0
CISO_shape,66,19848,2025-05-27 08:00:00,rl_ou_s103,14634.356249999999,6.25,14874.301276555365,17497.72134559932,0.8500707596590145,0.04771524712205172,21.252379635759592,1.7038598636990672,38.39120424885845,0
CISO_shape,67,20016,2025-06-03 08:00:00,rl_ou_s103,13440.125500000002,6.25,13681.88804606878,15639.062665847601,0.874853457550696,0.0691903376955374,17.66755336959034,5.793044260349853,38.682007371004566,0
CISO_shape,68,20184,2025-06-10 08:00:00,rl_ou_s103,15966.396500000003,6.25,16209.357269456339,17596.09102004281,0.9211908060144202,0.07315567644227566,16.70925280582681,-0.3912317565251644,38.8737231130137,0
CISO_shape,69,20352,2025-06-17 08:00:00,rl_ou_s103,17395.702749999997,16.25,18029.864819967177,19071.097663036533,0.9454025740171492,0.07370776525509641,15.565856272378293,-3.0999140010792066,39.02535815182649,0
CISO_shape,70,20520,2025-06-24 08:00:00,rl_ou_s103,14266.657249999998,6.25,14511.031220505136,15880.470205616439,0.9137658414782345,0.10063997125151046,14.18877469695877,-3.3323359702527813,39.099835280821914,0
CISO_shape,71,20688,2025-07-01 08:00:00,rl_ou_s103,13437.794249999999,16.25,14073.378653677224,14994.660607975171,0.9385593326595236,0.04616180345417696,20.70259900314516,0.9922934038552157,39.112886380136985,0
CISO_shape,72,20856,2025-07-08 08:00:00,rl_ou_s103,12817.331750000005,6.25,13060.590146860735,14291.454831837904,0.9138740807384355,0.09076668299429369,14.173753373612373,-5.119634687104443,38.92134349771689,0
CISO_shape,73,21024,2025-07-15 08:00:00,rl_ou_s103,7741.825749999999,6.25,7982.827865439497,8544.215500142693,0.9342961756180167,0.0956588978271774,14.351540439503259,-0.36092887615951325,38.56033847031964,0
CISO_shape,74,21192,2025-07-22 08:00:00,rl_ou_s103,8684.483,16.25,9309.885591425515,9959.644766369864,0.9347608082229647,0.07971616036336779,14.538463023797263,-1.3926568498164877,38.486313318493146,0
CISO_shape,75,21360,2025-07-29 08:00:00,rl_ou_s103,8722.652499999998,20.0,9485.038645091323,10381.323590682074,0.9136637117838012,0.06790114415774155,14.989198408809132,-2.964980878651399,38.119307254566216,0
CISO_shape,76,21528,2025-08-05 08:00:00,rl_ou_s103,9174.217999999999,23.75,10072.307552096176,11633.953098140697,0.8657682790302723,0.06911719708980008,13.85599548185531,-0.2941319174572024,37.814296930365295,0
CISO_shape,77,21696,2025-08-12 08:00:00,rl_ou_s103,7346.0954999999985,23.75,8240.787439778822,8989.378096234303,0.9167249782530486,0.06028664219891152,13.410539144328864,3.6023326285477197,37.6712395696347,0
CISO_shape,78,21864,2025-08-19 08:00:00,rl_ou_s103,8124.611750000001,7.5,8407.590291395549,16586.120610930368,0.5069051702092947,0.05951466865470583,12.276537223708187,1.6800919774790752,37.730472186073065,0
CISO_shape,79,22032,2025-08-26 08:00:00,rl_ou_s103,11213.5955,6.25,11451.86456586758,12440.639071255708,0.9205206018979598,0.04043572548254343,13.650277010511989,7.141045862698014,38.123050538812784,0
CISO_shape,80,22200,2025-09-02 08:00:00,rl_ou_s103,11895.432499999999,6.25,12135.009355400969,14634.911984320777,0.829182257358425,0.03414444904575407,13.605688491093375,2.501743391045905,38.33229686415525,0
CISO_shape,81,22368,2025-09-09 08:00:00,rl_ou_s103,8648.58225,6.25,8888.095739647546,10177.474697929509,0.8733105218582099,0.026293764039856886,14.780329080234164,5.176366733331633,38.322158343607306,0
CISO_shape,82,22536,2025-09-16 08:00:00,rl_ou_s103,10091.965,6.25,10332.833689783105,11754.693843436075,0.8790389462634155,0.03580463670755655,12.685829533583341,-0.546963982735632,38.5389903652968,0
CISO_shape,83,22704,2025-09-23 08:00:00,rl_ou_s103,6033.195750000001,6.25,6276.034985209761,7731.913011545374,0.8117053277550225,0.05967987929691712,10.695298398021912,2.1708750541872672,38.854277633561644,0
CISO_shape,84,22872,2025-09-30 08:00:00,rl_ou_s103,1658.5667500000009,8.75,1999.7574069805944,5258.385679406392,0.38029873213984994,0.09444759613105964,9.18290937342508,-1.1774686993432204,38.99321794063927,0
CISO_shape,85,23040,2025-10-07 08:00:00,rl_ou_s103,7514.996,16.25,8143.065475219749,9819.981536555366,0.8292342959003319,0.1346177199243009,8.229079965676945,-1.6882180655483592,38.65042924429223,0
CISO_shape,86,23208,2025-10-14 08:00:00,rl_ou_s103,11453.351250000002,12.5,11933.313529922947,15246.639249999997,0.7826848483952258,0.14604387893541132,8.21170270229996,0.03669804846245686,38.396982393835614,0
CISO_shape,87,23376,2025-10-21 08:00:00,rl_ou_s103,8124.349000000002,22.5,8987.947906806508,11356.9535,0.7914048346509923,0.15210151786258574,8.0717209273047,-1.2592801434700365,38.38217363584475,0
CISO_shape,88,23544,2025-10-28 08:00:00,rl_ou_s103,11568.220249999998,5.0,11760.321912123287,13256.818749999999,0.8871149356344099,0.18602448963469015,7.64873511142374,-1.0111783662862417,38.42033242465753,0
CISO_shape,89,23712,2025-11-04 08:00:00,rl_ou_s103,5819.0374999999985,18.75,6541.040442294519,9435.751133321919,0.6932188386354465,0.1690824165217844,8.522797381433309,0.3870075965673575,38.5068235890411,0
CISO_shape,90,23880,2025-11-11 08:00:00,rl_ou_s103,-2163.2045,15.0,-1584.100171078767,3471.029776307077,-0.45637758047818716,0.15466872348879177,8.907515197139107,-0.27692461625541664,38.60695526141552,0
CISO_shape,91,24048,2025-11-18 08:00:00,rl_ou_s103,3623.08475,8.75,3962.0258305351026,6601.187999999999,0.6001989082169911,0.12250780858432696,9.974466476505714,1.3998706430140009,38.736123489726026,0
CISO_shape,92,24216,2025-11-25 08:00:00,rl_ou_s103,2403.698499999998,5.0,2597.2615219862996,4952.905760993149,0.5243914678210031,0.17236005178708252,8.34765826236564,2.599724797296115,38.71260439726027,0
CISO_shape,93,24384,2025-12-02 08:00:00,rl_ou_s103,3279.412250000002,18.75,4006.127076904968,5184.250120507992,0.7727495749206671,0.17988882839931628,8.126309529018142,3.452956262798145,38.75812410159818,0
CISO_shape,94,24552,2025-12-09 08:00:00,rl_ou_s103,1875.8017500000014,17.5,2554.699734069636,4045.7861025913257,0.6314470585662824,0.1346733938254398,9.632955497999667,2.3724874486066168,38.79417051826484,0
CISO_shape,95,24720,2025-12-16 08:00:00,rl_ou_s103,1391.0889999999986,20.0,2163.7129373059347,3535.1322343264846,0.6120599722681,0.13973241550404683,9.421231834584077,-2.89790077213649,38.63119686529681,0
CISO_shape,96,24888,2025-12-23 08:00:00,rl_ou_s103,3387.8454999999994,20.0,4156.172319748858,8442.131069748857,0.49231317133204605,0.08699572194116355,10.721734580139923,-5.516547831987162,38.41634098744293,0
CISO_shape,97,25056,2025-12-30 08:00:00,rl_ou_s103,1125.7002499999999,11.25,1555.803867641267,3225.241781037387,0.4823836392014147,0.07697783258241904,10.844933636757657,-9.00243256321868,38.231432679223744,0
CISO_shape,98,25224,2026-01-06 08:00:00,rl_ou_s103,8866.749249999999,21.25,9677.099798065068,14565.965250000001,0.664363784478002,0.06708636216788288,10.298204694547412,-5.473011160014246,38.13414343835617,0
CISO_shape,99,25392,2026-01-13 08:00:00,rl_ou_s103,10076.853249999998,10.0,10455.869560308218,15254.423525505139,0.6854319694760134,0.04889971043793335,11.960585734356512,-7.703584547772298,37.90163103082192,0
CISO_shape,100,25560,2026-01-20 08:00:00,rl_ou_s103,6380.5645,2.5,6473.979711969178,11642.908499999998,0.556044884486482,0.04026704001487137,13.167248461718877,-7.039041699306398,37.366084787671234,0
CISO_shape,101,25728,2026-01-27 08:00:00,rl_ou_s103,8731.718499999999,43.75,10362.71089624001,13306.350369977172,0.778779350318414,0.044343185283821876,13.410043085773932,6.793769289145547,37.27982619977169,0
CISO_shape,102,25896,2026-02-03 08:00:00,rl_ou_s103,9342.716,17.5,9991.001101141554,12158.116249999997,0.8217556812011528,0.048114900190664105,13.137126896570932,-0.9856397630377005,37.044862922374435,0
CISO_shape,103,26064,2026-02-10 08:00:00,rl_ou_s103,3651.4110000000014,18.75,4338.694085488015,5910.817707853883,0.7340260349634976,0.04728826015356447,12.139958860957666,-5.291640264425074,36.655097892694066,0
CISO_shape,104,26232,2026-02-17 08:00:00,rl_ou_s103,8545.017,11.25,8954.650756374143,10916.895012748288,0.8202561942674435,0.04947990186109169,10.848636516769396,-0.990846541788071,36.41188945547945,0
CISO_shape,105,26400,2026-02-24 08:00:00,rl_ou_s103,8338.88825,21.25,9108.795106421232,12175.831145976032,0.7481045849943132,0.05066472777612693,10.576919312634814,-1.3223467380209943,36.23091089041096,0
CISO_shape,106,26568,2026-03-03 08:00:00,rl_ou_s103,17463.448249999994,18.75,18138.78769383561,22171.610469178075,0.818108712447898,0.054079270463877685,10.792352574569813,-5.087837495639035,36.01810367123287,0
CISO_shape,107,26736,2026-03-10 08:00:00,rl_ou_s103,20322.862,6.25,20545.293732148974,24437.302750000003,0.8407349183472784,0.06379366139828511,10.662439655465425,-6.025163224246023,35.58907714383562,0
CISO_shape,108,26904,2026-03-17 08:00:00,rl_ou_s103,23313.876,6.25,23533.378760045664,29801.362070319636,0.789674602943182,0.04666496793855971,13.052790226793874,-2.16088074439,35.120441607305935,0
CISO_shape,109,27072,2026-03-24 08:00:00,rl_ou_s103,13691.306750000002,6.25,13910.736520911816,16584.281304747434,0.8387904344657802,0.041603907438537605,16.534475597316057,6.144228798906106,35.10876334589041,0
CISO_shape,110,27240,2026-03-31 08:00:00,rl_ou_s103,13722.72375,6.25,13943.131877953767,19047.72616930651,0.732010306848159,0.04525383941798262,15.876245404140688,0.9038395374908726,35.26530047260274,0
CISO_shape,111,27408,2026-04-07 08:00:00,rl_ou_s103,8695.220000000003,27.5,9664.085812793954,14625.474160159818,0.6607707693415631,0.06478199433130973,13.953069214803978,-1.5602559162447853,35.23148410159818,0
CISO_shape,112,27576,2026-04-14 08:00:00,rl_ou_s103,14204.871000000001,6.25,14424.608650485161,20841.455597568493,0.6921113826698378,0.06427264268280972,13.527550910087555,-1.3108305781170704,35.15802407762557,0
CISO_shape,113,27744,2026-04-21 08:00:00,rl_ou_s103,9727.340249999997,37.5,11041.173539554791,14660.987973886984,0.7530988743200986,0.0627142203035586,14.074024513391569,-2.963443090946601,35.035554388127856,0
CISO_shape,0,8760,2024-02-20 08:00:00,rl_ou_s104,11668.400000000005,47.5,14282.91171224601,21037.71179490011,0.6789194495814143,0.013305963746897964,37.03092856688351,-14.513296597015392,55.042351836757994,0
CISO_shape,1,8928,2024-02-27 08:00:00,rl_ou_s104,8212.068500000001,30.0,9830.64658510274,15086.761202119009,0.6516074890694219,0.0107470808677811,40.15767667782988,-14.503288120878175,53.95260283675799,0
CISO_shape,2,9096,2024-03-05 08:00:00,rl_ou_s104,13469.987500000003,28.75,14988.243454981453,20578.011264286524,0.7283620978959126,0.012314728081630267,35.87369779155997,-13.200480797481104,52.80890278196347,0
CISO_shape,3,9264,2024-03-12 08:00:00,rl_ou_s104,21000.329500000003,42.5,23205.78667951199,28461.07854453339,0.815351626369381,0.012547790945885193,35.547086275062355,-8.279679854617966,51.893110106164386,0
CISO_shape,4,9432,2024-03-19 08:00:00,rl_ou_s104,15614.47075,28.75,17084.542304858733,24965.014532812504,0.6843393694966148,0.013136083582206998,35.77533454545226,-8.222983987036034,51.13292364726027,0
CISO_shape,5,9600,2024-03-26 08:00:00,rl_ou_s104,14656.715500000002,28.75,16104.438356275687,22311.207622910966,0.7218093537769035,0.012101705657988338,38.412490161263236,-7.6165844561739595,50.35557760958904,0
CISO_shape,6,9768,2024-04-02 08:00:00,rl_ou_s104,8611.786,42.5,10722.192011989155,17872.116864329335,0.5999396766137649,0.01,42.88658137654671,-4.058868137961601,49.65661204680366,0
CISO_shape,7,9936,2024-04-09 08:00:00,rl_ou_s104,15791.502499999999,28.75,17201.043605118433,23924.711732353022,0.7189655531714401,0.011627419374199225,40.27362909686319,-6.231620267913386,49.027516699771695,0
CISO_shape,8,10104,2024-04-16 08:00:00,rl_ou_s104,24954.575250000005,18.75,25864.605234546238,30179.529347639844,0.8570248043503352,0.019646377980225498,29.68117158071208,-6.578046226527079,48.53493250913242,0
CISO_shape,9,10272,2024-04-23 08:00:00,rl_ou_s104,22826.737999999994,33.75,24445.345086258556,30971.307937571342,0.789290046630671,0.019569679327710147,29.431739020096725,-7.828286460132273,47.95872848173516,0
CISO_shape,10,10440,2024-04-30 08:00:00,rl_ou_s104,17507.346750000004,27.5,18809.063924309365,24777.484110082758,0.7591192003491327,0.01,43.94323419876664,-7.223186165739004,47.335169974885844,0
CISO_shape,11,10608,2024-05-07 08:00:00,rl_ou_s104,22876.9555,6.25,23172.766341937786,26409.671460679234,0.8774348585304894,0.018889973651941987,33.02170718600361,1.7035297915410939,47.329734710045656,0
CISO_shape,12,10776,2024-05-14 08:00:00,rl_ou_s104,22060.333749999994,23.75,23188.854907103305,27086.72597691781,0.8560966329730618,0.018915694442707097,31.6729750370545,2.320573417399371,47.51668029908676,0
CISO_shape,13,10944,2024-05-21 08:00:00,rl_ou_s104,26732.65525,6.25,27028.76325222603,32605.958131609586,0.8289516640832342,0.01607690749761652,32.75994160538105,-1.4276828567889688,47.377280356164384,0
CISO_shape,14,11112,2024-05-28 08:00:00,rl_ou_s104,20009.320750000003,6.25,20304.57567953054,24284.38723523973,0.8361164513991122,0.015156140916311053,33.49193284740797,-5.395350040862582,47.240788724885846,0
CISO_shape,15,11280,2024-06-04 08:00:00,rl_ou_s104,19752.5095,6.25,20047.92793630137,23142.924982739725,0.8662659517434965,0.010107356123763699,40.50424980302801,-0.6418386937274795,47.26694980821918,0
CISO_shape,16,11448,2024-06-11 08:00:00,rl_ou_s104,20638.81575000001,6.25,20933.042447431515,24800.1901930137,0.8440678190173084,0.010684938470218987,39.451099812786,0.8378939657489508,47.0762715890411,0
CISO_shape,17,11616,2024-06-18 08:00:00,rl_ou_s104,17524.99875,6.25,17818.795688641552,19979.723911872145,0.8918439397480088,0.011790036556155143,37.99170121344207,-0.36790393519037373,47.0075101826484,0
CISO_shape,18,11784,2024-06-25 08:00:00,rl_ou_s104,15876.79,12.5,16465.733738142124,18815.344478655825,0.8751226296611734,0.01,39.834463192589666,4.166989541667719,47.11549905136986,0
CISO_shape,19,11952,2024-07-02 08:00:00,rl_ou_s104,32817.20700000001,33.75,34405.801670291105,38299.33688741439,0.8983393569301522,0.013585710885595886,34.5350536891429,4.497871601544157,47.06947171232876,0
CISO_shape,20,12120,2024-07-09 08:00:00,rl_ou_s104,64289.93475,23.75,65412.204365408106,66921.04944336186,0.9774533559992846,0.01680384422253912,33.80962540129803,-8.229421843805216,47.253457490867575,0
CISO_shape,21,12288,2024-07-16 08:00:00,rl_ou_s104,20462.87925,5.0,20699.85930369863,22666.758741643833,0.9132253772864501,0.08042520437774521,36.140904511784264,-2.9563427527584136,47.39601073972603,0
CISO_shape,22,12456,2024-07-23 08:00:00,rl_ou_s104,35155.95100000001,20.0,36094.817720091334,38175.371740410956,0.9455000979566827,0.0691426465694301,39.281577101925464,-8.786714326646921,46.94333600456621,0
CISO_shape,23,12624,2024-07-30 08:00:00,rl_ou_s104,43189.965500000006,8.75,43598.45489867295,46495.51849999999,0.9376915519002752,0.06633210844295982,43.78063538974494,-4.006231039847671,46.68450270547945,0
CISO_shape,24,12792,2024-08-06 08:00:00,rl_ou_s104,20884.480750000002,36.25,22572.358916297093,25212.63256804795,0.895279731514555,0.11920784438899142,35.90970736818225,-2.5657372536967613,46.56215631164383,0
CISO_shape,25,12960,2024-08-13 08:00:00,rl_ou_s104,10164.87625,15.0,10858.419691421232,14633.695912825342,0.7420148509375979,0.12767848144641133,36.23030881976456,-8.897242851943828,46.23622942808219,0
CISO_shape,26,13128,2024-08-20 08:00:00,rl_ou_s104,10320.99375,16.25,11049.712991435503,14597.414762234588,0.7569636933262011,0.22549908732747057,27.67315395338967,-6.676245463435904,44.844261011415526,0
CISO_shape,27,13296,2024-08-27 08:00:00,rl_ou_s104,12330.360999999997,16.25,13052.566630242578,15956.751268210617,0.8179964963323193,0.21917958765143253,28.00705728278367,-7.579064063687295,44.44342339954338,0
CISO_shape,28,13464,2024-09-03 08:00:00,rl_ou_s104,49574.776749999975,6.25,49850.71396267121,53865.36502308217,0.9254687857644588,0.2986918695381593,24.446418078250765,-4.406661403773767,44.14995402739726,0
CISO_shape,29,13632,2024-09-10 08:00:00,rl_ou_s104,6980.2615,33.75,8475.364942534246,13236.65522287671,0.6402950594260702,0.3118198675215384,27.56278311447175,5.069424116593537,44.299361260273976,0
CISO_shape,30,13800,2024-09-17 08:00:00,rl_ou_s104,9946.70075,6.25,10221.105248837044,12480.352991859305,0.8189756536136498,0.31677603288044737,27.366627451542325,-5.762461119490567,43.90471981392694,0
CISO_shape,31,13968,2024-09-24 08:00:00,rl_ou_s104,10164.884000000002,48.75,12300.193257795378,14350.120349751713,0.8571491358961457,0.3267280372241419,27.064709093851633,-2.3113474426736005,43.80121554452054,0
CISO_shape,32,14136,2024-10-01 08:00:00,rl_ou_s104,36993.35175000001,22.5,37979.086777345896,46141.98650000001,0.8230917144702014,0.2244110374689952,31.82397612603639,-0.7331984122372246,43.81044565981735,0
CISO_shape,33,14304,2024-10-08 08:00:00,rl_ou_s104,11310.8015,50.0,13506.326141552512,17587.767499999998,0.7679386335731646,0.3090609073996484,28.22922262728034,-0.2693760688755221,43.910492831050234,0
CISO_shape,34,14472,2024-10-15 08:00:00,rl_ou_s104,5271.961750000001,56.25,7740.102372517124,11577.445110228313,0.6685501247316633,0.28190920604283404,23.910520664162895,-7.836908856354257,43.878055511415525,0
CISO_shape,35,14640,2024-10-22 08:00:00,rl_ou_s104,4969.211999999999,21.25,5887.955505940352,7966.862999999995,0.7390556993311365,0.23596384384188618,26.749620696717887,-11.153740384216333,43.234988514840175,0
CISO_shape,36,14808,2024-10-29 08:00:00,rl_ou_s104,1748.6617500000002,13.75,2336.6675012428655,9478.0015,0.2465358864147537,0.25613988402748683,29.595404572479936,-8.718847760605744,42.76405463584475,0
CISO_shape,37,14976,2024-11-05 08:00:00,rl_ou_s104,7422.233999999998,0.0,7422.233999999998,9168.135453767125,0.8095685363102103,0.23231520816009207,34.081581798477515,-7.362116361279808,42.22630884018265,0
CISO_shape,38,15144,2024-11-12 08:00:00,rl_ou_s104,6063.09075,11.25,6534.664009327911,8192.261,0.7976630638755174,0.22509690647920771,28.96945313285412,-5.281384016388861,41.91762305136986,0
CISO_shape,39,15312,2024-11-19 08:00:00,rl_ou_s104,1087.2189999999982,10.0,1502.4277612899527,5940.808845161245,0.2528995294157077,0.25030871991968373,26.525541517667627,-1.25168689891645,41.52087612899544,0
CISO_shape,40,15480,2024-11-26 08:00:00,rl_ou_s104,7223.92625,5.0,7431.5350484988585,8686.904,0.8554871849048704,0.15964530984991382,27.145796974275616,6.000102890483799,41.52175969977169,0
CISO_shape,41,15648,2024-12-03 08:00:00,rl_ou_s104,4480.569250000002,21.25,5355.924408762845,7146.291250000002,0.7494690912244646,0.1628646706073192,23.736391336213583,2.075413969189827,41.19318394178082,0
CISO_shape,42,15816,2024-12-10 08:00:00,rl_ou_s104,2320.9257500000012,7.5,2628.6874592208915,5672.151749999999,0.46343743522392394,0.1323227159598012,20.422353385951983,-3.4759373077605287,41.03489456278538,0
CISO_shape,43,15984,2024-12-17 08:00:00,rl_ou_s104,2519.489999999999,17.5,3235.1576996175786,5497.324999999998,0.5884967142414865,0.11974184507667852,21.407401233960837,-1.5127452870454319,40.89529712100456,0
CISO_shape,44,16152,2024-12-24 08:00:00,rl_ou_s104,2350.7930000000006,20.0,3167.2733505479455,4479.457328638699,0.7070663069605522,0.1046829282650237,21.948959822080607,-4.160277384792032,40.82401752739726,0
CISO_shape,45,16320,2024-12-31 08:00:00,rl_ou_s104,1219.8367500000002,5.0,1423.1178983504567,8158.739482138984,0.17442864813442438,0.05842297852988998,28.594799497979935,-8.9278766824919,40.65622967009132,0
CISO_shape,46,16488,2025-01-07 08:00:00,rl_ou_s104,9703.48425,23.75,10662.218298835616,14547.656499999997,0.7329165559302021,0.04487783307713419,21.21988362456205,-16.47657174338848,40.36774942465753,0
CISO_shape,47,16656,2025-01-14 08:00:00,rl_ou_s104,14899.487000000003,16.25,15533.920178771406,20259.333500000004,0.7667537621003871,0.13332061279130702,15.002444577627923,-9.736813273974589,39.04204177054794,0
CISO_shape,48,16824,2025-01-21 08:00:00,rl_ou_s104,15220.816000000003,6.25,15458.683569256567,18672.053,0.8279048677323574,0.14616374104589971,14.457688010806285,3.4885336428815275,38.05881108105023,0
CISO_shape,49,16992,2025-01-28 08:00:00,rl_ou_s104,7693.477249999996,20.0,8454.559189360727,14022.508500000002,0.6029277278998066,0.11808476440726012,14.992936586706918,1.7006013129431388,38.05409696803654,0
CISO_shape,50,17160,2025-02-04 08:00:00,rl_ou_s104,17127.7135,20.0,17890.09754513699,25014.13352256849,0.7151995702348041,0.05437615184062993,11.905802186105852,1.5104872824627094,38.11920225684931,0
CISO_shape,51,17328,2025-02-11 08:00:00,rl_ou_s104,20252.548249999996,22.5,21110.3883273202,26727.818250000008,0.7898283402656778,0.0640635707452009,10.607024857571997,4.367735485381845,38.1262256586758,0
CISO_shape,52,17496,2025-02-18 08:00:00,rl_ou_s104,17867.81275,18.75,18581.89918118579,21727.9455,0.8552073725141563,0.07879831325101332,10.490777104443964,2.098110025458484,38.084609663242006,0
CISO_shape,53,17664,2025-02-25 08:00:00,rl_ou_s104,22786.060999999994,22.5,23644.988662414376,29141.314249999996,0.8113906071485565,0.08867298498324598,10.594993437799246,-0.15276981224316513,38.1745627739726,0
CISO_shape,54,17832,2025-03-04 08:00:00,rl_ou_s104,25704.415749999996,6.25,25942.980457291662,33037.48275,0.7852589936590026,0.041915586671714834,16.30777293625105,-1.9173782545493379,38.170353166666665,0
CISO_shape,55,18000,2025-03-11 08:00:00,rl_ou_s104,15879.782500000001,6.25,16118.473360174088,23480.66475,0.6864572843992455,0.05537369868733033,16.209074640293245,4.52193444463951,38.19053762785388,0
CISO_shape,56,18168,2025-03-18 08:00:00,rl_ou_s104,31232.446499999995,16.25,31856.986875125564,38090.227327077635,0.8363559135935905,0.04987057837004183,17.88703839330594,5.2599927023738795,38.43325385388128,0
CISO_shape,57,18336,2025-03-25 08:00:00,rl_ou_s104,25610.201249999995,15.0,26188.082605582185,30259.961502020546,0.8654367456427045,0.05736856188279553,18.1418231100441,-2.523775238039386,38.525423705479454,0
CISO_shape,58,18504,2025-04-01 08:00:00,rl_ou_s104,24627.680500000013,16.25,25249.757805861886,31724.68722570207,0.7959024978315797,0.03652745948411658,23.906949742848834,-10.521789892630808,38.2816803607306,0
CISO_shape,59,18672,2025-04-08 08:00:00,rl_ou_s104,25095.386500000008,6.25,25332.987359068215,29298.301499999998,0.8646572006595064,0.04660464217610321,21.99981244405291,-2.153168707838831,38.01613745091324,0
CISO_shape,60,18840,2025-04-15 08:00:00,rl_ou_s104,22827.06725,6.25,23063.652063413243,27706.61732828767,0.8324239581519001,0.04495200592558344,22.037697517547755,-0.2263181168449171,37.85357014611872,0
CISO_shape,61,19008,2025-04-22 08:00:00,rl_ou_s104,20044.8615,6.25,20281.05022009132,23599.341660273963,0.8593905080933465,0.048301939009539385,20.8247247782396,-2.236921502286501,37.79019521461187,0
CISO_shape,62,19176,2025-04-29 08:00:00,rl_ou_s104,20758.833999999995,6.25,20995.843359510556,23454.317578531685,0.8951803133564018,0.058195165227674296,19.234115201045523,1.2847261420321252,37.921497521689496,0
CISO_shape,63,19344,2025-05-06 08:00:00,rl_ou_s104,20139.608500000002,6.25,20376.71782209618,23359.916504673234,0.8722941204871064,0.058479093952821116,19.108765865688955,3.490339072558602,37.93749153538812,0
CISO_shape,64,19512,2025-05-13 08:00:00,rl_ou_s104,19071.9325,6.25,19310.12774059646,22722.829858946916,0.8498117470607767,0.053004471703537975,20.22158210484641,8.812041753711032,38.11123849543379,0
CISO_shape,65,19680,2025-05-20 08:00:00,rl_ou_s104,18685.002999999997,6.25,18923.246542230307,21391.27588345462,0.8846244910929674,0.05747983800738195,19.947809404733523,1.2391201494575397,38.11896675684932,0
CISO_shape,66,19848,2025-05-27 08:00:00,rl_ou_s104,14776.9145,6.25,15016.859526555367,17497.72134559932,0.8582180062166843,0.04771524712205172,21.252379635759592,1.7038598636990672,38.39120424885845,0
CISO_shape,67,20016,2025-06-03 08:00:00,rl_ou_s104,13546.579250000003,6.25,13788.34179606878,15639.062665847601,0.881660371256111,0.0691903376955374,17.66755336959034,5.793044260349853,38.682007371004566,0
CISO_shape,68,20184,2025-06-10 08:00:00,rl_ou_s104,15966.396500000003,6.25,16209.357269456339,17596.09102004281,0.9211908060144202,0.07315567644227566,16.70925280582681,-0.3912317565251644,38.8737231130137,0
CISO_shape,69,20352,2025-06-17 08:00:00,rl_ou_s104,16208.871500000003,6.25,16452.779988448918,19071.097663036533,0.8627075525043102,0.07370776525509641,15.565856272378293,-3.0999140010792066,39.02535815182649,0
CISO_shape,70,20520,2025-06-24 08:00:00,rl_ou_s104,14266.657249999998,6.25,14511.031220505136,15880.470205616439,0.9137658414782345,0.10063997125151046,14.18877469695877,-3.3323359702527813,39.099835280821914,0
CISO_shape,71,20688,2025-07-01 08:00:00,rl_ou_s104,13234.488749999997,6.25,13478.944289875853,14994.660607975171,0.8989162637470329,0.04616180345417696,20.70259900314516,0.9922934038552157,39.112886380136985,0
CISO_shape,72,20856,2025-07-08 08:00:00,rl_ou_s104,12817.331750000005,6.25,13060.590146860735,14291.454831837904,0.9138740807384355,0.09076668299429369,14.173753373612373,-5.119634687104443,38.92134349771689,0
CISO_shape,73,21024,2025-07-15 08:00:00,rl_ou_s104,7022.853249999997,23.75,7938.661288670089,8544.215500142693,0.929126996918267,0.0956588978271774,14.351540439503259,-0.36092887615951325,38.56033847031964,0
CISO_shape,74,21192,2025-07-22 08:00:00,rl_ou_s104,8185.06725,20.0,8954.793516369864,9959.644766369864,0.8991077218543958,0.07971616036336779,14.538463023797263,-1.3926568498164877,38.486313318493146,0
CISO_shape,75,21360,2025-07-29 08:00:00,rl_ou_s104,8774.5435,16.25,9393.982242886701,10381.323590682074,0.9048925371441483,0.06790114415774155,14.989198408809132,-2.964980878651399,38.119307254566216,0
CISO_shape,76,21528,2025-08-05 08:00:00,rl_ou_s104,9903.303500000004,20.0,10659.589438607309,11633.953098140697,0.9162482733672781,0.06911719708980008,13.85599548185531,-0.2941319174572024,37.814296930365295,0
CISO_shape,77,21696,2025-08-12 08:00:00,rl_ou_s104,6989.18075,23.75,7883.872689778825,8989.378096234303,0.8770209246267459,0.06028664219891152,13.410539144328864,3.6023326285477197,37.6712395696347,0
CISO_shape,78,21864,2025-08-19 08:00:00,rl_ou_s104,10080.035999999998,13.75,10598.829992558503,16586.120610930368,0.6390180224285721,0.05951466865470583,12.276537223708187,1.6800919774790752,37.730472186073065,0
CISO_shape,79,22032,2025-08-26 08:00:00,rl_ou_s104,10951.114999999998,6.25,11189.384065867578,12440.639071255708,0.8994219671335716,0.04043572548254343,13.650277010511989,7.141045862698014,38.123050538812784,0
CISO_shape,80,22200,2025-09-02 08:00:00,rl_ou_s104,11649.524250000002,10.0,12032.847218641555,14634.911984320777,0.8222015432366819,0.03414444904575407,13.605688491093375,2.501743391045905,38.33229686415525,0
CISO_shape,81,22368,2025-09-09 08:00:00,rl_ou_s104,8508.68975,6.25,8748.203239647546,10177.474697929509,0.8595652162542117,0.026293764039856886,14.780329080234164,5.176366733331633,38.322158343607306,0
CISO_shape,82,22536,2025-09-16 08:00:00,rl_ou_s104,10096.021750000002,6.25,10336.890439783107,11754.693843436075,0.8793840637164122,0.03580463670755655,12.685829533583341,-0.546963982735632,38.5389903652968,0
CISO_shape,83,22704,2025-09-23 08:00:00,rl_ou_s104,6033.195750000001,6.25,6276.034985209761,7731.913011545374,0.8117053277550225,0.05967987929691712,10.695298398021912,2.1708750541872672,38.854277633561644,0
CISO_shape,84,22872,2025-09-30 08:00:00,rl_ou_s104,1826.03075,20.0,2605.895108812785,5258.385679406392,0.49556941382568176,0.09444759613105964,9.18290937342508,-1.1774686993432204,38.99321794063927,0
CISO_shape,85,23040,2025-10-07 08:00:00,rl_ou_s104,7907.43325,6.25,8148.998432776826,9819.981536555366,0.8298384678669484,0.1346177199243009,8.229079965676945,-1.6882180655483592,38.65042924429223,0
CISO_shape,86,23208,2025-10-14 08:00:00,rl_ou_s104,11226.009500000002,20.0,11993.949147876714,15246.639249999997,0.7866618309262297,0.14604387893541132,8.21170270229996,0.03669804846245686,38.396982393835614,0
CISO_shape,87,23376,2025-10-21 08:00:00,rl_ou_s104,8338.227000000003,12.5,8818.004170448063,11356.9535,0.7764409857316105,0.15210151786258574,8.0717209273047,-1.2592801434700365,38.38217363584475,0
CISO_shape,88,23544,2025-10-28 08:00:00,rl_ou_s104,11196.633749999999,20.0,11965.040398493149,13256.818749999999,0.9025574403733286,0.18602448963469015,7.64873511142374,-1.0111783662862417,38.42033242465753,0
CISO_shape,89,23712,2025-11-04 08:00:00,rl_ou_s104,5363.912249999999,12.5,5845.247544863013,9435.751133321919,0.6194787741084853,0.1690824165217844,8.522797381433309,0.3870075965673575,38.5068235890411,0
CISO_shape,90,23880,2025-11-11 08:00:00,rl_ou_s104,-2004.7454999999982,12.5,-1522.158559232304,3471.029776307077,-0.4385322677501689,0.15466872348879177,8.907515197139107,-0.27692461625541664,38.60695526141552,0
CISO_shape,91,24048,2025-11-18 08:00:00,rl_ou_s104,4316.392250000001,12.5,4800.593793621576,6601.187999999999,0.7272317942802987,0.12250780858432696,9.974466476505714,1.3998706430140009,38.736123489726026,0
CISO_shape,92,24216,2025-11-25 08:00:00,rl_ou_s104,2229.7394999999997,20.0,3003.991587945205,4952.905760993149,0.6065109519351827,0.17236005178708252,8.34765826236564,2.599724797296115,38.71260439726027,0
CISO_shape,93,24384,2025-12-02 08:00:00,rl_ou_s104,3116.141750000001,16.25,3745.9612666509715,5184.250120507992,0.7225656902302225,0.17988882839931628,8.126309529018142,3.452956262798145,38.75812410159818,0
CISO_shape,94,24552,2025-12-09 08:00:00,rl_ou_s104,2630.54425,15.0,3212.4568077739723,4045.7861025913257,0.7940253701787136,0.1346733938254398,9.632955497999667,2.3724874486066168,38.79417051826484,0
CISO_shape,95,24720,2025-12-16 08:00:00,rl_ou_s104,1653.19,17.5,2329.235945142694,3535.1322343264846,0.6588822682573461,0.13973241550404683,9.421231834584077,-2.89790077213649,38.63119686529681,0
CISO_shape,96,24888,2025-12-23 08:00:00,rl_ou_s104,3880.9575000000004,13.75,4409.182188577341,8442.131069748857,0.5222830766483834,0.08699572194116355,10.721734580139923,-5.516547831987162,38.41634098744293,0
CISO_shape,97,25056,2025-12-30 08:00:00,rl_ou_s104,964.0889999999995,11.25,1394.1926176412667,3225.241781037387,0.432275380357013,0.07697783258241904,10.844933636757657,-9.00243256321868,38.231432679223744,0
CISO_shape,98,25224,2026-01-06 08:00:00,rl_ou_s104,9139.68525,15.0,9711.697401575342,14565.965250000001,0.6667390203732184,0.06708636216788288,10.298204694547412,-5.473011160014246,38.13414343835617,0
CISO_shape,99,25392,2026-01-13 08:00:00,rl_ou_s104,10504.850249999996,11.25,10931.243599096742,15254.423525505139,0.7165949982193616,0.04889971043793335,11.960585734356512,-7.703584547772298,37.90163103082192,0
CISO_shape,100,25560,2026-01-20 08:00:00,rl_ou_s104,4619.606250000001,23.75,5507.050763707192,11642.908499999998,0.4729961386974048,0.04026704001487137,13.167248461718877,-7.039041699306398,37.366084787671234,0
CISO_shape,101,25728,2026-01-27 08:00:00,rl_ou_s104,10010.36425,16.25,10616.16142574629,13306.350369977172,0.7978266865495518,0.044343185283821876,13.410043085773932,6.793769289145547,37.27982619977169,0
CISO_shape,102,25896,2026-02-03 08:00:00,rl_ou_s104,9589.112500000003,22.5,10422.621915753427,12158.116249999997,0.8572563135143102,0.048114900190664105,13.137126896570932,-0.9856397630377005,37.044862922374435,0
CISO_shape,103,26064,2026-02-10 08:00:00,rl_ou_s104,3149.2540000000013,16.25,3744.89934075628,5910.817707853883,0.6335670504235511,0.04728826015356447,12.139958860957666,-5.291640264425074,36.655097892694066,0
CISO_shape,104,26232,2026-02-17 08:00:00,rl_ou_s104,8596.7725,16.25,9188.46570365154,10916.895012748288,0.8416739093782288,0.04947990186109169,10.848636516769396,-0.990846541788071,36.41188945547945,0
CISO_shape,105,26400,2026-02-24 08:00:00,rl_ou_s104,8926.96525,5.0,9108.119804452053,12175.831145976032,0.7480491224997137,0.05066472777612693,10.576919312634814,-1.3223467380209943,36.23091089041096,0
CISO_shape,106,26568,2026-03-03 08:00:00,rl_ou_s104,18295.353249999996,12.5,18745.579545890407,22171.610469178075,0.8454766771204837,0.054079270463877685,10.792352574569813,-5.087837495639035,36.01810367123287,0
CISO_shape,107,26736,2026-03-10 08:00:00,rl_ou_s104,20700.68975,6.25,20923.121482148974,24437.302750000003,0.8561960252405095,0.06379366139828511,10.662439655465425,-6.025163224246023,35.58907714383562,0
CISO_shape,108,26904,2026-03-17 08:00:00,rl_ou_s104,23208.7945,6.25,23428.297260045663,29801.362070319636,0.7861485392769627,0.04666496793855971,13.052790226793874,-2.16088074439,35.120441607305935,0
CISO_shape,109,27072,2026-03-24 08:00:00,rl_ou_s104,13582.0795,6.25,13801.509270911814,16584.281304747434,0.8322042431203202,0.041603907438537605,16.534475597316057,6.144228798906106,35.10876334589041,0
CISO_shape,110,27240,2026-03-31 08:00:00,rl_ou_s104,13516.217,6.25,13736.625127953768,19047.72616930651,0.7211687634447914,0.04525383941798262,15.876245404140688,0.9038395374908726,35.26530047260274,0
CISO_shape,111,27408,2026-04-07 08:00:00,rl_ou_s104,9652.875500000002,6.25,9873.07227563499,14625.474160159818,0.6750599787410313,0.06478199433130973,13.953069214803978,-1.5602559162447853,35.23148410159818,0
CISO_shape,112,27576,2026-04-14 08:00:00,rl_ou_s104,14870.661,6.25,15090.39865048516,20841.455597568493,0.7240568481332805,0.06427264268280972,13.527550910087555,-1.3108305781170704,35.15802407762557,0
CISO_shape,113,27744,2026-04-21 08:00:00,rl_ou_s104,9443.73325,31.25,10538.594324628995,14660.987973886984,0.718818836997856,0.0627142203035586,14.074024513391569,-2.963443090946601,35.035554388127856,0
CISO_shape,0,8760,2024-02-20 08:00:00,schedule,15593.67625,6.25,15937.690948979738,21037.71179490011,0.7575772072722898,0.013305966475412106,37.03092862409754,-14.513296597014397,55.042351836757994,0
CISO_shape,1,8928,2024-02-27 08:00:00,schedule,11107.02425,6.25,11444.228017729738,15086.761202119009,0.7585609571471404,0.01074708066791746,40.15767674372266,-14.503288120877803,53.95260283675799,0
CISO_shape,2,9096,2024-03-05 08:00:00,schedule,14472.446249999999,6.25,14802.50189238727,20578.011264286524,0.7193358824755459,0.012314726508563406,35.8736967952038,-13.200480797481339,52.80890278196347,0
CISO_shape,3,9264,2024-03-12 08:00:00,schedule,20321.373000000003,6.25,20645.70493816353,28461.07854453339,0.725401354901535,0.012547789222928906,35.54708554431248,-8.27967985461772,51.893110106164386,0
CISO_shape,4,9432,2024-03-19 08:00:00,schedule,17609.96025,6.25,17929.541022795376,24965.014532812504,0.7181866847796092,0.013136080409479566,35.775336472785895,-8.222983987035985,51.13292364726027,0
CISO_shape,5,9600,2024-03-26 08:00:00,schedule,15952.777750000001,6.25,16267.500110059933,22311.207622910966,0.7291178669035888,0.01210170608369888,38.412492321614664,-7.616584456174726,50.35557760958904,0
CISO_shape,6,9768,2024-04-02 08:00:00,schedule,11161.025250000002,31.25,12712.794376462616,17872.116864329335,0.7113200116677769,0.01,42.886576149529084,-4.058868137961071,49.65661204680366,0
CISO_shape,7,9936,2024-04-09 08:00:00,schedule,17661.9125,31.25,19194.022396867866,23924.711732353022,0.8022676557858828,0.011627421764987432,40.27363422987233,-6.231620267911918,49.027516699771695,0
CISO_shape,8,10104,2024-04-16 08:00:00,schedule,24793.29525,6.25,25096.638578182075,30179.529347639844,0.831578196236673,0.019646379904176035,29.68117122571275,-6.578046226525439,48.53493250913242,0
CISO_shape,9,10272,2024-04-23 08:00:00,schedule,25181.398999999998,6.25,25481.14105301084,30971.307937571342,0.8227337736066235,0.019569676558220738,29.431736243069054,-7.828286460131022,47.95872848173516,0
CISO_shape,10,10440,2024-04-30 08:00:00,schedule,19689.153249999996,6.25,19984.99806234303,24777.484110082758,0.8065789881471659,0.01,43.943243019928055,-7.223186165739049,47.335169974885844,0
CISO_shape,11,10608,2024-05-07 08:00:00,schedule,22143.530000000002,6.25,22439.34084193779,26409.671460679234,0.8496637633431835,0.01888997691559778,33.0217079906671,1.7035297915417045,47.329734710045656,0
CISO_shape,12,10776,2024-05-14 08:00:00,schedule,22055.254249999998,6.25,22352.23350186929,27086.72597691781,0.8252098655598665,0.018915698147473202,31.672974229800715,2.3205734173997143,47.51668029908676,0
CISO_shape,13,10944,2024-05-21 08:00:00,schedule,27214.342249999998,6.25,27510.450252226026,32605.958131609586,0.8437246389504574,0.01607690659483978,32.759939257841694,-1.4276828567890565,47.377280356164384,0
CISO_shape,14,11112,2024-05-28 08:00:00,schedule,19936.941750000005,6.25,20232.19667953054,24284.38723523973,0.8331359767715718,0.015156138210050707,33.49193258141586,-5.395350040862473,47.240788724885846,0
CISO_shape,15,11280,2024-06-04 08:00:00,schedule,19696.376249999998,6.25,19991.794686301368,23142.924982739725,0.8638404480510347,0.010107354106823266,40.50425027467796,-0.6418386937267216,47.26694980821918,0
CISO_shape,16,11448,2024-06-11 08:00:00,schedule,20914.107500000002,6.25,21208.334197431508,24800.1901930137,0.8551682076779383,0.010684938351131313,39.451099717068345,0.8378939657496169,47.0762715890411,0
CISO_shape,17,11616,2024-06-18 08:00:00,schedule,17905.802,6.25,18199.598938641553,19979.723911872145,0.9109034248379767,0.011790037752327653,37.99169859383881,-0.3679039351901636,47.0075101826484,0
CISO_shape,18,11784,2024-06-25 08:00:00,schedule,16029.335249999998,6.25,16323.80711907106,18815.344478655825,0.867579498084068,0.01,39.83446801641576,4.166989541667845,47.11549905136986,0
CISO_shape,19,11952,2024-07-02 08:00:00,schedule,35124.449250000005,6.25,35418.63344820206,38299.33688741439,0.9247845087323441,0.013585715780112353,34.53505309846629,4.497871601544013,47.06947171232876,0
CISO_shape,20,12120,2024-07-09 08:00:00,schedule,65177.46875,6.25,65472.80285931792,66921.04944336186,0.9783588781692724,0.016803837568236914,33.80962575264518,-8.229421843805445,47.253457490867575,0
CISO_shape,21,12288,2024-07-16 08:00:00,schedule,20922.54,6.25,21218.765067123288,22666.758741643833,0.9361181856204142,0.08042516184169071,36.140920639382344,-2.9563427527589567,47.39601073972603,0
CISO_shape,22,12456,2024-07-23 08:00:00,schedule,35588.661250000005,6.25,35882.05710002854,38175.371740410956,0.9399268550421265,0.06914263164869186,39.28157478454722,-8.786714326647296,46.94333600456621,0
CISO_shape,23,12624,2024-07-30 08:00:00,schedule,43774.37125,6.25,44066.149391909246,46495.51849999999,0.9477504674328829,0.0663321312541331,43.78062967042454,-4.006231039847283,46.68450270547945,0
CISO_shape,24,12792,2024-08-06 08:00:00,schedule,23276.412500000006,6.25,23567.42597694778,25212.63256804795,0.9347467351273288,0.11920787293862187,35.90971541060022,-2.5657372536960996,46.56215631164383,0
CISO_shape,25,12960,2024-08-13 08:00:00,schedule,12794.99925,6.25,13083.975683925515,14633.695912825342,0.8940991914734532,0.12767835835609348,36.23029897905122,-8.897242851943474,46.23622942808219,0
CISO_shape,26,13128,2024-08-20 08:00:00,schedule,11881.021749999998,6.25,12161.298381321345,14597.414762234588,0.8331131628036087,0.2254985836299986,27.673158008992072,-6.676245463435764,44.844261011415526,0
CISO_shape,27,13296,2024-08-27 08:00:00,schedule,13862.562000000002,6.25,14140.333396247148,15956.751268210617,0.8861661849939232,0.21917887825647045,28.007064450848773,-7.5790640636873565,44.44342339954338,0
CISO_shape,28,13464,2024-09-03 08:00:00,schedule,49970.63574999998,6.25,50246.57296267121,53865.36502308217,0.932817830922333,0.2986916012235393,24.446421871724777,-4.40666140377354,44.14995402739726,0
CISO_shape,29,13632,2024-09-10 08:00:00,schedule,8942.393750000001,6.25,9219.264757876714,13236.65522287671,0.6964950436982901,0.3118189155792715,27.56276312061188,5.069424116593954,44.299361260273976,0
CISO_shape,30,13800,2024-09-17 08:00:00,schedule,10320.51425,6.25,10594.918748837044,12480.352991859305,0.8489278112364215,0.31677597947915637,27.366625651724373,-5.762461119490136,43.90471981392694,0
CISO_shape,31,13968,2024-09-24 08:00:00,schedule,12854.143250000001,6.25,13127.900847153254,14350.120349751713,0.9148286235369723,0.3267281020641143,27.06470668258318,-2.311347442673512,43.80121554452054,0
CISO_shape,32,14136,2024-10-01 08:00:00,schedule,41474.229250000004,6.25,41748.04453537386,46141.98650000001,0.9047734547660589,0.22441099888880706,31.82397850615612,-0.7331984122369382,43.81044565981735,0
CISO_shape,33,14304,2024-10-08 08:00:00,schedule,13281.93975,6.25,13556.380330194064,17587.767499999998,0.7707845995913959,0.30906070211668263,28.229213585889795,-0.26937606887555804,43.910492831050234,0
CISO_shape,34,14472,2024-10-15 08:00:00,schedule,7360.1895,6.25,7634.427346946348,11577.445110228313,0.6594224610230774,0.28190894905543684,23.91052630924506,-7.836908856353953,43.878055511415525,0
CISO_shape,35,14640,2024-10-22 08:00:00,schedule,5114.9205,6.25,5385.139178217752,7966.862999999995,0.6759422345053198,0.2359642880609443,26.749619594387816,-11.153740384215824,43.234988514840175,0
CISO_shape,36,14808,2024-10-29 08:00:00,schedule,4664.872750000001,6.25,4932.148091474031,9478.0015,0.5203784881732748,0.2561399284114645,29.595426213849137,-8.718847760605344,42.76405463584475,0
CISO_shape,37,14976,2024-11-05 08:00:00,schedule,7589.563499999999,6.25,7853.477930251141,9168.135453767125,0.8566057918596959,0.23231515934993646,34.08157896245849,-7.362116361279371,42.22630884018265,0
CISO_shape,38,15144,2024-11-12 08:00:00,schedule,5433.987749999998,6.25,5695.97289407106,8192.261,0.6952870390812816,0.22509644673813986,28.969462424063398,-5.281384016388684,41.91762305136986,0
CISO_shape,39,15312,2024-11-19 08:00:00,schedule,2367.633,6.25,2627.1384758062213,5940.808845161245,0.44221898806692134,0.2503085752901926,26.525542520192523,-1.2516868989166146,41.52087612899544,0
CISO_shape,40,15480,2024-11-26 08:00:00,schedule,6774.9645,6.25,7034.475498123573,8686.904,0.8097793527042054,0.1596455008919378,27.145791542678772,6.000102890483714,41.52175969977169,0
CISO_shape,41,15648,2024-12-03 08:00:00,schedule,4738.77625,6.25,4996.23364963613,7146.291250000002,0.6991365835580979,0.1628649989052093,23.736384292758608,2.075413969189338,41.19318394178082,0
CISO_shape,42,15816,2024-12-10 08:00:00,schedule,2006.5669999999993,6.25,2263.035091017408,5672.151749999999,0.3989729454994585,0.13232287013881117,20.422352616019896,-3.4759373077606646,41.03489456278538,0
CISO_shape,43,15984,2024-12-17 08:00:00,schedule,2967.583250000001,6.25,3223.1788570062795,5497.324999999998,0.5863176830560829,0.11974212680349376,21.40737292439073,-1.5127452870457387,40.89529712100456,0
CISO_shape,44,16152,2024-12-24 08:00:00,schedule,3429.5750000000007,6.25,3684.7251095462334,4479.457328638699,0.8225829244959045,0.10468294032412707,21.948959989863038,-4.160277384791629,40.82401752739726,0
CISO_shape,45,16320,2024-12-31 08:00:00,schedule,4307.762500000001,6.25,4561.863935438071,8158.739482138984,0.5591383258927252,0.05842297747102481,28.59480034630093,-8.927876682492004,40.65622967009132,0
CISO_shape,46,16488,2025-01-07 08:00:00,schedule,11703.29825,6.25,11955.59668390411,14547.656499999997,0.821822860878253,0.04487782438212994,21.219884024144847,-16.476571743388927,40.36774942465753,0
CISO_shape,47,16656,2025-01-14 08:00:00,schedule,14991.056500000002,6.25,15235.069261065926,20259.333500000004,0.7520024911513463,0.13332057770482103,15.00244469221098,-9.736813273974935,39.04204177054794,0
CISO_shape,48,16824,2025-01-21 08:00:00,schedule,14023.797,31.25,15213.134846282821,18672.053,0.8147542665117125,0.1461638338934714,14.457686656387033,3.4885336428814377,38.05881108105023,0
CISO_shape,49,16992,2025-01-28 08:00:00,schedule,7746.835999999999,31.25,8936.026530251142,14022.508500000002,0.6372630496356012,0.11808478270978606,14.992937149783332,1.7006013129430435,38.05409696803654,0
CISO_shape,50,17160,2025-02-04 08:00:00,schedule,15658.895000000004,31.25,16850.120070526544,25014.13352256849,0.6736239756345694,0.054376484548780184,11.905771900341856,1.5104872824633373,38.11920225684931,0
CISO_shape,51,17328,2025-02-11 08:00:00,schedule,18998.41275,31.25,20189.857301833617,26727.818250000008,0.7553874062217409,0.06406359836558898,10.607024452840182,4.367735485382306,38.1262256586758,0
CISO_shape,52,17496,2025-02-18 08:00:00,schedule,15899.315999999997,31.25,17089.46005197631,21727.9455,0.7865198323502933,0.07879831128304708,10.490776587452252,2.0981100254591745,38.084609663242006,0
CISO_shape,53,17664,2025-02-25 08:00:00,schedule,24030.884,6.25,24269.47501733733,29141.314249999996,0.8328201950376116,0.08867300675872782,10.594993058737572,-0.1527698122425905,38.1745627739726,0
CISO_shape,54,17832,2025-03-04 08:00:00,schedule,25588.396499999995,6.25,25826.96120729166,33037.48275,0.7817472475953592,0.04191559374583705,16.307772512440003,-1.9173782545496998,38.170353166666665,0
CISO_shape,55,18000,2025-03-11 08:00:00,schedule,15917.266,6.25,16155.956860174087,23480.66475,0.6880536403967902,0.055373685323298685,16.209074877656064,4.521934444639769,38.19053762785388,0
CISO_shape,56,18168,2025-03-18 08:00:00,schedule,29237.561500000003,31.25,30438.600682933793,38090.227327077635,0.7991183780963039,0.04987057472072505,17.88703819069655,5.25999270237385,38.43325385388128,0
CISO_shape,57,18336,2025-03-25 08:00:00,schedule,22658.400999999994,31.25,23862.320490796228,30259.961502020546,0.7885773578794167,0.05736857610195724,18.141821771463594,-2.523775238040096,38.525423705479454,0
CISO_shape,58,18504,2025-04-01 08:00:00,schedule,26102.23875000001,31.25,27298.541261272843,31724.68722570207,0.8604825972612477,0.03652745573141221,23.906950405654857,-10.521789892630418,38.2816803607306,0
CISO_shape,59,18672,2025-04-08 08:00:00,schedule,24367.811749999997,31.25,25555.816045341035,29298.301499999998,0.8722627161626089,0.046604612714357924,21.999814598489245,-2.1531687078384087,38.01613745091324,0
CISO_shape,60,18840,2025-04-15 08:00:00,schedule,23458.39100000001,6.25,23694.975813413253,27706.61732828767,0.8552099858549443,0.044952007869327064,22.037697731591884,-0.226318116844532,37.85357014611872,0
CISO_shape,61,19008,2025-04-22 08:00:00,schedule,20720.008249999995,6.25,20956.196970091318,23599.341660273963,0.8879992192904266,0.04830194007577644,20.824726070232703,-2.236921502286332,37.79019521461187,0
CISO_shape,62,19176,2025-04-29 08:00:00,schedule,20798.20125,6.25,21035.21060951056,23454.317578531685,0.8968587783071806,0.058195184177706666,19.23411573323346,1.2847261420323857,37.921497521689496,0
CISO_shape,63,19344,2025-05-06 08:00:00,schedule,20082.46475,6.25,20319.574072096177,23359.916504673234,0.8698478895689192,0.05847909388488948,19.108766558513576,3.4903390725584935,37.93749153538812,0
CISO_shape,64,19512,2025-05-13 08:00:00,schedule,19336.23925,6.25,19574.43449059646,22722.829858946916,0.8614435179115333,0.053004462938774054,20.221582618527094,8.812041753711021,38.11123849543379,0
CISO_shape,65,19680,2025-05-20 08:00:00,schedule,18685.002999999997,6.25,18923.246542230307,21391.27588345462,0.8846244910929674,0.057479847849913314,19.947809914024866,1.239120149457701,38.11896675684932,0
CISO_shape,66,19848,2025-05-27 08:00:00,schedule,15399.435500000001,6.25,15639.380526555367,17497.72134559932,0.8937952672613955,0.04771520576100521,21.252382654113177,1.703859863699286,38.39120424885845,0
CISO_shape,67,20016,2025-06-03 08:00:00,schedule,13162.4515,6.25,13404.214046068777,15639.062665847601,0.8570983013797073,0.06919032872543153,17.66755321269339,5.793044260350201,38.682007371004566,0
CISO_shape,68,20184,2025-06-10 08:00:00,schedule,16019.931500000002,6.25,16262.892269456339,17596.09102004281,0.9242332431067847,0.07315566557973481,16.70925337461828,-0.39123175652541436,38.8737231130137,0
CISO_shape,69,20352,2025-06-17 08:00:00,schedule,15939.151250000003,6.25,16183.059738448917,19071.097663036533,0.8485646722797089,0.07370776155695379,15.565856262496801,-3.099914001079564,39.02535815182649,0
CISO_shape,70,20520,2025-06-24 08:00:00,schedule,13508.238000000001,6.25,13752.611970505139,15880.470205616439,0.8660078569739867,0.10063998529392228,14.188774549663963,-3.332335970252734,39.099835280821914,0
CISO_shape,71,20688,2025-07-01 08:00:00,schedule,13599.713249999997,6.25,13844.168789875854,14994.660607975171,0.9232732338411576,0.04616178719515907,20.702599459532433,0.9922934038553789,39.112886380136985,0
CISO_shape,72,20856,2025-07-08 08:00:00,schedule,12406.327500000003,6.25,12649.585896860734,14291.454831837904,0.8851153396000326,0.09076666132056961,14.1737545365635,-5.119634687104185,38.92134349771689,0
CISO_shape,73,21024,2025-07-15 08:00:00,schedule,7196.066999999999,6.25,7437.069115439497,8544.215500142693,0.8704215284967115,0.09565887188902981,14.351541122729566,-0.3609288761593356,38.56033847031964,0
CISO_shape,74,21192,2025-07-22 08:00:00,schedule,7992.361500000001,6.25,8232.900958240583,9959.644766369864,0.8266259642151221,0.07971612599225261,14.538462581845208,-1.392656849815724,38.486313318493146,0
CISO_shape,75,21360,2025-07-29 08:00:00,schedule,8404.247499999998,6.25,8642.493170341037,10381.323590682074,0.8325039764773585,0.06790116097877531,14.989198998438521,-2.9649808786505987,38.119307254566216,0
CISO_shape,76,21528,2025-08-05 08:00:00,schedule,10571.17125,6.25,10807.510605814783,11633.953098140697,0.9289628825770327,0.0691172540806299,13.855990479211021,-0.29413191745737666,37.814296930365295,0
CISO_shape,77,21696,2025-08-12 08:00:00,schedule,8025.905750000001,6.25,8261.350997310217,8989.378096234303,0.9190125177592586,0.06028729702494915,13.410487616336288,3.6023326285477704,37.6712395696347,0
CISO_shape,78,21864,2025-08-19 08:00:00,schedule,15047.223250000001,6.25,15283.038701162957,16586.120610930368,0.9214354013012138,0.059514559478638505,12.27654238154503,1.680091977478848,37.730472186073065,0
CISO_shape,79,22032,2025-08-26 08:00:00,schedule,11246.86975,6.25,11485.13881586758,12440.639071255708,0.9231952434344127,0.04043799674844989,13.649946989401291,7.141045862697936,38.123050538812784,0
CISO_shape,80,22200,2025-09-02 08:00:00,schedule,12967.714,6.25,13207.29085540097,14634.911984320777,0.9024509931833344,0.03414445595028243,13.605688586810627,2.5017433910460816,38.33229686415525,0
CISO_shape,81,22368,2025-09-09 08:00:00,schedule,6917.0615,6.25,7156.574989647545,10177.474697929509,0.7031778709411549,0.02629375786722878,14.780328501656465,5.176366733331757,38.322158343607306,0
CISO_shape,82,22536,2025-09-16 08:00:00,schedule,10002.0995,6.25,10242.968189783105,11754.693843436075,0.8713938726275605,0.035804638972481144,12.685828208680304,-0.5469639827353953,38.5389903652968,0
CISO_shape,83,22704,2025-09-23 08:00:00,schedule,6002.926750000001,6.25,6245.765985209761,7731.913011545374,0.8077905139237234,0.05968000405742577,10.695287189293719,2.1708750541873685,38.854277633561644,0
CISO_shape,84,22872,2025-09-30 08:00:00,schedule,2343.9112499999983,6.25,2587.618862128994,5258.385679406392,0.49209377552182604,0.09444694436977029,9.182936043536417,-1.177468699343132,38.99321794063927,0
CISO_shape,85,23040,2025-10-07 08:00:00,schedule,7800.418749999999,6.25,8041.983932776825,9819.981536555366,0.8189408404527181,0.13461767358596538,8.229080067770811,-1.688218065548329,38.65042924429223,0
CISO_shape,86,23208,2025-10-14 08:00:00,schedule,10805.001750000001,6.25,11044.982889961473,15246.639249999997,0.7244208188346475,0.14604383622244566,8.211702586257147,0.036698048462638556,38.396982393835614,0
CISO_shape,87,23376,2025-10-21 08:00:00,schedule,6779.847000000002,31.25,7979.28992612015,11356.9535,0.7025907014693817,0.15210154436730638,8.071720866091464,-1.2592801434699457,38.38217363584475,0
CISO_shape,88,23544,2025-10-28 08:00:00,schedule,9468.12825,31.25,10668.763638270548,13256.818749999999,0.8047755528279021,0.18602452723017587,7.648735392321822,-1.011178366286338,38.42033242465753,0
CISO_shape,89,23712,2025-11-04 08:00:00,schedule,3262.357249999998,31.25,4465.695487157533,9435.751133321919,0.47327397936420085,0.16908251898924753,8.522796900680323,0.3870075965677928,38.5068235890411,0
CISO_shape,90,23880,2025-11-11 08:00:00,schedule,-557.4775,6.25,-316.18402961615294,3471.029776307077,-0.09109228384452228,0.1546686984308496,8.90751564068083,-0.2769246162551311,38.60695526141552,0
CISO_shape,91,24048,2025-11-18 08:00:00,schedule,4403.404500000001,6.25,4645.505271810788,6601.187999999999,0.7037377623256281,0.12250778837465749,9.97446502435485,1.399870643014148,38.736123489726026,0
CISO_shape,92,24216,2025-11-25 08:00:00,schedule,2738.628499999999,6.25,2980.5822774828757,4952.905760993149,0.6017845727969624,0.17236018681482942,8.347655859901083,2.599724797296605,38.71260439726027,0
CISO_shape,93,24384,2025-12-02 08:00:00,schedule,3622.88325,6.25,3865.1215256349883,5184.250120507992,0.7455507423041261,0.17988040262543017,8.126451597814006,3.452956262798252,38.75812410159818,0
CISO_shape,94,24552,2025-12-09 08:00:00,schedule,3124.4720000000007,6.25,3366.935565739156,4045.7861025913257,0.8322080012046692,0.13467340380671924,9.632955161187082,2.372487448606865,38.79417051826484,0
CISO_shape,95,24720,2025-12-16 08:00:00,schedule,2166.1137500000004,6.25,2407.5587304081055,3535.1322343264846,0.6810378143794654,0.13973237590131798,9.421231565098035,-2.897900772136493,38.63119686529681,0
CISO_shape,96,24888,2025-12-23 08:00:00,schedule,6329.955499999998,6.25,6570.057631171517,8442.131069748857,0.7782463428830616,0.08699572921759113,10.721734274644223,-5.51654783198743,38.41634098744293,0
CISO_shape,97,25056,2025-12-30 08:00:00,schedule,1288.2572500000012,6.25,1527.2037042451498,3225.241781037387,0.4735160362935427,0.07697868878582154,10.844844147819016,-9.002432563218816,38.231432679223744,0
CISO_shape,98,25224,2026-01-06 08:00:00,schedule,10808.405999999999,6.25,11046.744396489725,14565.965250000001,0.7583942572216231,0.06708638408372365,10.298204083496028,-5.473011160013864,38.13414343835617,0
CISO_shape,99,25392,2026-01-13 08:00:00,schedule,12548.25,6.25,12785.135193942637,15254.423525505139,0.8381264078951333,0.04889969984851086,11.960585244314945,-7.703584547772041,37.90163103082192,0
CISO_shape,100,25560,2026-01-20 08:00:00,schedule,6331.71925,6.25,6565.257279922946,11642.908499999998,0.5638846410175727,0.040267057469649474,13.16724668686056,-7.039041699305898,37.366084787671234,0
CISO_shape,101,25728,2026-01-27 08:00:00,schedule,8993.527500000002,31.25,10158.522068742866,13306.350369977172,0.7634341338000026,0.044343185581349226,13.410043402015102,6.793769289145643,37.27982619977169,0
CISO_shape,102,25896,2026-02-03 08:00:00,schedule,9705.26425,31.25,10862.916216324202,12158.116249999997,0.893470336436716,0.04811489518581646,13.137128387822713,-0.9856397630371112,37.044862922374435,0
CISO_shape,103,26064,2026-02-10 08:00:00,schedule,3224.645500000001,31.25,4370.117309146691,5910.817707853883,0.7393422577285683,0.047288247903096235,12.139959747308197,-5.291640264424632,36.655097892694066,0
CISO_shape,104,26232,2026-02-17 08:00:00,schedule,7716.458749999999,31.25,8854.33029548373,10916.895012748288,0.811066725945795,0.04947989228347049,10.848636610993623,-0.9908465417874326,36.41188945547945,0
CISO_shape,105,26400,2026-02-24 08:00:00,schedule,8821.1365,6.25,9047.579693065069,12175.831145976032,0.7430769681834153,0.05066471828447374,10.576919351872732,-1.3223467380205338,36.23091089041096,0
CISO_shape,106,26568,2026-03-03 08:00:00,schedule,18118.303249999997,6.25,18343.416397945202,22171.610469178075,0.8273380241568538,0.05407926563122815,10.792352593747955,-5.0878374956395165,36.01810367123287,0
CISO_shape,107,26736,2026-03-10 08:00:00,schedule,20478.2735,6.25,20700.705232148972,24437.302750000003,0.8470945195516297,0.06379365761185167,10.66243981634801,-6.025163224245858,35.58907714383562,0
CISO_shape,108,26904,2026-03-17 08:00:00,schedule,23177.003499999995,6.25,23396.50626004566,29801.362070319636,0.7850817759550384,0.04666392620427739,13.05279395527483,-2.1608807443900324,35.120441607305935,0
CISO_shape,109,27072,2026-03-24 08:00:00,schedule,13827.584,6.25,14047.013770911815,16584.281304747434,0.8470076883519035,0.04160388275192633,16.534478359481064,6.144228798905615,35.10876334589041,0
CISO_shape,110,27240,2026-03-31 08:00:00,schedule,14091.899749999999,6.25,14312.307877953766,19047.72616930651,0.7513919378480256,0.04525384034611965,15.876245433190896,0.9038395374897312,35.26530047260274,0
CISO_shape,111,27408,2026-04-07 08:00:00,schedule,9651.921500000002,6.25,9872.11827563499,14625.474160159818,0.6749947500865923,0.0647820113342105,13.953068014322712,-1.5602559162444125,35.23148410159818,0
CISO_shape,112,27576,2026-04-14 08:00:00,schedule,15756.915,6.25,15976.65265048516,20841.455597568493,0.7665804615081255,0.06427264380440376,13.527550845629822,-1.3108305781165983,35.15802407762557,0
CISO_shape,113,27744,2026-04-21 08:00:00,schedule,9631.45475,6.25,9850.4269649258,14660.987973886984,0.6718801613145456,0.0627142060162163,14.074024385120007,-2.963443090946356,35.035554388127856,0
CISO_shape,0,8760,2024-02-20 08:00:00,threshold,-1681.2869999999994,80.0,2722.1011469406403,21037.71179490011,0.12939150291052673,0.013305966475412106,37.03092862409754,-14.513296597014397,55.042351836757994,0
CISO_shape,1,8928,2024-02-27 08:00:00,threshold,-1008.1024999999995,56.25,2026.7314095676375,15086.761202119009,0.13433840321426796,0.01074708066791746,40.15767674372266,-14.503288120877803,53.95260283675799,0
CISO_shape,2,9096,2024-03-05 08:00:00,threshold,149.08925000000067,85.0,4637.845986466896,20578.011264286524,0.22537872717155877,0.012314726508563406,35.8736967952038,-13.200480797481339,52.80890278196347,0
CISO_shape,3,9264,2024-03-12 08:00:00,threshold,284.2892499999997,66.25,3722.2077945333904,28461.07854453339,0.13078238720676758,0.012547789222928906,35.54708554431248,-8.27967985461772,51.893110106164386,0
CISO_shape,4,9432,2024-03-19 08:00:00,threshold,-2805.30975,81.25,1349.2402963398968,24965.014532812504,0.05404524377770888,0.013136080409479566,35.775336472785895,-8.222983987035985,51.13292364726027,0
CISO_shape,5,9600,2024-03-26 08:00:00,threshold,-2070.1995000000006,81.25,2021.191180779109,22311.207622910966,0.0905908463109628,0.01210170608369888,38.412492321614664,-7.616584456174726,50.35557760958904,0
CISO_shape,6,9768,2024-04-02 08:00:00,threshold,-59.835000000000264,82.5,4036.835493861302,17872.116864329335,0.22587338279542898,0.01,42.886576149529084,-4.058868137961071,49.65661204680366,0
CISO_shape,7,9936,2024-04-09 08:00:00,threshold,-790.8535000000003,86.25,3437.7698153553083,23924.711732353022,0.14369116977516033,0.011627421764987432,40.27363422987233,-6.231620267911918,49.027516699771695,0
CISO_shape,8,10104,2024-04-16 08:00:00,threshold,-2765.0165,95.0,1845.8020883675795,30179.529347639844,0.0611607314052407,0.019646379904176035,29.68117122571275,-6.578046226525439,48.53493250913242,0
CISO_shape,9,10272,2024-04-23 08:00:00,threshold,-3219.9177500000005,98.75,1516.0066875713464,30971.307937571342,0.048948746066105796,0.019569676558220738,29.431736243069054,-7.828286460131022,47.95872848173516,0
CISO_shape,10,10440,2024-04-30 08:00:00,threshold,-2124.47825,91.25,2194.856010208333,24777.484110082758,0.08858268258621041,0.01,43.943243019928055,-7.223186165739049,47.335169974885844,0
CISO_shape,11,10608,2024-05-07 08:00:00,threshold,-374.7425000000005,93.75,4062.4201290667797,26409.671460679234,0.15382319825959312,0.01888997691559778,33.0217079906671,1.7035297915417045,47.329734710045656,0
CISO_shape,12,10776,2024-05-14 08:00:00,threshold,-2316.1772500000006,91.25,2019.7198272916658,27086.72597691781,0.07456493003299061,0.018915698147473202,31.672974229800715,2.3205734173997143,47.51668029908676,0
CISO_shape,13,10944,2024-05-21 08:00:00,threshold,-1620.655,85.0,2406.413830273973,32605.958131609586,0.07380288659394107,0.01607690659483978,32.759939257841694,-1.4276828567890565,47.377280356164384,0
CISO_shape,14,11112,2024-05-28 08:00:00,threshold,-2915.39625,98.75,1749.6316365824778,24284.38723523973,0.0720475925389437,0.015156138210050707,33.49193258141586,-5.395350040862473,47.240788724885846,0
CISO_shape,15,11280,2024-06-04 08:00:00,threshold,1097.3887499999996,80.0,4878.744734657534,23142.924982739725,0.21080933971380716,0.010107354106823266,40.50425027467796,-0.6418386937267216,47.26694980821918,0
CISO_shape,16,11448,2024-06-11 08:00:00,threshold,-821.7425000000003,83.75,3120.895245582192,24800.1901930137,0.1258415851367688,0.010684938351131313,39.451099717068345,0.8378939657496169,47.0762715890411,0
CISO_shape,17,11616,2024-06-18 08:00:00,threshold,3254.604,50.0,5604.9795091324195,19979.723911872145,0.2805333814348599,0.011790037752327653,37.99169859383881,-0.3679039351901636,47.0075101826484,0
CISO_shape,18,11784,2024-06-25 08:00:00,threshold,8200.756750000002,6.25,8495.228619071064,18815.344478655825,0.45150534600671666,0.01,39.83446801641576,4.166989541667845,47.11549905136986,0
CISO_shape,19,11952,2024-07-02 08:00:00,threshold,10259.634249999997,27.5,11554.044722089038,38299.33688741439,0.30167740909075197,0.013585715780112353,34.53505309846629,4.497871601544013,47.06947171232876,0
CISO_shape,20,12120,2024-07-09 08:00:00,threshold,6577.193750000001,48.75,8880.799802679796,66921.04944336186,0.1327056266533297,0.016803837568236914,33.80962575264518,-8.229421843805445,47.253457490867575,0
CISO_shape,21,12288,2024-07-16 08:00:00,threshold,10718.539749999998,6.25,11014.764817123285,22666.758741643833,0.4859435326713357,0.08042516184169071,36.140920639382344,-2.9563427527589567,47.39601073972603,0
CISO_shape,22,12456,2024-07-23 08:00:00,threshold,2581.9322500000007,77.5,6220.040790353882,38175.371740410956,0.16293333913418293,0.06914263164869186,39.28157478454722,-8.786714326647296,46.94333600456621,0
CISO_shape,23,12624,2024-07-30 08:00:00,threshold,7555.337500000001,21.25,8547.38318249144,46495.51849999999,0.1838324091921126,0.0663321312541331,43.78062967042454,-4.006231039847283,46.68450270547945,0
CISO_shape,24,12792,2024-08-06 08:00:00,threshold,4559.5687499999985,81.25,8342.743950321059,25212.63256804795,0.3308953925300861,0.11920787293862187,35.90971541060022,-2.5657372536960996,46.56215631164383,0
CISO_shape,25,12960,2024-08-13 08:00:00,threshold,2107.2490000000003,63.75,5054.80862604024,14633.695912825342,0.3454225546404909,0.12767835835609348,36.23029897905122,-8.897242851943474,46.23622942808219,0
CISO_shape,26,13128,2024-08-20 08:00:00,threshold,-1090.9745000000005,90.0,2945.0089910273964,14597.414762234588,0.201748668445492,0.2254985836299986,27.673158008992072,-6.676245463435764,44.844261011415526,0
CISO_shape,27,13296,2024-08-27 08:00:00,threshold,2183.0837500000007,81.25,5794.1119012129,15956.751268210617,0.36311350624083827,0.21917887825647045,28.007064450848773,-7.5790640636873565,44.44342339954338,0
CISO_shape,28,13464,2024-09-03 08:00:00,threshold,11386.341999999999,41.25,13207.527603630137,53865.36502308217,0.24519517500662066,0.2986916012235393,24.446421871724777,-4.40666140377354,44.14995402739726,0
CISO_shape,29,13632,2024-09-10 08:00:00,threshold,-3465.2790000000005,98.75,909.2829244520544,13236.65522287671,0.06869431205555272,0.3118189155792715,27.56276312061188,5.069424116593954,44.299361260273976,0
CISO_shape,30,13800,2024-09-17 08:00:00,threshold,2428.938,33.75,3910.722293720034,12480.352991859305,0.31335029516159707,0.31677597947915637,27.366625651724373,-5.762461119490136,43.90471981392694,0
CISO_shape,31,13968,2024-09-24 08:00:00,threshold,9408.89775,10.0,9846.909905445205,14350.120349751713,0.686190057326981,0.3267281020641143,27.06470668258318,-2.311347442673512,43.80121554452054,0
CISO_shape,32,14136,2024-10-01 08:00:00,threshold,0.0,0.0,0.0,46141.98650000001,0.0,0.22441099888880706,31.82397850615612,-0.7331984122369382,43.81044565981735,0
CISO_shape,33,14304,2024-10-08 08:00:00,threshold,3691.741,8.75,4075.9578122716894,17587.767499999998,0.23174958460598766,0.30906070211668263,28.229213585889795,-0.26937606887555804,43.910492831050234,0
CISO_shape,34,14472,2024-10-15 08:00:00,threshold,3462.3052500000003,21.25,4394.71392961758,11577.445110228313,0.37959272428206003,0.28190894905543684,23.91052630924506,-7.836908856353953,43.878055511415525,0
CISO_shape,35,14640,2024-10-22 08:00:00,threshold,4321.64975,20.0,5186.349520296803,7966.862999999995,0.6509901727062216,0.2359642880609443,26.749619594387816,-11.153740384215824,43.234988514840175,0
CISO_shape,36,14808,2024-10-29 08:00:00,threshold,1470.866000000001,5.0,1684.6862731792246,9478.0015,0.17774699372850117,0.2561399284114645,29.595426213849137,-8.718847760605344,42.76405463584475,0
CISO_shape,37,14976,2024-11-05 08:00:00,threshold,2542.0072500000015,91.25,6395.157931666668,9168.135453767125,0.6975418244981253,0.23231515934993646,34.08157896245849,-7.362116361279371,42.22630884018265,0
CISO_shape,38,15144,2024-11-12 08:00:00,threshold,4201.992,13.75,4778.3593169563355,8192.261,0.583277231640488,0.22509644673813986,28.969462424063398,-5.281384016388684,41.91762305136986,0
CISO_shape,39,15312,2024-11-19 08:00:00,threshold,0.0,0.0,0.0,5940.808845161245,0.0,0.2503085752901926,26.525542520192523,-1.2516868989166146,41.52087612899544,0
CISO_shape,40,15480,2024-11-26 08:00:00,threshold,1734.0290000000002,2.5,1837.8333992494295,8686.904,0.2115636824407671,0.1596455008919378,27.145791542678772,6.000102890483714,41.52175969977169,0
CISO_shape,41,15648,2024-12-03 08:00:00,threshold,-165.0612500000002,13.75,401.34502919948613,7146.291250000002,0.056161303137412154,0.1628649989052093,23.736384292758608,2.075413969189338,41.19318394178082,0
CISO_shape,42,15816,2024-12-10 08:00:00,threshold,0.0,0.0,0.0,5672.151749999999,0.0,0.13232287013881117,20.422352616019896,-3.4759373077606646,41.03489456278538,0
CISO_shape,43,15984,2024-12-17 08:00:00,threshold,-822.34,21.25,46.68506382134683,5497.324999999998,0.008492323779537656,0.11974212680349376,21.40737292439073,-1.5127452870457387,40.89529712100456,0
CISO_shape,44,16152,2024-12-24 08:00:00,threshold,956.335500000001,5.0,1160.4555876369873,4479.457328638699,0.25906164575289037,0.10468294032412707,21.948959989863038,-4.160277384791629,40.82401752739726,0
CISO_shape,45,16320,2024-12-31 08:00:00,threshold,4986.667000000001,0.0,4986.667000000001,8158.739482138984,0.6112055680803087,0.05842297747102481,28.59480034630093,-8.927876682492004,40.65622967009132,0
CISO_shape,46,16488,2025-01-07 08:00:00,threshold,9912.05,6.25,10164.34843390411,14547.656499999997,0.6986931835999917,0.04487782438212994,21.219884024144847,-16.476571743388927,40.36774942465753,0
CISO_shape,47,16656,2025-01-14 08:00:00,threshold,8183.459499999999,1.25,8232.262052213184,20259.333500000004,0.4063441698224269,0.13332057770482103,15.00244469221098,-9.736813273974935,39.04204177054794,0
CISO_shape,48,16824,2025-01-21 08:00:00,threshold,7755.870999999999,11.25,8184.032624661814,18672.053,0.43830384503845476,0.1461638338934714,14.457686656387033,3.4885336428814377,38.05881108105023,0
CISO_shape,49,16992,2025-01-28 08:00:00,threshold,4822.53575,22.5,5678.752931780822,14022.508500000002,0.4049741122838914,0.11808478270978606,14.992937149783332,1.7006013129430435,38.05409696803654,0
CISO_shape,50,17160,2025-02-04 08:00:00,threshold,9854.233250000001,11.25,10283.074275389556,25014.13352256849,0.4110905647046244,0.054376484548780184,11.905771900341856,1.5104872824633373,38.11920225684931,0
CISO_shape,51,17328,2025-02-11 08:00:00,threshold,12481.6635,7.5,12767.610192440068,26727.818250000008,0.47768995108458073,0.06406359836558898,10.607024452840182,4.367735485382306,38.1262256586758,0
CISO_shape,52,17496,2025-02-18 08:00:00,threshold,10205.8395,21.25,11015.137455343893,21727.9455,0.506957155951256,0.07879831128304708,10.490776587452252,2.0981100254591745,38.084609663242006,0
CISO_shape,53,17664,2025-02-25 08:00:00,threshold,14556.798000000003,20.0,15320.289255479454,29141.314249999996,0.525724033036,0.08867300675872782,10.594993058737572,-0.1527698122425905,38.1745627739726,0
CISO_shape,54,17832,2025-03-04 08:00:00,threshold,16593.997000000003,17.5,17261.97818041667,33037.48275,0.5224967746798648,0.04191559374583705,16.307772512440003,-1.9173782545496998,38.170353166666665,0
CISO_shape,55,18000,2025-03-11 08:00:00,threshold,9284.915,7.5,9571.344032208905,23480.66475,0.40762662105675285,0.055373685323298685,16.209074877656064,4.521934444639769,38.19053762785388,0
CISO_shape,56,18168,2025-03-18 08:00:00,threshold,21686.04425,12.5,22166.459923173516,38090.227327077635,0.5819461179066209,0.04987057472072505,17.88703819069655,5.25999270237385,38.43325385388128,0
CISO_shape,57,18336,2025-03-25 08:00:00,threshold,1696.7830000000004,83.75,4923.287235333904,30259.961502020546,0.16269971906623748,0.05736857610195724,18.141821771463594,-2.523775238040096,38.525423705479454,0
CISO_shape,58,18504,2025-04-01 08:00:00,threshold,9485.740249999999,52.5,11495.528468938355,31724.68722570207,0.36235277552634587,0.03652745573141221,23.906950405654857,-10.521789892630418,38.2816803607306,0
CISO_shape,59,18672,2025-04-08 08:00:00,threshold,10119.308,10.0,10499.469374509134,29298.301499999998,0.3583644387886832,0.046604612714357924,21.999814598489245,-2.1531687078384087,38.01613745091324,0
CISO_shape,60,18840,2025-04-15 08:00:00,threshold,2040.7312499999998,18.75,2750.485690239726,27706.61732828767,0.09927179697362616,0.044952007869327064,22.037697731591884,-0.226318116844532,37.85357014611872,0
CISO_shape,61,19008,2025-04-22 08:00:00,threshold,8546.076,23.75,9443.593136347032,23599.341660273963,0.40016341439913716,0.04830194007577644,20.824726070232703,-2.236921502286332,37.79019521461187,0
CISO_shape,62,19176,2025-04-29 08:00:00,threshold,5686.537999999999,17.5,6350.164206629564,23454.317578531685,0.27074606563876435,0.058195184177706666,19.23411573323346,1.2847261420323857,37.921497521689496,0
CISO_shape,63,19344,2025-05-06 08:00:00,threshold,15380.600749999998,27.5,16423.88176722317,23359.916504673234,0.7030796434540986,0.05847909388488948,19.108766558513576,3.4903390725584935,37.93749153538812,0
CISO_shape,64,19512,2025-05-13 08:00:00,threshold,-395.6757500000001,90.0,3034.3357145890404,22722.829858946916,0.1335368760592245,0.053004462938774054,20.221582618527094,8.812041753711021,38.11123849543379,0
CISO_shape,65,19680,2025-05-20 08:00:00,threshold,1859.304000000002,82.5,5004.11875744007,21391.27588345462,0.2339326922201296,0.057479847849913314,19.947809914024866,1.239120149457701,38.11896675684932,0
CISO_shape,66,19848,2025-05-27 08:00:00,threshold,8426.939499999999,23.75,9338.730600910387,17497.72134559932,0.5337112425361077,0.04771520576100521,21.252382654113177,1.703859863699286,38.39120424885845,0
CISO_shape,67,20016,2025-06-03 08:00:00,threshold,10614.44575,6.25,10856.208296068779,15639.062665847601,0.6941725682688411,0.06919032872543153,17.66755321269339,5.793044260350201,38.682007371004566,0
CISO_shape,68,20184,2025-06-10 08:00:00,threshold,8008.702500000001,6.25,8251.663269456338,17596.09102004281,0.46894865797507457,0.07315566557973481,16.70925337461828,-0.39123175652541436,38.8737231130137,0
CISO_shape,69,20352,2025-06-17 08:00:00,threshold,9706.04525,6.25,9949.953738448914,19071.097663036533,0.5217294732716851,0.07370776155695379,15.565856262496801,-3.099914001079564,39.02535815182649,0
CISO_shape,70,20520,2025-06-24 08:00:00,threshold,11093.835249999998,6.25,11338.209220505136,15880.470205616439,0.7139718833070293,0.10063998529392228,14.188774549663963,-3.332335970252734,39.099835280821914,0
CISO_shape,71,20688,2025-07-01 08:00:00,threshold,6977.029999999999,21.25,7808.17883557791,14994.660607975171,0.5207306146979408,0.04616178719515907,20.702599459532433,0.9922934038553789,39.112886380136985,0
CISO_shape,72,20856,2025-07-08 08:00:00,threshold,4175.5247500000005,0.0,4175.5247500000005,14291.454831837904,0.2921693276948923,0.09076666132056961,14.1737545365635,-5.119634687104185,38.92134349771689,0
CISO_shape,73,21024,2025-07-15 08:00:00,threshold,4211.545249999999,7.5,4500.747788527397,8544.215500142693,0.5267596291844736,0.09565887188902981,14.351541122729566,-0.3609288761593356,38.56033847031964,0
CISO_shape,74,21192,2025-07-22 08:00:00,threshold,5894.74725,10.0,6279.610383184932,9959.644766369864,0.6305054578240498,0.07971612599225261,14.538462581845208,-1.392656849815724,38.486313318493146,0
CISO_shape,75,21360,2025-07-29 08:00:00,threshold,6955.3452499999985,2.5,7050.643518136414,10381.323590682074,0.6791661445236938,0.06790116097877531,14.989198998438521,-2.9649808786505987,38.119307254566216,0
CISO_shape,76,21528,2025-08-05 08:00:00,threshold,4500.18025,6.25,4736.519605814783,11633.953098140697,0.40712899268708236,0.0691172540806299,13.855990479211021,-0.29413191745737666,37.814296930365295,0
CISO_shape,77,21696,2025-08-12 08:00:00,threshold,6062.0915,10.0,6438.803895696347,8989.378096234303,0.7162680028325425,0.06028729702494915,13.410487616336288,3.6023326285477704,37.6712395696347,0
CISO_shape,78,21864,2025-08-19 08:00:00,threshold,1437.6429999999996,2.5,1531.9691804651823,16586.120610930368,0.09236452672697942,0.059514559478638505,12.27654238154503,1.680091977478848,37.730472186073065,0
CISO_shape,79,22032,2025-08-26 08:00:00,threshold,3830.2830000000013,15.0,4402.128758082193,12440.639071255708,0.35385069310895617,0.04043799674844989,13.649946989401291,7.141045862697936,38.123050538812784,0
CISO_shape,80,22200,2025-09-02 08:00:00,threshold,1499.7752500000001,20.0,2266.421187283105,14634.911984320777,0.1548640121451535,0.03414445595028243,13.605688586810627,2.5017433910460816,38.33229686415525,0
CISO_shape,81,22368,2025-09-09 08:00:00,threshold,4532.91025,7.5,4820.326437577055,10177.474697929509,0.47362696352934147,0.02629375786722878,14.780328501656465,5.176366733331757,38.322158343607306,0
CISO_shape,82,22536,2025-09-16 08:00:00,threshold,921.7602500000003,23.75,1837.0612711757992,11754.693843436075,0.15628320870318801,0.035804638972481144,12.685828208680304,-0.5469639827353953,38.5389903652968,0
CISO_shape,83,22704,2025-09-23 08:00:00,threshold,1910.0274999999995,8.75,2250.0024292936637,7731.913011545374,0.29100203609817343,0.05968000405742577,10.695287189293719,2.1708750541873685,38.854277633561644,0
CISO_shape,84,22872,2025-09-30 08:00:00,threshold,2422.04175,8.75,2763.2324069805936,5258.385679406392,0.5254906306706146,0.09444694436977029,9.182936043536417,-1.177468699343132,38.99321794063927,0
CISO_shape,85,23040,2025-10-07 08:00:00,threshold,4016.825999999999,8.75,4355.0172558875565,9819.981536555366,0.4434852794453625,0.13461767358596538,8.229080067770811,-1.688218065548329,38.65042924429223,0
CISO_shape,86,23208,2025-10-14 08:00:00,threshold,7988.824000000001,7.5,8276.801367953769,15246.639249999997,0.5428607073492455,0.14604383622244566,8.211702586257147,0.036698048462638556,38.396982393835614,0
CISO_shape,87,23376,2025-10-21 08:00:00,threshold,7208.3007499999985,10.0,7592.122486358446,11356.9535,0.6684999182534688,0.15210154436730638,8.071720866091464,-1.2592801434699457,38.38217363584475,0
CISO_shape,88,23544,2025-10-28 08:00:00,threshold,6431.81675,7.5,6719.969243184932,13256.818749999999,0.5069066244256325,0.18602452723017587,7.648735392321822,-1.011178366286338,38.42033242465753,0
CISO_shape,89,23712,2025-11-04 08:00:00,threshold,4741.31825,18.75,5463.321192294521,9435.751133321919,0.5790022558989559,0.16908251898924753,8.522796900680323,0.3870075965677928,38.5068235890411,0
CISO_shape,90,23880,2025-11-11 08:00:00,threshold,0.0,0.0,0.0,3471.029776307077,0.0,0.1546686984308496,8.90751564068083,-0.2769246162551311,38.60695526141552,0
CISO_shape,91,24048,2025-11-18 08:00:00,threshold,-317.62274999999977,17.5,360.2594110702057,6601.187999999999,0.05457493576462385,0.12250778837465749,9.97446502435485,1.399870643014148,38.736123489726026,0
CISO_shape,92,24216,2025-11-25 08:00:00,threshold,0.0,0.0,0.0,4952.905760993149,0.0,0.17236018681482942,8.347655859901083,2.599724797296605,38.71260439726027,0
CISO_shape,93,24384,2025-12-02 08:00:00,threshold,1320.883,6.25,1563.1212756349887,5184.250120507992,0.301513476259865,0.17988040262543017,8.126451597814006,3.452956262798252,38.75812410159818,0
CISO_shape,94,24552,2025-12-09 08:00:00,threshold,677.9370000000004,2.5,774.9224262956625,4045.7861025913257,0.19153816011165908,0.13467340380671924,9.632955161187082,2.372487448606865,38.79417051826484,0
CISO_shape,95,24720,2025-12-16 08:00:00,threshold,1603.9902500000003,13.75,2135.1692068978314,3535.1322343264846,0.6039856688146278,0.13973237590131798,9.421231565098035,-2.897900772136493,38.63119686529681,0
CISO_shape,96,24888,2025-12-23 08:00:00,threshold,34.678999999999405,20.0,803.005819748858,8442.131069748857,0.09511885246917239,0.08699572921759113,10.721734274644223,-5.51654783198743,38.41634098744293,0
CISO_shape,97,25056,2025-12-30 08:00:00,threshold,664.8094999999996,18.75,1381.6488627354447,3225.241781037387,0.428386135532153,0.07697868878582154,10.844844147819016,-9.002432563218816,38.231432679223744,0
CISO_shape,98,25224,2026-01-06 08:00:00,threshold,4771.715,21.25,5582.0655480650685,14565.965250000001,0.3832266143889824,0.06708638408372365,10.298204083496028,-5.473011160013864,38.13414343835617,0
CISO_shape,99,25392,2026-01-13 08:00:00,threshold,-1476.9092500000002,95.0,2123.745697928082,15254.423525505139,0.13922162934424986,0.04889969984851086,11.960585244314945,-7.703584547772041,37.90163103082192,0
CISO_shape,100,25560,2026-01-20 08:00:00,threshold,1203.60325,23.75,2091.0477637071917,11642.908499999998,0.17959840221257362,0.040267057469649474,13.16724668686056,-7.039041699305898,37.366084787671234,0
CISO_shape,101,25728,2026-01-27 08:00:00,threshold,892.5550000000001,86.25,4107.940009730309,13306.350369977172,0.3087202647992017,0.044343185581349226,13.410043402015102,6.793769289145643,37.27982619977169,0
CISO_shape,102,25896,2026-02-03 08:00:00,threshold,1301.3707500000003,8.75,1625.5133005707767,12158.116249999997,0.13369779225221481,0.04811489518581646,13.137128387822713,-0.9856397630371112,37.044862922374435,0
CISO_shape,103,26064,2026-02-10 08:00:00,threshold,1243.0492499999998,15.0,1792.8757183904108,5910.817707853883,0.3033210981973209,0.047288247903096235,12.139959747308197,-5.291640264424632,36.655097892694066,0
CISO_shape,104,26232,2026-02-17 08:00:00,threshold,4785.8189999999995,6.25,5013.393309096746,10916.895012748288,0.45923252932654546,0.04947989228347049,10.848636610993623,-0.9908465417874326,36.41188945547945,0
CISO_shape,105,26400,2026-02-24 08:00:00,threshold,-2774.87475,85.0,304.75267568493155,12175.831145976032,0.025029311923863918,0.05066471828447374,10.576919351872732,-1.3223467380205338,36.23091089041096,0
CISO_shape,106,26568,2026-03-03 08:00:00,threshold,-1957.0335,95.0,1464.686348767123,22171.610469178075,0.06606134230994455,0.05407926563122815,10.792352593747955,-5.0878374956395165,36.01810367123287,0
CISO_shape,107,26736,2026-03-10 08:00:00,threshold,2808.0299999999997,22.5,3608.784235736301,24437.302750000003,0.1476752271989715,0.06379365761185167,10.66243981634801,-6.025163224245858,35.58907714383562,0
CISO_shape,108,26904,2026-03-17 08:00:00,threshold,17020.564250000003,26.25,17942.475842191783,29801.362070319636,0.6020689859696517,0.04666392620427739,13.05279395527483,-2.1608807443900324,35.120441607305935,0
CISO_shape,109,27072,2026-03-24 08:00:00,threshold,3031.0325000000003,35.0,4259.839217106164,16584.281304747434,0.25686004348507635,0.04160388275192633,16.534478359481064,6.144228798905615,35.10876334589041,0
CISO_shape,110,27240,2026-03-31 08:00:00,threshold,-2953.733,98.75,528.7154216695203,19047.72616930651,0.02775740353310475,0.04525384034611965,15.876245433190896,0.9038395374897312,35.26530047260274,0
CISO_shape,111,27408,2026-04-07 08:00:00,threshold,-1538.6275,81.25,1323.9305832548516,14625.474160159818,0.09052223324569358,0.0647820113342105,13.953068014322712,-1.5602559162444125,35.23148410159818,0
CISO_shape,112,27576,2026-04-14 08:00:00,threshold,-1237.9720000000002,81.25,1618.6174563070772,20841.455597568493,0.07766335939107422,0.06427264380440376,13.527550845629822,-1.3108305781165983,35.15802407762557,0
CISO_shape,113,27744,2026-04-21 08:00:00,threshold,-2601.547,85.0,376.47512299086793,14660.987973886984,0.025678700757508038,0.0627142060162163,14.074024385120007,-2.963443090946356,35.035554388127856,0
